PC1,PC2,Is_Fraud
-1.9196058647011325,1.1143774760717269,1
-0.3271614505574114,1.3220516947395016,0
-0.001298017074002227,0.6808353961962826,0
-1.0759519569748084,0.833118071643309,0
-0.29442204519185755,1.4051844279659307,0
-1.1037114070045018,0.819992732687085,0
1.2828598101221693,1.8775272011035513,1
-1.7194151847765835,0.42104136196609815,0
-0.20479850812987463,2.6227140750388114,0
-0.8140836961369496,-0.6746284566742057,0
0.5438488251398024,0.19437336863464483,0
-0.8271273097797429,0.9922817232842495,0
-0.8091827654917114,1.0297771230357338,0
-0.2598239141399511,-0.3204397191104949,0
0.6236304776899341,1.436543179318394,0
-0.2158279140419369,1.390013633570227,0
0.051453058779801365,1.087789367070318,0
-0.6681456129286929,1.4510046473798552,0
-0.07424249467939177,2.6765438687002643,0
-0.9281516725680754,-0.7539139206608578,0
-0.8795787015943376,0.9573281654124287,0
-0.7731373227268176,1.0344462230920215,0
-1.2205517944037791,0.7483582557288294,0
-1.0648240436965517,0.8416985993628686,0
-0.9421708974871704,-0.7565068557428557,0
0.4612044496673074,0.1542713020257251,0
0.12675452689185362,-0.07975299294854356,0
0.44542676382288854,0.13425824551602794,0
-1.1259009035766858,2.01003709788972,0
-1.0086097392214284,-0.8019390792752513,0
-0.5586778568605076,-0.47208432172313086,0
-1.0635671581409847,0.902151337133816,0
-0.7029670131679926,-0.6075221963630774,0
0.8275643574263196,1.5791487933500408,0
1.4592812725421134,-1.28623027307274,0
-0.44620405369657934,0.39220466324737174,0
-0.9577561496434167,0.0702053099088533,0
-0.30280682715436835,-0.35532176335089083,0
-0.06707721027723453,1.329116010234799,1
-1.3800740234482942,0.6527945213771646,0
0.4993164826621496,3.0581673092058455,1
-0.9717650740202761,-0.7538563697239847,0
-1.3474773070710007,2.018564997169772,0
0.5126330200993823,0.17788789690912354,0
-0.7439193487757136,1.0455086669815672,0
-0.10008435082021104,-0.22060847679634546,0
-0.12882845118341443,1.3625426590736724,1
-0.010705892965159497,-0.16360788452360486,0
-0.04131180099897317,-0.15964907150975996,0
-0.40212817208613283,1.2626765971424188,0
0.25038957411704793,0.015308744735100835,0
-0.3004598596464854,0.49136609738361864,0
0.22992592874273354,-0.014131457115530452,0
-1.3089507196074677,0.6797773447411607,0
-0.3038638498564182,2.5337105829419255,0
-0.12532917048535855,1.4611379635223656,0
-0.8271721799673756,-0.6809185724681418,0
-0.38353972947529036,1.3954755918580435,0
-0.20936281441657265,-0.2907252316675302,0
-0.8285001216253154,-0.6726818942761992,0
0.362557464554709,2.9570842622560796,1
0.5929706278648694,0.21462216848154236,0
0.2224413836762929,-0.007472605203719968,0
0.3830468606475039,2.959931731583832,1
-0.7860048312277371,0.17223223282607247,0
-0.3599617886497337,1.3024912735592522,0
-1.3845149767112443,0.667076419283701,0
-0.05280937409177849,1.479803148437104,0
-0.19274091673292246,2.5929272238110967,0
-0.2903164133202157,0.8566100773945068,0
-0.3609591353757728,1.284455877267871,0
0.35651943476669595,0.0818380415185656,0
-0.5861627664570944,-0.5236768537867287,0
-1.7324263004739742,0.44787919519557656,0
1.266433049448395,0.1202292512484998,1
-0.35212583229677347,-0.3750223882992885,0
-0.042193797936036954,-0.18848240598658333,0
0.7559565622612323,1.555503911024703,0
-1.6598397266709075,0.45848117356358614,0
-0.21800905019301198,1.383831442925491,0
-0.11349345677217036,-0.22585058852268605,0
1.3750430456537766,1.9108561745203516,1
1.1016317226721526,1.7558371668859551,1
0.09315312148265402,-0.10750884203045817,0
-3.4961005650600825,0.1694541715585446,1
-0.6745469940164656,-0.5818970350703674,0
-0.25459330900526084,0.7129852696092612,0
-0.11345986370510994,-0.06964749833707064,0
-2.2915962025902976,0.3090359695483175,0
1.0430156280323373,0.37539465519339027,1
-0.20856497687868278,0.8932855410616573,0
-1.6336130059899467,0.47000192603424357,0
-0.7070254006797201,1.064168692948198,0
-1.180972995466242,0.7566118224236543,0
0.7080008290589671,-0.9332347603896782,0
0.8621320924371051,1.7442993368113375,1
-0.4609299823798965,2.4275227284287046,0
-1.4521217652575147,0.6103765264300565,0
0.41484617874458424,0.09696976371101333,0
-0.866619155208969,-0.6995721563743976,0
-0.10417740240668559,0.6300638393234372,0
-1.780920735104674,0.3769389748716811,0
-0.10428534221019624,-0.22645857373049963,0
-0.44863642640958945,-0.33129320104446874,0
0.09643688373887514,-0.10021482221616586,0
-1.4453134601538142,0.584542943599606,0
-0.17039925023544403,-0.2804630985337968,0
-1.1057699237401193,0.8016426454619631,0
-1.0125401418189939,2.089701628947599,0
0.4450350629738841,3.0000242491940394,1
-0.14122624401259384,2.6230764426194435,0
1.4239333631174669,0.361713172398556,0
0.2809580420154816,0.04043859551480609,0
-1.03237018386986,0.8645563777865816,0
-0.6831085708265079,1.074514880102058,0
-0.31505037139962594,0.46586684131473616,0
-1.738199694355227,0.4082163497880377,0
-3.0782361752902214,0.3433737217468093,1
1.3353208975493973,1.8927090927626813,1
-0.5351051177360135,-0.49405428731754497,0
-0.07218548399500378,-0.21450003548064384,0
-0.2708557601457029,-0.34070537331573375,0
-3.2273521539396337,-1.1223387835241427,1
-1.1694783058984615,0.8863191445191251,0
-0.20554216184483817,2.5771450197106627,0
-0.3822086345117481,0.7852118318443442,0
-1.6532586823774444,0.4638096353552696,0
0.20925268647658016,1.162677678581778,0
-1.0206320975229972,0.8736868910255874,0
-1.0450695950607636,0.8437326533350559,0
-0.7519604434469095,1.0712756248013962,0
0.05500433698123539,0.7124750756694446,0
-1.0570903430800997,0.8416270070038557,0
-1.4328135653018639,0.74072585736198,0
-0.32423864348323933,2.497154375164348,0
-0.7720291502921035,1.0329081697435598,0
-0.8184052988586791,0.9821850243001652,0
-1.206595632064458,0.7486862663888855,0
-0.0296335878615401,1.0032915141622532,0
-0.5477737136135425,0.6373334077074768,1
0.8412851267668745,2.4016424895556097,1
0.6382816265425534,1.4358802225737684,0
-0.8070654918001887,2.1876048662657523,0
-0.8084117965455331,-0.6860124980131218,0
-0.9033223602821727,-0.34332243459590933,0
-0.6128556390766301,-0.34272554629475227,0
-0.6159285934082904,1.1166780573893733,0
-1.7021070779503995,0.5415799093348458,0
-0.7896627151054988,1.0028936992840776,0
0.6013233309362825,1.4033785353335688,0
-0.26254785735244407,2.548656922833975,0
0.12463739208963216,0.7561088468450353,0
-1.1706152540155763,0.7876498721395097,0
-0.1937905111346527,2.7331225295875456,1
-0.8823030887867696,-0.7244153622438815,0
1.5526864693049063,-1.2569197288215508,0
-0.5838142085779907,-0.5397102175730929,0
-0.8766874624845254,0.9800991056407121,0
-0.26971433015045004,0.5036965153920586,0
0.17163477185954376,2.857954529381801,1
0.03083745012243739,-0.1414675698964774,0
-0.2454659721509055,1.3634398441178321,0
-0.32446927712364937,1.2990325442196584,0
-0.3318709975008721,1.297813443279653,0
-0.34494133709315167,1.3044439054358958,0
0.8824706098841262,1.5841619213581357,0
-0.11616090197377038,1.4436757048599003,0
0.22907978469287504,-0.024771877982876406,0
-2.7186192662961823,0.5067736393390667,1
-0.24689578731483025,1.3450643454699935,0
-3.5819382527656636,0.5580364359291994,1
-1.5591138674251646,0.5263192329179934,0
-0.4697974904164167,-0.4802354999734589,0
-1.3695822291561257,0.6247183973959337,0
-2.020847693528641,0.6996670144563416,1
1.1380496983289563,1.7528850551545043,1
-0.9742436235896121,-0.7665735853287339,0
-0.07113476196985218,-0.22826321361292748,0
-0.9487532297255116,0.9062074820464697,0
-0.5660122449269199,-0.5391002826691376,0
-1.5368178077760004,0.5288935318999898,0
-1.154757108267279,1.9655161751754586,0
-0.26465979646431564,-0.33662383803816903,0
-0.4394529205603019,1.227315335761734,0
0.20480968881199152,-0.01259702503855927,0
1.4733339652431032,-0.45028137731054585,0
0.004330020518616121,2.6992985581598505,0
-3.758130182458987,-0.8780452607497472,1
-1.2947572444775965,0.6870266347450998,0
-0.8877413220364313,0.9406371979574971,0
0.4211778605417779,-0.2949366391761648,0
0.19207565710760924,1.1367843510236724,0
-0.2661655561016049,0.866473287120586,0
-0.43093812426632816,-0.3368231542426245,0
0.7287398280498911,1.488383695990094,0
-1.3617697841698315,-0.18885932908193004,0
-0.5233362671368631,1.1697808907208551,0
0.12016050320219564,-0.10510099533551455,0
-0.2012631467097222,-0.3022878143432773,0
-4.588524085006085,0.41073952419263177,1
0.037484354274962474,1.0427031080695393,0
-0.8302768831457213,0.9744350312989732,0
-0.2028475507489888,0.5621415448484932,0
-2.2003524121026485,-0.8774276385966715,1
-0.719004339751683,0.2132096006660853,0
0.4981325446474136,0.14344472743224296,0
-0.5703528910709024,0.2966672115295546,0
-0.33679938952364835,1.2843275683919524,0
-1.4321287651760277,0.6207031144288643,0
-2.056815107224778,0.4208784597188619,0
-0.47010157858203655,1.2114646986763544,0
-1.5348139496284088,0.5350785066608347,0
0.10412363456198086,2.7644054677388454,0
1.3518538846692392,1.8952577861052191,1
-0.9611706830689131,0.883598627611078,0
-0.08554639122897555,-0.2339322789778894,0
-0.6570492267339553,1.1040147741558233,0
-0.6084119134545082,-0.5664599164081392,0
-0.8148856710468224,0.9752261001153465,0
-1.5835115702366918,0.4920750514988918,0
-1.8332041045710468,-0.32639122180176233,1
-0.8175438184372695,-0.7032465706749362,0
-1.2206399445977691,0.7213507346980722,0
-0.6840719337299859,2.6171740580928264,1
-0.7408652595261578,2.2250485536102893,0
-0.12233914640265849,1.419915130217101,0
-1.080650592550419,0.9862832510084624,0
-0.7129591227405214,-0.6442948343538678,0
-0.15587093403401242,1.4232453591106573,0
0.5682695269391026,0.18678965734899833,0
0.780313254539841,1.510377081404256,0
-2.2090059254800445,2.1314268461376797,1
-0.4582077608227277,-0.475240787675154,0
-0.9845592493606765,0.8782985555453654,0
-1.0656236621369244,0.8222904447678826,0
-0.7093278038335149,1.0420338678552983,0
-1.4988479390603744,0.5469862456512979,0
-0.8944885477611841,0.9265085952433362,0
-0.20406210590776805,-0.2976572172227243,0
-1.727774892742693,0.3898486787152616,0
-1.6614479581166395,0.45214184868179846,0
0.07579158561338416,1.079644709548759,0
-0.1982163650461638,1.3719480605179686,0
-0.49798046648295874,2.373588573160566,0
-0.6990580900689977,0.3868565810652484,0
-0.3633190200065423,-0.38355327400165085,0
-0.8577266449127039,2.1442406442236215,0
-1.2577213288603157,2.240045450868153,1
0.061323135348227566,0.7027434680048973,0
0.3130751348414076,0.03280942495909043,0
-0.7573310688767222,0.17702605724835485,0
-0.27840265132908976,1.32405571367263,0
-0.479089823135,2.3843572477918804,0
-0.885949495740455,0.0874503642857458,0
-0.849361607824695,-0.7285369696005131,0
-1.2116643864451346,0.15091468268646518,0
1.7681699721233644,-1.0067778744669584,0
0.3986915390821039,0.07126199684790017,0
-1.4402789817728112,0.5713251037547887,0
-0.43329724610745274,-0.44777380611433537,0
0.02461781946035497,0.687341128693285,0
-1.233408147682353,1.0295162565095493,0
0.43006829764854243,0.09301183496543712,0
0.14576207319517498,-0.08109349886586321,0
-1.5330759953582063,0.5217856500784762,0
0.693337583844254,0.25483323607805025,0
-0.7237768587115208,1.0369989312568029,0
-1.0529919909486565,0.8299118218634797,0
0.314881694107894,0.0226347702832058,0
-1.189856219393209,1.2358242783206186,1
-0.04735928266747463,1.4620784098476416,0
-0.9514677550878411,-0.7892133853337143,0
-1.4209264680079499,0.5817071251286374,0
0.30907085731393713,0.030005643688649757,0
-0.24335860810953366,1.3447190054674383,0
0.35899641324594483,0.08099534946294422,0
-1.524272522764102,0.556882904295659,0
-1.214470309963071,0.7172634737035167,0
-0.4022192842321863,1.23301789730585,0
-0.26158776169584647,2.5195856093223417,0
-1.6352039448104168,0.44377089450812296,0
-0.351339361838429,0.8017954986495403,0
-0.1045852448262878,1.100694903692949,0
-0.22072642449272273,1.3647709374946086,0
1.1631159696654292,-1.5197549488280122,0
-1.4707340529658293,0.5642171720553767,0
-1.5061961798486019,0.523870054617756,0
-0.5736318649239971,0.28876388395739466,0
-0.7371054836159594,0.1766341794907197,0
0.14374119457126333,-0.08377790619974486,0
-0.12402201659333167,1.4311438715259528,0
-0.5574858201934869,-0.5393253119423438,0
-0.4439566654867147,2.4209066644837884,0
-0.17830989779322562,1.37903251731528,0
-2.7599963861171455,0.21884308319663015,0
-0.6405733449979859,0.251694078532911,0
-0.38858239715630927,1.242163491043817,0
1.2394489571690808,1.800748560905352,1
-0.8707620330851279,-0.7445324576564243,0
0.21878487767692845,-0.05583217192429515,0
-0.6851390932330504,1.065917511110892,0
0.47576395545675326,0.11383549383530388,0
0.23583869241737146,1.1594456578842285,0
-0.5158851192470368,-0.5253708368691741,0
0.7013500623086732,0.26991563631051824,0
-0.9343531220242289,0.8880798551346053,0
-0.40333731571967874,1.2302882353587534,0
0.025535853141637317,-0.10343247887652658,0
-1.045184939295091,0.8186404814816332,0
0.45176807375856404,0.10073513072582783,0
-1.3617222472602402,0.6133935103409577,0
-1.5146498040273306,0.5202969842716535,0
-0.004485533249497291,-0.1868823407741335,0
-1.6162824561615847,0.47849019687105926,0
-0.30731349078363945,0.44885612638037636,0
-0.3281898205409668,1.2844808242353325,0
0.7651127332551357,0.2959598318524648,0
-0.4772136950464501,1.2006008544702977,0
-4.621115509365845,-1.2567569374026815,1
0.677217139612709,0.2387281408574783,0
-0.6334337976704859,-0.5884000149475727,0
-0.41472514392056625,0.38828542894845547,0
-1.1597996207946912,0.7911853737256415,0
0.42160056833625525,2.959466899568135,1
0.3014763610001758,0.0067605297494333465,0
-0.7256527327467371,-0.6377599904942647,0
0.21841509033120038,-0.0583564299859012,0
-0.5773395116824005,-0.5630671219092522,0
0.1007310851481447,1.0667789981751408,0
0.27471593749540524,-0.015200025980657358,0
-1.0461610174438465,-0.49535772616687296,0
-0.41924629825597903,1.2342925076722644,0
-2.0965660270985005,0.29902089223056444,0
-0.18948530710023315,1.3649604894258038,0
-0.06923111907018838,2.6484235921768695,0
-1.62924061258366,0.4483654133732406,0
-0.12694788950049005,1.409067072383681,0
-1.4360546205108762,0.564747763135819,0
-1.8945545399750707,0.5906464669696572,0
-0.24680488993306832,1.3295394466150914,0
-0.9100801217303206,1.2806733457136612,1
-0.4414999267343458,-0.46523190564531014,0
0.2241897331370948,2.8318081659647567,0
-0.06506156737047655,1.4439956281760902,0
-0.7644980266504408,1.0062388512510163,0
-0.20929608946696607,-0.3343745504143627,0
-0.15658883791740405,1.7515544736160455,0
-1.6763069118493192,0.4226713047624317,0
-0.058514916235448876,1.8098798720137406,0
0.026040992775869305,-0.17690019268746351,0
0.6869674021199075,1.4503339074930326,0
-0.978298137137367,-0.8006135069586116,0
-0.16087871638107507,0.9201689333170014,0
-0.8282969244086686,0.42690887946133166,0
0.9614347286134575,0.3213167273805369,1
-0.9015378788435574,0.9233620796622594,0
0.0968166466208319,-0.02734554732014712,0
-1.3817896256769002,0.614753329323071,0
-0.9078134331131574,0.9134185368249524,0
1.1096552491619431,1.7230273698771823,1
-0.8211449098008073,0.9525798317581337,0
1.5595278113871471,-0.9697443207544217,1
-0.10035446272196842,0.9284761227955174,0
-1.277502719837238,0.6736596955713671,0
0.051528462238462115,-0.16567487837416633,0
0.9473880223728189,1.6280508670123035,0
-1.4120344024345304,0.5831830825922776,0
0.6334503805113841,0.21895938995381137,0
1.0958355707878822,0.10525713681542086,0
-0.1764288715539149,1.3810855799988044,0
-1.2141614485196037,-0.6727343680847359,1
-0.740561757025139,1.0161309781821488,0
-0.1581290176383605,-0.30290722472281195,0
-1.602755035691263,0.4576404941983366,0
-0.8168943148716791,1.0652195203625106,0
-1.7489690736097125,0.3654754086384386,0
-0.7063017310549923,0.04887031686847935,1
-0.30447773413760987,-0.3953670425663946,0
0.08872073893477726,-0.1438616507306368,0
-0.07700886788893173,1.4475980381572853,0
-0.9366870936321069,-0.7969245421664286,0
-1.3492189041214087,0.6262351800435917,0
0.4693947489634125,2.9962086155753775,1
-1.0232184484155022,0.8325583009719842,0
-0.023717284564415818,0.6337899949710097,0
-1.5406195501851223,0.4921499895384425,0
0.5432184627046375,0.14248285303977876,0
0.8851583133390583,1.555566421547681,0
-0.6077199342699443,1.0958088316425634,0
0.3228891744536873,0.004081614596402255,0
-0.440233592929097,2.4125162659636135,0
-0.8017670468762281,0.9962646855479614,0
-0.2993008870855168,-0.09970020161216271,0
-1.2593655407101991,0.6736808717816284,0
1.1845407902172296,0.17738787416620594,0
0.740259655977619,1.4891929495379488,0
-0.5482881528141528,2.3345125996856155,0
-0.37115523626341446,1.2530132020134115,0
-0.35167790778227287,-0.41319097605214866,0
-1.6531327798083033,0.430162205512783,0
-0.06250905127067248,2.8089660634513987,1
-0.3899758139994108,1.2236405225875995,0
1.388088569869596,0.3122269006367204,0
-1.3389049609780148,-0.8603071504762531,0
-1.1933698836341378,0.7175831031063623,0
-3.5636450754085134,1.5954594669325863,1
0.7919506942966943,1.504776152493869,0
0.5143324121139684,0.14487560870685823,0
0.325337722917878,1.1982453514876568,0
-0.26212281886991456,-0.3656993238272214,0
0.13244545971104302,1.920438871931267,0
-0.9377644635768911,0.23937837337977563,0
-1.4963377818448098,0.5312815091717715,0
-0.5332461575027373,-0.5467835903121006,0
-0.22508303557198225,1.334706782992714,0
-1.4673230875577319,0.5354278588686079,0
-0.12087464283406119,1.3939668048895202,0
-0.2937634384567975,-0.3973908311964853,0
-0.6447551592971177,0.2223877905519831,0
-1.2248017877322017,1.1035177049824443,1
-1.5428678942859793,0.4973214981638873,0
-0.2954840028361843,2.501441888978567,0
-0.7046026988919207,2.2211885129739053,0
-0.5665300098096734,-0.5701950515781181,0
-0.6612672311669718,-0.6282862968397508,0
-0.35622064903660294,0.41383251647278246,0
-0.5883557891027118,1.103998919584502,0
-1.4901960411623616,0.5308461742759392,0
0.10670212348915374,2.75376817736628,0
0.3741157936502703,0.06050938932704101,0
-1.7604987684163347,0.36740475980012627,0
-0.6892348613798163,-0.650613586555844,0
-1.7448191397356292,0.3783240478509326,0
-0.408057420492097,1.2179607405416175,0
-1.268520137048351,-0.8785567700737335,0
0.3721426765136692,0.06837355796768922,0
-0.19660830332199905,2.5412747633320047,0
0.45941098683778453,0.09019981151298072,0
-0.23133000861527606,-0.346232159287139,0
0.345649732395289,0.02911873618542558,0
-0.6479533494951185,1.2504770147078557,1
-0.738579179682894,1.059274511893288,1
0.7585922562105533,1.4876900245653977,0
-0.43537347654092134,-0.48233496401308773,0
0.26523345468140125,1.1596579132029963,0
-0.9508533418785127,-0.6394731268652725,0
-1.082805539059284,0.7828685277895241,0
-2.0962359246344806,0.27984646831200405,0
-0.9700853738555757,-0.8343681035521019,0
0.5166415303504188,1.5024668155521752,0
0.10549529118548738,1.056353517046069,0
0.0009441530322440503,-0.20747351802409275,0
0.14430086224796712,-0.1160179768417985,0
0.3562429233777927,0.020739799598538094,0
-0.8092238959667444,0.9545172676762584,0
-0.5786409062461799,-0.5662519488263479,0
-1.107955474126964,0.7606963176540896,0
-1.545470513283011,0.49354301081596236,0
-0.7331624383041421,0.17040938977298892,0
-0.09319118232045666,1.4203937910286188,0
-1.4641361979115457,0.5318002027429578,0
2.2443019624420377,-0.00951893671563749,1
0.7242968967318028,0.2589698294726978,0
-1.2431811049903336,-0.15172195400135174,0
0.5470084169616248,0.1359307323030034,0
1.540243064252324,0.38192934201378176,0
0.39472166329386643,0.06898006584649323,0
-2.1743445043189538,0.45780871719339206,0
-0.4236722750352878,1.2210957810434784,0
-0.6713928884752655,1.0525644847242157,0
-1.3021440937967947,0.6339855299227616,0
-0.6025407068982731,1.0890113530178136,0
-1.3967719517541493,0.7239441340281462,0
-0.6005040912985515,0.4070799012611475,0
-0.27029889513102595,1.3136204001604042,0
0.1354102427737282,-0.11076160597932631,0
-1.5879602655228597,0.45047991329918685,0
0.16221270426961043,0.7407490488774423,0
-1.4039929497540653,0.582884164914842,0
-0.14659351732503265,0.8845973768425935,0
0.013273992147567254,-0.19081929799589928,0
0.334690075227361,2.040607665192722,0
0.23935340608051353,0.7781845098029175,0
0.1529131186654056,1.08670119646271,0
-1.0171217465741151,1.0072327626072326,0
-1.291514592785397,-0.19594959291124858,0
0.04903510404454404,-0.17720609299109108,0
-1.7909585142548905,0.3314143501472951,0
-0.7680025266705118,-0.7026772090668691,0
0.7152656786856955,0.2551259504373116,0
-0.20878511217434434,2.5431969271810497,0
-1.3054712663678771,0.6402723341215063,0
-0.9435666582090201,0.03939997002620336,0
1.0726727494534736,0.07287616964787506,0
-0.8299740359067184,-0.7475202120673418,0
0.6427009259102084,1.3954831612953342,0
0.39468505917060165,0.03137951197518305,0
-2.990551020536454,0.2087276639125233,1
0.33830374973415395,0.013893460881634437,0
-1.4117289537401554,0.8063295389312438,0
-0.552209013943433,2.315695964314392,0
0.1227752359718965,-0.13248956201292672,0
-1.4485307746581624,0.5390520092415191,0
0.49234879924550107,0.10661181729390944,0
-1.7544029047556056,0.3528563645273232,0
0.9580635020786286,1.5907410909500415,0
-1.7609086672710086,0.342969152479255,0
-0.11492789663027121,1.3952682384555988,0
-0.4984685007679187,1.1450514721461347,0
-0.9157218305257391,-0.7968083144876051,0
-1.4128687195372933,-0.16444446510116864,0
0.5795350282903422,0.1627299839579504,0
-1.3039785442382072,0.6298670556779368,0
-1.1928044241063263,-0.6825513260572029,0
0.31062555557505944,0.00821405144698815,0
-2.95068627793886,0.6226769473525571,1
-1.2471709228319696,0.6904356879245613,0
-0.5007383867449684,2.339410371196421,0
0.9013918374933124,1.5634921428607114,0
-0.8105643312433799,0.957084969730133,0
-0.9705354517014296,-0.8410177922520612,0
-0.7036144137072462,2.264569316400451,0
-0.17697372227406452,1.3583044845947359,0
0.2966553951693869,2.8698706050464278,1
0.48095998298580495,0.09424395913098492,0
0.2909214053929983,-0.013219865060271027,0
-1.6863301968861917,0.37864317609615034,0
-0.2050133018215561,-0.35035764239081935,0
-0.3610779336210847,2.429388721591915,0
-0.6597929798598077,2.235661694704996,0
0.4550015870226966,1.285267984643164,0
0.1461088715266921,-0.12296346319412134,0
-1.7088301619378445,-0.4492320234622366,1
-0.5250540832516242,-0.5565040063410672,0
0.5539617721864684,0.15673144369065733,0
-0.05875106592802575,1.436120637864574,0
-1.705460475856703,0.37481451925194625,0
0.2642179327938046,0.80308516167862,0
0.062488571165339825,-0.15376977136747946,0
-2.7224085307388406,0.4897117131257895,1
1.0471538523084643,1.6708210769812848,1
-0.8125942695300153,-0.7143154619181027,0
0.4967154321878063,0.10371232852953281,0
-2.953129778771324,0.5064735956789719,1
-1.600060119488643,0.4424209288485817,0
-1.042589868258009,0.8147994364106573,0
-0.16133018018026787,1.3846338004274248,0
-0.5906079092179607,-0.5851976094464711,0
1.6765815084144462,1.6690610284177412,1
0.1636319118251248,1.9299115264201685,0
-0.7536246022530833,0.9803529655403062,0
1.8234803584803905,-1.129873837578469,0
1.2830281385564075,-0.6173795618916357,0
0.7289859955324443,-0.13309542639896232,0
-0.5617542272143365,1.1224916981635114,0
-1.3253241034665824,0.631397753729677,0
-0.7798740442182269,0.9583788565181622,0
0.6365245683152762,0.18463450281214733,0
-0.6709371505422551,1.0270725051948697,0
0.7380081794484497,2.2866167049697292,1
-0.2858371226635246,0.7949865423877425,0
2.6706116633197734,2.307259065021661,1
0.21150413388406203,0.7579159428760837,0
-1.8770938484173574,-0.39928264131553265,1
-0.11366097672957795,-0.29625547351377646,0
0.8922108522667653,1.5839369917519353,0
-0.1429319870915252,1.3768955763891968,0
0.5751399654298749,0.14822851219749145,0
-0.20051980177943993,2.537326653823654,0
-0.41500273835058893,0.35686163385904107,0
0.09882769841124399,1.0617955640630903,0
-0.41538504681508936,-0.49098936963757067,0
-0.1309391181622192,0.5567040216936231,0
-0.2277158183875302,1.3371987860214125,0
-1.2000558794147054,0.6835992813466086,0
-0.6519150058357073,1.0371299796657836,0
-1.7308572436938543,0.4457078947022946,0
-0.3090723597979733,1.2634455319587343,0
-1.285630331178895,0.6353430371263006,0
-1.2061879879195707,-0.7341891389666794,0
-0.18278483080800365,2.547645041636064,0
-0.6644788299541322,1.0346673792368108,0
-1.3004392072826434,0.6240079870724534,0
-1.2446136895245095,0.6585615693138699,0
-1.0322508266853625,-0.03480006774926283,0
-0.24134930723081288,-0.2566365708166896,0
-1.7783757322288174,0.31556916589377043,0
1.4785404805016882,0.3265244012872483,0
-0.173621402432648,1.34406932912973,0
-0.9783101330674804,2.024811627184606,0
-0.8714178152735159,2.101998388117255,0
-1.5403112142382527,0.4907940829761535,0
2.8831931983186103,-0.45808833886695494,1
-0.5219207754498991,1.1424222147436585,0
-0.8135318419302183,-0.6060309932701997,0
-0.7105323908849966,-0.6514222917443928,0
-1.2715063684012526,0.63584962850178,0
-0.16175721252594352,-0.31531278022159615,0
-0.12121395576309253,1.3859927194079116,0
-0.28519071244277233,0.8002334666243246,0
0.6241938638723578,3.052146299118323,1
-0.34904195392904,-0.44005767666797546,0
-0.8738244278121149,-0.764072757525382,0
0.23103949353457592,-0.08175204453167507,0
-1.4028471258268818,0.5541153614136545,0
-0.657231668330627,-0.6442156506025558,0
0.5916347677717628,1.351417403521475,0
0.36033594802892654,2.8806079614968185,1
-0.6470833252542887,1.0348497700880266,0
-0.7573251723007637,2.1699236713947587,0
0.23140701572888292,2.8084113837070785,0
0.28153117464496163,1.1468764342736948,0
-0.7490085906645034,0.9753891699619005,0
-0.8618429270509832,0.9145407205634993,0
-1.5684051190401491,0.45827187293404065,0
0.05295014800295748,2.70234648496412,0
-0.7876045185597894,0.9517168084707178,0
-0.8927537729846604,0.8833260161831277,0
-0.4181185468259273,0.3519081062397577,0
-0.6128349807416341,-0.6125915764312174,0
-0.5172285681338291,2.3274833400805823,0
-0.05755881691654038,2.711100988044353,0
-0.23368830584209455,1.3230968149367972,0
-1.5045162777945176,0.4846095044718787,0
-0.6544572686070012,-0.6455296377032647,0
-0.9338878704451821,2.0631419123856647,0
-0.5051966207971101,1.1506671062679275,0
0.10342765245801726,2.9180572535671616,1
-0.5147015994306697,1.1228965230953207,0
-0.6213423396984257,2.249805863371985,0
0.9446005902357991,1.7341021886403918,1
-0.6383809219643732,1.051499754874168,0
-1.4476424679104416,0.5273047764013093,0
-0.17920014651521035,1.3478193873434952,0
0.022297546994680097,0.6179495314134044,0
1.1724333842896244,1.7160775932004542,1
0.29180007103851585,1.1635822748945137,0
0.18029336580869154,-0.11873090512416277,0
-1.7947679117729978,0.8572510002577226,0
0.774534265871012,-0.11659022958912259,0
-0.5092831294261856,-0.5464550548491823,0
-0.29113335130176593,1.2834289163405073,1
0.40776118245392584,1.537942882187445,1
-1.0219658575464174,-0.8688094755835615,0
-0.78847872367805,-0.7374823892168073,0
-1.6542855928810554,0.39007466313324696,0
0.7794704505224606,1.4635112344191659,0
-1.7196070026629091,0.3625133228020158,0
0.5266142334171795,2.980612777799408,1
-0.8630791111452542,-0.7754448619764496,0
-1.419560622273888,0.5473643575793514,0
-1.014652556341976,0.8267934100069062,0
0.565222169487609,0.12152168008652424,0
-1.5077326882261013,0.507516966908407,0
-0.06495338518956853,1.415585342681956,0
-0.27105989948577974,1.2882470493153497,0
0.7136810943096468,0.23090678379936214,0
0.3838406502158525,0.04115082693054798,0
-1.4444647864577993,0.5254124009092543,0
-1.6443006971919483,0.39902947164645547,0
0.016819890991584437,-0.18930542806983647,0
-1.5819401471265389,0.5041929910629387,0
0.4408033899250136,-0.32637623640117036,0
2.217655915875376,-0.8360862016077074,0
0.08541386965975149,2.7115269236639588,0
0.34559550043450027,0.01716629100024734,0
-2.013722498448038,0.39438527891105873,0
-0.6467093799781671,0.6175644992302466,1
-0.32739596669855137,2.430436967077931,0
-0.42156696823323275,-0.21335288154536394,1
0.7367878639225852,0.23314757732342606,0
-1.3203292794528365,-0.2434805352310055,0
-1.6651780209555593,0.3772340063043678,0
-0.3838307399748664,1.2084279765960058,0
-0.8396577985361107,0.912345089838328,0
-1.7015001502161162,0.5195504902203045,0
0.5701222327708348,3.0195350046838656,1
0.07541445863864606,0.6743910903552109,0
-0.2131476988908365,1.3211076534657955,0
-1.8423253399010853,-0.9622338817135527,0
-0.008752809075231746,-0.23859572677951965,0
0.21726792159647698,1.0958343888871709,0
-1.1268006979877194,-0.11915541822693652,0
0.25476321728777934,-0.07673673332089516,0
1.958299167680194,-1.051784477230905,0
0.16742423398241546,-0.3962691272420124,0
0.21373984083708986,-0.09197431550684411,0
-0.006975292913900609,-1.0702288396177668,1
0.4477341261881018,2.938799110115847,1
-1.089317793120919,-0.6131660002941816,0
-0.8193508258263861,1.131806790453694,0
-0.5280035443152545,1.115111414864147,0
-0.9519568154601137,2.0368384829302535,0
-1.0088913086221267,0.7976925521737294,0
-0.6009806294237354,-0.6176408246607685,0
-0.6511574053035256,2.239230668854644,0
-0.2870449170706166,-0.41315583982355486,0
-0.649386280532083,1.0525035434349668,0
-0.33937597306250583,0.3827322921445177,0
1.4300095584682242,-1.3776135527823068,0
-0.33837727413532565,-0.2645044473682932,0
-1.9048471655399657,0.8870005555514083,1
-1.1401098933821439,0.8814365085616426,0
-0.08816866867544619,-0.2789371447920073,0
0.7403693117460092,0.2305854828803624,0
-1.4434186297909732,0.6171211064375856,0
-0.25938734520287293,1.2853638087618386,0
-1.3450322863967965,0.5796487801863711,0
-0.45465033322463183,-0.5182072855474446,0
0.3355578384490744,-0.01452443438477948,0
-0.1287349603350356,-0.31189712749698695,0
-1.5474146101280333,1.9356670177264563,1
-0.8152787846534407,-0.7564942497412926,0
-0.7868712512944934,-0.7435443845917515,0
-1.334727468498069,0.5892921615533729,0
-3.1293477159825835,0.765827089280079,1
0.711180676613706,1.4205689356730349,0
1.074661639449396,0.05270460388574475,0
-0.7138759989138085,-0.6283216063456684,0
0.2389259334897859,0.7825961733319674,0
-0.4858295948704017,1.4842299859734662,0
-0.08320963641568889,0.6462019635324949,0
-0.661298973111679,0.18336709299689835,0
0.6347161803262585,0.16918585401794706,0
-1.0828896037392064,2.2143690049525797,1
-0.8300511821306866,-0.6902274802048914,0
0.7382486683254766,2.2801020217408157,1
-0.6633049094424078,-0.6650054931472602,0
-1.0661227988665403,1.9551615726510498,0
-0.34774411529776406,-0.46027291734148856,0
-0.7497030455177749,-0.7220090374905913,0
-0.12020799294530866,-0.31251748516861755,0
-1.6488037839448955,0.6530672164131963,0
0.4340188902904319,0.033135837596527974,0
-0.3945599457928198,1.1837912268643598,0
-0.9635995538936813,1.1579957003304213,1
-1.7269257304918548,0.3271236454626966,0
-0.5931066458823876,-0.620371565092876,0
0.24450933181715104,1.1122011531712162,0
-0.3549518108138065,2.4110357452608357,0
-1.3974390512568642,2.295681206636521,1
-0.5238634075663635,1.119885180939771,0
0.0018020489442195726,1.826622247464575,0
-0.38317571049221855,1.2021294664285271,0
0.39531794456154107,0.03494727903433451,0
-0.24968252884315142,-0.3945158485879447,0
-1.8528926229795428,1.6569545068155642,1
-1.1863438728651794,0.6785886383368235,0
-2.2282832191642443,0.23221554640590125,0
-0.03730858225961347,1.4198269878828007,0
-0.23688500172368207,2.637135554655081,0
-2.3026563938410813,0.41230078143069765,0
0.28236606462995656,2.8293355101157953,1
1.2190436818053032,1.7298196554996805,1
-1.1429800798458984,0.7106951756027894,0
0.4733339834876066,2.936575307437891,1
-0.04892539882643269,1.4087040540725262,0
1.346748710394041,1.8099031446962341,1
-0.8634602075559993,-0.7854660036571758,0
-0.9121221700832516,0.8499692775694186,0
-1.0249311056401447,0.04607328567180533,0
-0.18008253163027257,1.3359851877615636,0
-0.2649229507105562,2.45750272659845,0
-0.9901803183324834,-0.8749352855611606,0
1.6562722488271184,-1.2619502464885493,0
0.00877930885941553,-0.23498076588072037,0
-0.2836353079883149,-0.41032146197922353,0
2.298666825635743,-0.8506761829909595,0
-1.177396103766131,-0.15215113283827633,0
-1.51993699729805,0.46020181192241766,0
0.6646264482102155,0.17816006749906244,0
0.39482684393773865,0.006264904355674599,0
-1.6773304326378957,0.36624207364220146,0
-0.5890485900714064,1.2551534778543538,0
-1.2713881726892706,0.628310864799672,0
-0.32975434093419004,-0.41817061314473786,0
0.576255844721748,0.12058179270865109,0
0.8661423397257753,2.3384918225678546,1
2.053436286998949,0.6754777499820067,1
-0.9859282250298824,0.828183182713062,0
-0.878706686662184,0.03167052085513337,0
0.34194201440172733,-0.02884609475327767,0
-0.009337195753442934,-0.23058158762842176,0
0.26265631712812826,-0.08467461194158231,0
0.06152294028847028,-0.19382879541555847,0
-1.1994686479492216,0.6644024216619627,0
-2.6570277320318247,0.6426469982717649,1
-1.371256008369508,0.7338921010014045,0
-2.8761291451412876,-0.5023519666963214,1
-0.6353378720742697,-0.6489851971990822,0
-1.076919153387117,0.7436090298959942,0
-1.4537403186850548,0.5031292217101095,0
-2.8733016720576265,1.137614342384472,1
0.47249095978116457,2.941686711870274,1
-0.09932074843838365,1.3714130190409197,0
1.234467424884472,-1.5207389283708448,0
-0.746958210820484,0.976309570997656,0
-0.20968155229343263,0.8110660923460602,0
-1.783354535957053,0.3041460941992316,0
0.21097195950388697,-0.11143792706291163,0
-1.7334460902747504,0.32028034804327715,0
-0.7606052686830541,0.947633703990627,0
0.2398722160727789,2.7921514634405997,0
0.012511637021665805,-0.22045906784871863,0
-0.9769470866471234,-0.876666703564039,0
-0.6939642710465964,0.98356087633859,0
-1.412389111278202,0.5341978942917132,0
0.335029220751727,2.141559671438205,0
1.3678844850375453,0.2284724451633916,0
0.7273387629669111,0.23642916131058533,0
-1.9831303062660877,0.08720631211616785,1
-1.845368806259276,-0.896344051157643,1
-0.8137107352132634,0.9472505301940429,0
-0.6061824622875837,1.0397697831481756,0
-0.1634196641932906,-0.34411403029621324,0
-0.9414527735454452,2.2188867438088726,0
-0.18760912677272112,1.3210980126527605,0
-0.2841777323294861,1.2714409562822433,0
-0.7217757506530464,0.9955617957994639,0
0.6797737130990849,0.19341545130585158,0
-1.5255808997830678,0.46339351647585686,0
-0.5240207596112982,2.2993630137088865,0
-1.2239886004277634,0.657284696957989,0
-1.3567217039004043,0.5846913396438811,0
-0.32187283717001997,0.40873489095832144,0
-0.13006186914026827,-0.3400372183019966,0
-1.2478017472205645,-0.19431894424123974,0
-0.12434543824948831,-0.33063588325737525,0
-0.2893020345027046,0.7525358411279975,0
-0.7884145897963301,-0.7543824316178271,0
-0.8018295616378877,-0.7652308987945522,0
0.2992929131263941,-0.05734058384203929,0
0.19204000948986405,-0.11733866844790604,0
0.4776894080756667,0.06550170850215818,0
0.10684913185567722,1.0127472827965012,0
-1.6983036196675483,0.766809135310519,0
-0.2149980170652099,1.3935159642404824,0
0.6617235620458002,0.1715937007128906,0
-0.7775571514940242,0.9242425976016383,0
0.6846756678722313,0.19233420559385417,0
-2.7563326663583814,0.18692089427151126,0
0.04171556305195257,-0.2281962527509314,0
-0.2374491505728458,0.43737848990490186,0
-0.7800242336069899,0.9321229121099265,0
-0.32327382051129827,-0.44962980420195303,0
-1.0701309229167866,-0.09928072074949744,0
0.6164191268012631,0.13772902458760733,0
-0.6010613547111614,2.259109268311796,0
-0.425164336332161,1.1512819403215895,0
-0.139460397221806,-0.3436628460335144,0
0.3004928478396218,1.1279197079768541,0
-0.1476954445571034,-0.3451003137369454,0
-1.5271838810323775,0.53864325336192,0
0.7302040873526969,0.08363875344677695,1
0.7258864417889509,0.2059550597495342,0
-1.2259210037430064,0.6539739385844018,0
0.10557547635689278,-0.17627182113430004,0
-1.1518829776686854,0.7086373239654672,0
-0.763658074961511,2.128772698069994,0
1.8636356620596601,-1.1170556453949614,0
-0.27827637662700905,-0.4355234325378295,0
-2.615661065533983,-1.0444125556885846,1
-0.6087137080538141,0.19600858072678207,0
-0.9911116937294724,0.7848626356415077,0
-0.7213076293386984,-0.7212178033663595,0
-1.8032829412868272,0.22285164268097246,1
0.618623956297376,0.13623685564507132,0
1.6029522249810009,-0.4405917888025757,0
-0.8084943536287449,-0.752293264446204,0
-1.145321701829326,-0.05193771404552202,0
-0.6372789420624969,-0.6653978983543802,0
2.1446261269628986,1.9548167314692475,1
-1.5366122572339962,0.4395333717084046,0
2.3626321637393395,0.40590030246024483,1
0.6605354214483148,0.15931750637196906,0
-0.2235132642293261,-0.1323018263230963,0
-0.8868149907646177,0.851843875026674,0
-0.2228812342614038,-0.3850714683950538,0
-1.0765424845929052,0.7617624644575488,0
-1.9448419662257546,0.6119539978868941,1
-0.9203612066686713,0.8463672900182629,0
-1.3792750728878147,-0.30650904940174994,0
-1.683241333780596,0.3901398736907011,0
-1.298308703155967,0.6229594922577454,0
-0.3995071356903008,1.1693268331167592,0
-0.20406052899422775,1.2948582167587877,0
0.363173976528534,1.2038846861374195,0
-1.5323869835673247,0.4475192628257528,0
-0.8437827011689161,0.8921560950370958,0
-0.7184303260337044,-0.7143513276048068,0
-0.9818270901474242,-0.0550874544343404,0
-0.19331797239004647,1.3220861171841485,0
0.6059276651159415,3.0052468273781896,1
-0.7840308233630229,0.9182290529459461,0
-1.7923225815788555,0.2765785138770505,0
-0.4112896072416664,1.3233640573185554,0
0.664066408513601,0.1665577879726099,0
0.6984467555775248,0.18041764715318576,0
0.1406091746492745,1.0381805803794422,0
-1.0656885490203156,0.7440702118201085,0
-0.7338398976408971,-0.7264177280096328,0
1.0005543891895992,1.5784451137662288,0
-0.2526311810490211,-0.4267420064429416,0
1.7192825880392864,0.43887765243447147,0
-2.353543810107551,0.7303781446991254,1
-0.8696404485664777,-0.8085572582225619,0
-0.11411131635798472,1.3502090833923037,0
0.12059995438020558,1.0430226272188876,0
-1.623181301267656,0.48404597862872595,0
-1.2616083920771024,0.6261744906720693,0
0.33581901244372153,-0.04157013817566609,0
-0.809593224977841,1.104379836359298,0
-0.9364646845253667,0.8235624652069385,0
-0.6437474126276181,0.16858293865353757,0
-0.02118744756772869,0.9162220991586317,0
0.27370457511326224,-0.06020387892102049,0
0.6911048084418667,0.17756237386600893,0
-1.633887043475754,0.3683205084290441,0
-0.9629117002152187,-0.5015671336196149,1
0.20571705286858538,0.7069764537997468,0
-0.7955336173510043,-0.4501092526773201,0
-1.6100405987945345,0.3890144624089991,0
0.6262443515264909,1.3365198029983743,0
-0.8933031516981684,0.8552725693272089,0
-0.8867456020305107,-0.7954735920754459,0
0.5557252055320653,0.08640814874959228,0
-0.45243001510303543,0.29238835971197136,0
-1.2915361042872926,0.6025431223193861,0
-1.181695526378515,0.732458336004474,0
-1.430790367831567,0.5114384001745688,0
-0.7816590114039755,-0.771298234129223,0
0.5121078242005516,1.257315299269037,0
-1.0952109856145602,-0.5839958645863829,1
-0.4325571825923677,1.1685258558066702,0
-1.3448307852668893,0.5676438930753348,0
-0.7826322811288173,-0.5366468353078736,0
0.33244742068927463,-0.05317354603543097,0
-1.130323220108437,-0.1628550940858004,1
-0.5505294863526363,-0.6235437518654737,0
-1.3349587553660776,0.568690934117477,0
-1.3001673450164095,0.7830172804733951,0
-0.6155245247097337,-0.48559575781362246,0
-1.0634279277066445,0.7317710306775761,0
-0.09558648487922236,-0.31943077162957995,0
-1.6446645629050178,0.3729237811627079,0
-0.9492494479041984,0.8011718620754148,0
-0.07593300403506463,-0.3079974477388731,0
-0.46427017536381104,-0.5676582111305869,0
-0.4409476806221463,1.1310236020048827,0
0.24026209488963418,-0.12068605872947986,0
0.7945560343661029,-0.1593929831799077,0
-1.3287550147281073,-0.261644266690163,0
-0.8787905774132216,-0.38729998974544916,0
-0.16175833652482033,1.3299405558144652,0
-0.8413540121311858,-0.6954547187653445,0
-1.696898071097712,0.3203941878329645,0
-0.6264543562460946,1.0148971982354096,0
0.2019297586431747,-0.1359706667709984,0
-1.1455422014274539,0.682945112585473,0
-0.633265932258449,1.0048719892671127,0
0.5910191756007553,-0.26973599113640995,0
-0.22649836899161482,1.2670665203405527,0
-1.416050746447603,0.5280941474096702,0
2.0283941803616883,-0.20157053789091886,0
-0.7492974439711308,0.9431708134197051,0
-1.1230769454292004,0.6857279984426651,0
0.14373484381898147,1.0150148732579691,0
0.9194213899354371,-0.06350396984856584,0
-0.40285689364518545,2.539643314031405,1
0.6633020088891648,0.1597688060646283,0
0.07198888626265738,-0.22666188622602215,0
0.01295322477839359,1.4159061109470163,0
-1.7381294732532573,0.31255846138361426,0
-0.40948289025913837,2.363912556268647,0
0.006420318411065974,1.4146365702426218,0
0.16000536933324516,-0.16142980091251258,0
-0.4467112338801761,1.1275861669225367,0
-0.782840108248566,-0.7583477654788289,0
-1.0133653908258073,-0.889406404812772,0
-1.9828108890847345,0.5011834407619886,0
-0.14204898429597476,0.4828655275189338,0
-0.9330661720152585,0.8351997680898563,0
-1.3194276297450034,-0.24563029737239972,0
0.005675951403425396,1.4137005218798278,0
0.614247896387281,1.3115985758258344,0
-1.6875350339810526,0.32779178209484755,0
-1.3491384028940712,0.5709477842526902,0
-1.9512759760311482,0.26128682336475256,0
0.11482409224740127,-0.20435454201405573,0
0.3434956323990539,-0.038908295183758955,0
-3.2533131271727,0.3414621929086042,1
-0.6209737176252423,1.3778768967333985,0
2.552894762992587,0.4850033074265931,1
-1.2157777456472298,0.8084565321050124,0
-0.2527623541227808,1.2513354881108465,0
-1.6519952088017746,0.38457171149975217,0
1.7588394031551087,-1.223963288599674,0
-0.48051126903061675,0.2641938772849622,0
-0.9575839118991557,-0.8827358495196566,0
0.40271180802222334,-0.004660765437496623,0
0.545202776160379,0.07794966362314375,0
0.772374661409732,0.2170277952138403,0
-0.1522826983355189,-0.36831448472359923,0
-3.5642711160305214,-0.8621031776435416,1
-0.37109548837448053,0.3325034652797911,0
-0.4226825075221993,1.1460227826667886,0
-0.15753175672076578,1.2996004337343734,0
0.39272696252152856,-0.0069132517843656545,0
-1.5417449060304453,0.4263203837524214,0
0.5457367550461887,0.06849516766265727,0
-2.282366211129587,-0.9898259161126091,1
0.2816215726196348,0.7449846036322411,0
-0.5738308063301689,2.4921461957990974,1
0.5802951263008634,0.09082114797462519,0
0.3272887663192249,-0.06980225229768218,0
-0.4728135676078277,-0.5751753472835103,0
0.23124815886534866,-0.11947026938466578,0
-0.9929158571262399,-0.05338728513555371,1
-0.37984162153928713,0.3211780665382847,0
-0.8697847857921285,0.011184174961966034,0
-1.3278743281045433,-0.7146192215194178,1
-0.8209019462777777,-0.8030213536223524,0
-0.4124408739353092,2.515820877069522,0
-0.17899703346148063,-0.37430406643589503,0
1.0081794686089969,-0.8592350856561696,0
-1.2765201572971838,0.6917185849984505,0
-0.7949314373818035,0.8956982827782435,0
0.7541576964873964,-0.1900124736898783,0
-0.08370386594757283,-0.31667654582566257,0
-0.2861280865581567,0.378016494260949,0
0.4204045045887581,1.1907286561759562,0
-1.374439437483783,0.5368401880064668,0
-1.3521582719738063,-0.2987532834818885,0
-1.6297170240191388,0.37577934833363275,0
-1.623109811847664,0.3941210149229513,0
-0.3656057713156266,1.5347469009640862,0
-0.12247652919004832,-0.34074145159916014,0
-0.6682337373882181,2.1879422605590744,0
1.401910149373192,1.8187623191794458,1
-1.367388599510377,0.528469979055462,0
-1.0405660515532087,-0.8817912389176294,0
-0.035914245815537406,1.3846361280001565,0
-0.9274148320446998,0.8043454815939753,0
-1.0483936976008636,0.7509693755439147,0
-0.9521524549094114,-0.8773997254607695,0
-1.4568309654250238,0.5752869500670557,0
-0.5609147029544307,-0.6437108881984067,0
-0.9121507792539242,0.071875828501319,0
-0.9872808998086425,-0.0703602699268543,0
-0.11870746471738898,-0.3500686804367693,0
-0.4312017199007719,-0.5633214750825878,0
-0.18958908338833624,-0.39590357451838176,0
-0.17945055709937627,2.5050101625197945,0
0.6481805280223262,1.3366011463663305,0
-0.4202193919710203,0.3030225011801782,0
-3.848685237796169,0.07926137702278561,1
-0.5863131045975958,2.224826311101421,0
0.36661365975286314,-0.050314835223796504,0
-1.1630421149581083,0.6537120333677626,0
0.649872376619898,1.3537369058126931,0
1.118809346332078,-0.6539798698940347,1
0.3891047510972939,1.1656999919251085,0
2.021569977062038,0.6272374548251682,1
-0.5633079031131624,-0.6369161701037254,0
0.154937409898255,-0.07449160238913534,0
0.2955882044959842,-0.08800685878915886,0
-0.37534649073154064,-0.09447386858335748,1
-0.6308766336108717,-0.6562895007650484,0
0.5275515988277446,2.933652532724507,1
-1.4051551316831825,0.5025474666412194,0
-0.7619196093512529,0.06652251432311272,0
-0.002903203211504662,-0.28215683499176125,0
-0.31681542762920006,1.1908810183873464,0
-0.5057844704599308,0.24468340779820952,0
0.295090954896255,2.793128796208615,1
0.49829673719920725,0.0378082833037565,0
-0.10515550597952675,-0.32433224308026926,0
-0.10900020251632465,-0.1158923395946214,0
-1.4794621953590728,0.45555085466118733,0
0.5204755586807468,0.058248164876186094,0
-0.27042665703571706,-0.24531937764361733,0
-1.2822959464900026,0.5811614273181763,0
-0.5454844568330576,-0.6272241333310206,0
-2.961781617167606,0.8304651459879763,1
-0.7647435734262338,0.9037093413124587,0
0.6129084182460428,0.15891455234951946,0
-1.086572283074334,0.9764789540015232,0
-0.16030525112286417,-0.3860193538898994,0
0.16802598910817657,-0.17924971954642588,0
-1.5079979418741338,0.43277139142427795,0
-1.427009134349034,0.4885851744922934,0
-1.4404891925881398,-0.5988551042227395,0
-0.9753709974089928,0.7663292181553544,0
-0.17326686082915016,-0.39725577061188366,0
0.13528859633394155,1.002028273827619,0
-0.14281814873651835,1.3198467826683078,0
3.5385074873733005,1.0961746752132238,1
3.2272576386432865,0.9092511071732009,1
0.747509423045354,0.20437320026717776,0
-1.1535801556840877,0.6601192506390818,0
-1.5079585776881894,0.43177194041916006,0
-0.1823136917016356,-0.4080785560681851,0
-0.505194267734812,-0.5619212901672568,0
-1.00344129715778,-0.0952760679127738,0
2.689615654433498,0.5740151650473322,1
-1.018100124958522,1.9367318686876824,0
0.4810101894064537,2.0841915659914383,0
-1.5210366213603042,0.4465660136963486,0
-0.7959428556039034,2.0922896071821175,0
0.5594389075917278,0.07015554437164566,0
0.2451362564963153,1.0608678104084392,0
-0.27149026613737653,2.415888810576926,0
-0.04263374361992079,-0.18739906644517373,0
-0.9582297809332951,1.9712618737133698,0
0.6761454100085611,0.17461157147948947,0
-1.3486632792904416,0.5418025823368279,0
1.8430594720986708,-1.1785343267845712,0
-0.37384805171858304,1.169365346492606,0
0.2183777198255007,-0.1481808291620394,0
-0.5322019266520873,-0.5588767326591627,0
0.7228243179782754,1.3679891151180363,0
-0.9602164087921707,0.7834138057309891,0
-0.32277505408499046,2.380930183013488,0
-0.9699092860844406,-0.9047524552715699,0
-0.03323088659384706,1.7253758105534498,0
-0.5712075738038144,-0.6437868050263655,0
0.6321229719180105,0.15809442466546952,0
0.17408196787209645,0.6831445439201161,0
-0.5885183693488486,-0.6554116331318379,0
-0.26921623851778886,-0.336745891306562,0
0.11178064472772585,0.9951561379307342,0
1.9751374940216104,0.5877166499801944,1
0.004767295601924411,0.5958989360886017,0
-1.8731467943626872,-0.6424724385911408,1
-1.4081015285392837,0.49615727953540595,0
1.2230936784689956,1.6868070055999775,1
-0.21438284645639286,1.2529166233395472,0
-0.870644793905791,-0.8560557303532513,0
0.3378459777820268,-0.07081473179199112,0
0.3720625638461645,-0.04826661131277434,0
-1.4101788487042541,0.5127187834892494,0
-0.9900049155639367,0.7509076260969588,0
0.3623156306711079,-0.05873903956982792,0
0.5140402817141614,0.05141783033470169,0
-0.6285668885366195,0.9973913144802659,0
-0.6562148283609059,-0.6847058924401921,0
-0.4144385245351269,-0.5608291125292887,0
-1.770180534351108,0.2568266750919033,0
0.5716371213963931,1.3075426697145751,0
0.8745438238533387,2.331909036969713,1
-0.43914874943570087,-0.5126802136321599,0
-0.6402372913506811,2.1817875858713465,0
-1.4636775025694078,0.4511918219518947,0
-1.1184742461776096,0.695384854344535,0
0.2718038480622161,-0.11719196224217808,0
0.294698389670034,0.03432934583582451,0
2.7392765001005417,-0.6012726824625592,1
-0.8556306995709544,-0.8381699083453464,0
0.6653781394516646,0.13409647457750495,0
-1.612865577524526,-0.5006350114753134,0
1.0099879715111946,1.5562086376596194,0
-0.3454384242300073,1.3265097331864195,0
-0.9443966594909804,0.7820764592173336,0
0.05631193605485927,0.9575491681725183,0
-1.6463319652799022,0.3351343523545916,0
-1.4397054765206678,0.4623690581572753,0
-0.31496262476270287,-0.4952221822406758,0
0.4061479716908541,2.8538276581776105,1
-0.7139938442192655,2.125430401066078,0
-1.0799286163270907,1.9040356227893038,0
-0.39947885474724865,1.2477480193758355,0
-0.9513758046735549,-0.04127980893672752,0
0.7489172235273905,0.189110550420158,0
-0.16791170696805005,1.300180874105893,0
-1.3238585693167457,0.5401888693713796,0
-0.216966525329322,0.7666921093440705,0
0.35247951836241187,-0.0633453798632367,0
0.020354553807466653,-0.2708758196819359,0
-0.26104108883654736,-0.16571494825056513,0
0.6642843439655038,0.1232971246447118,0
-1.761528635317361,0.25512849873342686,0
0.004569891083606149,-0.08195567747078104,0
2.2162328905240414,0.25950621127194046,1
1.9534338097732902,0.9101479338212346,1
-1.3219053264055871,0.5395724136794612,0
2.3143438665317424,-0.8777815186669699,0
-1.1482415396919592,0.670406860777191,0
-0.7122148856124453,0.08954064670555216,0
-1.2607521704211377,0.5746634804006182,0
-0.8291650470924122,-0.82834943673786,0
0.9556302901578981,1.5277583640480576,0
0.025817250966464984,-0.28003641780830224,0
0.48245356556618696,0.015986955170432065,0
-0.8124220200509381,0.9561878544970058,0
-0.4368154636160652,-0.5773389959201037,0
-1.3240355740355532,0.5382424092870014,0
-1.6952072403304932,0.29862333619599885,0
0.013564742433621524,1.3953418854430137,0
-0.09339538879268791,-0.3424050664098036,0
-0.9588857808352078,1.9633011499832922,0
-0.36894821045476645,-0.5065549598945412,0
-0.903048419508176,-0.4747479915724911,1
0.5400705614833359,2.932024893826073,1
-0.846591326095022,0.015325851164562013,0
1.3637988411650672,0.18294062001003075,0
-1.3608588715009942,0.5142916922988888,0
-0.8357316062343813,-0.83961697748322,0
1.9514903286611316,0.08618781335818647,1
0.753213903382692,1.3732887751938212,0
-1.5873306544477759,0.3748632035089445,0
-0.2745176443467707,1.2021379552942177,0
0.06585668246754244,2.614983006848117,0
-0.6098872043387031,-0.09127332902393721,1
-0.8432891623139326,0.8450984368371605,0
1.155599536527815,1.6431632865816754,1
-1.5309390632443705,0.40033279717970033,0
0.4592818002641641,1.1883638388959246,0
-0.12957759054588183,1.301999513414842,0
-0.10533911518613473,1.3143141975455697,0
-1.2965250827152792,0.5750929373583359,0
0.36498079317863896,0.7908606298979509,0
-1.1181073639051504,0.6805120407446862,0
0.22357603803051324,0.6907150561746617,0
0.4198564615211187,1.4692532929472306,1
-0.6928537338104104,-0.7410750534527075,0
-1.2967587081761933,-0.2818142422511551,0
0.06107378953575974,2.612883238425434,0
-0.833602866631182,-0.8412121435755604,0
0.128678744547758,0.9713466113814586,0
0.23096167734650594,1.0391178935633145,0
0.3620711012198121,-0.0755330933718605,0
-0.4598273465971192,-0.5929401684513453,0
-1.038640993358386,0.7177534048798088,0
-1.1349540060493115,0.09934810255381298,0
-0.5611915500614519,-0.6522238830234381,0
-1.1268509249889451,0.834738048009772,0
-1.8718228895143172,0.6484005179247052,1
-1.7192175593450605,0.8314367383743461,0
-0.5434469304956436,1.0366206828737914,0
0.42988622205916477,1.1904961561760685,0
-1.0715918883164461,0.6858622691903461,0
0.5035186707268217,2.8967515884748236,1
0.04726422237493683,-0.2737978280966713,1
-1.3009824965044336,0.546080484246895,0
-0.6903723383180679,-0.725098663364624,0
0.6923406000522542,0.16510502982011804,0
-2.8333439755597465,0.2600625312075943,1
-0.3625804515302874,-0.5360204340926942,0
-0.20931533307980402,-0.25136463932423203,0
0.4991428864697667,2.8866404650171527,1
-0.7161786331755706,0.913361794076989,0
-0.7581478310794936,2.084977077226687,0
-0.5780499795677357,-0.46474699719733825,0
0.16052758478967288,0.6434228643450485,0
0.06829177039787092,2.6201368292826817,0
-0.4014479993702303,1.143833310587954,0
2.353378512685506,2.0124231966236272,1
-1.5284257817723312,0.3968767259973524,0
-0.1426480975882611,2.5005011435370976,0
0.3894180574138871,-0.05659092538814461,0
-0.6087608447774278,0.9810927627613576,0
0.9584788372943178,1.5304158563383552,0
-1.5469915121426694,0.8292516670230038,0
-0.3956011300908351,1.117853247236838,0
0.0647252421792938,2.6099661920460666,0
0.5975568033060173,1.2746577405383006,0
-0.10842347882551179,1.3181700764038402,0
-1.7058348995673516,0.5924373470868629,1
0.11873746898590783,-0.22935154693935939,0
-0.8183718077695638,-0.8340173737399128,0
-0.8216249775456143,0.8431890547952375,0
0.2223933080595782,-0.1702671143087934,0
0.5119730073883583,-0.37128980047571786,0
0.21513709035245984,2.7104786020985836,0
-1.1221384574894395,1.8531543931997354,0
-0.17256605975039996,-0.4137845997494025,0
-0.13491812746552867,0.44818304337045495,0
-0.5266580771620488,2.4315450225772914,0
-0.42375278182826615,-0.5656003647865102,0
-0.7583940940971964,-0.7822273965588017,0
-2.70717071763965,0.3633101478237886,0
-0.7977482283411743,-0.8058324665442795,0
-0.44873078088927004,2.3122625230276865,0
2.9457640622606753,-0.503002519617881,1
-0.7353001945417783,-0.779165924285565,0
1.0354968220902625,1.548669514492105,0
0.011788867708291052,2.5998901207945497,0
-1.6800395268010306,0.3448956958516077,0
-0.17709006114455345,0.41452140947418975,0
0.23325649532374249,-0.16154411039150646,0
-1.5637681034037965,0.379762554691985,0
-1.595048363021701,0.3574789923821989,0
-1.6233507240687481,0.33564913080013675,0
2.098419913600645,-0.20363872568604832,0
-0.21622775752008935,-0.4308866163937359,0
0.5274931732840725,0.02214756814388184,0
-0.6775180354326527,0.9411869997907104,0
-0.2237093841324973,-0.44972712286443645,0
0.24375376568592044,-0.13462779399114597,0
1.4275805135172082,0.2188275680578028,0
-0.4154776644476364,1.120156186434831,0
-1.9316182349751223,0.3575657751385059,0
-0.9853990952260226,-0.9321870191678422,0
0.864627227326971,1.4774251702521968,0
-1.1463572687482035,0.6337685880246242,0
0.20976465678643935,-0.062027168167766454,0
-0.16462131737555874,-0.4154077068754135,0
-0.19282148535659063,-0.4023691536492919,0
-0.9191378973306329,-0.9052137316566299,0
-0.7154063279747425,-0.7697068729370181,0
0.3014925732376201,-0.10950137020699517,0
-0.31300700401938814,1.1696156035302872,0
-0.9369884372742499,-0.8995857749193213,0
-1.2265517822534315,0.6904335229554778,0
1.6140404338122594,-0.4361941430504305,0
-0.15490568219127884,2.7722463368997965,1
-0.01232865432017149,-0.31470014778019656,0
0.6138502720649934,0.08557296153559622,0
-0.5478949373720213,-0.6578760336528545,0
-1.16587251586907,-0.16590642310708428,0
-0.21986866745994468,-0.1375686620376525,0
0.4345782283095217,-0.029237941042591604,0
0.500902965600335,0.0069152603360003555,0
-0.9191157147896857,-0.8978682067092695,0
0.27525762033702816,-0.14091771818536591,0
-0.3314079938443336,-0.26829111663941757,0
-1.1136666082728042,-0.17601879294505393,0
-1.1337814936673767,0.6422954929900895,0
-1.1163814794037303,0.6797079303227901,0
-0.23580465119171093,1.223298622728133,0
-0.8621106375924458,-0.024786601450466256,0
-0.9045170916502945,2.1860626587550853,0
-0.9694180021863982,0.7452991372625938,0
-0.5225581082553546,0.19222306614002127,0
-0.17428766317879477,0.4194569806048864,0
-1.230804455365697,-0.2643937770322127,0
-1.0031123773419557,-0.3803479722834392,1
-0.6235071489421051,-0.6014270014857287,0
0.5685198167303579,0.07674710213112877,0
-0.9719500776200841,0.744273529582491,0
-0.9651046335629407,0.7626514922300275,0
-1.753614480610949,0.24161815968550837,0
0.09264860688528183,-0.257516689701679,0
2.125915534157154,-0.7989466435612199,0
-1.3525980310849197,0.5028450696508812,0
-0.8731556258046598,-0.02784043768916274,0
-0.27843011803521756,-0.4886826045392246,0
-0.4554419543322731,-0.3850446559906651,1
-1.2671494300598685,0.5590641158437003,0
-0.012726653143762917,1.3687295537354858,0
-0.8142570848853011,-0.8407942272195238,0
0.19113441226432737,-0.16491552405287485,0
0.6550363664682819,1.319028970862905,0
-0.8739384064899914,0.8014925909618827,0
-2.2024903424396896,0.9213771389819022,1
-1.0432226032077327,0.7232390507272483,0
-0.23884254813481348,-0.45742561073256033,0
-1.4150000701919498,0.4572966420552999,0
-0.740122559862446,-0.7866645660307077,0
-0.9078151316772152,0.22699565502091645,0
2.118748504364295,0.9975749431866539,1
-4.534409525629627,0.4173308273005804,1
0.7574150548056204,1.3598525685855782,0
-2.8242282105291157,-1.191779710376699,1
-0.4491122470484579,2.2872828212122185,0
-0.7329246519450102,0.8915857205568797,0
0.8361527252725929,1.4063359529426112,0
-1.686633101520838,0.28429950571155044,0
-0.652146194991186,-0.7218956149544802,0
-0.22777686885750426,1.2121523163885803,0
-0.2910341646428531,-0.5015098235356079,0
0.5405115401783898,0.025897471549093925,0
-0.973444257588108,0.7584559597076,0
-0.10857022643218707,-0.37813923618578194,0
0.1407185508515669,0.9685491173628406,0
0.1539333007020218,2.7005437999542976,0
0.08045818145420168,2.6108391185339523,0
-0.9002453633722445,1.3174725096595334,0
-1.3676028776412392,0.5148776642002538,0
0.005535236409673412,-0.31773695382379025,0
-0.22369081563547807,0.7469297218027879,0
0.8316786088740962,1.534981397532425,0
-0.37939015714169966,1.2314309207542222,1
-0.9484224748846894,0.7525495188974726,0
3.4897456686842436,1.0449946302598485,1
-0.03611128150955046,1.3444497843342758,0
-0.9229840789942654,-0.8955028410107377,0
-0.7748436118531117,-0.8120316768552152,0
-0.9648159432874988,1.9364090116824881,0
0.6577521399534662,2.976427822884411,1
-2.088463326777098,0.41266660494697033,0
-0.5295493592125731,2.220280557837915,0
-0.7381969384132312,1.036439128911584,0
0.4015927650608122,2.80633661739501,1
-1.0192639342266427,1.9188518956794118,0
-1.3786214298879167,1.8378705852856587,0
-0.07281541129905074,2.5072399769770084,0
-1.146790263023217,-0.5733648432616362,1
-0.20832813457447294,2.425418512228047,0
-1.5320431522366627,0.3920593846773512,0
-1.1586815972573363,0.6928217705545633,0
0.6504663582968669,2.9742209375294286,1
-0.8014626791935193,2.0471493134373167,0
-0.1621579551410976,-0.4238986254293633,0
0.30313165911798445,2.755477183249914,0
-0.1457321342343186,0.7826617188753873,0
-1.0927764607144186,1.152361889862562,1
0.14643772296651103,-0.19427040185784686,0
-0.7080063829614874,0.9175914131630919,0
0.05910099393472618,-0.27746517588674485,0
-0.8611079217034698,0.8069505529570268,0
-0.32838266725391246,-0.510947672470827,0
-0.5864376124946278,2.4710901366259455,0
-3.126277771842151,-0.5515968497056706,1
-0.7412390204969024,0.8858401610957697,0
-0.6026788784722782,0.9678517051958145,0
-0.8511128003832923,-0.8698685295633143,0
0.013113280035121057,1.7317947678788497,0
2.4957752667005098,0.05459226900140771,1
-0.30956908308239844,-0.5000993338699911,0
0.487752389275453,2.886701324902594,1
-0.6576671921382135,0.9327858452405203,0
-0.11092167674670263,1.2861039523615618,0
0.45304775227854416,1.1859197564607733,0
-0.6638342423954072,0.9315720449112462,0
0.106759426320728,-0.2542401753765397,0
-4.76420815233135,-0.38409949413927424,1
1.2575780169001862,-1.5836986815579521,0
-0.4889209663337283,1.0362744166073494,0
-1.0745606369713465,0.16033982316171952,1
-0.9800994504300989,0.734714123508028,0
0.0527686852544192,-0.29786726042671197,0
-0.2583794970046817,0.7020388191481862,0
-1.3831304012348522,-0.48196507166092123,1
-0.9100054446086995,1.0587033543041628,0
-0.030540799169338127,0.8671753686553944,0
-0.9247338704692809,-0.9177660746761587,0
0.008081796994853124,-0.32265042509736414,0
-0.6312754883532323,-0.7251141453246098,0
0.05940481476314519,-0.2801610188916534,0
-4.072181562168886,-0.05968601324780056,1
-1.578869489629357,0.34623328122585156,0
0.4960199146333662,-0.0135104407982883,0
-0.4708488225439842,0.21618643635936652,0
1.6498589173578129,0.6919153367749683,1
0.4511673785400579,1.157482739670088,0
-0.0517467079024961,0.828086227675252,0
-1.5109657552758282,-0.16047752295341236,0
-1.2359967918891057,0.5633831788171514,0
-0.8238496261328906,1.0965982784063224,1
0.790987170448698,0.17882294813473198,0
-0.5907544494575212,0.13619438006570134,0
-1.337459850637347,0.7392497029477901,0
-1.5627297746205153,0.37373504475431213,0
0.6611865770800189,0.08897574060916406,0
-0.6779199777207354,2.1221198316159873,0
-1.2409743097627002,-0.059172865784520544,0
-0.5120940828158584,1.038806336906562,0
-0.29957345853512357,1.1756522609168567,0
-0.8651646586050855,-0.8759398036392638,0
1.411846038735314,1.7904166670041732,1
1.3752049426328692,1.3480016359522378,1
0.4325130877578646,-0.051153808957947654,0
-3.8955824780001373,0.21780074328333587,1
-0.36877141267413455,-0.5567984185067347,0
-0.8577446328210393,-0.8666445332745947,0
-0.5766174327653457,-0.7019195629641052,0
-0.4400290147438784,-0.5940687890442069,0
-1.3578535078765916,0.48199700961502695,0
0.15773301918961066,2.6489646401415365,0
-1.279065757003364,0.5286708328181463,0
0.629880038603838,0.06522570419359729,0
0.09745923146490344,-0.2686663338690867,0
0.3831937128670165,-0.08581299404108754,0
-1.1481980626848758,-0.19480771823131834,0
-1.1974304851560418,0.5929307022865331,0
0.030370739127466108,0.881421238213991,0
-0.0135077490285239,-0.33830910924608054,0
-0.7430848428296013,-0.798084415356949,0
-0.6628444475051465,0.723252261383933,1
-0.6906777036910003,1.175046762967609,1
1.4761511968492171,1.8070076628734268,1
0.6059026273942072,0.05185394198071961,0
0.18291370587172132,2.660234618653931,0
-0.17031007071997015,-0.4412576166739143,0
-1.4068976162182112,0.4816841817379634,0
0.6756849453790925,1.301213505273827,0
-0.10423069923828994,0.442285340665919,0
-0.5213219665704852,-0.6519398070731658,0
-0.4408883946866419,-0.6223502512996726,0
-0.8857205560453674,-0.8906183656402075,0
-0.7963464787414827,-0.0033435112024529827,0
-0.20889044063325524,1.2473530925584297,0
-0.24971918957640526,1.197475126756395,0
-1.677027363675414,0.28286785030538103,0
-1.124132464313472,0.6458360642678382,0
0.11851862521423505,2.6230957504813883,0
0.3105172742009478,2.756815028333768,1
0.4090944262655531,-0.07543876351033153,0
0.007295859897005465,1.3667826554285163,0
1.4099722848998093,1.7690485909062723,1
0.51266948350695,0.001059784063527118,0
0.4929303218560877,1.1847751579843502,0
-2.961611880351028,-0.5197374401734985,1
-0.13082349015202308,2.5233832679852513,0
-0.05250044303972754,-0.3642356259832608,0
-1.6744796754153501,0.2908723644063988,0
0.748613726677916,0.14973062633772172,0
1.3392126900222894,1.7226838614957916,1
-0.9349314735331107,1.9473285805007103,0
0.5681223825246217,2.0779626775194213,0
0.4778180037311091,-0.013877303389776849,0
-1.4109175500700901,0.4437509568582851,0
-0.7501651744340502,0.8667179613002846,0
0.6537563734849507,2.9556802828823314,1
-0.6661150045288147,0.931619968181013,0
2.2967729303506244,-0.945566257031705,0
0.19942356231072694,0.6426445616024394,0
2.3788773695298113,-0.680556834694433,1
-0.4477272294442437,-0.6087078982298911,0
-0.7993128314245737,-0.845342916820263,0
-0.4096232612189331,1.0834213454765032,0
0.3754855359597237,-0.1001794078355764,0
-0.6200919357012956,0.9466138351454528,0
-0.0933332118443478,1.6360910449743904,0
-0.36524633296206005,1.1072432419021667,0
0.3136385780156546,-0.1361074146331036,0
-3.748070917097384,0.2779911901987678,1
-0.6603068662627779,-0.7639032796725967,0
-0.6632353341508807,-0.7557276424665056,0
-1.6817253271849104,0.39213327555062155,0
0.007074430047358256,-0.34010912815878896,0
-0.48142232632820925,-0.6498826508102129,0
-0.3946325971389389,2.2975622023142406,0
-1.0941353781530896,1.160920993890686,1
-0.8591585029606986,0.7958220088893188,0
-2.016109947207563,0.6020356826364802,1
-0.41324229042362765,2.381493398913969,0
-0.6392708411527657,0.9423207477761729,0
0.7361620660675092,1.3404359697391515,0
-0.13542622734699614,2.4496857648561936,0
-1.6909496591056798,0.27645069830768226,0
-0.7607489479003374,-0.8153387405525667,0
-1.5269279528152386,0.3796764827474352,0
0.005986075857975705,1.3450434815266719,0
-0.7179401317541346,-0.7829511397545266,0
-1.2050088840016597,0.5765731642085691,0
0.39159761187143544,-0.0390172673792459,0
1.2156578869704033,1.7350562145511843,1
-1.1711210479888041,0.5901751775777966,0
2.4660976561458026,0.3597831142012233,1
-1.101484340075177,1.8396953650977401,0
-0.2936933246590854,1.1766693325015987,0
-1.4962698713298124,0.39214659283749326,0
1.376635285944672,1.7328940276582279,1
-0.130264609792253,1.271000155469427,0
0.5181287234686797,0.014290712715545698,0
0.5345969403640645,-0.0007180824971344714,0
0.5149858358463266,-0.0037973564208082693,0
-0.9936080459184664,-0.1267451071456945,0
-0.6197812315457522,-0.7345142628090253,0
-0.1859017805262493,0.5014972370459512,0
-1.9738148926521502,-0.5837505679355312,1
-0.33384578939855775,-0.5343866916598738,0
-1.8598406183000642,0.2660432679801575,0
-0.7035042891820152,0.04760368475533703,0
0.5198078812730171,2.869526918240847,1
-0.20095500999893418,-0.47093954473051464,0
-1.1575708627362686,0.6079293686448828,0
1.875661101797438,-0.02815930680842262,1
0.503064898813845,1.2410962014807596,0
-0.6409228762488204,0.09144275747319301,0
-0.5372271636246877,1.0070392328553475,0
-1.6589110821588189,0.28712023841990914,0
-0.2388701149379681,1.209150714742668,0
-0.40770228031733596,2.2743055503607716,0
-1.2896050919580475,0.5086630244242564,0
-0.0561020759238254,1.306427999865115,0
0.500648462202938,0.0009033819328143443,0
-0.7976927204631944,-0.6762247172496816,0
-0.7070786010475574,0.8932979986259094,0
-0.671410012622583,-0.7704393437686257,0
2.6982222824339455,2.1832889734490375,1
-0.1415228144097608,0.41040241827918605,0
-0.2129554473050577,1.2034717147105205,0
0.6567091236497397,2.949640439859434,1
0.27317454690431475,-0.17389625041007611,0
-0.2113204033066052,1.2034466102878831,0
0.8138987871916249,0.16969986362678935,0
0.5117458698034153,-0.4090128116062866,0
-0.04885135983749774,2.5105850134843903,0
0.26848469963685545,-0.1576413762491735,0
-1.0581653916338678,0.6557335285712683,0
0.6956615268877114,0.11637584000758304,0
-1.6046135795189074,0.3806054093200512,0
-0.872949787621616,-0.8982701241535354,0
-0.10424804318769818,0.4410328301270304,0
-0.09553037209709479,1.3073059855157148,0
-0.07554264040453497,-0.3936732746368975,0
-1.0204232817510086,0.7479760475483394,0
-0.7063606171880762,0.8828660885527942,0
-1.211083071708636,-0.2769894643474073,0
-0.7740277075903634,-0.3610459058640495,0
-1.0464636820552262,-0.18238583052882645,0
-1.878125315390004,-0.5817238822580088,1
-0.3198732397555025,1.132983387080831,0
-0.5296447197858868,0.9963735029085107,0
-1.340508936067728,0.19939634411192042,0
-1.5882561682610516,0.3208254186812653,0
-1.0585977911080633,-0.1673565387468968,0
0.5901647825513824,0.0377564239113423,0
0.15048524790742504,2.1357994772870357,1
-0.23257980148929147,-0.49729739204058937,0
2.3064559936328397,1.9465032652990149,1
0.9417332546198213,1.469459180055929,0
-0.9895326624973954,0.7250803146961825,0
0.19698882218341263,-0.22309858003318594,0
-0.6094981201152289,0.9832019095224543,0
-0.5270183533423466,0.9956767928329527,0
-0.6129409949299074,0.9389285017253829,0
2.192794583554095,-1.0144800962091167,0
-0.41573560309251556,-0.6218702417054373,0
-0.5257877313856516,-0.6822948049953647,0
0.35535532163866373,2.7608426312401333,1
1.0371755897790806,1.517939193993619,0
-0.020572366686862943,-0.3616265083016534,0
-0.6476943658089289,2.119807944332706,0
0.13333293458140708,1.0662835195316782,0
0.0021355872628313127,-0.34972781709308115,0
-1.6905645757162802,0.2597525698023683,0
-0.7382309101905843,0.8578419035794455,0
0.538793447258722,0.0280102001734918,0
-1.5506166145022686,0.34179274769342743,0
-0.3829005358748141,-0.6005380522928526,0
-0.06765503279228348,-0.39576210857577765,0
0.917154404496803,1.4289421072251391,0
0.5802868362386129,2.898482576137391,1
-0.2911685220220326,-0.5259352678872048,0
-0.6702528902338221,-0.7667598886261595,0
-5.621608880742163,-0.22680793104186894,1
-0.39343039604165964,-0.6027821704988425,0
-0.5844006773162846,-0.7278143678808173,0
-1.370844305427481,0.4554002071283572,0
-0.9244123343014207,-0.9366377970437513,0
-0.5345419865327317,0.9834407965299613,0
-0.7300492855654881,0.8664305685207695,0
-0.2258673060256518,-0.49938245257564634,0
0.8554964022339431,1.4010248650484824,0
-1.2151255354804489,1.0536484141749891,1
-0.30686048593008053,-0.529422885582162,0
0.3214770074319075,1.0667064637612953,0
-0.610792011352823,0.9450441828190547,0
0.3260511312488906,1.049794127653643,0
-0.8888509738730941,-0.08452390652477741,0
0.0008148964560957325,0.4865911898319653,0
-0.3859078050115536,0.23588961188773316,0
-1.149094403515768,0.5924640098311847,0
-1.1196612006312892,0.7624079447558209,0
0.256943710281714,-0.19166344373368976,0
0.08801594384205079,0.9170428828400646,0
-0.9387291278599791,0.7461337628841699,0
-0.13535348292817947,0.7521302316261277,0
1.584600955204657,0.4796803281560687,1
-0.33373145630420187,-0.5696493459117622,0
-1.063909407720129,2.122627406629165,1
-0.6503849664141177,0.9115926630048935,0
0.23126318882058267,-0.20502047182627794,0
-0.7300836077258159,2.094794657051996,0
-1.564235839204441,0.32771400744586937,0
1.6593551051174933,1.5116928849469011,1
0.4483588924871208,2.831708755885919,1
-1.1270719083257976,0.6118746257792458,0
-1.0131326296925511,0.6814218222381928,0
-1.1408375634465027,1.9682444657967744,1
-0.49125466612661134,2.208960750973861,0
-1.3013664199542363,0.5675277702695775,0
-0.8671078835662562,-0.9047838312110664,0
-1.085495771999456,1.8306143653296394,0
-0.2970066504558276,-0.5479987446565381,0
-2.241726041584043,0.14506995739294598,0
-1.4442311356552473,0.4233194932454389,0
-0.8563323224852982,1.1052963693823004,1
0.05622805762632236,2.553038134160786,0
1.227179480608805,1.63733989212398,1
-0.574952661673198,-0.7303052950711278,0
-1.2801190904002409,-0.3387515420758745,0
0.3342831461237409,0.691309942077574,0
-0.2984316799939498,-0.5490384960428119,0
-0.07271179710543332,1.2763250984216366,0
0.6870529327432091,0.0801498130060118,0
-0.11671398967740483,2.4475392382290257,0
1.3616623446293252,-1.565831936460069,0
-1.0672382104404101,-0.20239915733623057,0
-1.013718437004283,-0.1681968690868518,0
1.46102880872333,1.767808116981432,1
-1.4375066245242956,0.4055465243861303,0
-0.5884005428794534,-0.7247378020218848,0
-1.039728446866073,1.8706120492444704,0
-0.658233539260988,-0.7791261434716141,0
0.5079518588221534,-0.02647025640756658,0
-0.7534990829371706,0.8665438204837675,0
-0.21889708276836664,1.1918721563355439,0
-1.5519355063580176,0.33519349875785726,0
-2.9635947627206733,-1.156958423944892,1
-0.3596168226688676,2.295980125058698,0
1.6148631564333287,-1.4065499762512486,0
-2.3584589280909305,2.418209071923542,1
0.4502354596849885,-0.07084777663061638,0
-0.40288766525496167,1.0673549315862592,0
-0.5172351822722373,-0.6976571666592584,0
0.08186364810796891,0.911443919359177,0
0.42844379308560426,0.7556500396969364,0
0.034112179116389814,-0.33510753819454353,0
0.2137333819787639,-0.21198724984841957,0
-0.1698362378385429,1.2155850360106648,0
0.024790660022884277,-0.3455151520619221,0
1.2111190288020302,1.6144502181919598,1
-0.118689710768575,0.4016329894197537,0
0.3907827213715945,-0.10705084047581136,0
-0.07682620359981669,-0.4136419765941999,0
1.032087320581024,1.4909627209052727,0
-0.7174847713956829,-0.8163953594135135,0
-0.9745764937461806,0.6914390724385125,0
0.43362054036965353,0.7640551067261451,0
0.3791398953181167,-0.11808633258980346,0
-0.21631035582986374,-0.4964341299813763,0
0.6386118996158305,0.051961145493289985,0
-0.4341847261659806,1.04342353033916,0
-1.6996629989348455,0.24931733501773023,0
0.7966548722102265,0.14547141828783444,0
-1.372418230462013,0.44711682319725626,0
-0.9111108692468604,0.7438518581746206,0
0.4634949702286249,-0.07111272052771413,0
-0.9382241227812556,1.9176391292521013,0
-1.0255059579469585,-0.18245356025712237,0
0.20021625354489267,2.6659764912618917,0
-0.10749634736185638,2.453452210356019,0
-1.9218457565897678,-0.3802830026358484,0
-0.19989077007140224,1.2000991307498188,0
-0.508662605197992,1.0048398916909862,0
-0.654120700842317,-0.7823385125487844,0
0.5359793732568272,-0.01732586973049934,0
0.4633088043934147,2.82740534809219,1
-1.0927873124784466,1.8147575538349685,0
0.22775554616158644,0.6262123111699877,0
-0.7497315264912779,0.854291421161358,0
0.1467571477226959,1.7656502230633062,0
-0.3343778135592176,-0.5861390030014375,0
-0.41769453625955993,-0.5466449427469283,0
-0.3166221641605429,-0.5749034207290177,0
0.7380025236561853,2.160326783020011,1
-0.5933018812208749,0.1258113667575157,0
0.10011548617081602,-0.3025680801545451,0
-0.8525225106879089,0.864038996150967,0
-2.7564867313426027,0.3560369288434118,1
-1.1357330668772352,0.5941638655880963,0
-0.38230409304563523,1.083529973852756,0
-0.7640310460099063,-0.8354907334219054,0
1.563335776858574,0.24983534661103002,0
-1.4428677543565753,0.3901666313399094,0
-0.3032324959462559,1.121351022667018,0
0.26400445244751936,-0.20000235023712837,0
-0.4895937758960572,0.6366484842030626,1
2.2276010975772196,-1.0135347324133477,0
-0.701013122422967,-0.8003897713529613,0
-1.5203216373650685,-0.8381756347446736,1
-0.14065736261482328,1.2327040067099422,0
0.1213722360139944,-0.28327413010789876,0
-0.9863957789507226,-0.7745294600517704,0
-1.2422628708650114,0.5243744811145482,0
-0.6874323842752338,0.8702111708726948,0
-0.639803255525841,-0.7829907001174662,0
-0.6742847326858065,-0.7970487758708901,0
-0.8804883289147251,0.7533916126287045,0
-0.5401373954624843,0.12309578296452815,0
2.3739942834482464,-0.8964823803449158,0
2.066518527241197,0.5601096850726413,1
-0.5418166853907285,-0.7076178053029238,0
0.8908884729724591,1.4205827172391854,0
0.24721993170845957,-0.21291806318214127,0
0.6654625786049784,0.0598293814511062,0
0.187650120309176,-0.2396031129649684,0
-0.19204474053125004,-0.48923395719177204,0
0.31426119582218687,2.705104145706672,0
-0.36755668801470615,0.2443207699806702,0
-1.0369929740977146,1.8455588054034449,0
-0.7538339654723445,0.8324923871018984,0
2.2273107318249115,-0.9983462543845959,0
-1.7307594119704315,0.21295571210139808,0
-0.23599092364715168,-0.5139956753840529,0
-0.49750695244578047,0.9931646868153546,0
-0.4700849925700624,-0.6631158676843618,0
-1.580456387369702,0.29648214167748005,0
-0.9788663948981875,0.6930089792700663,0
-1.053118210645444,1.8335661779432908,0
-0.10783398684843881,-0.43402614405376966,0
0.9660062031140934,1.439095286572963,0
-1.2920932600559514,-0.9980192597634501,0
-1.628861394702024,0.2711324992410697,0
-1.6767349071492164,0.2550340665006812,0
-1.1318889358966633,0.5819231328558282,0
2.1845449041780736,0.6280858699527633,1
-0.03281298152892601,-0.3883832291414838,0
-1.6669037996495284,0.24745306589680172,0
0.25555352442834645,2.668100553302882,0
-0.29462234006634336,-0.5592438391661037,0
-0.5822587934722062,0.9439369195072679,0
-0.2577077668427951,2.345657984998545,0
-0.24788480145540592,-0.5175444626407508,0
-0.18899128486323982,1.1952700205260476,0
-1.481083181514609,0.5016676150505444,0
-1.6461353206652334,0.3021653008115209,0
-0.842463650302929,-0.9047469211230926,0
0.15085057778241215,2.5990465235032505,0
-0.27154060470905733,1.1299568463793344,0
-0.1737270563240518,2.3925745603977204,0
-0.4366004864402183,1.0349204833568397,0
-0.5731333009671594,-0.7160452556328905,0
0.2894800081643187,1.0203359561684964,0
-0.8951407175582273,0.7382414196737107,0
-0.3647183873190517,1.0716461689855967,0
-0.8973356013983277,-0.9226428431948326,0
-0.6254306621678327,0.9010441106460013,0
-0.8004039867901693,-0.8906311159494111,0
-0.1931449700289624,0.34565616797350546,0
0.8457963801659429,0.17032323371661784,0
0.15886574072632675,0.022007765451997046,1
-1.0359746136352785,0.6463476046413255,0
0.2592067003687949,2.666463431046589,0
-1.3289311722168322,0.46211972479765834,0
0.6247763538289547,1.2271613177707585,0
-1.0597788470718132,0.6423552691564687,0
-0.8345561684652352,-0.9140834680107027,0
-1.206371550366065,0.5327060691124291,0
0.3881652357354522,-0.10933932899715058,0
0.873659105070141,1.3866080351052423,0
-0.48909620969920975,-0.6701255386632462,0
-0.7510189652759898,2.015073803116756,0
-1.4162324855920885,0.42185657212367317,0
-0.5173423444753459,-0.7095560651713073,0
-1.3355257893085148,0.590807715965543,0
0.839467568267877,0.1591833195891389,0
0.4787143396733436,-0.06142201942139532,0
0.14956052983420556,0.9444540059491798,0
-0.06382412194371392,0.4245233666084232,0
0.7216654164255178,1.2841179386017458,0
-0.054107439334408834,0.7998780082387538,0
-0.5962273483104908,-0.757158749424578,0
0.6069092713604014,1.2576467263973505,0
0.500275614169912,-0.05006364930359682,0
2.0827265304636158,0.5645283575197408,1
0.39239816687265705,2.7543593397152764,1
-3.281042771568631,0.3020128805796611,1
-0.5807521416335522,0.5883025258272967,1
0.3043682608187626,-0.15878723431101763,0
0.0016244963845298897,-0.3705544831454883,0
-0.4632702867465857,-0.6767321034577511,0
2.595668636987605,-0.7743587982071992,0
-6.324015581974866,-1.3432911551347217,1
-1.4009202104448437,0.40484357429002543,0
1.6382262528803526,0.27806174554495827,0
0.5584146881988813,2.8571578110214046,1
-0.31606391204172596,-0.027501543316520678,1
-0.2249283271627034,-0.5190741478187363,0
-1.386130300074859,0.4414927290314707,0
-0.09285101109915178,-0.43814170557699933,0
0.974693050456425,1.4340204720825453,0
-1.5159016459428167,0.3343149593955122,0
-0.6626584357765013,-0.8040522619115803,0
0.3186864601486219,-0.15797683663729914,0
-0.820735121937391,-0.8893114818888963,0
-1.4331842033213233,0.39011789720661866,0
-0.7624311059340677,-0.863184901225952,0
-0.48036112183391255,-0.5153388554303577,0
-1.2338783228094428,-0.9526219468041822,0
-0.261158566465208,1.1346761552512994,0
-0.04289346489756466,-0.3966829767430077,0
-0.9142315273100045,-0.9651885303118835,0
-1.0054072694986713,0.6550563100438886,0
-0.8286523269950782,1.1611212023048845,1
-0.9480774048988784,0.6984608954318082,0
-0.7975962841024906,-0.2855800117387003,1
-1.2712451729780254,-0.3466930025598627,0
0.163208079028923,0.9515903273745628,0
-1.5290152809566349,0.33947635487038713,0
-0.8045957730978814,1.9938104323871866,0
0.5265008177653596,1.1635037471421903,0
-0.7466210435207118,0.8243594748980686,0
-0.4261224398370752,-0.6478577128481982,0
2.026196761528805,1.7130254605907593,1
-1.7343004733586436,0.2030929615669248,0
0.3988579444973476,-0.13034670382611893,0
-1.0923273650792995,2.0277518673451005,0
-1.0180097061580216,1.8385793453003811,0
0.7575605121370697,0.09829379835424777,0
-0.20357615194440476,-0.5100327451751416,0
-0.5198258627889479,1.0236414570033607,0
0.8717874126099507,-0.20804664983201934,0
-1.3086017484031451,2.4037736697656515,1
-1.175662907745676,0.5487784474914615,0
-1.245047553491329,0.5032630306211676,0
0.7689352698725092,0.11681340274994727,0
0.2990499934993621,1.0141160314855284,0
-0.11146783513279641,-0.43573824634523173,0
-1.663900373456454,0.22996560046847359,0
-0.32211131545403265,0.6316681912626815,0
-0.5446695934043542,0.9666630538738307,0
0.02875748810740262,0.4764363100887005,0
-1.5545881461051865,0.29853362468876926,0
-0.4269861066445629,0.1889879464160118,0
-0.5393635045464001,-0.7106876221014018,0
-0.6109836310257718,-0.7304039940734408,0
-0.889902103244349,-0.9472545278528365,0
-0.6597515092748679,0.887497323318741,0
0.10488246639015118,0.5309606331808582,0
-0.8171972890955359,-0.9015988809817302,0
-0.450969258644214,1.0410172974017984,0
1.0029249181285387,1.4597997761631245,0
2.8994463327573152,-0.6029539414668585,1
-1.3610850894849622,0.42285485282945784,0
-1.0654515806365705,-0.22296715624405647,0
-1.479898637518037,-0.4280418930793823,1
-1.5367181769929197,0.31740298275326667,0
-1.1065999789018497,0.6355257952676152,0
1.168097665647995,1.562743906656685,1
-0.19771212222689202,-0.4944550344296689,0
-0.2923235116203298,0.2689432054642346,0
0.07521819135049242,0.49911321178137086,0
0.023617213565618224,0.8216510877222514,0
0.13852686921346047,-0.2954680311717423,0
-0.18290667616605752,1.1764239037979136,0
-0.6080447021064255,2.1066836786274408,0
-1.1468360173465941,-0.944661984000536,0
-0.9297929465051373,0.6964022093745187,0
-0.13492084931166232,-0.46828462401719206,0
-2.9853251277689834,0.2436353502299834,1
-0.11454814000539945,1.221143155927554,0
-0.994271067121989,0.6687865404155179,0
-0.3786070833332397,-0.6364754716013259,0
-1.077647144211312,0.603621618031824,0
0.2613199844012353,2.6565481100103687,0
-2.6658851576858282,-1.0985019796368545,1
-0.25743001040429186,-0.5486733443756673,0
-1.532811206528837,0.3160787408097671,0
-1.079333973137656,-0.22727592764274726,0
0.16453382849731107,-0.28425497386270454,0
-0.7209172758057525,-0.8287711002930473,0
1.0487374337524915,1.4727506673323494,0
-0.7598137829362837,2.003587971688935,0
0.46986474149559704,0.7489197345013084,0
0.7129612820125724,1.273194349697631,0
-2.0543373648826053,0.22717665268775245,0
-0.18106673349654737,1.1746933333609313,0
0.782478027107209,0.1228369057180597,0
-0.7940701250767666,-0.19586997730149083,1
-0.025450724815789437,1.276547054901046,0
0.43580267291150926,-0.11323281593479016,0
-0.5761957822973804,0.9310585916047894,0
-0.2448103803489957,0.325536443194212,0
-0.9385694007440796,0.6926885495326004,0
0.15865083067767036,0.909005019517368,0
0.5776978962537584,-0.022365558491629262,0
-3.107542869048884,-0.6971972676061736,1
-0.7061485554518873,0.8410053897796129,0
-1.4586066158940196,0.3516043972040858,0
-0.6090168556957354,0.9253268688201742,0
-1.4304556689317054,0.47769551199086174,0
0.42929316896499986,0.7236667101189603,0
1.2018522229038768,1.57257803389945,1
-0.4150301158661046,1.0416484085160154,0
-1.3510503325728054,0.43714850655302934,0
-0.5478882197490926,2.3213097744933338,0
-0.4704223117462901,-0.5403000759543769,0
-1.629695476809216,0.25500965221836175,0
-1.5335683326137333,0.30441664050429146,0
-1.0054158554570167,1.8852822010793198,0
-0.35322036827077014,1.076565297718283,0
-1.6813559179921562,0.2119204111429337,0
-1.1806636274205646,0.549508821671058,0
-0.4249012807732681,1.030517222024419,0
-0.6118734798305842,-0.7891257389477693,0
-0.13874730528067256,1.2046298586279194,0
-0.46724214737723957,-0.6888541943893962,0
0.30640847533384064,0.9991201728885225,0
2.3717131610341022,-0.9507862872513062,0
-0.23718708902023655,-0.5408063915893129,0
-0.0017213555888236558,2.4902826223813164,0
1.4387824198429926,-1.5549982978645787,0
-1.6015959648859,0.2666329268842627,0
-0.7623332486253209,0.7952159549976666,0
-0.29213894040334537,1.1107313922526696,0
-1.3004371032520121,0.4603666661292635,0
-1.6651636993682324,0.23915596071916612,0
0.003575575263998801,0.8213695492060191,0
-1.1913295593016544,0.5289949100021782,0
-0.7720003889138212,1.9974352624011096,0
-0.3535003620855509,0.22708460331346747,0
0.7498126369673047,0.10512513262355831,0
-1.411964661049556,0.39045567463857284,0
-0.17580065651362106,1.1973392789255133,0
-0.46039687900527115,-0.6371772881892609,0
-0.6812335198264627,-0.8277522836690175,0
0.45985875839155826,-0.10505911789593782,0
0.35113138547540507,1.0302455226380365,0
-0.20736696564039225,-0.5292865890277773,0
-1.0478471232988618,1.8325093543662963,0
-1.4563336699564462,0.35682492073023725,0
0.10863922468023872,2.548743283431432,0
-0.14781896108613807,1.1920666073868487,0
-0.3749056043849208,-0.6424012412983956,0
-1.0700928615278362,0.8509659729545588,0
-0.5351492340994262,2.2150359242941096,0
1.412621860552478,1.7139400067499089,1
-1.626899350813657,0.5915947224324271,0
0.5564358616265143,-0.03044939021309358,0
-1.6017870783173764,0.2641358908663201,0
-1.3530658193454446,0.41521041020466193,0
-0.10732650713984515,-0.4542406027726426,0
-0.2688126787649146,1.11172596513629,0
-1.4076024506749922,0.40662721376935634,0
-0.10884512182843344,1.2317604981197725,0
-0.39708938717743764,-0.6468779265797912,0
-0.7877871547409353,-0.041861970730290875,0
-2.113541522061139,0.1592961595978058,0
-0.6810556982680025,0.8479659802465346,0
-0.48306375601230905,1.3392290052615843,0
-0.5480445748738355,0.9377539049122735,0
-2.395786070510743,0.4383177073441474,1
0.3005446569734176,0.9854003757838742,0
0.501088534515743,2.8069282546673646,1
-0.6036216457186702,-0.7575858972799414,0
0.1644841139264408,-0.26598369257149895,0
-1.060298331338423,0.6064774161218631,0
-0.4946644307260459,0.9626732821444685,0
0.2709161337012325,2.666844550127586,0
-0.05712021546456942,1.2556964547549319,0
-1.0861470610898352,-0.2367231470932942,0
0.363121552107734,-0.16656282239316836,0
-1.6948885557643096,0.20428296426066128,0
-0.6350539186150311,1.1759923786219104,1
-1.1673351354418195,0.5458724247931932,0
-0.7344270311250456,-0.8307995991493481,0
-0.6312657353559483,-0.8064605494461409,0
-1.5892918591952354,0.2634802893888187,0
-0.3349371485321779,1.073135356978256,0
1.535549878582984,-1.4758509594036413,0
-0.8370190423819235,0.752487441394237,0
-0.4970931179365984,0.9697368067669642,0
1.5350819898326051,0.19288380335393973,0
-1.6988914755545825,2.025546227865662,1
-0.7598600163889194,-0.03145321538367132,0
-0.7854691480683343,0.7773107778701559,0
0.47174143142467834,-0.09910572992823143,0
0.733771812368743,2.1145602536950623,0
1.4700263678102703,1.7362733659446388,1
-0.4891654888518451,0.42756584022406846,1
0.19579389710706668,-0.28092499159202355,0
0.45542534770581905,2.7799854483000828,1
-0.8192585465655942,0.7628097180700278,0
-0.4494073273786702,-0.5799033445887419,0
-0.6444002032753002,-0.8188201549277437,0
-0.1525501209671363,-0.47386569665034584,0
-0.05080249344831506,1.2541910788990147,0
0.2272443694347329,2.6401137445443195,0
-0.6252579926632085,2.257455359690273,0
-0.7224464448030677,-0.8573076242437524,0
-0.9033679770392421,-0.8065446089682978,0
0.34039593545038804,2.7005535037927655,1
0.6407962134949724,0.012320423528914584,0
-1.1206169256227068,0.5764791308494193,0
-0.3615243500229149,-0.6197985613018917,0
-1.3196823990707043,0.43269575539493793,0
1.3003754672825687,1.6216486407378217,1
-3.174826500809873,0.39384051926412816,1
-0.34050657858661976,2.2650720583239505,0
-0.5981899569078636,0.9082087168371037,0
-1.427531047503141,0.3809544991715917,0
-1.0070516689204285,-0.30055421414401096,1
-0.3568962686655528,-0.6372511030407603,0
-0.11619401828763642,-0.4699719052704584,0
-0.7764511341562753,0.8021736327133963,0
-2.2638070888228725,0.406884120197261,1
-1.5307441747385437,-1.0081501453037824,0
-1.5580023411953745,0.2907308932313489,0
-0.35295742356812027,1.0754468952362426,0
-0.32804899129476256,1.0617240175147116,0
-2.0795837620085083,-1.0659951356496096,1
-0.23327492353369847,1.484890507571295,0
-0.2121504514168811,-0.537693351218375,0
-0.327608859709345,0.370653311766825,0
-0.5110181620831971,-0.7315350418452398,0
0.2173155882344852,-0.26341876410483067,0
-1.8126983260227054,0.09183753370819446,1
-0.46564624951726,-0.7074701491880739,0
-2.017165361193171,0.2981881031994373,0
-0.2575380249631915,1.1151187989841724,0
0.03634877742740867,-0.36986606774687036,0
-0.2965692495798261,0.24395297850826902,0
-0.016052853540961178,-0.412885424741007,0
-0.0970104887129883,2.430583208770816,0
-1.5025710620544481,0.3324751517585815,0
-0.6404295764880542,0.8645438977486991,0
-0.0817540630638829,-0.4494006499089884,0
-0.33095260878422555,0.2207396183555419,0
-0.36383245318278584,2.232636455528556,0
-1.3426021448791137,0.4173828337084134,0
-0.9028717528515137,-0.670713801819731,0
-0.3224594051494048,0.2216679913348003,0
0.08042538832848585,-0.35553437292579304,0
-2.4596792869644903,0.5692126231568155,0
-0.7854622109736866,1.9761595559692902,0
-1.032238377318597,-0.22665195399287183,0
-0.3748506688362118,1.025985948376047,0
-1.4365021621442136,0.3587793107329031,0
0.7198988711653725,0.07244685371307245,0
0.22107516453854287,-0.24761325308637414,0
-0.09081289900024042,-0.4694869020655714,0
-0.32367375172841856,-0.6183278020761603,0
0.05649600560941934,0.8267199560758696,0
-1.1487657176635404,0.5763334847487215,0
1.9518671832109762,-1.2275872001991817,0
0.14396522494551006,-0.320902320659423,0
1.1015226361704367,1.4996498853389222,0
-0.8994355196221863,-0.9854197515451781,0
-0.13860898097785154,0.7093140007946575,0
-1.074162196472156,0.5871513527641269,0
0.37910750642723307,0.6840609013151412,0
0.28995982102688006,-0.22078869229274206,0
-4.298925282338784,-0.01770662579788442,1
0.4438290436827162,-0.1103964884239141,0
-1.3173692847453906,0.4450817353247109,0
0.7603065349082703,0.06833611787561032,0
-1.453756257380011,0.35441386216630216,0
-2.6585938521764008,0.37116207510634996,1
-1.074327906642444,0.6211563113259526,0
-1.103370581877833,0.5643608133511944,0
-1.1030692338370385,-0.47741372901699414,1
0.8049205606855457,0.10072454000688312,0
-1.656894539999525,-0.21973145455055168,0
-1.166330906791807,0.9813501644633237,1
-0.09848176502127233,2.4004718368728297,0
-1.3272612825580878,0.4164295478766367,0
-0.9007301821669855,-0.9786404734444615,0
0.4231271421045826,2.802056689620651,1
-0.8498453877459125,-0.9536442557374468,0
0.25839431144594,-0.22724316636834246,0
0.9473512077801549,1.386835124270499,0
-0.031245404485484483,1.258114556292666,0
3.258535140851814,0.8440900342167069,1
0.2629328348624735,0.9511836341816218,0
2.2673606718063373,-1.0428506244753408,0
0.44749396591885865,-0.12927543480652212,0
-0.043004340288795816,-0.430640694322701,0
1.4603834145673196,1.7257551687412167,1
0.6671429629324638,1.2040011001835131,0
-1.2575056147246155,0.4693436374938245,0
-0.10411958601259724,-0.4664572203699875,0
-2.096423880027202,0.1409427345744263,0
-0.28861445111425105,0.8053369749885966,1
-0.14196655330329092,1.170442981522816,0
0.3636427139017597,-0.18643937245757525,0
-0.6820238218703507,-0.8424973945700207,0
0.061953167532012916,1.3057956974545586,0
-0.43858921198428336,0.9854737405208257,0
-1.663348952515879,0.20628446934579037,0
-0.5952861693349786,-0.7686555310991559,0
-0.6690684117888265,1.0197903275131166,0
0.758945640387602,0.06483821910519887,0
-0.8832960178490753,0.7342855297919758,0
0.5726465511479565,1.162093304678252,0
-0.005728533043874766,1.268613114992041,0
-0.596289061306314,-0.6560850075860633,0
-0.7128717173402523,-0.8743423388534783,0
0.23715626971585604,1.7926726618742004,0
-0.4635415847467153,-0.7058400358202332,0
-0.20521911601961415,0.6509378661318002,0
-0.000742280880936135,0.4299276376211914,0
-0.7065978804200918,0.8213763913051716,0
-0.07226854932235048,-0.36777009646203673,0
-0.34482043967795856,2.2548173539212804,0
-0.26697586629935427,-0.5893083820422883,0
-0.8565660150523583,-0.9580501463774245,0
-1.523648970124316,0.28691580020810054,0
-0.2866774889827053,-0.6012974670177336,0
0.5247886711893284,-0.07694941112568483,0
1.0109228589815837,1.445235143149165,0
-0.9768594593993538,0.6399663970891211,0
-0.5791395979461283,-0.7856328232887035,0
-0.35807164146098347,1.0303088109859846,0
-0.07982055198476741,0.3818384859503556,0
-1.6777898186722842,0.19299459106668582,0
-2.7635643429136345,0.3411545242196355,1
-0.20358966339345363,-0.5546083323965383,0
-1.0243791208002841,0.6146602380235713,0
-0.27695183222528147,0.603419427468775,0
0.3107019341568373,-0.22384400586044823,0
0.4331027457153556,-0.13558122151353755,0
-0.8010004752330703,0.7528862335793794,0
0.49776000522603825,1.1218935284139273,0
-1.6529603947458729,0.2046680745778613,0
-1.3493691338490441,0.3989552132511281,0
1.6162635788488915,0.23483348938230086,0
-0.970625746625996,0.6481668815660715,0
1.8896607263785192,-1.2795041375030907,0
-0.03217321617095916,0.4138664114991472,0
-0.6477060646995637,1.176318040712229,1
-0.13606235519803797,1.1931861486719102,0
0.24969863667090655,0.9351526582843935,0
-1.135935136016067,-0.3123094832888922,0
0.42824020531656587,-0.12879710464031874,0
-1.4043831374416076,0.37223303296051863,0
-0.5245422287474498,0.9331380261490553,0
-0.7562296550733749,-0.8758911456445262,0
-0.4675190673610092,0.12888593574983076,0
-0.9108279349195892,0.6736070069962484,0
-0.9142647960567561,0.6729919761680127,0
0.8441586981943717,0.12562139224609886,0
0.04367138794512627,-0.3710971449237195,0
0.18975322817218424,2.5940944286003327,0
-0.038712711028133735,1.2416825393963549,0
0.18371504390587584,-0.2977555986336492,0
0.5145583308668648,-0.09931645015781097,0
-1.3716055245465262,0.38484325759183186,0
-0.1584870578007041,-0.5244305821404025,0
-0.8960254223190083,1.8879020066218546,0
0.5423955368736447,2.8040195738118503,1
-1.1009377559876548,0.5651268800585589,0
-1.3119153083608472,0.41962003225284444,0
0.8602256130574686,1.3224997998123826,0
-0.35883233572341283,1.0525849681507482,0
0.020414226214237698,2.4800656493998527,0
1.3531077450047595,1.2742536089491667,1
-0.2896967925620344,1.0802703926151513,0
0.48760780671217924,-0.09580616583684783,0
-0.3320033005319764,1.05621551076533,0
0.6562877503523828,-0.009297093507486162,0
-2.8882275991138413,-0.5469882395389091,1
-0.5362498328515003,0.9115513654849462,0
-0.2561286199906212,1.1196891239571818,0
-0.8217446284426483,0.7284603300361762,0
-0.23662747935806108,-0.5727424643926052,0
0.6999998982767702,0.02295392211767609,0
-0.16447791456521507,2.3636672561128598,0
0.35509167836976013,-0.20404195034774655,0
-0.29415142008430056,1.0872080618621212,0
0.42652654750560026,2.7322588819830647,1
0.03429047954104945,2.4807173095486466,0
3.112289247628253,0.682061389836758,1
-0.23039052262316512,1.105270011114654,0
-0.9394349355133489,0.6747626160374393,0
-1.835905180582486,-0.11783071271609157,0
0.6772425547739876,1.2141000296015583,0
0.08988659325517605,2.5234921299880413,0
-0.03300710659502234,-0.44706261118477447,0
-1.5783691691968584,0.25457131013998885,0
0.1678146821761651,0.8747236787111977,0
0.3536070194649287,-0.16189034786584738,0
-0.00979878303612928,-0.4264658787893316,0
-0.25404510377258227,1.0920388383975923,0
-1.3863005153900358,0.38793563605606446,0
0.8446756064154488,0.11296514154623637,0
-0.0815719918455318,1.2226004746445698,0
-0.451097352488091,0.9658058035642781,0
-1.9644046652324472,0.20364705610318734,0
-0.557095186007718,2.110148112687019,0
-0.8958903041391673,0.6799344317221575,0
-0.29838258827638103,0.2195161509805693,0
-1.5711627589452666,0.24576778157095258,0
0.10921207056926642,-0.33963361886865545,0
-0.576102744852,-0.7665256672898069,0
0.35059537443298683,-0.20719490798919868,0
-0.726958097243393,-0.8768243075183885,0
-0.07067089872350125,0.7235633472267068,0
-1.5113826743174748,0.2978932663714649,0
0.15378135760314687,-0.33339164676429495,0
-0.7274850593234233,0.7918100506649753,0
-0.8599530188795336,-0.9498231719927465,0
0.062097042077459565,0.8043267971007284,0
-1.3953675400479941,0.3761043255800906,0
-1.1339348146328738,0.563968358236579,0
-0.22508788035903968,-0.5746405131067267,0
-0.945260409159771,0.653523706880659,0
-0.4970816682183393,-0.5726971522871903,0
-3.4362639292947446,-0.03985405088395646,1
-3.0958783017161866,0.22670513701245232,1
-0.600298231712382,0.879979373714865,0
-0.7615937303068031,0.7681815189233253,0
0.1709280432096466,0.5330688668239967,0
-0.1838158298299535,1.1522758256555328,0
-0.5033590163670161,-1.2748593030139488,1
-1.504627368074062,0.29736860307743856,0
-0.8974432272733727,0.6773213202169183,0
-0.09236119212267263,-0.48580996782259595,0
-2.4924229158886515,0.7913754410663668,1
-0.8150755417491762,1.9199765329495533,0
-0.27830201598339044,-0.5754058608832779,0
-1.1270200483737116,0.5373283558226843,0
-0.5360356757984863,0.9148129410033455,0
-0.7684974494392772,-0.9291870523341063,0
-0.33166200984373756,-0.6274672502841228,0
-0.7152125094489853,0.7913947373838318,0
0.8849014084184441,0.13277262624555847,0
-0.4562173739972441,0.11375961392391086,0
0.5171910874267411,-0.0628444381517745,0
-0.5773514127044335,-0.7786282745259571,0
-0.389879263231867,-0.6804514811343801,0
-0.377828138002508,1.0077998599079887,0
-0.9496613156186854,0.7114691669072047,0
0.1586879658781893,1.7073854720431216,0
-0.8607454061426628,-0.9878130871566669,0
-0.7118430237116997,1.9952346354482606,0
-1.3210399340450676,0.48897077276360396,0
-0.8065030010145069,-0.7358532286694781,0
-1.4243234738750685,0.3423539274670859,0
-0.19853827942945323,-0.556276848973914,0
0.3497412353790737,0.6361717086098185,0
-0.384738856305575,-0.5586887998659802,0
-0.5330861374435515,1.0005663456293947,0
-0.10299885639001144,-0.49852040545800735,0
0.843083419472124,0.12475612537879403,0
-1.5993718523674607,0.21919910118876673,0
0.6488039012847973,-0.0008716585145141688,0
0.0037562462656966305,0.7738986061190727,0
-0.2681487716450202,-0.6025579100919358,0
0.780402515512983,-0.3307050556144049,0
0.6400784465472287,-0.011279862796011083,0
-1.0455251182229544,2.204330032536557,1
0.0051267383905376565,-0.4393034050938329,0
-1.1740660428736331,0.5010960415396934,0
-0.553988364567181,-0.7947803063456079,0
-2.656737538196752,0.2140268490073619,1
0.03573903139499943,0.7953751584312964,0
-0.3288692156828103,1.1261542778634448,0
-0.34888723435158536,2.231408264811041,0
0.7891161603937633,0.0715967671005253,0
-0.3689530941380386,2.2107418792534212,0
-0.5925862356854937,0.8939191408708119,0
-0.09442391224282631,-0.490237433516834,0
-1.414271585506327,0.3416002830718396,0
0.6782062013142969,1.1974900486662021,0
-0.27802505234145647,-0.6143297067889661,0
-0.9886112564674596,-0.22360168911817038,0
0.3088460975501574,-0.2201367776387931,0
-0.4601339190872618,2.4488018247425596,1
-1.2974157503624069,0.42856123497907567,0
-2.087509210891709,0.299381136572964,0
-0.9108405367412256,0.661539706530602,0
-0.5904185075922681,-0.8106891478058059,0
0.5723596540950397,2.806055257334171,1
-0.49490557868125035,-0.7527539320339538,0
-0.03465114073954736,-0.4648925275097003,0
-2.2470035299077145,0.701480145260749,1
-0.44960302586788764,0.975233499940738,0
0.38386263680389804,-0.1835733720196696,0
-0.3287418223292615,1.0283174662827008,0
0.9413733775269965,1.384247269349827,0
-0.07050392394268103,0.350566973209159,0
1.173446331489245,-0.0821481674437304,0
-0.9540121466686741,0.6451521884959319,0
-0.11773624233521882,0.3256702101672399,0
0.2860014829545709,-0.2601154160807208,0
0.31546193958696783,-0.2382919204780688,0
-0.7943465214390554,-0.9476884063870683,0
-4.593414756609148,-0.0317746312804121,1
2.0776252206846846,-1.1871638247889817,0
-1.4614561357211722,0.30580388098246764,0
-0.4137848834982039,0.9794109474282867,0
-0.21043021509153478,2.310387752413101,0
0.5734537946068904,1.9742103430853362,0
0.4779577288018732,0.06455681416213137,0
-0.25277275243564407,-0.5870848653953963,0
-1.857256292010432,0.27109255805894766,0
-0.7681633910169109,-0.08829013424981123,0
-0.503474502460542,-0.7388267420282747,0
-0.15026925403799007,-0.5108409806431812,0
-0.6017499678717517,0.8628185859268301,0
0.24378053183926474,-0.2592972905877367,0
-0.2209263526331406,1.0949207669299523,0
0.2564147578147229,-0.03972491743903069,1
-1.0076573904920567,0.6089198873292729,0
-1.231643262301093,0.7751067496792584,0
-0.7204930331341668,0.7918996729469169,0
0.6417438684986109,-0.033662598973879986,0
1.0876082656448012,1.447533765819686,0
-0.18675193668402154,2.3124414055403406,0
-1.58196424222692,0.24204960307294332,0
-1.5483006944687987,0.2645134648455825,0
0.13735514769469878,0.8405911826991909,0
1.2874939266217351,1.5908022709847027,1
-1.324826838796612,0.3941321593600649,0
-4.167626315663666,-0.09135608222654655,1
0.6370006091243905,-0.03520790259961761,0
-0.655159728525799,-0.8682321157961163,0
-0.8592149367996632,0.6999620150486673,0
1.3939653571917725,1.6587546739626444,1
0.005279620122695124,1.2497242837313547,0
-0.2946159736139426,1.0471041820744227,0
-0.2532779558246405,1.0707372954367966,0
-0.5345310613297244,1.1846330945273738,1
-1.197488965765009,0.4910377063569548,0
-0.22218795728242155,-0.5851672201432486,0
-0.543436424114854,0.8954661239245815,0
-1.529100360489765,0.27468949191982256,0
-0.7687911006167372,-0.9214028310770181,0
-1.223566623090501,0.46046796288362674,0
-1.1881844024429136,0.4831936747905526,0
-0.572232863486895,2.068722738339961,0
-0.2972872604335278,-0.6321017257687501,0
0.8798393549184474,1.3090352795591338,0
-0.32782000520029847,0.20196035488092423,0
0.29846309637921176,2.6279602304714995,0
-0.23222880318044004,-0.596415662950378,0
-1.083061408101041,-0.2793342941556851,0
-0.3183444532685089,-0.627145130648916,0
-1.6080813178398266,0.209280148440944,0
-0.4136364256252982,-0.7115519337647336,0
-0.8882983388282142,1.8628164185506246,0
-0.25655747714576993,-0.6093839201644743,0
0.18668931089015756,0.5234962144871569,0
-0.03583567823049157,1.2325532043389622,0
-1.5106946284029221,0.26713522528871386,0
0.13950763711277064,-0.3490027802545797,0
2.6361653141525294,-0.8372587935503197,0
-1.6759915685441689,-0.9656030335302277,1
0.1509041888654366,0.4913560760817857,0
1.2285599849080677,1.534875312034654,1
-0.36174922590165476,2.220948054179655,0
-0.16325396078019724,0.5129236726250321,1
-0.6918509321218915,1.9874948317082004,0
0.6404627759232451,-0.029440576543724967,0
2.254747262275578,0.4824034469458362,1
-0.8361611112026355,-0.9777924361934561,0
-0.6940675235777052,-0.05634581399924867,0
-0.34092434185000287,-0.667266245288571,0
0.1266753177151229,2.5298879352039716,0
-0.858940183598065,2.51904347148866,1
0.8285866599856019,0.09442671995012501,0
-1.1944884435094696,0.4705950642840538,0
-0.7934474384220782,0.7320085242321331,0
0.6812372042679551,-0.015429180267198713,0
0.062016917891699226,-0.4061116965205195,0
-1.2322871016548722,-0.3918525648144011,0
-0.9029323589046765,0.6539697427241536,0
2.2204124393815676,1.3323072323289593,1
0.9561316305681961,1.3957872089560115,0
-0.7891600792852792,0.7494483208958495,0
-0.37587785426608883,0.9865871703908263,0
-0.6101837276855712,-0.8315541488098693,0
2.1333322201564315,0.5262918196187764,1
-0.062437241254600616,1.1996185307430711,0
0.34791989931009953,2.649265517986429,0
-1.009039078333286,0.6195546847932567,0
0.32524802445514517,-0.24511875188384002,0
-1.2321484872383335,0.646372296807662,0
-1.4413525781668945,0.30944499855625124,0
-0.5392688239540081,0.8998784566249344,0
0.49933178990102106,-0.12311633857027153,0
-1.3039272756132594,0.4085272567938694,0
-0.15190185549937643,1.1328861523815927,0
1.218389945966965,1.538931307284016,1
-1.0825013082095807,2.06446334089142,1
0.7436221727102529,0.026917492589006758,0
-0.4719358143941721,-0.7334434136600306,0
0.07438595765592525,0.7979110804660181,0
-0.05862371181294542,0.7078491641212905,0
0.23807837752021294,-0.29444067324629153,0
-0.48929856217319595,0.9239127002132853,0
-0.7928185901982058,0.7555932393109851,0
-1.6133026533020336,0.19483559788384186,0
-0.8294340016449202,2.520431165952382,1
0.6677787919861873,-0.4222014770926669,0
0.646311681035256,2.8496456081035344,1
-1.5159806984176714,0.27029004336981716,0
0.06274120209413166,-0.4177309038692526,0
-1.7519021741623912,0.8179483362871441,1
-0.5918348108012877,-0.8313179042854446,0
-0.2983914490008583,2.234743983298019,0
0.2272977957620611,-0.305893223651118,0
-0.30235781984679155,-0.6393639681809153,0
-0.9716662664984248,-1.0028248713198922,0
-0.28142647775094914,-0.6363577613282383,0
0.30814382149936526,0.5972345402719976,0
0.06386306256175255,1.2681240628811692,0
-1.1721071448718134,-0.415090860068346,1
0.6646800541755813,-0.4239532499725742,0
1.9238632615074645,0.4038638906170036,1
-3.3294284981500946,0.20183779135652657,1
-2.7875722553225866,0.08389757985226858,1
1.3353738464790854,1.5976698357601693,1
1.475297324751575,0.09989985490147306,0
0.6742532005828301,-0.029868070718566137,0
0.7236183960255628,1.1992286120157025,0
-1.8703686576945162,0.18832918812607757,0
-0.9309804476765273,2.0932453199280645,1
1.2148247357137587,-0.0709398990588936,0
0.6399012862143919,-0.044272024393739305,0
0.8574758297839534,0.09334389456589247,0
0.1988965439707871,0.5094219010517704,0
-0.04345914598297455,1.206744353290217,0
0.4318393210683425,-0.17218245563183865,0
-0.38846559719417934,2.1839740953538995,0
0.8977625236446516,1.329405006752565,0
-0.45498284462902444,-0.743229914104205,0
-0.5352636853459475,0.8961012524484712,0
0.64238413252076,2.863457299919703,1
0.2698485665890051,-0.2845432588207597,0
-0.6120673935395907,-0.8459472073502353,0
-0.5185564991024255,-0.7795123978834751,0
-0.5675013385722983,0.8645929966126508,0
-1.4236818504158528,0.3158232094252212,0
-1.009899646742786,0.5966042900213933,0
0.35446683402117946,0.6102632087088323,0
-0.31332132631481946,-0.6615684962842936,0
-0.862005760634672,-1.0153648181415784,0
0.867981669219615,0.10201245439585259,0
-0.7325651383698862,0.08704008108406257,0
-1.0255031247387256,0.5675389462621974,0
0.29404992528646023,-0.23838683293062995,0
-1.5215186137855532,0.24781528387494167,0
0.046446715095842424,-0.4331312803683913,0
-2.3087609405809255,0.2583895487386361,1
-2.084844747340753,-0.6796102391315367,1
-1.9746675344850635,-1.133428892197244,0
0.035005419943816625,0.41236989973728183,0
0.3166640293700352,-0.2530076917143824,0
-0.6585704801334296,2.018551926896959,0
-0.21912519541240658,2.2945297207116018,0
-1.628558859485449,0.3091033215840287,0
-0.8164191553837563,1.9070964075424601,0
0.09869928628785422,2.4995157785107804,0
-0.33926845622121776,1.019339707670254,0
-0.3877546586322866,0.9682950828540718,0
-0.22270173757101727,1.0979090172644455,0
0.7868064323682,-0.30526684320759395,0
-1.2981766002388655,0.4197916906304891,0
-1.411789270836203,-0.9704403647302238,0
-1.522839285817011,0.25468200367194066,0
-0.08544352771767429,1.1880697978601509,0
0.6495513969678263,-0.038018949910288834,0
-0.7822491498323616,-0.9533106663162693,0
-0.7260233655969583,1.9633379524659977,0
-0.8382043287244303,0.6896352564783522,0
0.026229036213258318,0.7659267143690524,0
-1.353376260706723,0.3495665724467066,0
-0.020864381294664093,1.2059821990618707,0
0.03086444570135436,1.2573380484080494,0
-0.814236179809814,0.701543137161036,0
-1.2098500355818802,0.4494869384725992,0
-0.9532223856394898,0.6279056777590448,0
-0.8313882318019267,-0.9965641895627998,0
-0.3092328146135935,2.4528718037442796,1
0.38686168433622126,1.0117392720539997,0
0.6755148455599906,-0.026629712920892685,0
0.4194220829950886,-0.19643655642895663,0
-0.5556695501472294,0.8621910383255306,0
-0.08297380712573375,1.1780875841918217,0
0.29104229309165974,0.5616340560932309,0
-1.9137266328440692,0.4110387587170687,1
0.10910157552991791,-0.38358415133814017,0
-1.2061495220040344,0.44024066989230476,0
0.05134264093207284,1.2590869584442599,0
-1.6223478842058245,0.48120607684246514,0
-0.9303202198603312,-0.21749464905051366,0
-1.0441118576494366,-0.2286381359416663,1
2.342181140736538,-1.0431530636388735,0
1.4788944873228953,1.2977417506474,1
0.03962883482747898,-0.4384660320585201,0
-0.0521509953569903,1.1816867718639135,0
-1.3547285779179978,0.7274172411163982,1
-1.236830913229802,0.8093202163590952,0
0.5572052074155524,-0.07243980963914122,0
3.0409876570123364,-0.5887970749543875,1
0.4944893417751452,-0.14317023602694118,0
-0.3235867839406607,-0.6687081686538631,0
-0.1857851724807236,1.1171209154524344,0
-0.6695946758268695,-0.8871583714779295,0
-0.7820716643848465,-0.9479523767890037,0
-0.8575440324807166,-1.0118217172528758,0
-0.04366554025018115,-0.39997401538471605,0
0.9389889170781309,1.3285565523071772,0
0.8216604435638912,0.05406960220446564,0
-0.6528086671836513,-0.6934587007125935,0
-0.7018270587856524,-0.9014222106118478,0
-1.0188664627681858,1.7753797788418797,0
-0.5585137935222881,0.8590155688370281,0
-1.4632574732669132,0.2941336801575997,0
-0.40127572424922703,2.1567351948334803,0
-0.6216821537385914,0.12349228674995825,0
1.0663007806230753,1.4255495410003496,0
-0.6548720544552529,0.7915985196014689,0
-0.9428372729186187,1.8037498741803637,0
0.8619415369935512,1.2895814347453673,0
-0.2922454045570491,2.2337906712039817,0
-1.0147404156785593,0.8235369090918202,0
-0.7670582557793726,1.9172973579981212,0
0.08885698772774293,-0.4074769211032123,0
0.024424161891343867,-0.452237898477691,0
-0.4785217603424943,-0.7554996270357561,0
0.5459644244359421,-0.08542494482721681,0
-2.107374731202001,0.07273392903040436,0
-0.7483498160857348,-0.09739840855649949,0
-0.4776044181940483,0.922067990839219,0
-1.0174551525321038,0.5609043249448673,0
-0.5612788142303988,-0.7338037424064185,0
-1.133323356948286,0.1659717603711579,1
-0.23659914964481518,2.2585068776312696,0
-0.40497351072222176,0.11120640980756251,0
0.5511931546874468,2.7617302525009184,1
-1.6626299092269172,0.8628673689285099,1
0.5580621273418399,-0.09330044679566656,0
-1.7355743315756769,-0.40798829250824686,1
-0.46518679902600485,-0.7721740497198547,0
-1.799317335395841,-0.4851599663378012,0
0.053939931647008256,1.2459250269290443,0
-0.900665192253467,-1.0130602363067172,0
-0.03488856678183002,-0.48915086619549336,0
0.19218972736958173,-0.3500869937705254,0
0.013026931036459915,-0.42975419357374717,0
-0.1346766344956269,-0.5569076582925062,0
0.8589286952597974,0.09103571769220446,0
-0.1170818322986707,1.149523313364994,0
-1.4851361357840098,0.27008335369583897,0
-0.669037169420664,0.8125636679687777,0
2.259200308764562,0.09948597320111095,1
-1.5679288640966211,0.22234232614366767,0
-0.8312088618888201,-0.9947703844379749,0
-0.3159773051957829,1.0141134321944483,0
-0.3294516779647348,0.3647630377045617,0
0.32161533154311156,1.1341718401390992,0
-0.17624455974597944,0.2572240842308084,0
0.854205525381167,0.08059745475601081,0
0.08897304337610608,1.2670436752343737,0
1.3420269412269272,1.5942344526875933,1
-0.22556596777724056,0.5885482643880745,0
-1.1785678132785846,-1.0310888233988214,0
-1.5052642461223256,0.24831063111991625,0
-0.35957460323525564,-1.0232738722466812,1
0.6715465358130482,-0.026290471276260625,0
1.0718917199197198,1.4828236131767576,1
-0.7055955149984247,0.7618738533966788,0
2.4156190128279746,-1.004058252024093,0
-0.3752162080506103,-0.7176425655477178,0
-1.4294646861903528,0.31149858604263797,0
0.6445185392354447,-0.06580962030884042,0
-1.3899385084044196,-1.0816328844705279,0
2.882003926686926,2.1925452370753273,1
-0.38348374090069226,-0.6845063507266497,0
-0.9941163509996231,0.5777733561354461,0
0.3306539464055162,0.9507434027547147,0
1.1856399671202218,1.4817219707105012,1
-0.2946336194838376,0.19370125142220196,0
0.23395051684840212,-0.3207840068558855,0
0.10724127677052393,-0.3924595924121976,0
-0.7540931500926321,-0.9507278207692036,0
-0.1586100001833936,-0.5638446085790657,0
0.08087723666142436,0.7813504214314482,0
0.2710210802525744,0.914787108544845,0
0.375520778647617,1.8130796534461544,0
1.3550593164570885,1.585130287693691,1
-1.4186120637085875,-0.17005690088144804,1
-0.13020353445038504,1.1264415448040903,0
-1.2726885029982011,-0.45296977347974426,0
0.015014869435500016,1.2268025332202144,0
-0.08025240194037804,2.3641579010435017,0
0.9445179532802049,1.3216295603626351,0
-0.23477520095535268,-0.6287335502386336,0
0.14496565146616805,2.4940423345556506,0
0.05583247390564453,0.7502982148634929,0
-0.31659296771516254,1.0014674363373763,0
-0.4656130258783745,0.935105874953232,0
-0.543369820748952,0.8883149108941369,0
-0.7038850661567518,-0.0622608040802626,0
0.4330543326420363,0.9990038559844111,0
-0.6669117172770334,-0.886994026342194,0
-0.329015064843928,-0.6874802552855468,0
1.762728813645736,-1.3942651199136913,0
-0.05318763452795946,0.32395580659650974,0
-0.6067072815376644,-0.8694739253873427,0
-0.7420758486671248,-0.951182022684152,0
-1.1051808538265862,0.5056478039062379,0
1.3037756522713009,1.5665928055073954,1
0.2777661886989406,0.5656122346963907,0
-2.4777199175844604,0.5140893048505655,1
-0.14286026476105937,0.640144811303513,0
-0.7272251461924132,-0.63579224965052,0
-0.11919231390613509,1.1345472716962262,0
-0.0958114105645403,2.3596850915091547,0
0.2491067056969779,0.5171313076407423,0
-4.444467178325972,-0.2740447069540977,1
2.6661591871034305,-0.009484073398564849,1
-1.285632561311047,-0.45759260601946505,0
0.39180511878017915,-0.22197118490919587,0
-0.673631843390799,0.7706124888780493,0
0.11434854568154891,-0.39512433762639404,0
-0.1970311246081701,-0.6082073185712642,0
0.4155536713794204,-0.21871856791619693,0
-0.15981913876814763,-0.5852942353483993,0
-1.4209106290501718,0.2990613948635446,0
-0.5439760618390571,-0.8182698834052242,0
-0.776333459996633,0.9721557318997934,1
0.7057973491302155,2.0075934745583988,0
0.5725239507648073,-0.11693272829590469,0
-1.2021408838364087,0.4277805811088971,0
0.07448735876517441,0.7672762628046143,0
0.12178757832902519,0.8005309646769467,0
-3.3006855892822355,0.19491259426997654,1
-0.42539986805931207,0.9291374170154675,0
-0.5286546894785332,-0.8254714311806126,0
0.715779364802754,-0.017327835158392885,0
0.18830186929144244,-0.35046673001305506,0
0.4207488891520284,-0.21058489999039035,0
0.677465829208323,-0.04957897935944402,0
0.2693235755778001,-0.2861175321464744,0
0.1615835025530616,-0.3723294737445154,0
-0.6133973665523526,0.8039183101557829,0
-0.2177995580600172,1.0557892551493069,0
-0.452233055703965,-0.7623715083682915,0
-0.5274641844296556,0.8951554346671563,0
-1.7386537873967656,-0.6971519016971438,1
-1.0346256160995637,0.5388807759157573,0
0.5092127069656652,2.7275791597379055,1
-0.7351851294766473,-0.37027741423777005,0
-0.04435537360923942,-0.5090866728870658,0
-1.1530764731606535,-0.3619943337652019,0
-0.93542080334191,-0.8105796643381462,0
-1.9728369535887091,0.526088387932987,1
-1.2790973654034925,0.3877224597090672,0
0.2679056611878648,-0.30513104842415983,0
-1.7558134059437094,0.27134304339871745,0
-1.6722513585006624,0.13585822707362533,0
-2.1910024401188246,0.23970941728446815,0
-0.3397312963144784,-0.703036199436237,0
0.9925292027240272,1.357581708527749,0
-0.6118276519855654,-0.8753726908435318,0
0.07425177441722701,-0.4398337468735744,0
0.28062521206277086,-0.2864979611167508,0
-0.2984837461610127,1.1548487887935612,0
-1.033238955998195,-0.310163184962207,0
-0.3262273645224868,-0.6929054138588803,0
-0.3088401595245086,-0.6729213506352009,0
-0.5228317472438793,-0.8101741935530962,0
-0.8915309944189584,0.6283768941357385,0
-1.2449054391905998,0.40018254587544927,0
0.3916371105638792,2.6465710316169213,1
-1.2174078073244061,0.4129023776714232,0
-0.46561533736403027,-0.7844875294067083,0
-0.9262427653393319,-0.22497862228662288,0
-0.7512072148878856,0.7102001170107225,0
0.5394640154239959,-0.3650313455813741,1
-0.9365040913216512,0.5946541037940644,0
0.887520451639888,0.08341786734795846,0
-0.5503294833999556,-0.8327955096791986,0
-0.01901632014697926,0.6962723327791212,0
-0.21098417402123068,0.5798013604920241,0
2.923906076184287,0.5024595176418424,1
-0.5424353503140725,0.8458350641864442,0
-0.24787762381656797,0.391539801157693,0
0.5514696724708011,-0.133972331556031,0
-0.968284566070459,0.5802763067938759,0
1.2375810800844265,1.4970074499335537,1
-0.4778464675577222,0.8900713913832284,0
-0.8085314288682279,0.6740471334349133,0
0.4409646479088813,0.6353520112676853,0
0.432235698954799,-0.039415023221374655,0
-0.07806113057762849,1.142306118292164,0
-0.6108868444000857,-0.8694410826165369,0
0.06758865911398225,2.438260200313873,0
-0.8188405583544324,0.6719280492712173,0
-0.6769591104569272,2.455339237325336,1
-0.8606794525517241,-0.8730112588298092,0
1.808625984323028,-1.3959558281625122,0
-1.5652519839292065,0.20060050717131206,0
-1.3718592041971003,-0.7246232834807008,1
0.6315150194149485,-0.05353372252788632,0
-1.695448650192272,0.12821078250034051,0
-0.9172223363902835,0.6039284918618169,0
-0.5807507742871527,0.8206515643903843,0
-0.26571578091015763,1.0515350695005665,0
-0.8479999459860141,1.844580939953499,0
-0.2982229457764037,1.0028335426009092,0
-0.6517122055068423,0.7920481241327387,0
-1.1802745537693302,0.44131752290707454,0
-0.7428116986683353,0.7169932816658323,0
-0.4514659586873425,0.9181279529709739,0
-0.7310934383929195,-0.9504844414270601,0
-0.8045182393318215,0.8728687206272011,0
-0.7477614863240845,0.7507263792860271,0
-0.6744395443842488,-0.9247006711557172,0
0.39499976032624873,0.9564634694484945,0
2.094254657872291,1.6498437430435675,1
0.2350307448085063,2.5487094146129516,0
-0.4526110994533495,0.7224921171417477,1
-0.5459342526804294,-0.8445866614662377,0
-0.8330457291826252,1.8542014499784467,0
0.5221659620668287,-0.1331056792332329,0
2.2094190713798234,-1.1542002681013754,0
-0.28773250389697275,1.002877949648228,0
-1.3216292000043242,-0.7628216070364325,1
-0.43815863478916356,0.6804881497760864,1
0.06164427061232292,-0.430269439091573,0
-1.664999822463411,0.12176011861972673,0
-0.5368023273039225,-0.7307462508700787,0
0.3211064311755427,2.5955795545706755,0
-0.3142544426953715,-0.6795961306414656,0
-0.5934315605112026,0.816160247331925,0
-0.43894042443854114,-0.7771944988505329,0
0.24011966961865888,-0.34272499231021064,0
-0.35387776901921403,-0.7121382337223784,0
-0.15108000699393895,-0.5854868574267682,0
-0.6844150961767944,-0.08933466667800562,0
0.3811550718744095,-0.2518973293745299,0
-0.6357207323578523,0.8003641960260931,0
-0.8594202694182178,0.6616322887358175,0
-1.6997556950973562,0.3156804547811339,0
0.9116107855166085,0.08995150417625884,0
-1.2815470651178111,0.4140670869302349,0
-1.178366649136655,0.4296958384423119,0
1.1475084967966667,1.4344168396185908,0
-3.4904444288537535,1.4209060582803792,1
-0.755183647567247,0.8249981247616754,0
0.8446087781876717,0.05305528585654649,0
-1.5362485446056755,0.20044913541281761,0
-0.7178757633980498,0.734562667759903,0
0.8788540278814494,2.1359887042557406,1
0.7810516556357672,0.01686672521252634,0
-0.1033568537701058,2.337117075374112,0
-0.7831324386273615,0.6894019587904662,0
-0.6101314890231926,-0.8837062836199074,0
1.162214128552137,1.4792179388908409,1
0.53998645699831,-0.15101619629087312,0
-0.3768467744811677,0.9426270495736339,0
0.32072021930947203,-0.2891640682003996,0
0.4547369389431309,-0.2078447417820823,0
0.43137578587490993,-0.2202085693894055,0
-0.3825559965373178,0.9501048089922627,0
0.528207498438736,-0.16207242900956131,0
-0.6257883928406043,1.9864064957631369,0
-1.1374932049481405,0.47756971708293644,0
0.00522625871020236,1.1917975830578569,0
-0.8027491495236125,-1.0012817062233959,0
1.3586529332903858,1.569042196405961,1
-1.488990166538067,0.2319607789247936,0
0.06492239488695016,1.2353798753330432,0
0.5039457563611881,-0.16650008627391844,0
-0.43545957153961595,1.063115545493088,0
-0.6656308885186376,-0.9286600746132773,0
-0.39741065801075953,-0.7310487135308611,0
-0.17481331448082796,1.0938391433133738,0
-0.15368719945789686,2.2837805875063637,0
-0.4999482878773452,0.8698558436800389,0
0.11871101612015873,0.4126601343930845,0
0.3754169391713898,-0.2652323599236242,0
0.2629335459805789,-0.3347405522892088,0
-0.04067084839791323,1.157294183429051,0
-0.46670051750135316,-0.8033291537410118,0
-0.6887501437826127,2.332318873483205,1
-0.7572445541566788,1.9122710046966647,0
-1.1744180563595357,0.4352630612234452,0
-2.9834831435841136,0.6910556159458913,1
-1.0087797765592006,0.5387351403439626,0
0.7639397344808393,-0.015170570851593087,0
-1.3694198092019683,0.309342431748364,0
-0.2865374195144577,2.192554707066301,0
-0.7495224238167991,-0.9779395779735469,0
-0.006766325985265796,1.1875939264299966,0
0.2841616980465363,-0.3065549392199,0
0.11888083281403124,1.2588334843331328,0
-1.6452238370971186,0.13607543662445243,0
-1.6593109631875267,0.12512456271204125,0
-0.02331332069804489,-0.5106040249798268,0
0.8329341230332916,0.04670636215734212,0
1.7263154834158863,0.24263887896897607,0
-0.4738804817785162,0.8891515518527079,0
-0.5545938576726522,0.8593365574627033,0
0.15725251358424894,2.503041830853997,0
-0.35731371139520957,2.1544436230486355,0
-2.430220698660694,0.19863124843608604,1
-1.2685504898091189,0.375527275473762,0
0.15052860867876747,2.484225363437255,0
0.2569142596318528,-0.338125545445697,0
0.6328473256261016,-0.08053743077622795,0
-1.273491769183237,0.4092616693817503,0
0.12388854288325137,-0.4283727154853374,0
0.39128127273768004,-0.2570270629068352,0
-0.670093654574092,-0.9067651415193592,0
-2.5360615672282796,-0.4505250034318507,1
-0.18999240178021776,1.0618221128993894,0
-1.279159771569384,0.35557042117741405,0
0.10218472064431285,-0.4235146382378089,0
-0.19192347715665023,0.587700796554181,0
-0.29894819871928163,0.745567758613427,1
-0.5225068087231278,0.8538667216035377,0
-2.9350524396347812,0.6866133636956336,1
0.14510932103284352,-0.4087186283512135,0
-0.0593614995414146,-0.5445209252281853,0
-1.491327194527358,0.21795566992968696,0
0.004489576863117942,0.7041177865921802,0
-0.4221252041521043,0.9121780917546186,0
-0.21478822703345798,1.0569474672653902,0
0.3867179761212725,-0.25047156763983275,0
0.12484168569607319,-0.4298727776141917,0
0.1276988493170647,-0.4208156647085224,0
-1.1166031000159444,2.027580195615954,1
-0.6354366199302337,-0.9119348290245513,0
-0.8405596643920127,0.6386701880248175,0
-0.3108198774356739,2.4114682327239736,1
0.6802319347847313,-0.06698140412655447,0
-0.8558735503112134,1.8228769704789327,0
-0.1474105056773426,1.083725246238899,0
-0.6309413393784618,-0.9117983724275622,0
-0.5768002384868283,0.5532826524747744,1
0.07139579421417998,-0.4651606622771776,0
-0.32269498545949044,-0.6821319660959164,0
-0.6483388367468377,-0.9148146032039155,0
0.4935940349444689,2.6987538968419935,1
0.21879118383234025,-0.35593759453852675,0
-0.2299178401520626,1.0617103119735434,0
-2.133953134544316,-1.1676621130774614,1
-0.7031970970320052,0.7367374398037955,0
1.0337063227303713,1.3467626676255815,0
0.6924907390045613,-0.031540518184537535,0
-0.1650532952351966,-0.6066576800068716,0
-0.6023854531793983,-0.8912095463347695,0
0.5665736447154561,-0.1381310694500419,0
2.2514792784475595,0.5356365851039672,1
0.41108725055933143,0.94639209268983,0
-0.4425522493162117,0.9238416037778482,0
-0.7500970362697501,-0.7660467233306234,0
0.4515421864918091,2.6649277498555115,1
-0.7110304299122117,1.9300659055178087,0
-0.35344982108251805,2.1500050680620424,0
-0.4746729839349682,0.8662115273831924,0
-0.3514064312988826,0.9633194238517567,0
0.5004098684428296,2.698055646443196,1
-4.402242105876324,-0.10711950880113112,1
-0.27600740567110366,-0.6771211341330382,0
-0.6826919230310973,0.7382162470243975,0
-1.6809566245015501,0.1155198127974693,0
-0.46786970999284344,2.0795620081618997,0
-0.27660989432206057,0.544088458711033,0
-0.11400921648354911,-0.5744778578671264,0
-0.15059613511577813,0.24132681489980679,0
-0.20129480213910478,-0.6228119948146011,0
0.4452614587523553,-0.21943427623338269,0
-1.0614985300895388,0.48808090281047695,0
1.3990118517459438,1.5830200807403787,1
-4.041373885553547,0.19073399415114156,1
2.387392245701862,0.15039423852947797,1
0.2720137630334118,-0.3334187376134377,0
-0.017431802747308565,0.7133599222440508,0
0.47767079232847537,-0.20642313917887542,0
0.4282083348650791,-0.231476868503365,0
-1.2495087441618042,0.3802862811964331,0
-0.052799838884153426,1.1550190303969825,0
-0.43244446018406435,-0.7898240549562171,0
0.8771482121628209,0.0543864815765485,0
0.01651366172864844,-0.4776354825934459,0
-0.7456477635162733,1.8960927899397688,0
-1.5859447032355205,0.2762005487321018,0
-0.4496011373762092,-0.8016082110007325,0
-0.2098063593347443,1.0520394120621048,0
0.3904133668855167,2.6351716394813374,1
3.0169833733729488,0.5411943443606716,1
-1.691994178005547,0.10274844963576373,0
0.2633430700380181,-0.33620224011741145,0
-0.5249730964948307,-0.8136400079213012,0
-2.9283663277947904,0.271347177845867,1
1.1071322309646414,-1.0391842055213556,0
-0.7407547550572218,-0.9687748102163843,0
0.22123374199444165,1.0005770899077377,1
0.20562610669195736,0.46721291020544303,0
-0.5234320122584909,-0.7006818943579529,0
-1.0325950429987525,0.507351622020066,0
0.65390182554669,2.787490581985104,1
0.04843945840181888,0.3644800615058908,0
-0.43021534760947827,2.0993433361862377,0
1.3577575024326283,1.5913276191258015,1
1.413991324022608,1.591090563826644,1
-0.12245443667052987,-0.5879511162555638,0
-0.7466393522217081,-0.9968164461137212,0
0.06246005781320616,-0.2201458519789144,1
-0.7825872600152096,0.6666041271046396,0
-0.7483111159796548,0.689161321598411,0
0.6615360918639381,1.9488429278793806,0
0.6962819836498036,1.1500013773631608,0
-0.7261242708582498,0.709693830018297,0
0.8984254318534719,0.054794657422947514,0
0.12422311736051779,1.2485874813336817,0
0.7885290409202567,-0.014410794013076841,0
-0.09185712708891686,0.2807414894535725,0
-0.002193922553747168,-0.283189585694218,0
-0.3446009442723899,0.9763898437364963,0
-0.4322919212532339,-0.749708125497333,0
-0.4988915994516451,-0.5595425315432372,0
0.5401940471140789,-0.16606629431835176,0
0.3422087344778987,-0.2747408513087342,0
-0.29355384872430196,-0.6940833196205582,0
-1.4163728595501253,0.2636182206993973,0
-1.5367838675722507,0.1841889973435561,0
0.012748721073395036,0.365470464699521,0
0.3924674736323696,-0.2588274413441441,0
-0.3936613480584788,0.9244350963133902,0
-0.06788723252299762,2.335055718013648,0
-1.457724501410331,0.23934320084379623,0
-0.9965426607708466,0.5273459007375407,0
0.3006445318833746,0.5220564402408091,0
0.15238761665707912,-0.4179384332564438,0
-0.44827529733264926,0.8894262730210095,0
-1.2912828855625864,0.3339502485711963,0
-0.57448036557837,-0.03858706230844452,0
-0.902274116022047,0.6370051771409867,0
-0.6557846292473181,-0.086009908937091,0
-0.7511518685199474,-0.9918070889220207,0
-0.23596285323506527,1.0170702462714347,0
0.6923128548388455,1.9681248387245502,0
-1.1825497773992857,0.44572188366392457,0
-0.16263984832525552,-0.6236866059349735,0
0.893318470206327,0.0511830448217118,0
-0.3652876901091799,1.2291270295348227,1
0.4695788236526683,-0.21396290263840642,0
1.4760185101830496,1.6401764453215246,1
-1.2584536446495105,0.38132977972426946,0
-0.9519993938270646,0.5586266895627172,0
0.8555232900678879,0.027449873263792373,0
-0.9077459149161636,0.9137146148039891,1
0.2603262354531473,0.8445766168744778,0
-1.2389205077998962,0.36642232587859663,0
-0.41022557089143125,0.6638123126980143,1
-1.1311662652706362,0.434935790552008,0
-0.3327582137534228,0.9485811539143217,0
0.5821808375411082,-0.11939385665951642,0
-0.37416145668450757,-0.7444163716946012,0
0.581341590591965,-0.1284177410371156,0
0.8195615263824202,0.02977004993076791,0
-0.8976390905457081,-1.0771286724056455,0
-0.5164241739191999,0.0027344778222190653,0
-0.1231069899786139,-0.5933519917394928,0
-1.1871357846964365,0.4168726473549072,0
-0.015074510712986676,0.6707312333592205,0
-2.0669866104056047,-1.020486105962911,1
0.5158826551705711,-0.1739748831522477,0
0.10348013964587215,2.4273054847693567,0
-0.34835050743820095,-0.7414893669732164,0
-0.8364188067241505,2.0312403011408446,1
-1.2351106860078482,0.37407070721507435,0
0.0695577949234729,1.208817802348688,0
-0.6688062501536519,0.7389905401804201,0
-0.2509167437880419,0.9942577591929066,0
-1.1330670398929048,-0.3973654170001378,0
0.3845316767698363,-0.2819417456757745,0
0.04220738618809423,-0.4997393253255938,0
-0.07922590912927993,1.1246088064032194,0
0.7596042719540861,-0.01595432642605706,0
-0.4714261658260152,-0.830951821059562,0
0.8199693957609131,0.001773065116196164,0
0.3786618021697837,1.0864071120901608,1
-0.005326862619795779,1.1615503816793722,0
-0.3612243989604727,2.1372122059270415,0
-0.785879594515065,-1.027442302603102,0
-0.29354382369110515,0.9779532035770203,0
-1.1458530673925453,0.42977322733563167,0
0.7786646480260057,1.1816543661225263,0
-0.346942542617336,0.9434037411180988,0
-1.8522559031803543,0.3393007231349769,0
-0.7215880169740351,-0.9833426760387532,0
-1.5683720643243864,-1.0863070806582746,1
-0.3956356971598469,0.909479795249318,0
0.0804646520135834,-0.47803805338686595,0
-1.6038463452773415,0.13272047327297187,0
-1.139454685127722,0.4473518422528096,0
1.7748956066955395,-1.4459425955885266,0
0.08635011417171783,-0.4600805629389835,0
0.2183146393581391,0.47724925831439663,0
-1.1712418840693943,0.41600362022970777,0
-0.19818025222992702,0.1957806702331102,0
3.587034198690976,0.8965390741058115,1
-0.2967432069559868,0.9759118835646025,0
1.422441577004672,-0.005464877859883494,0
-1.349764714399571,0.3012154604176847,0
0.7282255724522214,1.1461847571330046,0
1.214302552682178,-0.13329564512846148,0
0.3617300776207306,-0.29705385821386415,0
-0.4628604780263693,0.8629223807958352,0
-0.9395817726246041,0.5549429204506111,0
0.8167742091901856,0.00725733859487741,0
-0.6832433246905384,-0.11438375403416363,0
-0.2288599124624321,-0.6401739381593398,0
-0.7244350882279544,1.9658609981142645,0
0.9097458956036399,1.277576363946492,0
-0.585775030444287,-0.8952301718489944,0
-0.07296273953252791,-0.5732216290363643,0
-1.5301746097665074,0.194121771004919,0
-1.6090247656698926,0.12973780428702852,0
-0.5840412983338986,-0.06514811977242187,0
-0.5711553793933658,-0.8934598022180809,0
-1.547523254780337,0.16497334936738195,0
2.3295701473456307,-1.1111279863445398,0
-0.05748837723690565,1.1150028363410127,0
-0.31481743785348887,0.7241378700151464,1
0.040677031894193506,1.182055384671153,0
-0.19049067278941129,1.0334724459314701,0
-1.0777476364470482,0.497394397255623,0
0.8688473053774213,0.03968534211729877,0
1.6992137295907996,-0.6477324264842304,0
1.08607095748442,1.3726837656458504,0
0.465094097016796,-0.2225069558755576,0
-0.33824568491408163,-0.7457997180441425,0
-0.7934431306346302,-1.0417866795051016,0
-0.3600854745773814,-0.7493099499293755,0
1.09734685385435,1.3739446941739195,0
0.23303032112274255,0.8326485466226237,0
-1.9028658927940318,0.15293835083874602,0
0.31703869391667483,0.5234871299749023,0
0.09411146387995804,-0.24490677765805494,0
-2.5194118294121988,0.42468453557183344,1
-0.7946877735650265,-1.0165679097001041,0
-1.0019847308267527,0.516279476140695,0
-0.2359103468426588,0.9988589772997746,0
-0.8813875320493011,-0.9167796051641259,0
-0.7887909830136363,0.65304514576735,0
0.9180526777463435,1.2584905888147107,0
-0.5386702966912422,-0.838699155933105,0
0.871430706562893,0.020824428304242398,0
1.3931201006800191,-1.7180698898240234,0
-0.8060455826166227,-0.0843789192720525,0
0.5254403158817119,-0.19771451250390001,0
-0.007298788512336361,1.1461384278169857,0
0.8567542403094124,0.02684456982886228,0
0.535451809989126,-0.17903699191650838,0
0.10268510844601629,1.2149001893326306,0
1.9223485848578812,0.3011112276374423,0
0.3316610163411617,0.576257512658631,0
0.07708222914550296,-0.4757814604034307,0
-0.41829691692028964,0.9086163389733629,0
0.08845066776271328,0.373377728395934,0
-0.18567795328579167,-0.6555001454276393,0
-1.712478370146074,-1.036333352427936,0
-1.3713429485806068,0.2751086048686558,0
0.3257382501478496,0.522436045260827,0
1.4007669983533972,-0.01443420272019554,0
-0.01563862780765126,1.1435881416562843,0
0.43486670657087084,-0.23911604989602203,0
-0.10426704108849617,-0.5391779996731134,0
-0.5390064641569196,-0.8843273261666015,0
-1.5029819805050872,0.1934202982674208,0
-0.6540503654769025,-0.9543170317176919,0
-0.7649823376127999,0.6629178283815798,0
0.1436995421617217,1.2369301279567888,0
-0.6887329684636844,-0.9773017702642026,0
0.3300228417930379,-0.3255265675619144,0
0.0793761896212599,1.2007162319710165,0
0.3750833313722393,0.9028228629891816,0
0.09940283375258942,-0.44806923641419466,0
-1.2107262782394883,0.37653595006793555,0
-2.7908034580479213,2.1154266836420303,1
0.6554892143232518,-0.11965043500316398,0
0.45900556655172525,-0.24552262687532503,0
-0.338456286271643,0.9360132554412709,0
-0.48089225558098125,-0.22335349824789424,1
-0.038891899576613286,1.4775128929300885,0
-0.8808095897744851,0.5829987105830221,0
-0.17901398001322794,-0.6481481521576432,0
-2.2368019356984346,0.07125993152543612,0
-1.040872521897674,0.4799190471689307,0
-1.8068137303304057,0.1191619850926413,0
-0.5436944771471997,-0.8783392585744789,0
-1.033932922533694,-0.34948140156370855,0
-0.6919100648977362,-0.9620960809991318,0
-0.20766337888319408,1.1030594834319816,0
0.7330768022413002,-0.04811668279473116,0
-0.7356412722423302,-1.0038858512913578,0
-0.6133226297020541,0.770871098264058,0
0.4490419919890279,2.6335309458906457,1
-0.9388851208289196,0.555535875007765,0
-0.9554077191145968,0.5529271535531307,0
-1.5440747661538567,0.16689960676625804,0
-1.1479049534876158,-1.0411054910952946,0
-1.654741119249792,-0.49106521712966816,1
-0.4690874697770141,-0.833307845122052,0
-0.36176122961986773,-0.7560549735119354,0
-0.7562243637229491,-1.016649064114967,0
0.5279433657752056,-0.20245180409711563,0
-0.5638487620539091,-0.8916769709260538,0
-1.1518216208341914,0.4001947189180694,0
0.8920721134467222,0.0357286204622194,0
0.06702211059154715,1.1956348599310698,0
-3.3491477240467846,-1.3338260319285384,1
-0.28240400686153494,0.9679506586473005,0
-1.4607722949567676,0.21325582634363915,0
-1.0749994480994647,0.45491666816895665,0
-0.5031718298478968,-0.0007009183666886921,0
0.08181800640041766,-0.489166007040456,0
0.22025272153581643,-0.3810339386693689,0
-0.08658912084650065,1.0930811298661345,0
-0.8118979710668732,-1.052550567858838,0
-0.3163149504579314,-0.7331670078280395,0
0.3038273969532459,-0.316387185024402,0
0.25393732807305863,-0.3676456973265112,0
-4.14576170303282,1.2776176543673539,1
-0.07476471897565357,-0.5834592507786045,0
3.4323842056578844,0.7744195566682369,1
0.5890894567998803,-0.14268465031820746,0
2.2196249735745206,0.4966597566474102,1
-0.18236080093616525,-0.6612102563964277,0
0.5096957401556407,-0.20733424057420755,0
-0.702061242394958,-0.9932556747674964,0
0.39159984661953,2.5955319068046756,0
1.1271737395305754,2.217141316030772,1
0.411843837997888,-0.2574610280805318,0
-0.8536490362972495,-0.2475255566723491,0
-0.3448147252794064,-0.7563066081524265,0
0.9947926281042644,1.2880042146439135,0
-0.10956369513641195,-0.5986625521841363,0
-0.6405125695531799,-0.9323303324585454,0
-0.4210339631588743,0.027045995805463446,0
0.48044319433477706,-0.2215097012190534,0
-0.4793679979068867,2.026260118573954,0
0.8653337681930162,0.011212105349360494,0
-1.3769085465436492,0.2581436851133278,0
0.6216764844032812,-0.10451225507617747,0
-0.3078065518991707,0.9436376607180205,0
-1.5367970120501808,0.17251702527633417,0
-1.3353103780924047,-0.6207754490321326,0
2.2024884245127927,-1.0549658956772,0
-0.8326453654017856,1.8322935749164146,0
-0.49530002486651115,-0.8590239145147884,0
-0.2369005486960714,-0.6890484381340126,0
-0.4261751732026908,0.025074444414779833,0
-1.4920907331226665,0.3180998448443752,0
0.23115745154588724,0.48228186995879224,0
0.7645185094866124,-0.39851104112349983,0
0.36116001255697205,0.8933892099470195,0
-1.4449127576197196,0.22907675112339676,0
-0.7734939106164475,-1.0328378276279984,0
0.6465682804652594,-0.12823054026308683,0
-0.6202756183486057,-0.9399712194527038,0
0.5258493552973856,-0.1990848697724396,0
-1.52606671927805,0.16397616817481686,0
-0.5357528010143044,-0.8925150288364301,0
-0.766752443714086,-1.0323591510535262,0
-0.676624931567999,0.7200668639578623,0
1.0988061847548805,1.3621016514965483,0
-0.2873933418173344,0.13197973646232602,0
-0.7350623758092621,0.7980214679558931,0
-1.1618084088150058,0.40181071481240255,0
-0.5857603714862593,0.7595932370942483,0
-0.19810929803729752,1.010253449288646,0
-0.044393709092585214,1.1207136505368538,0
-1.4650845437314568,0.21582777675589782,0
-1.6147577296179032,0.10580065109027513,0
-0.22242832935573045,0.9887562587149518,0
-0.1708257393982081,-0.6289873865209842,0
0.011513379693396365,0.6639347282592304,0
-1.0374419522445337,0.7161852348237135,0
0.21461483624418348,0.5733217172183426,0
-0.3163063793500309,0.9391435070485278,0
-0.8226244949078213,-1.0511386795622022,0
0.3458304170355631,-0.32427665224523555,0
-0.1742217914828804,0.5740959544266034,0
1.022408341924851,1.3226770684490665,0
-0.14676174943039616,0.19532658116069324,0
-0.246739667197768,0.9840468320448449,0
0.18448828571298675,-0.3057490603502575,0
-1.2554351309925302,0.32481695906876434,0
1.4129195453459242,-0.880331397916796,0
-1.4052709980896234,-0.949040364391109,0
-0.7749370408946852,-1.0186476197761285,0
-0.8800965958617919,-0.2655696675128784,0
0.27313238787146654,-0.3712109269516226,0
0.7721378413448758,-0.0600191499945554,0
0.76876694281196,-0.0519109197537261,0
-0.18558651716079386,-0.6679172126784154,0
0.44145351009568495,0.9454408824538646,0
-0.4983369839950377,-0.6286173202683513,0
-1.2812184015567343,0.3198832746103825,0
-0.89496723530991,-0.9331990449397666,0
1.3372607137413626,-1.7754181207615616,0
-1.2526992912530528,0.33266733038191326,0
0.5199566418908621,-0.1341159545854389,0
0.20819218514667556,2.4737840145909327,0
-0.3161249078225446,-0.7583338500403322,0
0.621478818551057,-0.15377549966708162,0
-4.016696390325,0.8776541761068516,1
-1.2493696452847307,0.33262619555119316,0
-1.7629565746986349,0.2978527950340412,1
-0.3308067811867024,1.0038978419922577,0
1.2076894471408854,1.4181435287508921,0
-0.11042114948391775,0.581165637784227,0
-1.5399073318833487,1.8929523115978801,1
-0.6203295130627154,0.7328782047672865,0
1.7187712781386955,1.3725787669183034,1
-0.28351713505257825,0.9495617982479309,0
0.5449580343771758,0.9942351753353673,0
0.8644793350447322,-0.004578018170055504,0
-0.5612225002341988,1.9718067055531747,0
-0.815349416833676,0.6154852123640094,0
-1.2302430387816354,0.36049162553550823,0
-0.39250330493300944,0.8888426181338759,0
-0.6126663106329381,-0.9358571615207445,0
-0.49695730942043903,-0.8660403372007501,0
-0.824902604045756,-1.0816471904795593,0
-0.4479503365163892,-0.002433480436236886,0
0.6650149219814219,1.0813182092143068,0
-0.07766167251114346,1.0843867964718314,0
2.8876256914746863,-0.7575810162284583,1
-0.6546200898928091,0.9788744859664432,1
-0.2923034338420348,0.8044012229505999,1
0.13103937709328883,-0.4748433232693,0
-0.3738478205383914,0.8906794448209298,0
-0.675319550025565,0.696532420688918,0
-1.3440656675692906,-0.7695643372795927,1
-1.2978936246850317,0.3488135866066752,0
-0.14778266162457163,1.0380279580861997,0
-0.5980733654014776,1.9383159376102048,0
-0.09775051795606853,1.1761660158445677,0
1.527798240722531,1.6211011008396987,1
-0.46556192588714673,-0.8279580916901469,0
-0.1542924205702024,0.5368866092008193,0
-1.6213246122329605,0.089780032379063,0
0.8402429001735656,1.176167059228641,0
0.5486539917186798,1.8485621124726856,0
0.5684792449173398,-1.6004106083082719,1
-1.5164132701337278,0.16639076657683782,0
0.6365286669409678,1.0489190310530188,0
-1.3618612812986128,0.2681737827024285,0
-1.2207061133765273,0.35058069457948976,0
-1.9983199953732023,-1.1495291435280444,1
-0.11479156870269043,0.7511078276695753,0
-0.09460445810883414,1.0708071401411017,0
0.011481243670320863,2.32597195512805,0
-0.11509855208846348,-0.6015783285379709,0
0.3041081963998159,-0.12828013802280386,1
-0.3305119253844183,0.9299410681881691,0
-0.1347254203317638,2.2423383955033365,0
-0.35301369027479995,2.1044309272497252,0
-2.0678658488129074,-0.19135260596505785,1
0.2722486464306087,-0.3514214355024537,0
0.1442970757141346,1.5762849631566993,0
0.042925903408072265,2.3560797320760005,0
-0.8619666902742932,-0.2606753729051228,0
-0.866192745788372,1.7643002523231066,0
-1.050496308653211,0.47089603394326857,0
0.40061398928606,-0.2888465747985609,0
0.7394720775434707,-0.08918632322124843,0
1.3371287073439972,1.5022686123388582,1
-0.15533557609717727,1.3904915140371596,0
-0.5973387528227855,-0.9291961158773459,0
-0.36859924010452766,-0.7985923580993631,0
-1.7585668390359925,0.42336988521781566,1
-0.4986326578435964,1.1548450880786651,0
-0.7278254764903501,-0.6793326199342852,0
0.6626315421891793,2.736843321843759,1
-2.6511437939819635,-0.6303008287091431,1
-0.42766861515528515,0.8522266918909039,0
-1.5956227665341485,0.099118515846483,0
-0.6667825702404981,0.7023416897924316,0
0.6764085898044608,-0.10869589267677772,0
1.0478891942617863,1.3088883870501467,0
0.7694842264255811,2.8134756179794627,1
-1.034760073349712,0.4542218421782847,0
-1.4914911134126414,0.16671443968121324,0
0.38559113965236336,1.732838814857995,0
-1.240697556378569,0.33543970421493957,0
-1.441415599277309,-0.2640194862703977,0
0.39617692376067365,-0.30024669639386115,0
0.7941294226160046,-0.0393037889148213,0
-0.19054975042494793,-0.6860700201234793,0
-1.742826286538906,0.249767143941087,0
0.26559607720537287,0.44868395626343066,0
1.1666409830759799,1.3781633499561274,0
-0.8166559900129975,-1.060649443347294,0
-0.18355481321494754,1.0184717852643346,0
0.1898486628909888,2.4363490260325897,0
-1.1957347532636584,2.373280260199488,1
-2.9733515893399054,0.3143325215626856,1
-0.4128181226859751,-0.8166019047750335,0
-0.49852303978589546,0.8044764486319572,0
-0.09807455648656867,0.5748203195639614,0
0.3978112714263239,2.572043486987255,0
-1.2332126415636855,0.34373941243787104,0
0.05152096853487018,-0.20609497938987884,1
1.357498448750722,1.5019901020333755,1
-1.5060679895404587,0.9205320488386258,1
-0.571317315077823,-0.9024739225000017,0
1.5949398966010822,-1.624045867220643,0
-0.45034079781932124,0.015663982831082873,0
-0.8230826939930416,-1.0892306944617292,0
-0.0649826735460112,-0.5991529241984395,0
0.05390283051292636,1.157654543554969,0
-3.2312035176052487,-1.4302569406096501,1
0.2722747233995014,-0.3912061450789131,0
-0.36630611098492116,-0.7674119345290058,0
-0.848750659009208,0.5753904721725246,0
-0.06049370394063037,-0.5728777953012991,0
-0.07922773898754505,1.0845436079162523,0
-0.28374540195399534,0.9313077517790852,0
-0.22716766457756563,-0.7118175336855997,0
-0.894740231908745,1.7373143981905292,0
-0.7614504906026575,0.6491352295184345,0
-1.2558988368223458,0.32102852387812814,0
-0.754207879742675,0.3600914495593866,1
0.026009665238489167,-0.5430033002486828,0
-0.38121121308647493,2.0939193662938234,0
-0.4120060677427519,0.8848956002268676,0
-0.19321354640042848,-0.6812360212789046,0
0.08865258065763791,1.1875346356894931,0
-1.2831581760110182,0.2900959352821781,0
-0.01187059771626021,-0.5667494346845373,0
-0.9803644166851353,-0.33730014849544027,0
-0.6485656934580397,0.7001813028731311,0
-1.216680658315018,0.43926994699276717,0
0.6391880917697493,-0.12810711218488569,0
0.6373651738985772,1.0321982752410974,0
0.4335303707978484,0.9052060907153548,0
-0.24701727035258986,-0.7164870194695545,0
0.7442464618596751,2.7869940197985557,1
0.3359698021312414,-0.3403122753744438,0
-0.8134575191528522,-1.0731713550711937,0
-0.310390701543378,0.9251458792498116,0
1.0127161799596753,1.2804360719281207,0
-0.4302290664056626,0.8369992858497547,0
-1.327066448866272,0.26460875776376797,0
0.6032113732164799,1.0173674833868602,0
0.9350335454736955,0.029141612797551324,0
0.45308643954582856,2.611113233528393,1
0.5134545695456566,0.9511390145983805,0
0.5453083898738267,-0.22220021585711122,0
-0.008113392887923752,0.63623549073397,0
-0.24222845385062805,2.164996977449666,0
-0.12861961101502203,0.5654135684194546,0
-1.0927542481567227,0.4476095804572842,0
0.24586394722250934,2.4656300652816334,0
-0.9302683335439024,0.5331749552729801,0
0.5220097026276158,-0.23510295280785742,0
-0.4927282318935766,0.8784767687715399,0
-0.7171221445858059,-1.0078600938590554,0
-0.3079940646513505,-0.7626409420405881,0
0.5902715747580046,-0.1815024079579025,0
0.12451783242276752,2.3942231576772475,0
-1.000524252245889,0.4577992509087698,1
0.07320024405630336,0.6735754882009557,0
0.5035485049736271,-0.22993365103033245,0
0.4464242930582752,-0.2735811171901972,0
-0.6754382993901076,-0.993527333669299,0
1.1701806395915744,1.3805605193190467,0
0.027678198964264912,1.1658754353446783,0
-0.4507519667422787,-0.8462974884669124,0
-1.0201299291747432,0.46583366802722986,0
-0.27730518805346327,-0.7329225263852476,0
1.6517437644913175,0.09131357523386495,0
0.5114612676823289,-0.246977156240574,0
0.011976828886347412,1.1193687545985262,0
-0.11519826303243995,1.0389089824468547,0
-1.4211271040104183,0.212500266367195,0
-0.49140285657641275,-0.8793617646094899,0
-0.763309600895315,0.6349287209607748,0
2.9070663096640392,-0.7772258010459391,1
-1.2345829132726907,0.3538275228316708,0
-2.7555020342060037,-0.743021412077967,1
0.22894565950559959,-0.42154091411254346,0
-0.5100259644020938,0.7863327283177796,0
-0.8852500814768324,-0.29280049642278894,0
0.9264505737735869,0.024269174011471977,0
-0.0011180054754421566,1.1075636139138685,0
-0.17682304231804663,-0.6842230934317846,0
0.6100456756587053,-0.16362260555073618,0
0.8031482039222108,-0.05587477887314692,0
-1.2904839754901205,0.30083056002259284,0
0.41047056719522385,2.574459022182066,0
-1.3179896249145788,0.5404270159495241,0
2.795580478469415,-0.8303438434818684,1
0.049280517445661455,1.1493637413921105,0
-0.15433307033266072,1.022405260348999,0
-0.17236034096750236,-0.6843658136649583,0
0.21606507979632517,-0.39873477992669054,0
0.5489733426361957,0.9955463494110837,0
-0.1769915995470753,-0.6679192043701752,0
-0.04200672806808451,0.23501793969523443,0
0.0221182601896961,-0.5593475290700402,0
0.7732900028316192,1.1252020458574594,0
-0.7315832511369853,1.8417178915581927,0
-2.937536248229098,-0.09079878515989294,1
-0.35439085206019166,-0.7826275847531198,0
0.1150631419734421,-0.5020777838908129,0
-1.6839411269202265,0.2741839708527099,0
-0.7279289550138217,-1.014076796203323,0
-0.3359068221417552,-0.7888902606710126,0
0.7472652541958453,1.941976097858482,0
-1.0456140849692008,-0.4068329466838667,0
0.6640891964020967,-0.14015603367271157,0
1.0811956016354365,1.3366588783788342,0
-1.5120389844357338,0.13418344950829342,0
-0.17109539792733322,0.9918836973268134,0
-0.03060622515703789,2.3394222003934217,0
-2.7094328404550865,-1.1860952813914953,1
-0.3953750654125336,2.0484079642753703,0
-1.5787060177622247,-0.7351823087811362,1
-0.725353354705899,1.8323999676542524,0
-0.791495912241474,0.6005643442718815,0
-0.3616571939447015,-0.7852885303308293,0
1.5121709996278516,1.6105235945141871,1
-0.5627791906579975,1.9439356128165022,0
0.672805440577757,1.0555110506803278,0
-0.6116842014301862,-0.9457322215544013,0
-0.33897518274233845,0.8955036611602488,0
0.09127905416838487,1.1787943549246311,0
-0.04896729489310666,2.2918704676502646,0
-1.4578397871242739,0.1671181860984149,0
-0.9030926189242259,1.7258959737279704,0
0.075085431807577,1.1585351191937268,0
0.2129939269813786,-0.4373460918982569,0
0.9030126877793334,-0.0012069666799103442,0
-0.6198704947533451,0.7038517469952726,0
0.8783502522633317,-0.013860456879301394,0
0.8697595697930063,0.01087893047754838,0
-0.23398471159936282,1.3106908307653453,0
-0.0031797622595399417,-0.5841016243441125,0
-1.570922906534998,0.09669598226252561,0
0.4386062529839943,-0.1335943851726118,0
-1.240559806001175,0.3123969895956991,0
0.44939701937002524,0.9065564106062511,0
-1.3428178636785304,0.2530684953649522,0
-0.5052206669688346,0.7726845603041136,0
-1.0182659194986945,0.4678841381351672,0
0.8830606630647067,-0.014148245885789576,0
-0.4237181959271028,0.8545334281083575,0
-0.9620523524860399,0.4848876106745312,0
-0.4267512860375232,-0.8587578081398378,0
-0.2220114384651353,-0.7056709096393655,0
0.4935279320942645,1.7862069620808843,0
-0.4303339223276836,-0.8508646462131717,0
-0.3578994286765262,0.8814393086543083,0
-1.136903327807444,0.3879938981630701,0
-0.33764234447833147,0.8930559995380162,0
-1.2121968487354895,-0.488696700888718,0
-0.048178553744825624,1.102525751447849,0
-1.3501235089571322,0.23315794793416678,0
-1.2666162500692504,0.2893554321890572,0
-0.6873371693695127,0.6563434345991491,0
-0.6157359102814971,-0.9757797158555028,0
-0.5213040177793844,-0.9179177980737618,0
-0.7191766191055645,-1.0352883940895459,0
0.5259332713516128,-0.6289301209426583,0
0.3673670136602906,0.8745299230078769,0
-0.9388961130800302,-0.633377627958428,1
2.352296457396417,-1.1312796485981613,0
0.7482574153671346,-0.10640291699565975,0
0.8536692921573013,-0.029441710139079886,0
-1.0156800951043952,0.44856657152379636,0
-0.5832463509101614,-0.9368909353018978,0
-0.7640216071420265,-1.0690830706739805,0
0.019874229710733084,1.1288579537990666,0
0.49031613869087504,0.9272921659416062,0
-0.10840004954548725,1.0568525207290884,0
-0.8977351999117045,0.5356934482686001,0
-0.09474758922820481,1.0413233236970978,0
-0.21336368904840117,2.1838345685817457,0
0.11916847280714772,0.33068049891928447,0
-0.03026679258182261,-0.5920674807600369,0
-0.7658436121187389,0.6163233804998914,0
-0.40112316781464946,-0.8317299217623428,0
0.8563090042413811,1.1739213849364567,0
-0.5020212876170107,0.7782290403190818,0
-1.2532286306593832,0.289018602049199,0
1.0235153961523868,1.2688277596845978,0
-1.4598472608604873,0.170224091622037,0
-2.1005886366605306,0.002806201200367546,0
-1.9269766653377838,0.02916562306701374,0
-0.40254620110512856,2.040642877658885,0
-0.8714288317637366,0.538330315443356,0
-1.6138553566219007,-0.45105226385157343,1
0.4365773953657565,1.9828082916377563,1
0.12875785981076404,-0.49069988025881517,0
0.2576930316619065,-0.40144154688649863,0
0.014832750682038797,-0.5779455536423916,0
0.09634558083349555,1.1557415403007496,0
0.7215903606658289,2.768826118708602,1
-0.7330319720446086,-1.058116321162039,0
0.3923604229153818,-0.32910191560124447,0
-0.45429502079902323,-0.858994078926523,0
-0.09654773717147536,1.03876395040551,0
0.9488509937067395,0.016804889157308583,0
-1.4031525487405758,0.19473441920927315,0
-1.453778537138625,0.16079020769035735,0
0.122004609062153,1.1849678415491223,0
0.6019630778898133,1.0022783812660192,0
0.5438569505861516,0.6018506814538542,0
-0.4629143339411606,-0.8784649407598667,0
-0.19671028262566612,2.166020451775385,0
0.9126095910927143,0.010552058679707358,0
3.4548819303829568,0.7421995049942494,1
-0.35725856404243495,-0.8191672110574918,0
-0.4337106780253984,0.820747285002258,0
-1.4886130003512037,0.14585571281264037,0
-0.36074120460181996,-0.8025456029105866,0
1.9755628048139986,-1.3936513617264084,0
-0.2716363989449301,0.9234935584179741,0
-1.56357762492151,0.09921593947082345,0
-0.13199107137669416,2.3143781485547428,0
-0.7455625170498928,-1.062036321682238,0
-0.9963945869909725,1.6771320202685804,0
-0.6358654091531126,0.01993411204126198,0
0.5572840572471238,-0.2190364024890412,0
0.050095322591031034,1.1287092900757163,0
-1.8344523010295217,0.09215957042627636,0
2.9914195491616344,-0.7344272774319521,1
-0.6020816803919458,-0.9798235065955292,0
0.08119478248886176,-0.3530209630028887,0
0.24232878536139293,0.8059722559440003,0
0.10757986975260896,0.3241618769786892,0
0.21864294411993496,-0.4543390812631445,0
0.18070920826657233,-0.47763634062744525,0
2.7448334450291756,-0.903334150832657,0
-0.47444957507735064,-0.873885707080161,0
0.6170440057700242,2.705858430337952,1
-0.009252728052227968,1.0837175603576634,0
-1.4168258960648623,0.18954345312099719,0
-1.219174925263674,-0.11396512186909437,1
-1.3560665381626669,0.47744045797232953,0
0.5776121763408119,-0.2262063775191567,0
-1.2346210226453984,0.29535674345612756,0
0.11502022502514538,1.1805217659875462,0
-1.5598364637861437,-1.188198147831129,1
-0.33130121112651395,-0.7832845481296705,0
-0.20337539058979262,-0.3195119108702162,1
-0.07044876155577756,-0.6217399621907475,0
3.0434004803422012,1.3321365768337299,1
-0.11645816429581836,0.17511131160789362,0
0.042438563087550375,-0.5612490573042371,0
0.34915236334296396,-0.36648618101075686,0
0.16380005666824515,0.3482342902108378,0
-0.6966711378407764,-1.0400859446843758,0
-0.2625170371009548,0.29181272367726124,0
-0.2254256190388258,-0.7419281761238699,0
-0.7851423808360447,0.5891013448371194,0
0.4483662296817406,-0.2996395115206681,0
0.611802483546673,-0.2051247311457205,0
-0.03080406154874856,1.1219892448977364,0
0.09276568805509987,-0.5370690390688965,0
0.13291641449143668,0.6906237639850147,0
-2.495222038517573,-0.011803224915750662,0
0.818265046224386,-0.06085419551633061,0
0.1397595218753916,-0.28630494834143017,0
0.4583652340835171,-0.2901341270738952,0
-1.894644117704061,-0.6051545782427815,1
-0.35920980556026233,0.8533931409845487,0
0.3039028549223368,-0.4010737238865825,0
-0.20503509491497998,-0.7313880076392144,0
-0.7708722250029708,-1.0877976456881895,0
1.1040730621866783,2.1470814115176364,1
-1.5557068017832074,-1.111709390733597,1
-0.6262297959774328,-0.996329026168403,0
-0.29822187044837084,-0.7896086507610822,0
-1.2157794726508522,0.6611658949543138,0
-0.5214330370159347,0.7581491278796485,0
-0.8292308750831637,-0.905638119274683,0
-0.4586072553911617,1.9892052073435667,0
-0.15692782130385624,0.9876736983351805,0
-0.25508326822802796,0.9203484546138448,0
-0.6056719203851162,-0.950362089215238,0
-0.028893963096706284,0.229001954655482,0
-0.9323504442493414,-0.9131842199231288,0
0.5213609119692927,0.9393939623438299,0
-0.5323767300503724,0.7469459396857344,0
0.5899046917587711,0.9845070550435788,0
-0.744915830767141,-1.0766836966655755,0
-0.8283391412039786,-1.1243379883951399,0
0.6310785306458487,2.6857258188504796,1
0.6251292455381219,-0.18859283712467664,0
0.5577546579061868,-0.2425152208424224,0
-0.7450622556436349,-1.0597366048229455,0
0.7081503980077695,-0.1239390116266242,0
-0.12175152271232755,1.009088375211988,0
-0.3066787266936877,0.9111165107513409,0
-0.665725904291537,0.7430503664753959,0
2.3305756296066162,0.014203005467761414,1
3.54337818380545,0.8785198314163652,1
-1.0214967989236843,0.43588919446197366,0
1.460377878087292,1.5340833510413465,1
-0.6359914314527717,0.694844302339464,0
-0.24801574980230504,-0.7583791361498594,0
-0.34953407161952715,-0.8175035227829092,0
-1.2555723973580366,0.28649760305826283,0
0.5261365373090102,2.633421960608424,1
0.2416210029631903,0.746638419195695,0
-0.5353915253574092,-0.9333177521132638,0
0.16264884644443695,0.36036667268764605,0
-0.6891903659525238,1.8379692030961605,0
-0.29486449872080484,2.1070727827418874,0
2.138738642373674,0.387543029092479,1
-0.885978909670577,0.5250535915827086,0
-0.7744644913021713,0.5942313460205088,0
-1.3523642610941524,0.2272706811136378,0
0.8255733366723448,-0.06449376226756866,0
0.12217107548894786,-0.2512521982313652,1
-0.7951629208840544,0.6952707336442644,0
0.6102149885427076,-0.21085085940625992,0
0.4672080881573874,-0.3024359139083467,0
0.28049455010814833,0.44693001062095034,0
-0.02231520476435952,2.2608636023053923,0
0.10351406705084874,-0.5323853203814738,0
0.7695160524532286,-0.10861850637088667,0
-0.0988943509288691,1.0185418819143575,0
-2.8944058290415824,0.15687695498272225,1
-0.03595657445692365,0.580534762854379,0
-1.015476723839806,-1.0867086041062264,0
0.2152304671809728,0.7406067658598892,0
-1.3894063506731726,0.2028296078445797,0
-0.8765409064228302,0.5161330376172538,0
2.1480109122730737,0.7350450488078769,1
-1.1390972810503028,0.3713896534144138,0
0.704332548662798,-0.12817685980800803,0
-0.7269205543149364,0.6431215142912351,0
1.9918903079102448,1.471371354742373,1
0.6691755855534761,-0.15994708123767176,0
0.1491559292891446,2.3726579014958915,0
-0.23266418186440824,-0.7331911571058978,0
2.6837011855194364,-0.957098324474963,0
-0.09670847656308011,1.017412442634886,0
-0.8819637653575583,0.5491542292033725,0
-1.5711669591706443,0.08681691790593087,0
0.0018444365230480052,-0.3493909321932251,0
-0.3281004561348891,0.7260702571218788,1
-0.5714120863105286,-0.9509922792404257,0
0.15570538480855295,0.3645486387720917,0
-1.5188662324247284,0.10304143694096034,0
-0.7739123172468962,-1.10410357628986,0
-2.425398781298165,0.14772038782792102,1
0.3279402507306219,-0.387480220380052,0
-0.2906653357194037,-0.7867822946789582,0
-1.6570618177862197,0.037963431391492754,0
-0.3438663679204779,2.0521106082888725,0
-0.615531766759557,-0.99338966212913,0
-0.577830276061467,0.7074828773773497,0
0.3587941877752966,-0.38332786419880877,0
-0.21257041157478976,0.945927038772883,0
0.0021509438503116768,-0.6033984267647468,0
-1.4794393505917827,0.13409114016022244,0
-0.8348016603648963,0.5546029755213382,0
-1.616653355447637,0.19142185527120914,0
-0.1421519687152212,-0.6780287271569996,0
-0.907754762158623,-0.9603153282455082,0
-0.275439823187353,-0.7769376423252926,0
-1.1978418324952822,-1.117966390514822,0
-1.5246596723035406,0.10042208803219986,0
-0.6104026707254603,0.7014234247000942,0
-0.6360827824559914,-0.17633008043486625,0
1.3249677957120019,1.4374402183306005,1
-0.353474968142927,-0.8242280366798878,0
-0.6897172245444584,0.6279812797078557,0
1.0014822150195062,2.0699399681628363,1
-0.7695545729381046,-1.0970115464522388,0
-0.44475178869452897,1.9825413487047725,0
2.2698505372758557,0.46266131096327595,1
0.023441793559341402,1.084706767019297,0
-1.6040997789831823,-1.0676873342517694,1
-0.46476170576423986,-0.9029069534387403,0
-0.8945381045454597,-0.33869770677943445,0
-0.19571747955699204,0.11620885783861588,0
-0.3891020370000539,2.016519725544548,0
-1.5907209222354104,0.06275515577314315,0
-0.7914394315082697,-1.109973091308253,0
-0.34632935762917233,2.0576150319581314,0
-0.11098017304926054,-0.23100804328557253,1
0.4386697494387061,-0.31290799581632545,0
-0.2854118194960425,1.1063513063805888,1
0.2737757323561287,-0.4253455109041774,0
-0.013506287019299077,-0.6086174362299188,0
-0.4194956340089814,-0.03207087813327782,0
-0.3745312959842598,-0.829355587009508,0
-0.12306095820979399,1.0522105114939522,0
-0.7895002913623054,0.5759149885106815,0
-0.6225373079180935,0.6883935098533643,0
-1.5192640827174995,0.11601983350869326,0
-0.45658356589230925,1.0358835671048745,1
-1.0470145866830884,0.4143305640288319,0
-0.1568024877553518,0.129205722611063,0
0.05502092586385466,0.44020964779560007,0
0.0688340601292826,-0.45766645798989153,0
-0.8171036844720473,0.5622649993767629,0
-1.9405753215601738,0.26902098752734976,1
-1.551481068120052,0.11038014715741627,0
0.09196763174296434,-0.550352861015293,0
0.04657423654799312,-0.5834998555412081,0
0.5370863213048466,-0.26488888303533387,0
-0.5829990527228499,0.8239273123182648,0
-3.6008976113990614,0.024225702337469884,1
0.17310549951226176,2.378438856954399,0
-0.22128316370493747,2.126569323708226,0
-2.1728711253123527,-0.01987643938481933,0
-0.7279144516698228,0.6097009112265698,0
0.047624632322732514,-0.5840710566199112,0
-0.2923335458163149,0.8937117505900186,0
0.23816244515947194,-0.45937896159439345,0
-0.3082477692414656,0.02606794404904698,0
-0.47020641504202776,0.7966318475908548,0
-0.1119862979040385,-0.6524118185456113,0
0.47624516581167087,0.8940410800179216,0
-1.0213466698209175,0.43356534667520635,0
-0.7285422114580615,-0.23011410776697658,0
0.6974732402079036,1.870927563981499,0
0.5914455569602644,-0.22330795677008175,0
-1.2763489184117525,0.26365043632572144,0
-0.8800619391073048,0.5156263806305187,0
0.7421905275640414,-0.13962278966907493,0
0.042143575655440725,-0.5861857900819977,0
-1.8180207936830182,0.015206841995275258,0
-0.49280160283734453,-0.9292670469457303,0
-0.10573258337405862,0.9990979587106387,0
-1.1650847369928876,0.3235284280050222,0
-1.2981135266738173,0.24217680985142465,0
0.6313993932401301,1.308494603765059,1
0.832522284254904,1.112501986406676,0
0.4985301379473875,-0.2995535104214258,0
0.21767827583621452,-0.47313255140856647,0
-1.2409821059238355,0.3027033704745395,0
0.8821960975789682,-0.03225684050027657,0
1.586133974216614,1.5928171037096306,1
-0.500785548229453,-0.9314888973401162,0
-1.6453945563951446,2.0548884573806947,1
-0.694339758829346,-1.0657193875376942,0
0.4468848193429495,-0.1861682622078368,0
-1.0141072314639434,0.3945822843200501,1
0.03476761470726401,0.9463877677473324,1
-0.7440466923854743,0.6041353179659731,0
0.8397036025702621,-0.0831195231871399,0
-1.2241879859017837,-1.1557065840024234,0
0.2155277736289234,-0.4572220279625049,0
-0.31063523921361674,-0.8075870760304028,0
0.01676009003801166,-0.6009600333442138,0
-0.5903928784096051,1.9183696660961453,0
-1.4089175001808418,0.16238318793338996,0
-0.21177256889121185,0.9284691570446907,0
-0.42709995682665275,0.7910127969432165,0
0.6889750595980987,-0.1766122514830254,0
1.3601539483075171,1.452183875488635,1
-1.070071730465733,0.5969326494123801,0
-1.8706187860592818,0.03049931951868338,0
0.08149206131438495,1.1207259495383373,0
0.4740924181151445,2.5676675841566667,1
0.26501864501252764,0.396739893995435,0
0.319848693819832,0.4311418105650126,0
-0.3786203300776282,-0.8453643082114639,0
-0.37190750708629944,2.4296955869804964,1
-1.5676716214615898,0.08472851954301928,0
-0.7998343524397369,1.7456775536700346,0
-0.86063832148326,-0.31552822887116405,0
-1.1212784023485287,0.3441556415443953,0
-1.4882383755496706,0.14003109026583593,0
0.6999788971672376,1.027933763933856,0
-0.3858258025146442,1.0745700480647031,1
-0.3514575333355201,-0.8420485326115873,0
0.4971536807887537,-0.3033279934464131,0
0.22694614743020308,-0.30102108163057917,0
0.4403937059765041,-0.3382981590241031,0
0.8121832388164458,-0.08134133651006699,0
-0.558615032338119,-0.978625778669956,0
-0.10001039088356321,1.0042041648755158,0
-0.15470405436406803,-0.6907268317071864,0
-1.381502962375484,0.18142705677911697,0
-0.04759826133339414,2.233582257520531,0
0.5504901491631221,-0.2698848680057944,0
-1.33976618971479,0.2136513253151764,0
-1.7632015643016365,0.16647342166997536,0
0.3413960936491566,-0.3891479287405269,0
0.21438432982149633,0.7085181299705602,0
-1.101662217367711,-0.48477592361833344,0
-0.3798780516453104,-0.8391278283175508,0
1.1552732221882032,1.3133941863127747,0
2.5882547882333067,-0.18148973329611906,1
0.6042499279702447,-0.22766403740878371,0
-0.7201798435118382,-0.9349065235540867,0
-1.092376369183039,0.3637003524329729,0
0.034714335396428354,0.5932809796274262,0
0.362433412258695,-0.3868568109116311,0
0.3121902965340419,-0.42074268947983945,0
-0.47829730190934544,1.9573831317555404,0
0.9233951318903755,-0.022842377240264628,0
-0.5181828176898244,0.7294565219442389,0
0.1257482522530279,2.3366748575798937,0
-0.985393378745166,0.46640073091386075,0
-0.030420852414327605,-0.6390409957129523,0
0.06640688467296695,1.096979416258484,0
0.33402432068456844,-0.40943416871231203,0
1.2833222940945703,1.4011464510718303,1
0.5569234295481174,-0.2623852133868969,0
1.2757209744356677,-0.18889691310729942,0
-0.9884321766877786,1.6346856565941132,0
-0.589123030996133,-1.0036252187156713,0
1.328105814714363,-0.17247677007500917,0
-0.7475975027448837,-1.0976582549859988,0
0.32081483644571673,-0.4121779481329164,0
-0.4617660318049959,0.771625141534506,0
-1.4493904851052613,-1.0044509836625515,1
-0.5584724825613319,0.695716045411685,0
-0.630214261540994,1.8715085083386531,0
0.28329951205067655,0.7510370805274116,0
-1.0700495391441665,-0.47407986733611834,0
0.19382132629177373,-0.49315848159890197,0
-0.7668317529227019,0.5676689135411501,0
-0.36630124473317155,0.8290045962216196,0
2.6238770503209885,-1.0265973562161255,0
0.4479272449039822,0.8539895791618513,0
0.5371486060471676,0.5544270082579233,0
-0.8374847027877476,-0.3173020911088879,0
-0.3448820894730953,-0.8372693504656749,0
0.00602162192504397,-0.6270606646060534,0
0.49937374633847276,2.582730269804122,1
-0.4754076649217029,0.776797497725847,0
0.8728518007314451,1.1272066263550164,0
-0.1288070848282397,-0.6131154001535923,0
0.3398678279978317,0.8018505935050158,0
-0.9747191906602417,0.4389624330219544,0
-1.2656124603126013,0.4468309599785139,0
1.597793886283043,-1.6807685868316888,0
1.1385282809052353,1.2978337760009178,0
0.7604584093944392,-0.5228255174963112,0
-1.5071514731634912,0.653635339052905,1
-0.27202308206022746,0.07253211494909793,0
0.08302586106638042,-0.5729508072291432,0
0.17271514986524833,1.161982019283549,0
0.9127768031052432,-0.04590835942853202,0
0.5809922635019821,-0.21853408838082936,0
-0.062291357107872446,2.2081587765577892,0
-0.0438239775833661,-0.6537266426833133,0
-1.1626483033402035,0.3220099344330201,0
-0.020675804038809607,2.2490777878314567,0
-0.22411458597825804,0.9179053588493818,0
-0.5402894362731068,-0.9737016694429499,0
-1.6612568435842596,0.3297709409695498,1
1.5050451631346233,1.535281194426477,1
-0.0758925640188068,0.6843996458188366,0
0.655874261422634,1.8438111180145216,0
0.846024443794199,-0.08331496876021023,0
-0.2684359436351957,-0.8021334148589698,0
-0.345273844089623,-0.8487843798363672,0
-0.7940471599381396,1.73824146700132,0
0.37963403426193176,2.4920393836114387,0
0.3468474315547251,-0.4125077326523527,0
-0.7624140210523437,-0.9911227094906376,0
-0.2681302284806521,0.875158209175548,0
0.24485361524969668,-0.4718873725211642,0
0.3821567289281697,-0.3639277104266123,0
-0.46171019574650046,-0.9195346599435685,0
-0.8363039176652967,1.7310721610537163,0
0.9523201083005779,-0.01593777118390934,0
-0.8066235254953082,0.5398839688299923,0
-0.2050120862664959,2.3497717251087633,1
-0.4324405772264872,0.7884008268876211,0
0.7008421464180093,1.0624909017171191,0
-0.3509263081559553,2.0397306321672866,0
-0.28957718921110354,-0.8156214965945904,0
-1.051469716058279,-0.853372900722501,0
-0.887217074931257,0.48339917052317444,0
-1.1600392228315433,0.3197567159798122,0
-1.3217346106626222,0.20789793566197823,0
-0.6694998350885052,-1.06565266283047,0
-0.756314628323564,-0.669449892545752,0
-0.08273217176243274,0.9976047611313933,0
0.598378078945627,2.6540536245460093,1
0.5503003677392903,2.637924080898577,1
-0.016592260198001564,-0.6355332672060096,0
0.0985836330698109,1.120709019069434,0
-0.8176023919690111,-1.149849286312122,0
0.2930599701524422,-0.44921872350981573,0
-0.4483188416517291,1.0022580849575806,1
-0.6346233723222783,1.8382074077864359,0
-1.3444863446756206,0.19462150833170133,0
0.8226372271378491,-0.09879051683504007,0
0.33893314204397873,0.43106288920113606,0
0.17030056305152583,0.6660646078331396,0
1.52596552349205,1.3070968914634176,1
-0.8780699722659966,0.483056102979795,0
-0.07800280583073392,0.9969542424618404,0
-1.472123724779623,0.34879958170932607,0
0.5493521352472465,-0.2717651413317393,0
-0.38362422028434584,-0.867088081497936,0
-0.39988234537663336,0.7907105414675232,0
-0.7632441255971243,-1.108085698927544,0
0.08702911724326658,1.117394744443802,0
0.6242760436278307,0.9695731584622601,0
-1.5756456453674772,0.03613838154968322,0
-2.833946021018373,-0.9272821411765793,1
-1.4145763128030004,0.13891435412509268,0
-0.9035188315560284,0.4693687524189795,0
-1.1204032350299462,0.3316751716512952,0
0.0379937386540841,0.5834519194592521,0
-0.43750752496418716,0.775350864193539,0
-1.5892044537949663,0.033432784889208346,0
-0.7735228286350392,-0.9799590003742435,0
-1.254718261447432,-0.8355331364882425,0
0.9123937943948828,1.9820590848811601,1
1.43685518974956,1.0999102567668702,1
0.5497203102763248,-0.28206753808506196,0
0.7928856613432003,-0.1318394946758737,0
-0.32981887374604196,2.030120067368024,0
0.8333992376966703,2.773610659225424,1
1.9775319657552015,-0.5999123909567089,0
0.008520895061238687,-0.6176626673892867,0
-0.734075689729929,1.7764728486024055,0
0.46980278316460444,0.8657912403264333,0
0.906189726704713,-0.06293750315941667,0
-0.5836989624392513,-0.978366085564885,0
-0.7123521081588706,1.7794169491005523,0
-1.4599876436563521,0.11264975030925599,0
-0.010478196163238746,1.056596349082123,0
-0.4051710538703576,0.7959672587086669,0
-0.254239776667786,0.9147164646151184,0
-0.2291658189680614,2.1052593863442906,0
-1.488043178887369,-0.5044349443426744,0
-0.5363550063101271,-0.9718841847591702,0
-2.242663182050405,0.0014778130345304106,0
-0.27393832641880916,0.8938318277536302,0
-0.24328331320974622,-0.7968089967392195,0
0.4184049734057062,-0.37369940063993534,0
0.0668946524605291,1.0936101569797079,0
-0.8657609249265406,1.6938634586777805,0
-0.1701933773191909,0.4617677132722751,0
-1.113333876379569,0.32973588576322804,0
-0.4113630835388266,0.7764091860981553,0
-0.6205151879131715,0.7880182591201247,0
0.4446411625930827,0.8426118014591198,0
-1.0211428203933481,-0.4432013397168538,0
0.03502220562081169,1.0705965406067368,0
-1.0436815192923377,0.5837693297654516,0
-2.2268428959620903,-0.37448807207517876,1
-1.2347666930026528,0.266937575487961,0
0.6630774658162045,0.9799019926875803,0
-0.7144560176834017,0.5812839265202822,0
-0.7639758939458623,1.9085866213492295,1
-0.08144015552272443,0.999933702195818,0
0.23073094409293965,-0.48226544206699934,0
-0.6615673169607417,-1.0713908302924862,0
0.862910797318537,-0.08988267118317105,0
0.13376131493425086,-0.5234531943164198,0
-0.31841707799325475,0.8501000766545247,0
-0.3541620818186481,0.8184230724864353,0
-0.693596470443911,-1.0854408974000347,0
-0.6737247535232317,-1.0302254587859923,0
0.21940599739213762,-0.5021485234186751,0
-0.0908859063483368,0.9888673300938965,0
-0.38767459010368294,-0.8823596767836213,0
-0.05471833550013295,1.002908079151444,0
0.9609779842041879,-0.023576322783856036,0
0.5343726379138826,1.7366434221505405,0
1.4221547666680183,-1.7979211388470813,0
0.4237654472330632,0.8371461509345115,0
0.10157720134584071,1.1133957333624298,0
0.9615695824943526,-0.03265642249113645,0
0.011332837331486717,1.055897597496101,0
-0.0630015246746235,1.0009148503632743,0
-1.1305832902794466,0.33280470012806324,0
-1.3755663406830327,0.17340369924502375,0
2.4661325161714447,-1.142943053042508,0
0.8629354548014175,1.103728962567611,0
-0.2152081462336093,0.9249889680511999,0
-0.41851267641931666,1.0333342780845702,1
-0.23747205647893405,-0.782518987843582,0
0.1571429986417967,-0.548224193767538,0
0.525201603143314,-0.3092622231282814,0
-0.8674502181130735,0.9645703304220418,1
-1.3879774147251343,-0.42423666285988293,0
0.50230937484833,-0.3217374160262881,0
-0.719710926423174,2.347883468924046,1
-0.26480295275542104,0.8643309942900493,0
-0.9038284151198966,0.4619178292867499,0
-2.3042745388131274,0.07419582371973481,0
0.17812959306905446,1.1493704957474167,0
0.01585702927303507,-0.6316564824055872,0
-0.7036547673585445,-1.0898982800567487,0
-0.7361325910376258,-1.1210775097121348,0
-0.27371915321044055,-0.8241739573216161,0
0.9242340648341363,-0.05796484086993311,0
-0.036346647143254134,1.0203000023936946,0
-0.11105819365275414,-0.6863940501338236,0
-1.3275762694477267,0.4021169829964491,1
2.2097194028910443,0.38041029476605465,1
-0.5463955306136982,0.7156818818490706,0
0.02153269224098673,-0.6142793825105197,0
-0.09346748157246894,0.4939299253317024,0
0.28963064626886015,-0.1902345623554696,1
-1.085328624924813,0.9294557545654524,1
-0.6686445862363024,0.6094673695032378,0
1.332416016667587,-0.06756758030662026,0
-1.3416708546918121,0.17564293932951602,0
-0.5192643048130956,1.024046646282676,1
0.6446902701554607,-0.2325328471002864,0
0.6788668893872946,2.6981828715424636,1
1.8330503130890508,0.13023499654965037,0
0.20454924490775583,-0.5089822587526475,0
0.9472279580553393,-0.038680439792402065,0
0.24417758273098827,-0.48570102979642926,0
-0.7331737624904152,-1.1052111886269416,0
-0.3979996664927936,-0.8712593703095513,0
-1.4362037228116709,0.13418661147139538,0
-0.4956795521898319,0.7304766977910983,0
-1.3235125732876216,0.19473903229831824,0
-1.2710941652101626,1.7466897073091263,1
-2.9652377917346024,-0.08171010489098719,1
0.6622746803481011,-0.2310420137945392,0
0.3353755651411834,0.7751775278413128,0
-1.0693097613189213,0.45084161680100626,0
-0.9911523889874838,0.39295226720308424,0
-0.2145645890190728,-0.7745202886568516,0
-0.5856088610094848,-0.30834983957099676,1
0.8530075856719596,1.0888415565396936,0
0.23035459372302436,-0.5066045336770336,0
-0.3195776441985203,0.8259157182464775,0
0.3356818723386463,-0.4297476202580515,0
-0.9667496598143469,-0.4080135526280057,0
2.399512978475686,-0.33683267639112346,1
3.0894947645150244,0.44721823717758674,1
0.406713143296711,-0.3931515634086442,0
0.12835420770342704,-0.5663507920722901,0
-1.5238060969526668,0.058019296925890286,0
0.0792644956247643,-0.5827259245268117,0
0.16682628110721756,2.3386969221989053,0
-0.04407751684292046,0.5415474722515545,0
-0.6124306554226799,-1.0456257092670738,0
-0.953663377232219,-0.424360245419464,0
-0.8093643802382737,1.710376176062603,0
0.8819248101822783,-0.08631614788729196,0
-0.06273941558690409,0.15547693117810768,0
1.8275594757034805,0.4741167022605934,1
0.40670231967524617,2.4877839883143698,0
2.0486828624295788,1.459791852097029,1
-0.48826872790894804,0.7200590337673797,0
-1.220606805942513,0.24243665259019076,0
-0.38785895501672696,0.9007252709057062,0
0.7121754721389809,-0.20004182666320822,0
0.3221324371864365,-0.44253606608018725,0
-0.3260966948811208,-0.7853589865334438,0
0.8898875819019432,-0.059968786368719405,0
-1.5416621765354697,0.04484892115923376,0
-0.25620124888712636,-0.557153927094165,0
-0.04355968357924963,2.2090613497104443,0
-1.002315793230619,0.38814370601388987,0
0.2246524574363437,0.3373031230027645,0
-2.9936204043055845,0.19784542967181495,1
-0.533737522143666,1.8900442796302017,0
-0.00968535828866863,1.0269511264566424,0
-0.2651166391928749,-0.5504388598526734,0
-1.0437971629640872,0.37256213260810317,0
0.13318483943418458,0.2792529994555201,0
-0.19817459747571808,-0.7060650651790189,0
0.7366318205171886,-0.18035180296586986,0
0.010066658413492918,-0.6396682231978403,0
0.9291025915624125,-0.44854028945552954,0
0.2615144092452291,1.317182447453354,1
-0.6501937891556522,0.6148675758454607,0
0.3341132822765925,-0.44253880034799503,0
0.5616599369923457,0.5442063773321938,0
0.03389915946377826,-0.6278724136795152,0
-0.18763927406230796,-0.7662750638702424,0
-1.5408352040218165,0.04305542303448826,0
-0.6515951528488133,-0.23350430442502226,0
0.3798443738369403,2.4633406557320647,0
1.8123295179153525,1.316298524932686,1
-0.4683999074925148,-0.9576322457515338,0
-0.3095304035282008,-0.8376736033337495,0
0.053299815067832775,-0.616934631220928,0
0.8016514484145102,-0.1370552975357029,0
0.07441623571076066,-0.6051870152700768,0
-0.4271165953095,0.7521335994440738,0
-0.17309888417903596,0.9214414876111986,0
0.8751714385928697,-0.08265364682936684,0
-1.5796889078647434,0.009899341377687035,0
-2.3771820619897484,-1.3712542654180366,1
-0.6116576945508764,-1.0500781639243917,0
-0.5919448148695616,0.6567669139533523,0
0.03401264816258418,-0.4290965429386715,0
-1.4398356721139391,0.10045548975040879,0
1.5314764578778193,1.5259015079000553,1
-0.6874045963894713,-1.0969285263028732,0
-0.7560886492433128,0.5441694805123393,0
0.1292808884738125,1.1987226338708605,1
0.14940100591254452,1.126317232372041,0
0.1492578040438924,0.6439379068160757,0
-0.7248340278189302,1.7615194840885466,0
0.8173664598571534,-0.1363063003428397,0
-0.882866068922868,1.667553854783481,0
0.25844284007935414,-0.4743276054419302,0
-0.3343631555760073,2.003621885096886,0
-1.2456599766030991,0.22478779406712068,0
-0.41473537634092056,0.7521004601428974,0
1.3740198027025805,1.4310180937208619,1
-0.5542175990626521,1.8739147989769995,0
-0.712328463769615,0.5670747728921114,0
1.568531467702772,1.5562242245862798,1
-1.084691209925768,-0.520427120476222,0
0.2982748454106638,2.4129524536970197,0
0.782887777199152,1.0441579706755606,0
1.7969503206819784,-1.5887042181097364,0
-0.036547085287054824,0.5096084106752993,0
-0.8199251954536272,0.49776266636201644,0
-1.2792342448507559,0.20986248866351542,0
-0.0055346155568247665,-0.6640418133910746,0
-0.742319611085346,0.5441649750021771,0
-1.3380080941189951,0.16578088155238646,0
0.38201573287073093,0.43403019165705375,0
-0.6948873071787328,-1.100536480959843,0
0.3507866025097427,-0.43594693291221276,0
2.5470892527241014,-0.24433884806483036,1
0.24103915334829173,-0.48770326963452015,0
0.7945869930605822,-0.15077521009990855,0
-0.43250150791448083,-0.09142254547050081,0
0.697306280137374,-0.20934537597145975,0
0.787394741710072,-0.13471878343096816,0
-1.0627748751065065,0.3374984401517333,0
-0.8055707656620037,0.5247182177748538,0
-0.6849057372426566,0.5778637000572293,0
-0.18891082828065942,-0.7804834591298137,0
0.6194668256593135,-0.2566059557068044,0
1.7706383556820837,1.2786883459521012,1
-0.34538326555555776,-0.8830160890950493,0
0.10494587579812163,0.60757371755682,0
0.09226098096024986,0.7798139186703622,0
0.023651269782291963,1.0337052345530628,0
-0.7066681481694813,0.5825300421708774,0
0.9797644841798956,-0.03680126071442249,0
-1.4182157085526599,0.12541023933476642,0
-1.4231458199592926,0.10714128032144098,0
-0.46762226528479145,-0.9546504374774156,0
-0.4950580751050006,0.727584831915333,0
0.5951095073074609,2.6031938388177864,1
0.20386642740433075,-0.5215172881926317,0
-0.8934911290516687,0.5969012604453429,0
-0.6058086259018238,0.6406400127594053,0
1.0391818373629877,1.193095693426663,0
-0.09050082018161326,0.95422414656915,0
-1.4907930027668903,0.06987255245043421,0
0.9141373216929427,-0.08274965082407633,0
-1.3572883990381244,0.15973566180819587,0
-0.6294779548839713,0.6103457881719738,0
0.43937179750457706,-0.3819007353294048,0
-1.1216859410576956,0.30862864424963915,0
-1.5058910768876006,0.5201108298696039,1
0.9877709924648339,-0.037226700262467625,0
-0.3289158073295211,0.8125190169188211,0
-0.9361287109891664,0.44980553133006956,0
0.11710181845315774,1.4460373749064288,0
0.3897915904188008,-0.18969054914629213,0
-1.19625173118948,-0.5771213139047333,0
0.8864380687547275,-0.0793534398289409,0
-0.4487802671930693,-0.11489390624312927,0
-0.8063849909859337,1.8736687795912177,1
-0.02515098830771339,1.0061927674303173,0
-0.10015655028536448,0.4688416554579919,0
-0.404560725632012,-0.7818681334722452,0
2.7380525658999035,-0.9887314936578622,0
-1.26797455415191,0.1978375170027542,0
0.6622360118270647,2.6458058911766553,1
-0.41969888566707453,0.7538419519177534,0
0.024057277729251043,-0.6211773050880791,0
-0.8374061605443397,0.4896150725032244,0
-0.05154182487468332,0.1624525889980618,0
-0.48133777677662143,1.922186226009897,0
0.4841816216283599,2.5309976966336114,1
-0.23286955520366923,-0.8176164756265022,0
-0.254749890027481,2.052279361856799,0
0.5912152763435692,0.5561726539302182,0
-0.7325111912323433,-1.1292707964067334,0
-0.7734518413362226,0.5247672956697905,0
-0.2007525761353319,-0.7957538604709309,0
-1.018555626689674,0.37396970696469617,0
-0.9012708289488558,1.6569804052758312,0
-1.1491296507097029,-0.5372828424693878,0
-0.4887895685013533,0.7158048717638744,0
-1.4097054816641952,0.10489298986762895,0
0.4847251854804852,-0.36076360573262634,0
-0.2216809436412541,0.8694980079046378,0
-0.9926806534061783,0.3859852949937977,0
-0.5793651117232915,-1.0372378298585465,0
-0.6555853984534205,0.5939987752049105,0
-0.2898184355087156,-0.8538950836587235,0
0.017516469305762485,-0.6590375783563179,0
-0.8911449437325576,1.6400912737725732,0
-0.4465878524914287,0.7387469351564254,0
0.634354648984209,2.621663656857445,1
-0.9662917187275554,-0.6785941115051138,1
1.7378905212048439,1.2588617108196243,1
-0.25157522273466393,-0.29977602132451453,1
-0.36642671070151317,0.7766425782485923,0
0.7218814817771799,-0.21263933506905852,0
0.12396210254801791,2.299383945860528,0
-0.2934968131549159,2.026573098584956,0
0.7303168401340581,-0.1854887369567467,0
-0.7649790025160847,-1.1540203992869755,0
-0.015620478138878966,1.0125190244443218,0
-0.1391246325993186,2.1368591223142746,0
-1.085599395947723,-0.5123709097016138,0
0.03410055352647879,-0.6318337301012474,0
-0.5270264793726924,0.6902677163193042,0
0.8930666791881403,1.199745730974335,0
0.6301784323387912,2.6108517035417207,1
0.33107162790442984,-0.4649690635982549,0
-0.8946257221807398,-0.38797802623727945,0
-0.3578991603276131,-0.9012227370969901,0
0.6383353221382397,-0.21802594882942702,0
-0.5729147480357069,0.6390704759221614,0
-1.048574611078861,0.33996594231784144,0
0.6212332162041128,2.6001358040986045,1
-0.3242343698597419,2.3950042571195516,1
-0.36319421064213536,0.6589043465456464,1
0.5355983445861289,-0.3300722945911511,0
0.16187070296711636,1.1077126870117264,0
-0.5465058566582538,0.6598806208489703,0
-0.1766668239606129,0.9252534842250125,0
-0.15565518467426265,0.9109369066940599,0
0.1564847956129451,1.1152397053665082,0
0.7034205511264451,0.9776074819484767,0
-0.15715539561362007,0.9278605498968499,0
-0.47175200650913585,-0.9809324466871192,0
-1.0653619601013835,-0.5201031272554353,0
0.06364604947715534,-0.6381478088089829,0
-1.228843197358576,0.2152845508570117,0
-0.04255134259536277,-0.6980764842881192,0
-1.063296311320942,0.3448823393997454,0
-0.5713471371177169,-1.0315076343104363,0
1.076215740997731,1.2078466533568972,0
-2.202000167364672,0.38023682700603795,1
-0.15822092194133627,2.104885113432922,0
-0.6631730722319099,-1.0894295408256816,0
0.7064566098793105,2.6721016819805006,1
-0.766362362664029,1.7505605621220703,0
-1.314506228721317,0.1577531733462808,0
-1.7091710831889737,0.027826518488135648,0
1.221941144999236,1.2990232486281434,0
0.12231112536137025,-0.6043498600079497,0
-1.4793806672875702,0.6376341987439421,1
0.49760055531685926,0.49194552488941196,0
0.6267567247886588,-0.19666672897289508,0
0.694955200314208,-0.2386469537557745,0
-0.27702101456518724,-0.8486249679340793,0
-0.02569541126489188,0.9980662343222296,0
0.6762299263696273,-0.24177407486825048,0
-0.23037917070098798,-0.7982269598077376,0
-1.1440982774170692,0.33074358674385124,0
-0.8444543907648189,0.6986935446542449,0
-0.4788493359015691,-0.14558494973352026,0
0.4609235972133073,-0.3883060553995066,0
-0.1535376459331398,0.9082431813101776,0
0.8961450515895153,-0.09563676935666747,0
0.7621909628596015,-0.18584257364647308,0
0.914848988324611,1.1199838708434573,0
-3.201417373033115,0.312816617594081,1
-0.738592822762103,1.979324014541073,1
0.7265154792125527,-0.21778319919120315,0
0.9458916748390935,-0.07117957645263297,0
0.8323745722733351,-0.12341883810779648,0
0.08424082254855812,-0.6208742072509442,0
0.9274321094245414,1.2083932668151571,0
0.00503207705024992,2.2053430531654485,0
-0.4440198527752453,0.7147650285632782,0
-1.5399293331086732,0.26888247392492054,0
-4.4856476503520115,-0.4326899301730866,1
0.14034394232577974,1.0997713314879896,0
-0.2912606612083327,-0.8181353240654351,0
2.0496597961354768,1.5954812720025882,1
-0.32135496492613497,0.8113242358001899,0
-2.929564288035566,0.29187152254655785,1
-1.0476452737270756,0.34324507545123134,0
-0.29745236071333164,-0.8543885337320775,0
-0.8947268749651167,0.44477920432047063,0
0.3567793257781294,2.4669540762484305,0
-0.21247009617095522,-0.8068623435749548,0
-0.3653993793462312,1.9907881321370138,0
-0.02256873371640474,0.49583373126073266,0
-1.0021816310192413,-0.8577481606736441,1
0.24816876205588323,-0.4843637384243209,0
-0.05841362457990929,0.9723644372115535,0
0.3954315685702026,0.42035261836744225,0
0.5884890467021202,-0.31080315505379746,0
0.38002363474531925,-0.4297876293724853,0
-0.19418956821102148,2.077134218583067,0
3.0347850704026,-0.7982016661518561,1
-0.2635541761941907,0.8360030808005806,0
0.06813783528110327,1.0432847488224857,0
-0.21071749444484775,-0.8164967926196229,0
1.1920469271723342,1.272289233822508,0
0.8179829717179491,-0.11973180992502062,0
0.3567721808466229,-0.46020099697736117,0
0.4781541022582157,-0.38080665793238716,0
-0.7705622935788797,-0.9632420101726562,0
-1.1771218524818632,0.25171054994042746,0
-0.8122559572407756,0.49889930342383976,0
-0.1426719852717358,0.9232118545954894,0
-1.5516635579221814,0.15951981394923925,0
0.7076423240978175,0.979834362655887,0
-0.2210103002479568,0.9981344414445302,0
-1.4971541256303,0.04556548227797317,0
2.6163294470936878,-1.0725354337820039,0
-0.6784987929875593,-1.124302448057293,0
-1.3798041604282802,0.12416271978950381,0
-0.227761161632477,1.0576413640807856,1
-0.6698805534188357,-1.1145504094347518,0
0.4379722531749128,-0.30107615277359695,0
0.39445680351227125,-0.4297823549944177,0
1.355366980385299,-1.3524225803776466,1
-0.8630309917004717,0.43760449286107855,0
-0.41745405603510766,-0.9371373585569456,0
0.93619447076318,1.9482094577585258,1
-1.5475450593648914,0.010651634373189925,0
-0.02694323067459204,-0.6862242547832589,0
-1.3657006067062583,0.12530603250703648,0
0.013859627254332797,2.219269972903018,0
0.08926232380483408,-0.6252277976572846,0
-0.20496594421627296,0.8682354472094095,0
-1.2797308968529177,0.17289126148854195,0
0.5708863271895985,-0.31686699778165794,0
0.930413228863999,-0.0879180945659961,0
-0.7051580302604009,0.547692646396221,0
0.07834656976537084,0.5680880646737974,0
-0.48870050074080545,-1.0014597069911981,0
0.1802687713020037,-0.5685275977739634,0
-0.6535004557983872,1.8030040074558962,0
0.19860895557576233,0.6383244112843239,0
-0.17923707159327584,-0.806552121419407,0
3.1405299112320244,-0.7511683487407039,1
2.4945914231991226,-1.1720611772535507,0
-0.1494590748304195,0.42809073646162227,0
0.7564176085633214,-0.19385172186313906,0
0.4694209748539468,0.45310335820144904,0
-1.0583123939407761,-1.1065839656081018,0
-0.39837498825700673,1.9456097999709274,0
-1.5154193567447753,0.030870299454828703,0
1.373621803486162,1.3915025737532616,1
1.4925517057959872,0.11707758856941373,1
0.7860893791030497,-0.189970880244855,0
-0.9354050062506765,0.3889829001694553,0
-0.6714116931392544,-0.270372893974792,0
-0.1515009866237911,0.8916138715174763,0
0.8630679744447536,1.2086096707069154,0
-0.31314904742091265,0.7970973199001744,0
-0.4978317085702132,0.6730230791975939,0
0.4003417269271698,-0.4149326961506612,0
0.7261987279437209,0.9695609198395867,0
0.05217985260234357,1.0353691904787294,0
-0.581270361243414,-0.6867463627384223,0
-0.7890681403370039,0.48878305780922443,0
-1.0089644755083031,0.3506305911626421,0
0.0843626592447677,1.1501390796005233,1
0.2859936269257208,-0.5026998367222271,0
-0.08578002371622469,-0.7511238370132848,0
0.5923445366021746,2.565237188884309,1
0.5654779993359967,0.5179151891180873,0
0.6873359794442914,-0.25022788914708133,0
-0.13941008525352466,-0.7770867390355767,0
-1.6905905008807771,0.41160055240370114,1
0.43478372500786794,-0.3848252786977144,0
-0.26647532663576307,2.033034681216015,0
-0.3708008547961197,0.8215212868043736,0
0.36615298462686974,-0.44783506489494057,0
0.869659319083089,-0.13595755169511337,0
-0.5811381169503715,-1.0628567695106903,0
-0.6910945504967694,-1.1319799644016064,0
0.33757981249292635,-0.46998039936538344,0
0.08894670926963251,-0.6299375077118332,0
0.6123641871690214,0.8979273796741213,0
-0.5569185218097831,-0.18587420923418865,0
0.5718002061933011,-0.3039629645727152,0
-5.398575471326266,0.1504409152693333,1
0.623880367340311,-0.296211048108045,0
-0.41176341267045674,-0.9507420431997509,0
-0.6618684486159171,-1.1109234093344755,0
0.8399218529423633,1.0365158608575475,0
0.3124724188334013,-0.4921461280618503,0
-1.8918066416178008,0.29207526892334673,1
0.6437054677423857,-0.28502579014045704,0
-1.1253204797862604,0.2692598488381505,0
0.01870294829686895,1.0098260154334209,0
0.5321287897633714,0.8496619328633699,0
0.006700430773190914,0.1514913920441751,0
-0.13844164322687993,0.9071909787324991,0
0.03826040888678304,-0.6653533784877035,0
-0.39659292530472373,0.7369791030187459,0
0.012687587236262099,-0.6781455714809989,0
0.8123208313083425,-0.1643135426764218,0
0.14375198487706295,0.5894467046747112,0
0.1699247817991435,0.25413867263302475,0
0.7776149008119075,-0.1611622014983683,0
0.4502587812679281,-0.38539250168614336,0
-0.10138696796817888,0.4471741604658341,0
-0.29984840515348,-0.8832399401570451,0
0.5312786674596572,2.5348508386070487,1
0.30731960880034803,0.34422886327376284,0
-0.43222636826080774,-0.555154280068437,0
-0.7731045650533218,0.5042542158038524,0
-1.276116168832082,0.2968278042407078,0
-1.5864006554995254,-0.011933642876069758,0
-0.07386185768380922,0.941615855871024,0
0.966561292866839,1.1318525270129707,0
-0.969830536030517,0.5086776559989588,0
-0.10929610325218878,-0.7679900840877543,0
-1.4435354975696744,-0.5269870967163713,1
-1.3811049716665216,0.28019229895131265,0
0.7876198859966048,-0.1611003522956158,0
-0.5134993886568813,1.851691695121227,0
0.03596629596714782,-0.6678966059116512,0
-0.451792343555318,-0.9688444607583239,0
-1.2143320012673824,0.20058560512934998,0
0.026326479618528333,0.9994407586045398,0
0.24955401302585367,-0.5398755283728757,0
-0.17098198682944174,0.8733514962567467,0
-0.41242633637137477,1.0885466931852845,0
0.7985080107187076,1.0178368261499828,0
-0.5682777208203147,-0.20061406937276194,0
-2.938228061557265,-0.19339831043185113,1
1.0590907835678136,1.170535709553134,0
-0.5545013867684194,1.8356347304738987,0
-0.9584231934877395,0.3780721849163819,0
0.057807760773366475,1.0207494993772843,0
0.5332703938991054,0.48074443858316634,0
-0.5377044775023335,-1.0442058306749455,0
-0.07937711850683518,-0.7392116056585882,0
-0.46464839465034613,0.6881014226417966,0
0.49690963534934546,-0.38148411787818753,0
-0.0967240508271904,-0.7421287281485176,0
0.8311525123069142,-0.16519200331117911,0
0.452385431404881,2.4673525588460645,0
0.17343555630367902,1.0898227163420402,0
-1.3589307757263789,0.1504959874502066,0
-0.4359337589508862,0.7092628615606434,0
0.20648843134520753,0.6297446261704093,0
-0.43501680904927287,-0.9772869285634246,0
1.432555693875683,1.4262853155200885,1
0.18725569582130042,0.3134756136434475,0
0.41409189770119786,2.643764510550257,1
-0.37941454352301535,0.7347518995483017,0
-0.43309293170666724,-0.016569142063127502,0
-0.3787073868641097,0.7346768303158361,0
1.4661663141688084,1.4308576689464247,1
-0.5201984852993556,0.9569069186732858,1
-0.2980621486183141,0.8076818822862198,0
-0.02548438441582724,-0.6979759669009673,0
-0.14748597017589912,2.1392393742950255,0
-1.2352683481722329,0.18539205737938447,0
-0.18127405551144676,-0.8091177846094402,0
-1.4270846719841574,0.07756597847962453,0
0.17847956357399047,1.0975677288489123,0
-0.6160158127582194,0.5930488875189989,0
0.9334801403510267,-0.09942480829073354,0
-0.7475836071549159,-1.17467822778022,0
-0.7526256197222779,0.5109688710850133,0
-0.7020182151614163,1.7402548118371324,0
1.0432407700712822,1.1647389021107337,0
0.5690659882381791,-0.33837995111235086,0
0.8946320369391383,-0.1320316103017637,0
-0.29756780329006666,0.7976729215287884,0
-0.7764480977737837,0.480651313317299,0
-1.5574174099614673,-0.013093539654236838,0
0.7840878822366992,-0.19280534996270285,0
0.01213596139192869,0.9839039123920802,0
-0.5735879366658259,-1.0620422783167374,0
0.09895974654152744,-1.9589105708878474,1
0.45636736050788246,-0.41736538220458685,0
0.5754308220182436,-0.32089785190600995,0
-0.8719731968304086,0.4218001993732308,0
-0.42030185062782505,1.9213077102631895,0
-0.5424715363901157,0.6460831724059782,0
0.09765174712546491,-0.6118862620831821,0
-0.5341537686554833,0.6297412029274649,0
1.3200067686209158,1.3447633693619867,1
-0.15575922097930675,0.8788997234428749,0
-0.7986410992291587,-0.9317849131800233,0
-0.6030246991513979,1.796983632395136,0
-0.05601929510470314,0.9461007544551491,0
-0.27741519149185906,0.8164330319236285,0
-0.8264867994691446,0.4451512992944086,0
0.22589129692235901,2.3324292736393755,0
0.7402623297807804,-0.2360719646630574,0
-0.1703223321467618,-0.8192701845900525,0
-0.5418789747638948,-1.0502346998650451,0
-1.3914643504196489,-1.14491269240191,0
-1.1477825055965667,0.256240162571951,0
0.4835696151223778,-0.38019619825516654,0
0.2049426218144953,-0.5708626896616384,0
-0.11480700026490841,-0.7590812492073651,0
0.7817462772013712,-0.20434323755911735,0
0.8077778963364668,-0.1830421459372448,0
-0.8173026515368843,0.4541669178743542,0
2.6982754993035862,-1.0599908737232877,0
-0.11378358326035852,-0.7593823474704601,0
-0.856807346559658,0.4217342933822134,0
-1.2927095510711901,0.3465173595315942,0
-0.19873459499562404,0.8442016366095982,0
-0.9932129547645719,0.33968538785527175,0
-0.9805478460718103,0.35895001135356025,0
0.7039281043988735,1.1701046699197886,0
-0.10481026459366415,-0.7325154054658097,0
0.9240337374335494,1.0814713181330204,0
-0.11179048091805038,-0.7860409597516927,0
-0.3873118577441673,-0.9413814467588765,0
1.4889028619826659,1.4373678571348851,1
1.9698621576547848,0.17453416744296157,0
0.9042271165787796,-0.13495715339789932,0
0.054161955579132066,-0.6740820188950876,0
-0.06681019395600547,0.09401321218127888,0
-1.4004267756219304,0.08485641646021279,0
-1.422854121359536,0.08134807127689146,0
0.9258193512695438,-0.11469804624288414,0
-0.05371011404940083,-0.7345400547485315,0
0.6812111498994886,-0.2741333410226726,0
0.09084631460940217,0.5438210246143822,0
0.43777928872975397,-0.40724977949901386,0
1.2664381495206245,1.3152450569518088,0
0.5792352398741232,0.5140082905510184,0
-1.1881770479426967,-0.6179669038760494,0
0.44863176726577614,2.4673588854468824,0
0.5553811706801984,-0.34622339229423194,0
0.10776111305812351,1.036737579700744,0
-0.9559323678413235,0.36921983298716105,0
2.1285326942854566,-1.4284509080016694,0
-0.7494479315792538,0.48762828057097546,0
-1.4231889700642069,1.5542761191356191,1
-0.2717942895231753,-0.8823178964252273,0
-0.9956121623850891,-0.8794155533225764,0
-0.33960193763591556,1.9456363896344517,0
-0.8766338005102041,0.4242276714262931,0
1.0917526149978907,1.182792470076459,0
-0.1729566594038981,0.8536431172268227,0
0.3848548773692866,0.7438075181968252,0
-1.5638637227083938,-0.029370002015328762,0
0.17526967699058107,2.276214872061511,0
-0.11942553657487442,-0.7815073401802058,0
-2.156916096408072,0.272095201903549,1
0.07521618180608512,1.0303166936482173,0
-0.11842651004995158,-0.7903425569540725,0
-0.47086213004411265,0.6681128145293628,0
-0.3740142247810064,1.948009829560518,0
-0.0061028356430680095,-0.7212243162952159,0
-0.15092162277518414,2.0689486309172387,0
-0.8016863823076478,-0.37839040359578147,0
0.15252897281044922,0.5853294611064239,0
-0.42459190314685596,-0.9857531153060722,0
-0.6749854105185004,0.549241463627381,0
-0.04760706445397402,-0.5364055132031288,0
-1.093388260840712,0.2761953978470681,0
1.8392697494037098,-1.6055965378959451,0
-1.455257693335941,0.06404180534264013,0
-1.0497646596202854,0.3522731923946631,0
1.106731355692599,-0.39692556301306414,0
0.30865879131429663,1.5343229859827494,0
-0.07990946297043247,0.9092831714978459,0
0.9281805466421986,-0.08350725237017871,0
-0.05041310138377684,-0.7380595285732033,0
1.2582857684831918,1.2928289899026444,0
-1.0308109392275173,0.45036639869040934,0
0.19987465069179405,-0.5869291534001838,0
-1.0479269036825756,0.2994512783452025,0
0.06855942405853298,1.0183955798194886,0
-0.6409832030589462,1.7572000143904223,0
1.0024335382220275,-1.1568728225924305,0
-0.0644011402350884,-0.7583483480042437,0
-0.5466158709688947,0.619341917822373,0
2.0627189315099406,1.4309124232345831,1
-0.5055112994394586,0.6602744823880937,0
0.017861872625194626,0.9751788275857368,0
-1.5356710541404894,-0.010938815457696946,0
-0.17553780171937083,-0.8281083796967704,0
-0.403565950481129,-0.9762129882406531,0
0.5595073637981552,-0.3503477706802379,0
-0.3011059627751611,-0.8997929238080795,0
-0.8627524337624839,1.6090435412184678,0
-2.556567006275547,-1.0606313285655367,1
0.6825268100976093,2.6023426841899377,1
0.1274501753834515,-0.6257483700481024,0
-0.419170766424771,-0.8920981937288092,0
-0.11275714073456916,-0.79322637480537,0
0.9317149975951351,-0.12010671256990578,0
-0.8595303742561433,0.41336724115865314,0
1.88319779422894,0.09329971379057438,0
2.301933921460058,0.36612234311584463,1
-1.0845838624611073,0.28295945375660286,0
-0.02303349924914689,0.9499678748268988,0
-1.356904640530185,-0.1968020787065388,1
-0.17516930118278692,0.8569005729627267,0
-0.7691561278902319,0.4787757370716355,0
0.9270589246860219,-0.1303519440844256,0
-0.7520279876834559,0.48120250328061936,0
1.4263474005216012,1.3937453405595082,1
1.3070254525482465,1.3144820420412346,1
-0.34100579895934574,0.743953847691145,0
-0.8400868576839033,0.4325677430246104,0
-0.21109146718242852,2.264054031244083,0
0.23479785467160152,-0.5675639337575586,0
-0.5735524949906765,0.6035998094166437,0
-0.14009354970312635,-0.7991279244072652,0
-1.288708358824003,0.6425833022880736,1
0.022018656323030385,-0.46964957077185004,0
-0.24731073446677368,0.8010636745172112,0
0.5403594327234322,2.4998872148455304,1
-0.1348100201588914,0.3967474004422981,0
-0.24218129544140404,-0.03732577428216018,0
-0.3574341152939147,1.9445946229407802,0
-0.06315308400263893,0.07689955259203889,0
-0.9059861422583392,-1.1344691809339458,0
-0.21383566835153595,0.8403768161338504,0
-1.5828751524636564,0.6229908148192256,1
-1.5773162389752144,-0.021031289728632014,0
0.3760938364357029,-0.4777020183443651,0
-0.017919652240460486,0.9657055039255326,0
2.1917449290727187,-1.0523784556578455,1
0.33403665692362294,-0.510523529174555,0
-0.876156095306394,0.4077264632060336,0
2.761203758781174,1.8551493777538792,1
0.9701755430846504,-0.09148934643846875,0
0.43194175949710006,2.4296273933625,0
-0.40307473218667994,-0.9805255592758306,0
0.01117403979012383,0.9694068674141959,0
0.1325484071973956,0.5665339520675635,0
-0.38984849480870903,0.707722008362715,0
-1.0674719779797024,-1.1692481992636388,0
-0.30674274416451697,0.7724801272983653,0
-0.8574927391212408,1.7010285869659285,1
-0.5808818975763198,-1.095387492032526,0
0.5666196912857115,2.536455858051558,1
-0.13124911269132394,0.05580060572579302,0
-0.723064629008697,-1.178316576971252,0
-0.6540738857693059,0.5447494905731446,0
0.06096352400788752,1.0021267797256004,0
-0.5106592375891974,0.6448356659770473,0
-0.18676762179538794,-0.005394262100979947,0
-1.8097590889546362,0.045919476097308155,0
0.1967578247789294,1.0921559293804868,0
-0.7466965264244869,0.4778101811192675,0
-0.27263735469323086,0.7852012422658011,0
0.5147134215384215,-0.380631509535361,0
0.25127160729311426,-0.5602712364637236,0
-0.11254598987455566,0.8877368111852956,0
-0.04530446181638901,0.9327429024123023,0
2.9579617677215215,-0.8947253908110991,1
0.2985158264596413,-0.5360124910516514,0
-0.3012966922756442,1.9582959361665508,0
1.334390258629189,-0.26618243594609403,0
-0.20951918255481317,-0.8315191700628364,0
0.7762048481663864,0.9758979669985501,0
-0.6529190807547958,1.7388075222794506,0
-0.015632923097723135,-0.7238347460275715,0
0.9517327724211897,-0.11474198095266792,0
1.3252596654539974,1.3205804856659236,1
-0.5921573057253737,1.7738389597621065,0
-0.21670538172711062,-0.8681067065206439,0
0.3679232766357184,1.5428336532662523,0
-1.6921070987006752,0.03578533707712709,0
0.6726764494601687,1.7546328343409996,0
-0.4000755034306665,0.7029647082711424,0
-0.7240665507463558,0.49667351958302636,0
-0.35645749798531334,-0.9335132632959844,0
0.925238528855808,-0.13711900455947493,0
-0.5774016872500911,1.7839776385257815,0
-4.254933764516982,-1.5625965887344393,1
-0.3283761263870854,-0.9383137265828126,0
0.21609418697417665,1.0924512127292942,0
0.23162113622106803,0.6211725400556679,0
-0.5213143422697116,0.613964913467518,0
-0.8068883006861012,0.43966643275498657,0
-1.4404769710883545,0.03808159565173195,0
0.22949851310380712,1.4593802645285032,0
0.8197937427009437,-0.1976642511900866,0
-1.2564198805638904,0.15298169805222495,0
-0.9718939802280179,-0.511959044413031,0
-0.38324047174505665,0.7127803673387904,0
0.6623795681420076,-0.2742921310721186,0
-1.348327450206678,-0.807270315803606,1
-0.727089284178653,-0.34432902760525236,0
0.6874336104866238,-0.2881756330204858,0
0.40294268472678235,2.4110117350645957,0
-0.9386589382590533,0.34878784198402407,0
0.4344473400005752,-0.45769199260324916,0
0.25190666217349494,-0.5727266780151512,0
-0.6957549874532397,-1.1702870109129242,0
-0.3159479875494212,-0.7117048199361595,0
0.780245093474385,0.9818447711840635,0
-0.5963550156032653,1.7788962796021663,0
0.09680373402519564,1.0286996428549142,0
-0.5724631687404391,-1.0996805164075756,0
-1.1516171467669467,0.2109612054118386,0
-1.0413984959298885,-0.5589551945548341,0
0.5700510554799363,-0.34210067233764574,0
-0.7935764631627028,-1.090168015702252,0
0.5538415509211324,-0.37089273029152847,0
-0.14417794906987677,2.05617400603824,0
-0.06776907795167486,-0.7620308339744849,0
0.5837815442571944,-0.3578921944584837,0
0.7642897120579917,-0.24334998294855317,0
-0.5665272398766917,0.5955297094410199,0
-0.06543295641964539,0.9244661547287215,0
-0.33631100881046505,0.7436934722688423,0
-0.3356072505913926,-0.9427973944904,0
-0.0497897900217664,-0.7512182010177488,0
0.9457170938349695,-0.12041153438852249,0
0.0655857692000912,-0.6728303717146467,0
-0.8424435526029643,1.7570929523628938,1
0.39335424891108856,0.3900852772680888,0
0.14706472535928394,-0.634551142895162,0
1.1122455569256051,1.1871625369661567,0
0.7181423072084828,-0.2689040924776645,0
0.31233145195485856,0.890843785880094,1
-0.15876738488123912,0.8568699737422133,0
0.13244992072601736,-0.6372348181227047,0
1.532776147442136,1.0492914441116743,1
0.6463436252872933,2.5668811336945927,1
-0.2632820817053522,-0.8894918259595762,0
2.5929956034649826,-1.1486933463142632,0
-0.42521273589092573,1.8718429873525477,0
-0.5254551927041062,-1.0691210671260334,0
-0.1702965303411857,0.8369557814834935,0
0.666557192846327,0.8916188928142418,0
-0.3724125809853182,-0.13747589289420395,0
-0.23815583720538608,-0.8775903112563024,0
-0.5625611879111196,-0.2101950400317764,0
-0.38969608725887855,1.0638572286130479,0
-0.05907398778627226,-0.7721614279817224,0
-3.108759111890206,-1.4372945317403751,1
0.9751946689521471,1.094839637557792,0
-0.7337879021977249,0.47145908733370984,0
1.001148433767748,-0.09691632871948376,0
-1.4517847400572172,0.013356698350128185,0
0.0735527106667946,0.9949957825265866,0
-0.062212254864557594,-0.7645661813284461,0
-0.5720290179937627,0.9661604112094019,1
-1.043765490107092,0.2755591226098863,0
-0.1918598065650324,2.027735385900488,0
-0.021682176031546326,1.0323084213437543,0
-0.9162566366376332,0.3557041277468523,0
-0.3267463004333714,0.7416773459059552,0
-2.4711447070601675,-0.6965607718539688,1
-0.8587626452169024,0.3001575068406536,1
1.6468480602545439,-0.07042322867256774,0
-0.8541351555542791,0.3995645314835224,0
-1.2804128583245447,0.14283651158732202,0
0.11472986935942801,-0.6602859376147937,0
-1.9475402643893527,0.6857904707850268,1
0.6195788933063172,-0.33958205073653974,0
1.4716228130032702,1.4039020623920406,1
-0.7384797982696037,-1.2088773120412817,0
0.1823923454333738,-0.6242945412912742,0
0.3750566445507129,0.0660911015072848,1
-0.725670466691553,0.4793067374953827,0
-0.3864677461848644,0.6964459184056627,0
-0.27457701162522724,2.0483404889650445,0
0.2999773045069992,-0.5284178873074175,0
-1.0698289885315022,0.25224227723646203,0
0.0672257518211855,0.14413677470227998,0
-1.2121035983683461,0.1955302322796152,0
-0.17832086925171478,-0.8543382303946547,0
2.812060396914483,1.0633007986371577,1
-0.6748393593549696,0.634353113922133,0
-0.9754013888415888,-0.5118237949065387,0
-0.5706851453118125,0.9718166128843923,0
-0.2235328418161017,0.807396693737599,0
0.005676107264274401,-0.6961554435663261,0
-4.4108207015312555,-1.1164435283007226,1
0.04010965939988768,0.4957220641760302,0
-1.4114735964697336,0.05968243675398175,0
0.18640335979156542,1.0610865614245137,0
-0.41926486916305605,0.8554462191662605,0
2.2518591426454946,0.3066390868334214,1
-0.28079378064118343,-0.531323611363044,0
-1.2296064660249482,0.1566396542509924,0
-0.05737713005767461,0.41923705677789286,0
-0.8419018152533646,-1.017893721170091,0
0.8032972084123553,0.9684172922413002,0
-0.23898479569718933,-0.9000788680786772,0
-0.21924079668741847,-0.8797357331361991,0
0.3078020471700802,0.30947729011496433,0
0.2519200165388336,2.300443183560928,0
-0.5909134823150579,-1.1196139483263436,0
0.25782171334958504,2.3882916464130473,0
-0.8181363505148695,0.41010620094242217,0
0.5253744790531322,-0.17433918492922845,0
-1.099736456767807,0.2363217560697911,0
0.813879860084271,-0.6108736586337125,0
-0.056021070861497956,0.909234718131971,0
-0.6758483590316244,-1.168046962641128,0
-1.568607360792907,-0.05330944078758967,0
-0.654088799819505,0.5215921122139583,0
3.190158334226685,-0.7769399722020901,1
-0.6522146213911802,-1.1473854158560104,0
-0.6892315664771899,-1.1618297853718964,0
-0.7033732330921503,0.5050045040208606,0
-0.524488043434081,0.610586233795516,0
-0.2785880431288818,-0.9165625554455125,0
0.0056454898714054305,0.9438555787627606,0
0.6373987000768344,1.7103218079060594,0
0.7085540376852707,1.7559241915180748,0
2.909591122543459,-0.9512068801693485,1
-0.6015064018915263,0.5808771755095747,0
-0.5222743809648518,-0.6928417204809743,0
1.4477368959331656,1.3778092350896256,1
0.49748241774420976,0.805993503002781,0
0.5769757776646037,0.8180133892977619,0
-0.14455634978890544,-0.8447767985430851,0
0.021490653037224146,0.95406885180434,0
0.06673146337173251,0.13939984260406796,0
-0.17760025156922335,0.8451344468411403,0
0.13146171040104554,0.2972036672030329,0
-0.930864349697957,1.568473037114912,0
0.8846607591364088,-0.1657251423529586,0
0.14171997500462247,1.0241173521443667,0
0.6473700572096428,2.5579884813842164,1
-0.0399842092456121,0.9352583409645093,0
-0.20250530546953568,-0.024336188695872413,0
-0.45509865556065593,0.6452868607390523,0
-1.8016225607096397,0.6317351022872751,1
-0.23793202486761802,0.7827492273249333,0
-2.9636673663836577,-0.17284342147621762,1
-0.20942153274156083,0.935034754786981,0
-0.44801805849764686,-1.0144584401135677,0
-1.4798387999444615,-0.016753133254215364,0
-0.6947107888673026,-1.174211325402763,0
0.7604928026857607,-0.2381104008627635,0
-0.0592820655581815,0.9225995370380552,0
0.9759555797173542,-0.12704726042352676,0
-1.182669664500184,-0.6365671641756071,0
3.5312908132882197,0.6326386256823151,1
-0.42182569050324076,-1.0111991107624867,0
-0.1354786128236943,-0.8282524382133558,0
1.4840409690359087,1.4068292848866113,1
0.5640291310611951,0.8221947780844212,0
0.32480062067227117,0.3157530942482479,0
0.3086200522259964,-0.5431266758879422,0
-0.7175957415883293,0.4989986347487038,0
-0.34408122491253057,0.730078635096875,0
-0.0566437936846871,-0.7907416771363003,0
-0.20823335290046732,-0.8574947174340809,0
0.061288551010513705,-0.6945378836739214,0
-1.3332212098411063,0.2043435170028557,0
0.25367937698221127,0.25190684292921245,0
0.7828446510412118,2.6456838118235835,1
0.543451164428595,-0.3948996389936844,0
0.32442224107500073,0.6538942078760692,0
0.8756541574435157,-0.18763152426383245,0
0.24624305332209395,-0.58857988406048,0
0.7587809755728634,-0.25789993169052466,0
0.013463127845738034,0.46674072194203636,0
1.0656203481370514,1.1323180412883114,0
-0.12687765918985064,-0.8200569079684649,0
0.9302483975739786,-0.15372255655078756,0
-0.5987036984850502,-0.28848521473222954,0
0.5953548302213157,0.4684173111433145,0
0.31667007120262075,-0.5437282951163457,0
-0.06318468256221406,0.4195702919381182,0
0.16462786036692195,-0.6367813378147892,0
-0.7243797993443514,-1.2166921718974757,0
0.8996346917738869,-0.17645299177065826,0
-0.3672389670164892,1.063652323297756,0
0.7937521061217165,-0.23633370460143507,0
-0.1318871968458678,0.8559678833968026,0
-0.849678839715569,-1.2362392550306227,0
-0.8598110957199645,0.38763983579149247,0
-0.8309781482794663,0.40065451533070845,0
1.6011199812436319,-1.8013706393619622,0
-1.2220416290283882,-0.515432321834422,0
0.8434034914322981,1.8311548909319026,0
0.5428336676320363,-0.39727882828197614,0
0.3928456753252422,-0.5073539165959581,0
-0.10074199251064732,0.36080890580407615,1
-0.7225883788659173,-1.208985688529405,0
0.3255844290646219,0.6515119510576296,0
0.9647581317442553,-0.10690963173936176,0
-0.8333535170697003,0.39066535838518307,0
-1.9337927673504383,0.2751946943660762,0
-0.5683277085157267,0.5702722031641474,0
0.04264610844553305,-0.7269911726601963,0
-0.6585019026282356,0.5040715468334491,0
0.06215484110080947,2.16654555591224,0
1.2655079041830166,1.247070687026354,0
-0.8371936705393235,0.4155800909728267,0
0.03156911375418928,-0.5461584046256175,0
0.2362956836286939,-0.5847641770074761,0
-1.350489088623432,0.05827947816265364,0
-0.4892452102547525,-0.10056067654004257,0
0.5013261841220269,-0.4226744443216089,0
0.4047532775812251,-0.48975857851335386,0
-0.25763793610438807,-0.8521655996762174,0
0.28158817460121105,-0.5784120204406682,0
1.6063272602159993,-0.09021607112511708,0
0.4433888801637396,0.7461423844010431,0
0.3304489535629213,2.3630713205810494,0
-1.1073926119236246,-0.5551404965396058,1
-0.3953921807381559,0.6821068027358023,0
0.0014789562007643318,-0.7523349371880891,0
0.2649132314479714,-0.5728791676668459,0
-0.6837808489722246,0.7163137457722687,0
-0.05860049021400345,2.102845016216367,0
-0.5030013037853982,-1.0735310670492002,0
-0.5749144151820476,0.45947695443523423,1
0.6866713043165045,0.8868524137478635,0
-0.1703656023396913,-0.009965272008247114,0
-0.6833402798930707,0.524141794785016,0
-0.6186534336594501,0.5426190310860288,0
-1.0880426931405418,0.24446986158551642,0
0.2036583564358327,-0.6179786047313163,0
0.8202845583641342,1.8065499842136397,0
-0.28797035012415434,0.7407595584148018,0
0.9050558563932334,-0.1541490352644451,0
-0.3782912886731874,0.6832497559583314,0
1.1196440448434126,1.1697346482814053,0
-1.067544953847851,0.2556661957291278,0
-1.0447486790677836,0.2503347294015265,0
-1.3025000881185196,0.25453940654704016,0
-0.06388267607029983,-0.7902608960867307,0
0.4682242939318179,-0.4565994817917319,0
-0.17927890777192074,0.8174891915945749,0
0.35287619812191523,-0.5353487444701053,0
-1.4079392576327956,0.020187812229227147,0
-0.6773537264809608,-1.1978595218515269,0
0.34523121558435615,0.30210901978441335,0
-0.4569390358536698,-1.0511890825618129,0
0.36472255443575907,0.31360904476670665,0
-1.1612898834765308,0.19672068369524875,0
-0.6585586127980053,-1.1867397841472893,0
0.5688184126278579,1.6445159656702293,0
-0.479886939038472,0.6226511174927398,0
-0.27384365363640034,1.9540375494202993,0
-0.42878597457588125,1.0043109029506405,0
-0.5765043315019662,-1.1311292873437384,0
0.08243828887009906,0.13045872645810763,0
0.5726564796792681,-0.38115860271414154,0
-0.44953149977526136,-1.0510659483377625,0
0.7258828473200816,0.8985233939103456,0
-0.12901000019912098,2.0364564742661737,0
0.5768405690653668,2.4837208818349357,1
-0.5503102508140854,-1.1016386588450497,0
0.16158157564903894,2.228580224071651,0
0.11241863445091398,-0.687175136961339,0
-0.032819972279190056,0.4164271640627943,0
-0.2181722511198849,-0.9032764663035887,0
-0.5142726803220328,1.811568546764597,0
-0.44731870743113533,-1.0342164375746483,0
1.2908638683739624,1.2625103615026025,0
0.30803820722904646,2.319959630652801,0
0.46985119939708203,-0.44166732236742084,0
-0.1013369233739927,0.8614748340599897,0
-1.2495879981442084,0.1200817513120254,0
-0.09151315676195358,-0.5361819771402747,0
-1.5073478992670253,-0.050070495163227,0
0.4386434254886963,2.4090153836343284,0
-0.6332907502542273,-1.1592183584991436,0
0.5296618755548985,-0.2676436233779774,0
-1.0362820013717062,0.3262959997103306,0
-0.26322752298829494,-0.9375602028811753,0
-0.18742236262528414,-0.8738229683126825,0
-2.3609186475083384,-0.15461732079993645,0
-0.022638401822817157,0.9073124230604145,0
-5.139873316963914,-0.5171980805131057,1
0.01808750433081694,0.9307608731419937,0
-0.6343052786252635,-1.1689087788380466,0
0.901948297431348,-0.18560655742253124,0
-1.4610075071238882,-0.0006324589940805049,0
0.4221305666476302,-0.45929633772958944,0
0.9459248518097974,-0.16175425596349927,0
-1.3136615481884826,0.09996127081075527,0
0.5688893604640525,-0.3936449111371669,0
0.5492888678767427,-0.40543577953976434,0
0.2700595509996384,0.6167597533697693,0
-0.5701093290916445,0.5526955379135142,0
0.5751643809877459,-0.2623563226200807,0
-2.8055612789039945,0.29906031474909395,1
0.011797271192177194,0.08100431347260938,0
-1.0233399078301308,0.2567340272538641,0
-1.1192193425747832,0.20718197019462015,0
-0.2279398125337673,-0.9079637668543125,0
-0.5263626633989678,0.5848604081301875,0
1.8428408611216547,0.042333144333198104,0
0.4448017012039122,-0.48335295403060147,0
-0.17692001997186388,-0.8744165788952104,0
0.21051485560155597,1.0540041671362788,0
0.12257785491624036,0.9882357650549335,0
-0.36479791193282946,0.6873462431589682,0
-0.2093534432428583,-0.05825330936403957,0
-1.3130100115750178,0.08089743022823802,0
-0.7083319179460782,-0.36971518913671503,0
-0.4592975511279599,0.6377301930432817,0
1.1989790154926845,1.3490478941960637,1
-1.2882659900249471,0.08430171289307607,0
-0.44325628775402753,-0.21642319633826038,0
2.383663213417056,-1.310281137473657,0
-0.9477371119490855,0.3101733443465328,0
-2.8081065934007374,-1.4246065007829782,1
-0.6434165679882913,-1.1820264948760624,0
0.6728870349166726,-0.3280802965075103,0
1.1466564921638145,1.1660807830154434,0
-0.16608073854556119,-0.8743190240483582,0
-0.6500617010238536,-1.1746913271147181,0
0.04938250941308706,2.1536310867600963,0
0.9602336237629072,-0.154060171291909,0
-0.6191552544166213,0.5162499265587146,0
-0.06465228982641663,0.8794631389141426,0
-0.7232446962934435,0.46535562121908264,0
-0.6358321361369228,0.5221481015711885,0
0.46165008758880793,-0.47444930427178933,0
-0.8848689449391464,0.3446116593175536,0
0.6858254386970101,-0.3272059057773496,0
1.273104068556488,1.2539546679079734,0
-0.31039851694841775,1.9410644402877717,0
-0.8894176254344783,0.8314928540746477,1
-0.9350590724069513,0.31036823623745463,0
-0.2074251048318099,0.7870911091455141,0
0.6067076383254993,-0.36594803791500186,0
-0.1426683205174065,-0.863592665076,0
-0.4836198639584865,0.6053255856953734,0
-1.3709875289637699,0.03437782592354908,0
0.6131864828625652,-0.3740397759095193,0
-0.4213632196525669,0.6493893911560652,0
2.1318589667086068,0.5699480097889215,1
-2.0089268208852658,0.38990531282687974,1
-0.24165602285323892,2.098565510840845,0
-1.1265264958801517,0.18434625227903423,0
-0.5771306039173565,0.5554945827250812,0
-0.6065143268808142,-1.161719926259912,0
-0.48023933338211344,0.6136397971194798,0
0.7627640865272319,0.9131596901006342,0
-0.1710155383124424,1.995507839913778,0
-0.6109572021599113,0.5150310303051601,0
0.3959270464981041,0.32610079287565824,0
-0.08835173367129774,2.0601072213245035,0
2.3788626107004798,-1.3320951365725204,0
0.17766486560885658,-0.6595954570604768,0
-0.09509514974416107,2.0849452420132164,0
1.8737126256217689,0.03320478547678488,0
0.5085325430494723,-0.4526221900738669,0
0.22319298646176902,2.27257551781981,0
-0.3863899914023918,-1.0248123839659797,0
0.8058775908638659,-0.25075629699363566,0
0.025255731037085095,0.9246320480995739,0
1.3366993645362752,-1.1494539102192805,0
-0.7003819488016996,-0.38224441674914666,0
-0.051680241587276875,0.3868040176787985,0
-1.4177721899419569,-0.0013576506395286583,0
-1.980314085504781,0.5837615772634508,1
0.5005821461421225,-0.4547475247574159,0
-0.9602266235729815,0.303334654780501,0
0.7054096648213831,-0.3104518847053887,0
0.4463705002546915,0.7148197391381137,0
-0.6300740746980309,1.6970131257538563,0
0.5196874260391727,0.7606600492900146,0
0.28536568542791535,-0.5839307951491722,0
-1.2451728469238852,0.11124836874514614,0
-0.11451172198549583,0.8323522856833984,0
-0.8778502063884062,-1.2232281311812383,0
0.028885099482079686,-0.7627841503414428,0
-0.08935799529829713,0.01444007988335331,0
-0.30341127247190575,1.9203151553055984,0
0.21781326360708034,0.7313628954328668,0
-1.2617584999632208,0.0993684028634692,0
0.3857810506425741,2.364858770255367,0
0.5275994872912676,-0.43466731843423484,0
-1.3033243027894985,0.07533496749201928,0
-0.9646426911110992,0.3011079656136129,0
-0.030583115954674785,0.04008997301696252,0
0.14836342393541618,-0.6757892640324613,0
0.06749121080191577,0.9460253808412357,0
-0.27286336573902364,0.7459543214929419,0
-0.7742523661208279,0.4080769542464248,0
-0.9706168979495201,0.2822229104033727,0
-1.1549718166976455,-1.171066418848365,0
0.0970315677220228,-0.7015848294698348,0
-0.17064947442432976,-0.8731572169526417,0
-0.08889071425484431,-0.8346525495166458,0
0.11953278635511631,0.5058097337598099,0
-0.4123848827961008,0.6455472440140381,0
-0.8016876972467466,0.40316578163509326,0
-0.3390083990402024,0.6913966281804934,0
-0.478244743477011,-1.068694221094286,0
-1.235273138340971,0.11028873005029109,0
3.4241276252570967,0.5409984946831654,1
0.4808153018960999,0.7344776889029545,1
-0.575311063613085,0.5329525186081693,0
-0.5976299053382844,0.5381739159328806,0
0.4073800126374741,-0.48993862347105194,0
0.01621125426573542,0.4280701506966817,0
-1.8609520840370086,0.6852402228797508,1
1.8571315330775555,-1.6432461382234682,0
-1.4124922630145396,-0.004666419967978692,0
-0.32072330356081774,-0.9847078533869589,0
-0.8105359297911257,0.3918248274400648,0
0.757514859147192,2.592925337089223,1
0.06905451607990408,0.9700266792563613,0
-0.15919776180232859,-0.8646187608565922,0
-0.5593713400657941,0.5429973896961516,0
-0.6277442167601838,-1.1627309284252114,0
-3.5223348974147886,0.04782323580903406,1
0.21837025450392955,-0.6419086099644222,0
0.8851401825883414,-0.19188516146447554,0
0.16834714016928692,0.18047078458363297,0
-0.46593249330568365,0.6002509890077387,0
-0.4864969304407311,-0.2505834785753853,0
-1.438703232600377,0.18175116781171952,0
-0.37340199577062255,-1.020153063827519,0
0.4045652395254532,2.354985649448143,0
-0.37781682465359145,-1.0210084983116698,0
-0.0627087475766833,0.8876796144205833,0
0.5298789563341088,2.434796212334387,0
0.14306520032597458,0.9885533922963098,0
0.4195571791533664,0.33110184492070965,0
0.5537564686106782,-0.4177345382226604,0
0.2617382856883955,2.4458570211717685,1
-0.8085925761318414,0.878049843421871,1
-3.6788864123416873,-1.0430224317146433,1
1.574325563871445,1.420856874262053,1
0.8703312021947098,-0.2131216958484514,0
0.5755856275682721,0.4239395752695437,0
-0.7091345760270034,-1.2381346140007894,0
-0.5958011117977446,1.7220675478060925,0
0.8052617091612809,-0.25825388648643116,0
-0.09739323428614989,-0.840243966189887,0
0.7854425895421271,-0.2788826796980395,0
1.0669714432610595,1.0988572768880884,0
0.0748866958868195,0.1291849740977014,0
0.2217002761681694,1.0600639267840168,0
0.22297619290531723,-0.6350529794597783,0
-0.5912392765988023,-1.1512895066617355,0
-0.7093363252948065,0.1487496507754787,1
-0.46503616569542117,0.6065414380344178,0
-0.8884168454135457,0.3328283744545722,0
0.7615258706691794,-0.30077559754375394,0
-1.0941715571265505,0.3361504449797668,0
-0.48101685811901157,2.017098717142383,1
0.9990661132126839,-0.14287417071867609,0
-1.4609374426476598,-0.033678358805460294,0
0.023064236860556427,-0.6054323313976032,0
-0.054211856612226654,0.038622087134234075,0
0.7815641627537951,-0.28964926294099147,0
-0.6624088212623157,0.47971116090697336,0
-0.14342162153523205,0.8113736994243995,0
-0.52382477339983,0.5703481540774529,0
-2.3502336829373696,-1.2463897067109693,1
-0.2587912667134962,-0.9452637237089463,0
3.1418785232701683,0.35282629188089937,1
-0.0001705234875438361,0.4114682177561965,0
1.1913954837755687,2.0156009407348243,1
-0.17967421440789394,0.7790709346307231,0
0.8923150939025011,-0.2126972586748551,0
0.0138564099141679,0.9129322137262689,0
0.5957088597418515,2.4845528650326236,1
-0.03831612022654932,-0.7555664436412765,0
-0.04351008205018663,-0.8087284469308622,0
0.2773614988392458,-0.6118085477490026,0
0.0626240961344131,0.9373316640937143,0
-1.286088465466773,-1.2248604307847533,0
1.1946176616873807,-1.26003131793472,0
0.9061433096800025,-0.20269987528067135,0
0.7847393135964562,2.5910404559394875,1
0.5022855073356856,-0.42125064804600787,0
0.12583301825950627,0.9899795528750058,0
-0.5660736117770042,0.5533699906471772,0
-0.7303598182079508,0.4236900610188921,0
0.3285799834156984,-0.5439266691739658,0
-1.8623044696672646,0.40788649080478817,0
-0.0348309289271573,0.8779123011415332,0
-1.8138713719661277,-0.055430653337990764,0
1.389752702268494,1.2921377378945988,1
-0.6151460814188175,0.5104008293819834,0
2.8723019369465144e-05,-0.7775092895056556,0
-0.5985709795180579,0.51274333688439,0
-1.1313787729415394,0.23107160675909455,0
-0.9820260161976299,0.26244820289319754,0
0.3295351271321281,0.615979333035731,0
-1.2299583836044023,0.26805746559274396,0
1.014423878748343,1.051245466154936,0
0.3916943122647287,-0.5442122906519326,0
-0.8937287598332184,0.3277230657038925,0
-1.0071616962408223,1.2821090788424983,1
0.09512943341386214,0.9748517825401689,0
-3.2224397810207526,-0.04477067658869851,1
-1.8279667196727274,-0.11122849778264877,0
0.621280765408525,-0.3877968845927632,0
-0.16711537280732597,0.8473994813997966,0
-0.009097694528270786,-0.7976972425242495,0
-0.423478743763596,0.9730981587361196,0
-0.9239207249693211,-1.2335080161467045,0
0.10143292978970729,-0.7027125500018759,0
-0.4556640914144278,-1.0665037912536464,0
0.04079599866533704,0.9133804459183773,0
-0.08767655935895938,0.8501494195555285,0
-0.3910584449155187,0.6382849491365457,0
-0.8922750823294627,0.3265734762338432,0
0.295120312488327,0.6089079414299833,0
-0.03823974008908523,2.070269590146439,0
0.4904979503871482,2.403417674475213,0
-0.738047975470252,1.6236515552320714,0
-0.39129797624818835,0.6551264512537844,0
-0.00565318652401022,2.0835819409235987,0
2.3442560918149127,0.3425877134828416,1
-0.09763280708243294,0.8390052701859972,0
-0.8519562848505562,0.3580332813504113,0
-0.44772850670335373,0.7767700681731339,0
-0.5913513855963903,-1.175679743909834,0
-3.3597899288520177,-1.3971555239319302,1
0.38712880770964125,-0.5388453889483414,0
-2.0298284045525836,-0.11812881366258367,0
1.9973611353563632,-1.5891923833041108,0
-0.5112220795977589,-1.1116493173808963,0
0.31514208171019215,-0.5850314615624344,0
-0.3740025665716737,0.7611317888385384,0
-0.6054538621658876,1.7034744774658004,0
1.780816898065951,-1.7184865440319896,0
-0.6412072668717583,-1.2103292645643013,0
-0.7758454152804769,0.4120070285090042,0
0.06515218028355944,-0.7543655195208754,0
1.0159947928750295,-0.1477901453409433,0
0.27045572982549776,0.5768168048089869,0
1.2446089304371684,1.1956568983098181,0
0.48203705969320826,-0.4908123633802932,0
1.0461688625322725,1.0693952296854898,0
-0.8575939873694476,0.3466330442955538,0
-0.4977058419571427,-0.2545465400068083,0
1.6372137623624459,1.4467062277613794,1
-1.1199393676496192,0.17569076813994366,0
0.8434850489274527,-0.2446013703881814,0
0.5369674755244243,0.7472969989796621,0
2.8024472526492588,-0.8932888234052644,1
0.3349228378400672,0.2725687308293531,0
0.16463368048702165,-0.6882093095864915,0
0.6313060285459694,-0.19896623870468688,0
-1.4525677139542386,-0.04989121383777697,0
0.9967142726857527,-0.15219011872340799,0
-0.372050425472555,-1.0143118887459892,0
0.7385289574813849,-0.32240717958833515,0
0.1613233759483811,0.9885313921357898,0
-1.3238955270509625,0.3962030966876256,1
0.14638936933737864,1.3339907194404144,0
2.272923639250311,-1.401917725988098,0
-0.27819897389656134,-0.9744218491537484,0
0.4197814348592322,-0.5283565077939714,0
0.09864490471108482,0.6094391673300088,0
-0.7679170397453972,0.4019424297196778,0
0.2900697406491346,-0.6006723440607137,0
-2.5789808230680067,1.3126473373257428,1
-0.659022202835815,0.47053826639775514,0
-0.9245910874888774,0.2905744675210184,0
0.4803112316733978,0.4062545885539462,0
0.7923486138199549,-0.2719210370083675,0
0.08370650520341873,0.10167675274591147,0
-0.3152834398020014,-1.0072169723898394,0
0.38725787883507407,2.3564301495964703,0
-0.6207216475362624,-1.1933465064265667,0
-0.6843283599051814,0.4572382749680807,0
-0.49978807676055104,-1.122825091961028,0
-0.8306380925703691,0.37377182100917133,0
-2.294027078473247,0.49925276866579277,1
1.0396013842951848,1.065012672225795,0
-0.10593932302366979,-0.8453552053440084,0
1.9472753780330794,0.0500775612214974,0
0.8212400456584567,-0.2686161066653997,0
-0.20331493466365833,-0.08256092010231732,0
-0.679797592301589,0.45710592503725495,0
0.1123249427390972,0.9610804409534571,0
-1.0639609200053324,0.21541608992591965,0
-0.6073714477978025,0.4940059036444588,0
0.09700814302182863,0.4587800953211327,0
-0.6241338969761796,0.4999824463386607,0
0.5204633603651626,2.4100237748440603,0
0.08499924999085083,0.9563687812027667,0
0.01288941507097508,-0.6366571384292387,0
0.1458209072076853,-0.7123409558005709,0
0.10404233708750747,1.646728557887064,1
-0.5905598185330108,-0.3343475040460385,0
0.5775866612939963,-0.3070178243308517,0
-0.8270272929563407,0.3637806487858452,0
-0.021301898834846962,-0.4332977463013099,1
0.1406635890922855,-0.6962487080279733,0
-0.6200705484874218,1.686410231621266,0
-0.2182067209712299,-0.9253717887625247,0
-1.9933388552570506,-0.13675975970373178,0
-0.5372072233117812,-1.1484204648967484,0
0.4605182184018543,-0.5085625763867022,0
0.6130081818830403,0.7885250515806412,0
0.035102817607495874,2.1080702184724167,0
-1.4783683853466454,-0.04133151597940412,0
0.15015970233362785,0.9821689151445324,0
1.9990356941059972,-1.5701099722328478,0
1.2905217072504565,1.2223933115038954,0
0.643494969318055,2.496554577006638,1
0.1845135356069421,2.2261307360655174,0
-1.2676363779836344,0.0773584569747137,0
0.31900252542905505,-0.5920298647951762,0
0.46372517207797087,0.3298173103272219,0
0.9672456751518035,1.0244672489588358,0
-0.47013128695146905,1.7861194050800437,0
-0.3772142458202897,-1.038283527380014,0
0.09758344783870353,0.12554321099784949,0
0.08454145590279495,-0.30591102591988023,1
-1.1281500531411,-0.6713122453665351,0
-0.7516189923956905,0.3904108687536782,0
1.1309060521897354,1.1184677494584367,0
0.8383765266967644,0.9256831237973904,0
-1.8674664272317771,0.02843995093858907,1
0.07673292053296275,2.121297937931663,0
-0.555604599560871,0.5330895629726538,0
-1.4868410583421412,-0.07939471601710386,0
-0.694274705470673,-1.2444328434008523,0
-0.538644753158981,-1.1336809773991074,0
0.1972273068497619,1.3700079129143177,0
3.0898116220002674,0.2948676117358496,1
-1.5343542208141794,-1.093966858668736,1
0.21902910979655482,-0.6700819817924261,0
0.10239376885624858,-0.7053699032465754,0
-0.8955388260764259,1.5191654694103371,0
-0.2245832943566064,-0.9470602788645336,0
-0.8667582081105291,0.3191269799137851,0
-0.6009415809779196,-0.8825985746439923,0
0.581202406618233,-0.4324736951045841,0
0.07325863223221964,0.9412965964344974,0
-0.5779805152568079,0.5195961806263019,0
-0.23235695591676664,-0.9487930692657676,0
-0.8171349081013791,0.36099180632214484,0
2.295222498547127,-1.4062897346916572,0
-1.6047263224742363,-1.1145899393388796,1
0.15765446911808112,-0.7067606677982772,0
0.8461247226591901,-0.27085746695834695,0
-1.5556116492208485,2.1144680559206552,1
0.17490261498409232,0.1432029253067313,0
-0.9726588838993752,0.24952485129661872,0
-0.26131406835004484,0.7063395515466969,0
0.08066832369253128,2.1194296014935667,0
-1.332730480679896,0.028840554190238493,0
-0.7765667304315045,1.5704077440600805,0
-0.091829569535343,0.5806318397760867,0
0.6743530955647152,-0.3588430242008337,0
0.5181391447528104,-0.47857988594637285,0
-0.010669133527706232,0.8658719393351088,0
-1.0851149787599663,0.18800279408382836,0
0.7390073625971081,-0.3406449647299834,0
0.0809250201192832,0.43213938700396565,0
-1.2547452696899943,-0.5376009685753268,0
-1.4402043514740945,0.020265431952870488,0
0.02469639011664968,0.8968512966348502,0
0.1330031863101605,0.965540350574502,0
-0.10100395789296675,2.238595668589106,1
0.972484349514627,1.029225575040495,0
-0.4093897117740526,0.9174821677025257,1
-0.8059169005074222,0.36032442279494475,0
-0.0473092969605984,-0.8360271577605953,0
1.0338973941542604,-0.13988434329937627,0
-0.39982100684767324,0.6223252165730355,0
1.0013070045847279,1.059208087027037,0
-0.34124085775677965,1.8527344484279984,0
-0.4926407919056642,0.5556300841788968,0
0.08611856715175341,-0.7378281464649098,0
0.8147202814975912,-0.2870974653363365,0
0.17747596379206687,0.9972674218956449,0
-0.6617495527232169,0.49464688640203397,0
-1.5595849832391626,1.8931074721416032,1
0.27065603755786993,-0.31807526964206684,1
-0.0774135734887678,0.8186564725207585,0
-0.7327834448664348,0.4137531386661509,0
2.56127026781199,-0.043186397058851876,1
-0.8753006812594273,0.3047248604751965,0
-0.520437034381654,-1.127403761518473,0
0.703647220200585,-0.3659266360196775,0
-0.6541737241314329,-1.2350942707065384,0
-0.580348889739653,-1.1803719619606476,0
-1.1365920422674587,-1.2042178716531666,1
0.5960043895343241,-0.42625834154303405,0
-1.4441978848839925,-0.052699424537414906,0
-1.5629304192637314,0.73944820466861,1
0.16658841151393522,0.12910979731755579,0
0.30707321744777466,-0.6100557383797028,0
-0.1963143252816055,0.7818351449501272,0
-1.4669817129809628,0.33546680762128306,1
0.5778527797662215,0.7484372677826847,0
0.07981226795810493,-0.7583176727011595,0
-0.6739821367080798,0.7348336019969038,0
-0.49111582073823706,0.5621991196216206,0
-0.11230566205317692,-0.8837075300545822,0
0.21407507803556292,-0.6685218548491023,0
0.5906334558864701,-0.42826489270414214,0
-0.24765763052181358,0.7034843543700818,0
0.7088869179484099,-0.358151808893555,0
-0.5517515297583732,0.5175596338047271,0
-1.2666752589420354,0.051303644507543746,0
-1.213831847052353,0.1028293075546705,0
1.0884221117380146,1.0778118452282566,0
0.7718361832393816,2.559155555006923,1
3.2871624173635694,0.4046635468649035,1
0.3762377250235458,2.3157235091011277,0
-0.7273451547379784,-1.266045314390871,0
1.0088405114412855,-0.16515012587320838,0
0.30379317082305324,2.2608458767391313,0
-0.5422139170792089,-1.1596947704951144,0
-0.4492914812605531,0.5757306453791066,0
-0.5638253703244401,0.505910047655289,0
0.6724861467769908,-0.7842920596294563,0
0.9971845368999235,1.0280529594198393,0
1.8721088598489821,-1.6870002515951232,0
-0.7860200241682751,1.56266057455359,0
0.5275311027858322,2.3987609941436148,0
1.0459963835353554,1.0438373310191977,0
-1.8603911371016078,0.8187706185345668,1
-1.3898894836482134,-0.012771522360649898,0
-0.339801598382706,0.7657622678825083,0
-1.2430374896891723,0.08783835331182598,0
-1.5299957329539011,2.215434169199534,1
-1.226196527409054,0.08150815496911394,0
0.4902597626909544,0.8365427314084911,1
1.2482573090126405,1.1871935087996113,0
0.29822648901710447,-0.6149683620873806,0
0.590506319882881,2.442203043301657,1
2.041677781905836,-0.7451294318578969,0
0.7864805474412313,-0.31431064478733667,0
-1.1414781846789746,0.1373417287327035,0
0.21437979675222074,-0.6281999310906095,0
-0.05824603789416725,0.8337017291291119,0
-0.7190910353446175,0.41053780440205817,0
-0.3997084037406137,0.6072308532200559,0
-0.43062060991314427,0.6111429998733349,0
-0.1380901151366425,0.8037449644150555,0
-0.8854049661760446,0.2977011481333664,0
-0.5916096512345885,-1.1960108685301218,0
0.44928260417725313,-0.5321498342224369,0
0.7046467274542154,-0.3713500233506567,0
-0.019068160303088437,-0.8302321871718056,0
1.3768790240788487,1.2662284035144513,1
0.5780833785069247,-0.33862765506981934,0
0.9056315757685824,-0.23653585726733314,0
-0.5009290130435172,-1.0957028469019117,0
-0.8299669522388139,0.3314644566589789,0
1.6183064169624635,1.4332524635085486,1
0.6992793423217086,0.8226283575024596,0
0.8286786015871794,-0.29228318327920844,0
-0.6397139608592323,-1.2218631242517373,0
1.5353459251594566,-0.22944761071951789,0
-0.015727582844308023,-0.8307286785130468,0
1.7879374890715727,0.17480829525455266,1
-0.6313415717414073,-0.36462999910829225,0
-0.6204653995263999,-0.3717775646345828,0
1.6171897892118552,1.4235464877161237,1
1.1156050983525376,1.0856393058503564,0
0.48882525059034104,0.7112314675698441,0
-0.6412474944097607,-1.2316326181460437,0
-1.2713724840389176,0.06253015273581213,0
-2.77822318483319,1.795150957527309,1
-0.0841825677650876,-0.8682118842840987,0
0.6600043085664266,-0.3715406537964596,0
-0.4061679754801996,2.208552865836659,1
1.0221773375611807,1.044534156524716,0
1.0108409229950486,-0.16152499935851194,0
-4.9393233358062,-0.49694401410962075,1
0.5180496397777186,0.7060567234893671,0
0.9244189328149262,0.9595687688294584,0
0.033699437755680024,-0.7987038204944031,0
-0.0609693401079587,2.0252494155608685,0
-0.6228624955945334,0.46520008506544924,0
0.3542125364513435,-0.5933081357524791,0
1.5120934187539494,1.3448966665865143,1
-1.323312481067412,0.07067213889500244,0
-1.1627479127826137,0.1124701331076519,0
-1.417995783385033,0.10834302809773642,0
0.06764366046521715,0.9009564458897107,0
-0.2200103967567368,2.1396987007783705,1
0.5620845194199114,2.4156019557246338,1
-0.8740697310179028,0.30411955704026644,0
-0.25599780984113146,-0.9659227461763555,0
0.6025319570161157,-0.41697784467724663,0
-0.18844027425802357,0.7394071366378429,0
0.443746641833386,-0.8083879951429661,0
0.47576579899048915,0.6892560360272432,0
1.6647214623670397,1.436667898459972,1
-0.34179819581420273,0.6372576174453642,0
0.6362421401313572,0.7831370471307278,0
0.11316992454256074,0.4942353794744762,0
-2.1271691522316583,-1.3912409553290352,1
-0.17246706896530137,-0.9192575351495614,0
0.08628545404960432,-0.7666546925026865,0
-0.4939664973819404,-0.3037902012352119,0
0.9298262169635552,-0.22879807142209935,0
0.14939794396549083,0.9553329790570778,0
1.5200194647666447,1.3701415799501644,1
-0.06966811488891077,0.9043477182973533,0
-0.5914223569741701,-1.0795730436040634,0
0.746993988830488,-0.3268163713241979,0
-1.4870421351162793,-0.09606095166073343,0
0.5258196987210609,-0.4913945802874125,0
-0.08762767172532557,-0.8637711355955145,0
0.9996857682653659,-0.19283755508650932,0
-1.1514348601654192,0.11154301706719154,0
-1.1215085516921133,0.14215069926520274,0
0.18489351504313917,0.9858751278754069,0
1.6692920787983418,1.435444766964365,1
-0.4417013923065912,-1.0053969320104272,0
-0.48599272831939805,1.7913787647154789,0
-0.03502268375016258,0.8300189991530212,0
1.7213243568743368,1.4691462131708932,1
-0.3926302772975207,-1.0767051720200216,0
-0.8608488847482976,0.30311748722689774,0
1.1789778630789645,1.9724558647937338,1
-1.259260824730103,0.2945134947773708,0
0.2722167877147206,2.368056903604865,0
2.7055997259269895,-1.1599980412110344,0
-1.2637183661845628,0.04959023281195638,0
-0.08502579410382015,0.8041516629324447,0
-0.45000138838030684,-0.8596337474274706,0
0.20267415208816467,2.174027206842478,0
-0.6605421820691417,0.4722241568430889,0
-1.2723103474922741,-0.9416256116509922,1
0.3933273860459337,0.28164779928289835,0
0.4011976261217582,-0.5648544744943581,0
0.6247598963107612,-0.4176130781613873,0
-0.4372035833059634,0.5667865902788874,0
-0.04237653760728497,-0.859253367948726,0
0.31661434232436103,-0.6303861308640546,0
-0.48405513267390216,0.5506610509543929,0
0.40633102779585667,-0.5646207963128569,0
0.09622726052857432,0.44415761742735843,0
0.017516178763377112,0.03187741781262613,0
0.8370667532097118,0.9925067171405864,0
-0.8028083266468953,0.7891760378645137,1
0.1412924053202504,0.9503504712681085,0
-3.871776531808062,-1.1036928503029846,1
0.3535379025238308,0.5873705475843073,0
2.9333688600859578,-1.022748407515508,1
-2.053193320914677,-1.4803858371083725,1
-1.138188654132656,0.11889240464526872,0
0.327681813862275,0.2177217554184524,0
-0.961585302958732,0.23274828949832105,0
-0.8816178284515712,1.5100734695471778,0
-0.21140600806841667,0.721527885266202,0
-0.46989853896192607,1.7381695807617712,0
-1.3997328020142155,-0.05220201213674149,0
-1.3887112395199366,0.21949533406675248,0
1.0604913194450345,-0.15292522147959792,0
2.439835781942,0.009448672976169453,1
0.5957353507970208,-0.4330334631588831,0
-0.2596872075185451,0.6786792787658035,0
1.3230842958274078,1.2129423160324995,0
0.2249045521421932,0.5140307463039279,0
0.5308402028597823,1.5388585920135507,0
-1.3295456350263886,0.0012348409562292593,0
-0.46924614558988886,0.5504493703163857,0
0.4784118331141232,2.352066915789666,0
0.037619341103552285,0.8714604774016984,0
-0.3074892612203306,0.6619519024101227,0
-0.8618306974081102,0.63535624699029,1
0.31370596751095925,2.2394752579139454,0
-0.8364977110503542,1.5152111067947043,0
0.4307151168059728,2.318111974473399,0
-2.838931888374402,0.4936446781706721,1
-0.21178121198817,-0.11934550809728785,0
1.0411734344287273,-0.17494011895379014,0
0.5846129650730538,0.3851884137315867,0
0.5506951103155092,2.3969271037937943,0
-1.4381067209887388,-0.04272438771201994,0
2.658577109125134,-1.21566411305225,0
0.552001822165118,0.7190585031152812,0
0.9066389984591376,-0.248264942078434,0
-0.9305149825585037,0.21418259686854413,1
-0.1113049674685441,-0.9089038798860458,0
0.2134916907066871,-0.47612926731546795,0
-1.427359566131641,-0.06786645873441817,0
1.014847737488935,-0.18866965659767293,0
0.6657678712921623,-0.407496488755529,0
-2.426826466381637,0.38079612228045284,1
0.06785921139458222,-0.7863102438790854,0
-1.2653379557479902,0.04349359716159127,0
-0.05332766926299778,-0.8572358692170805,0
-1.1295850620198375,0.12498603573011906,0
-0.15591974725920313,-0.9427548872597188,0
-0.2599149914712494,0.8062349940431833,0
-0.9924979870826461,0.21530355168928006,0
0.0638917450886863,0.051342194463572445,0
-1.333407357170127,0.76439273105608,1
-2.3290646355755804,1.4484642147925986,1
-0.3917092329572189,-1.0750725815361513,0
-0.5102183702951479,0.29399845275121755,1
-0.4700079695616195,-1.1307507293404102,0
-1.7913887687352859,-0.11616915701453946,0
0.7648610634729254,-0.350295459945689,0
0.8745526059234956,-0.27268222032898004,0
-0.6976858248512093,-1.2790761817637482,0
1.6437880100208326,-0.08704227850520864,0
0.4186864561270358,2.3043669706028878,0
-0.44778945373066553,-1.1280054358292295,0
1.1220608836158343,1.090795668365584,0
-0.5222607571006327,0.5208326554934593,0
-0.6754159338229639,0.41898823888701314,0
-1.0830760174014673,0.7227422463575749,1
0.4471049184816022,-0.4257611943540007,0
0.4876641005991153,-0.5242316990660484,0
0.28680757330985546,2.231263928150489,0
-1.0396130779109989,0.19749258108146106,0
-0.22815307164133355,0.10948645597505395,0
-0.19511809395484747,-0.9684385232249542,0
-0.5977377563440102,0.4562313742644902,0
0.42244032413106175,-0.5608569932369198,0
-0.17446938969563372,0.29966627720831457,0
-1.323456120337262,0.5109406249579614,0
-0.07050319060520177,-0.8802040262903857,0
0.5388931034195528,-0.4999142743245972,0
0.6584010992235242,-0.41209222782747534,0
-0.1900573837338295,0.7181079553335196,0
0.2293076398751563,-0.6693406495429862,0
0.7738494166377894,-0.3512111403151224,0
-0.6580545230414967,0.43741449744524913,0
0.9028825323040164,0.9422112916458867,0
0.6332751276742868,2.4481388841536784,1
1.194396725224155,1.1171405895592903,0
-1.070555957612286,0.14765831645306993,0
0.7862344488373691,2.5583010546689393,1
-0.27178017815720396,-1.0078119606343714,0
-1.1632948671515604,0.09840192847030042,0
-0.24974194930005805,0.6905827824846172,0
1.0421888238803538,-0.17183068406179103,0
-0.023476474708692567,-0.8483620603101824,0
-0.4874970084806099,-1.1456932722129982,0
0.8199787724802887,0.8762956900538688,0
-1.2564790543943887,0.03137706402205263,0
0.3394722101066746,-0.6191660410805235,0
-0.9161633680010681,0.257307618840335,0
-1.1043684577456114,0.1326967149912467,0
-0.7249217194683637,-1.0952826662057555,0
-2.2959304181918867,-1.204028509743768,1
2.4414307852322503,0.3268935861366548,1
-0.5185811913216432,0.5091152766510921,0
0.5900996954570918,0.7271778462937005,0
-0.18138665710093807,-0.9345099564160511,0
1.0092106717217402,0.9999661817222217,0
-2.208443381677499,0.14673047253081312,1
1.0873135527668922,1.0639620834352959,0
-0.004620772978936559,-0.85566496256891,0
0.8651798380200618,-0.6807515370542844,0
0.32042465153549843,-0.6407741351066722,0
2.4549531875128006,0.3367529726106097,1
-0.33368340587021483,-1.054289839694222,0
0.17988229204972292,2.16729396528002,0
1.1985737485143133,-1.706995890188167,1
-0.8925143370942765,0.2766918340779652,0
0.12126372333366299,0.08009869899447901,0
-0.7382078705027019,0.8315244294681491,1
-0.13616184608211138,0.7488941264030345,0
-0.3395605294844179,0.6481080211427053,0
-0.2762600013668591,0.16729254665341864,1
0.7491972664678566,2.514697622945058,1
-0.3661351729854963,1.8131727370247963,0
-0.49601976653832586,0.528059575372166,0
0.18015602004595804,0.9620896403504927,0
-0.7576364279634276,-0.4815770081334019,0
0.3852570972369374,-0.5975061480079622,0
0.4349757724327952,-0.5725961911689935,0
0.11292501840361445,0.0690181831863864,0
1.7169880180038641,0.23948966225605572,1
0.275659465444339,-0.6668488904905401,0
0.8609262727635183,-0.2902354107071093,0
0.696480983557434,2.48823410979903,1
-0.6876727532003772,0.3933875128752345,0
2.072294581055124,-1.5931337856884313,0
-0.8308944150370032,-1.2454169700491449,0
-0.22859359248902117,0.6896002593313767,0
0.6143351374694835,0.7800417795013438,0
-0.3246261245699256,1.8267476306935857,0
0.5833934964233454,0.7315787695556898,0
-3.546560082474125,1.4489555841878774,1
0.9057744416013019,2.615143909203775,1
-0.5064529463312263,-1.0920676597611665,0
-0.49963541182710214,-1.169539273274279,0
0.07935479237181646,0.04501466477741232,0
0.5160323768393251,-0.5183259536006932,0
-0.26958845667709463,-0.1738827573354108,0
0.26936517131456256,-0.6780749500265081,0
1.6857896859335701,1.4302186961454135,1
0.5947700473062973,-0.4718425692436605,0
1.3685977087150474,1.3991362076179483,1
0.7139632884230271,0.802654276206838,0
-0.8403342343179616,0.28997303459908547,0
0.7556974727931587,0.8436827660692776,0
-0.6794392746836991,0.41014886295205916,0
-0.7734405765231357,0.3347433169072331,0
-1.2035555143089918,0.07743067121616558,0
-1.1372712147775361,0.10486450038907301,0
-0.7202176236605634,0.3687175739645137,0
0.24194239068613388,-0.692063039355415,0
-0.022908884511855056,0.8145891780289417,0
-0.6282057262303592,-0.4041555429995686,0
-0.5420754078766904,0.4913383165555804,0
-0.2366744195499105,1.8814285474569783,0
-0.5165546111469617,-1.1827497185029767,0
-0.11365239603117354,-0.9123394807614045,0
0.23911893002819623,-0.6844198300537794,0
-1.5983857183204775,-0.7616337870024096,0
-0.2540228634761433,-0.9949924564001158,0
1.0927531032471003,-0.15383003297648473,0
0.3908917837022952,-0.5919562519227052,0
-0.9870420219426281,0.1961788485451016,0
-2.4714408083328383,0.048349277569000516,1
-0.2568459211496828,0.917170589001974,1
-0.7085641354882452,0.37774379376592176,0
0.514437124455841,2.3694361329977216,0
0.4679563956202846,-0.5546237881470343,0
0.9505408655458236,-0.24593384663141654,0
-1.3776160671385371,-0.055657931127562364,0
0.09999121713497335,-0.785223931092497,0
0.6616921879850217,-0.4209140592637703,0
0.8477137222827206,-0.30553185326365373,0
-0.11910786111424503,0.7543557332261129,0
-0.5864005924793393,-1.2212674905091283,0
1.294002212996858,-0.4218693440266667,0
0.5960194688381671,2.4158044941198047,1
-1.2108092449041592,0.04744375606268673,0
-1.0882914210516035,0.14443757920542355,0
-0.8088939108904395,-0.5299977155660281,0
-0.5753698604263434,0.5796431120304091,0
-1.9162049530502874,0.15743714862325592,1
0.09563730180631023,0.8908093438732066,0
0.6723823081852133,-1.2952123617019196,1
-2.88034247859445,0.14096896341268828,1
-1.0510472798602666,0.14947211695992013,0
-0.7290887425708608,0.3552708317460644,0
-1.3372482628267894,-0.03372651037571025,0
1.0182680655688714,-0.20259044392156927,0
-0.5528153425528117,-1.2000952194497048,0
0.4912445023492022,0.3031451525770223,0
1.706660084839481,-0.1426306281019735,0
-1.109485170242594,0.1312157114220307,0
0.7636449669956037,-0.3551125703465757,0
-0.20237934665147825,-0.1340002514640816,0
1.0196113137255638,1.0709206480363198,0
-0.545352290718845,-1.1908847982057311,0
-0.6705407457200103,-1.2884683168349518,0
-0.4396439595244556,1.7419245905905696,0
0.18549098477755005,0.9465112735796458,0
0.21840580375214158,0.9688610620264576,0
0.41292596202774307,0.6119851921951821,0
-0.22836155387909696,0.6827802819759085,0
-0.507695995033164,0.8143948236412503,1
-1.021197330651492,0.17842288620606395,0
0.2934888885943068,-0.6630972289593053,0
1.4748312181893362,-0.3100203829460579,0
1.4653748871033385,1.2771499325281215,1
-0.007876858431696021,0.8290957693293187,0
-0.6912044748166826,0.5941971305585892,0
2.8185722302593548,0.08299217530715484,1
-0.5349958745922585,0.5102156210708283,1
0.13849883089026793,-0.7657696270871241,0
0.5100653561471984,0.3126235327829146,0
-0.4932634714678735,0.5454787075121512,0
-0.14463017776569076,-0.9485916250889649,0
0.21772438720827647,0.9672947737605778,0
-1.2615694813427132,0.009914319536634278,0
-1.4262044336340884,-0.0849658985365221,0
3.0107027198268725,-1.0056666985169278,1
0.8621866218727885,2.600459456148385,1
0.19564992323340152,0.954761363371421,0
-0.57357236581991,-1.2237004442437351,0
3.276114446152546,1.1995270289146787,1
-0.9215895993570088,0.22662347927814508,0
-0.24130001176090488,0.6787067290819587,0
-1.2944365680745857,-0.5821294276571224,0
0.2761640674196066,-0.6154683986191472,0
0.043154895696048974,0.8437558868003799,0
-0.6821912911127278,0.4456176636654862,0
-0.8407106696637543,1.7911664749266036,1
0.44867150974206066,-0.5546986264899822,0
-0.1996506843334961,0.6931256346802038,0
-1.2977963948921867,-0.005780749897193866,0
-0.6649895171164563,0.3955021676097333,0
0.4739498544607241,0.3051102224991416,0
0.954738765573925,-0.19923050278158516,0
-1.1823624120641778,0.08114638306785409,0
2.744289626913689,-1.1786911854802296,0
-0.45814489191461805,-1.1553889826633263,0
0.6203242361638487,-0.4683764636383305,0
1.038371192582854,-0.19565883362433345,0
1.0343578719435746,-0.20507490278924406,0
0.1793429946834701,-0.7536670985489647,0
-0.2037168446988032,-0.9863841949207653,0
-0.9338487690665015,-0.6247737188995774,0
0.44307813272009094,-0.583061510840992,0
0.007797280798236085,0.8279190470424996,0
-1.2478808056889454,0.3228419408631908,0
0.7606728908163143,-0.37811045281223754,0
0.031778656880958635,-0.8116420873116814,0
-1.3990512293504649,-0.06641886741070825,0
-1.3498962043910516,-0.032881574799393486,0
0.7211964026154392,-0.3844905504127159,0
-0.6079596724694543,-1.0750266947499756,0
0.12737592519834307,-0.7801078689288279,0
0.1679340948756592,0.9299131140429843,0
0.17434691006914643,-0.7557079436068218,0
-0.7448541324271876,-0.5013221844087682,0
0.1492024162982446,0.9180718058759977,0
-0.6190690488611899,-1.25153192673957,0
-1.1611098087267413,0.09961706178974065,0
0.5394295545668683,-0.517564995933941,0
-0.7865738136134545,0.3307612861134685,0
-0.24192563648721185,0.6663334286160821,0
-0.5973569817647632,0.4291124879430494,0
0.10053834417472009,0.8751648664248916,0
-0.6551684926644933,-1.2838113583529636,0
0.0845752405609995,2.0680773523330815,0
-0.9093950185680786,2.1953713714232035,1
-0.7825779333873502,0.3220170404042612,0
0.4060808944094245,0.5871175746604046,0
0.28984367827919544,-0.6610634820167945,0
-0.16082736161364997,-0.956360818371613,0
-1.4649958715242053,1.4219215330952109,1
1.634320841688138,1.3750932655113828,1
0.045142855094729824,-0.8206956970816373,0
1.2815042208483156,1.1643189232192357,0
-0.33686966961697007,-0.24058753054258428,0
0.7168084016034751,2.4683588166734216,1
-0.8366858518294316,0.27800648508632825,0
0.6946789531241091,-0.41722960001134646,0
0.08553557336993577,0.9498355352785969,0
0.6641074691721418,-0.44820979176065245,0
-0.16221949239051417,-0.9488651549593216,0
0.9052274872323552,2.6010757045664237,1
-0.07432367287450008,-0.9182300853505942,0
-0.4719965328012734,-1.1705999856850573,0
1.6413273541646225,1.3836857038565302,1
0.933222873403107,-0.6702337806904796,0
-1.3470955799106197,-0.035928249958110635,0
-0.5497468562996898,0.4601292958965815,0
0.03834062243339335,2.250530173050258,1
-1.0317257843041299,0.15125739913531328,0
-1.2822413214166763,-0.0002732980467822956,0
-1.169267685905329,0.08655319942493377,0
-0.5674267459689208,0.4656918478300969,0
2.068047224088596,-1.609502452437343,0
-0.20600282299830816,-1.0003815261891111,0
0.31194172616353727,0.5353627389123417,0
-0.2736824139779237,0.6407781120260712,0
-1.4609673812224664,-0.11527522988517515,0
-0.8392277045287608,-0.4325902455722359,0
-0.7468658028575552,-0.5057418723762452,0
-0.054709293868997776,1.9912866912541916,0
-0.8853964573885573,0.2508735993679631,0
-0.9618475259026077,-1.2992476769173469,0
-0.09471425109981627,-0.9319694159990387,0
0.9482306975203412,-0.2416560077451764,0
-0.15664716745728352,-0.9328748652005131,0
0.8275771158997215,-0.7231018836177102,0
-0.38082626816843,0.57116938651038,0
-0.5294830726313834,-0.3688864125131673,0
-0.8809746784391368,0.2421028374887677,0
-1.04598189147348,0.13845269198598031,0
-0.5171722388347968,-0.3585717849882486,0
-0.48187259228008694,0.5030380827006038,0
-0.1243472404377735,0.7403952490515108,0
0.3676359390579518,1.3984345620804806,0
1.6306792113785484,-0.2181858009252003,0
-0.10586230797513355,-0.9348561465719313,0
-1.4254088367802764,-1.0401430637277977,1
-0.8406512052304211,0.430401157845211,0
-0.5092028178334328,-1.1795591449294722,0
-0.11949666397318966,1.9360218021042799,0
0.5438592458419429,2.3593854706110897,0
-0.371992138596484,-1.0020906844106507,0
0.3126550788755114,0.5241988880741297,0
-0.3222467374511398,0.6830989902305303,0
0.7782430233014922,-0.36531946690943906,0
-1.0126130712435562,0.17692700682433782,0
-0.3018255949842792,0.616230370546611,0
-0.4640040967553028,1.7521046219285534,0
-0.9000706902376987,-0.5928181676940361,0
-1.13975697709456,0.07877135032362396,0
-0.10412104747008477,-0.0796387620637062,0
0.29209105587384554,-0.6839973845423459,0
3.7509831107450293,0.6578159877730626,1
0.19853347947025812,0.9357931646715837,0
0.137524445850272,1.2481844555461394,0
-0.09907500551466651,0.7421433246381567,0
-1.1406469541734587,0.07799592618766642,0
-0.6532875738263366,1.60036714590478,0
-0.6209981603948467,1.6051952275214387,0
-0.4441914723441549,-1.1628605571733581,0
0.3783329173907494,0.5586996557783529,0
-0.5616006759575617,-1.2332106307310406,0
-0.9994148921566638,0.16867074262327175,0
0.5404454788486727,-0.5078445694352653,0
0.28902797019679516,-0.6943655324781334,0
-1.8205847512704185,-0.1943987880211924,1
-1.4042587795730914,-0.08506592000009817,0
0.08393992814507116,0.8560620086030833,0
1.1080086198707584,1.2616372615006168,1
0.1397489139817084,0.8905216677092501,0
-0.16672138412046866,0.7130395041758896,0
-1.7416012572996635,0.6385567090464976,1
-0.020503303986160272,0.7961263767304189,0
0.31491923075292255,0.17379288720052488,0
0.261115757397101,0.9695480919399854,0
-2.331200809593572,1.5347723583820194,1
-1.068199293061776,0.30503595616293117,0
-1.2091115209492833,0.030792600918018314,0
0.291198772513859,0.9911922248725739,0
-0.8409236833442187,0.687916997570457,1
-0.008861246952286926,0.3236159866175237,0
-0.37300253606254746,-1.1104593356841663,0
0.47724613621026,0.6327512607199863,0
3.250415237796975,1.1736447512703359,1
0.7089937655081757,-0.790127684888345,0
-1.1456399764588945,0.09201090426829965,0
0.3264045623680661,0.5396983334811,0
0.5525533501728996,0.6873338013032939,0
-0.5534482126457287,0.5623024743005229,1
-0.5553114849792011,0.4429817150219278,0
-0.7414596742178343,0.32739740358558284,0
0.8332607049080378,-0.7369818562272976,0
-0.4026804959649622,-1.124699610718687,0
0.021767354008025964,-0.6506029069227258,0
0.09682824091571383,0.8816973355116905,0
-0.7556129279942286,0.3160708371321718,0
0.6586185814467963,0.3808930486986765,0
-0.13851630879580412,-0.753807604379111,0
-0.17194470833815026,0.6922579536910994,0
-1.1191958307925776,0.8410568526834848,1
1.023598236848545,-0.22849823794888005,0
0.3253158563336779,1.1306597629900474,1
0.9095132347954114,0.8971855199488111,0
0.15628565461755228,-0.7617204491560956,0
-0.04709653881659467,0.2894572709658992,0
1.2196082705364402,1.2229789080289144,1
-0.8467121729909833,0.29247266051639537,0
-0.31526755545655927,-1.0778999452563727,0
-0.656602781720306,-1.3042600462888634,0
0.5853429584153215,0.333687965303006,0
-0.6511364551164324,-0.9637947878648623,0
2.0298022481137776,0.02727549952927592,0
-0.17081052919410178,0.708577513665788,0
1.6199729255640105,-1.8961181768869697,0
0.46793867172795334,0.619695060622383,0
0.6513056221567737,0.7346728248309286,0
1.7179056973599665,1.4198770223839958,1
1.0274480117581857,-0.2120391538470547,0
0.7187208216885482,-0.4160048022336367,0
-0.029142389432221437,1.977328311613881,0
-0.9768121144319277,0.19295259026691525,0
-0.5198086502225455,-1.214901205999104,0
-0.9759841432560261,-0.6634272311297369,0
0.12802691213118492,2.096753704793977,0
0.8241117004914461,-0.348217027805469,0
0.44723308087088803,-0.597418800772625,0
-4.556152405968398,0.22214212255844268,1
0.8094639970969215,-0.3594361178315769,0
0.7074713151571593,-0.4273459873477796,0
0.610787800955154,-0.4944469732808403,0
0.26407370548402004,-0.5386491406587947,0
-1.2158507553191455,-1.069178317156797,1
-0.13574112155542298,-0.9744142236169084,0
-0.7174331040654311,1.5313681873681597,0
-0.46305550854900795,0.5052035366944951,0
0.21603570483664836,-0.7468288997004483,0
1.0567767584522278,-0.20930742674425898,0
0.31159337249106117,-0.662747233901684,0
-2.0296549524830994,-0.20435632124144376,0
-1.234827533375293,0.02120753935579515,0
1.0289417031713863,-0.22262709340995038,0
-1.0905217129591673,0.09528985639007041,0
-0.7415450805072328,0.32263136274179577,0
-0.7416573071754676,0.33123607120753445,0
0.5657671405414764,-0.49396399591225376,0
-0.296089782335938,0.6254816432072662,0
-1.281704866356303,-0.021427179658676538,0
0.93956120245939,-0.2891638477741678,0
0.5093632855060207,-0.5552023471098876,0
0.6160679881954432,0.708769987652703,0
-0.38833643959232256,0.5499778102092489,0
-0.05484741626630248,1.9704870557049257,0
0.11855206322257929,0.032095687498080706,0
-0.767428501146382,-1.1422807713073488,0
-0.1539097434840062,0.7073134651422438,0
-0.507043852721182,0.47044252217345545,0
-1.0019373379001892,0.7173399407759119,1
0.021476597909176505,-0.8743273685719937,0
0.1899136177243521,-0.7703374802077528,0
-1.3911555992340818,-0.08285696951901413,0
0.2851336198809793,-0.48590340055947406,0
-1.3436890303798823,-0.06709475027170232,0
-0.315682956058499,-0.9435790955844473,0
-0.17943873488281076,0.7026013304369928,0
0.2769486422143717,0.9724471424817708,0
-1.1569704667119403,0.0568326504152095,0
1.0020872541153216,-0.23780825557976723,0
-0.9735009322617821,0.17173463951761403,0
-1.1268855515288216,0.17441380120472938,0
0.5911977011150668,-0.509801029798085,0
-0.1269052116005293,0.7099652973564038,0
0.6757374554455,0.3853590933800172,0
-0.2043253978616947,0.6805606357828197,0
0.6338963942418318,-0.47752161130102305,0
0.6898389242940028,-0.4342369902637803,0
-0.27279739468977154,-1.06893164903277,0
0.03328468907614957,-0.8655518072692915,0
0.17707782937848693,0.06486696325033241,0
-0.8191402721282914,0.272665865986988,0
0.0799885718011744,2.0581764951194437,0
0.6007021425500841,0.6948821612057927,0
-0.04101580488517171,-0.9121818007228785,0
-1.377682247284404,-0.0916197358686658,0
-0.04520091016410311,-0.913002235436605,0
-0.10501503257438374,0.7468735810806594,0
1.1034621196984948,-0.18053381332025864,0
1.3192945122441548,-0.2620941754292857,0
-0.12250493494232868,1.9220356230929225,0
-0.9997720872513866,0.4446353396078752,1
0.649863986275713,0.3797718358382664,0
0.029969753390001887,0.8104569536878931,0
0.5394481850883699,-0.5371226985797399,0
2.9040699252734425,0.9366496585571195,1
0.9549898903655836,-0.28230458555792154,0
-0.6398734484519751,0.3769346740296135,0
-0.11435900952792939,-0.9594885849805601,0
-0.398236906101678,0.5529780236642542,0
0.7814779532743131,-0.3962379012999118,0
3.738440294081579,0.6251335497310865,1
-0.6536586487829956,0.3918038165392677,0
-0.05711067017035334,-0.925083844916281,0
0.6601729259574296,-0.46736433578634196,0
0.6725062116665814,-0.44815026751199977,0
-0.9198305725811997,-0.6361360198763746,0
-1.030639064432646,0.32519835341996456,0
0.0013713700237208758,-0.890491143121945,0
-1.0142814389889139,0.13581707913299662,0
1.039888195853476,-0.21837021290159178,0
-0.4800936626430245,0.4871305349111736,0
-0.4891212749610432,-1.2095561758505469,0
-0.28238377346597,-0.234694608879969,0
-0.009626958108620208,1.1417088749910633,0
-1.0505663522946251,0.1297404283357539,0
-0.427970222625391,-1.1657522183626725,0
0.005970581120972854,1.9914209882641332,0
0.12675444192898588,-0.8025966330842765,0
0.05384944340286322,1.1770624977201822,0
0.21317028887341744,-0.597922820778308,0
-0.7887314081204627,0.28235587436556026,0
1.06688228088826,-0.21535435473657386,0
0.5063011651994433,-0.5622499961624504,0
-0.47885189703699466,1.6990852601149566,0
-0.09058138976910626,0.7717388999235976,0
0.07916289793273563,-0.8454315708330647,0
1.4464541897813945,1.2466631225646938,1
-5.30956550090628,-0.5290451330730331,1
-0.8291618746707852,0.7459782234375975,1
0.8430815003832244,0.8407858515301045,0
0.01982036815338454,-0.04217268091910533,0
-0.1298233969787673,-0.9823788493266983,0
-0.21664323819456774,1.8601966418954052,0
0.13571591595757826,0.9186657601609775,0
-0.27013612904178785,-0.9517512821201523,0
-0.41394060807034433,1.7253044545090255,0
-0.0745055006870028,-0.5997397730449242,0
-1.4584555046230452,-0.12619688223907688,0
0.21026109310994157,0.07324298452819587,0
0.8475557312146215,-0.3549738859030548,0
-0.5799736582067938,-1.2696148658367,0
-1.4260944673644138,-0.130345312765776,0
2.406799128151228,0.24718629593357966,1
-1.7050335946339727,-0.9010796168842466,1
-0.8095055087426754,0.2769971098541368,0
-0.8588268769108369,0.5133612144382041,1
-0.0219238078023919,0.7714751867622313,0
-0.9615451312878118,0.17513984582931308,0
0.11624543790897059,0.8533357710641122,0
2.3562408608365364,-0.2521357052113444,1
-1.418590008487558,-0.11259818043544363,0
-0.06298454908011153,0.7386226804845547,0
0.23612083743481532,0.9757924256120275,0
-0.395103434509728,-1.1555049216924538,0
-0.5424959299920065,1.651702328139799,0
-0.15078860354028797,1.8768409010237497,0
-0.12243843081751778,1.9159216607466811,0
0.8533415779938632,-0.35573765656520273,0
0.8878149907851742,-0.7263254862964824,0
-0.7595737461541595,0.29194665899815136,0
-1.395263962119275,-0.10995836119009712,0
-0.13038704363610085,1.8968271973280126,0
0.6513418620862437,0.7214247085286318,0
-0.7082816885800636,0.32553532816664527,0
-0.5042655740362543,-1.112149398584501,0
1.0581230584827275,-0.22071066836463119,0
-0.24295395831677183,-1.055093391168715,0
-1.1005706227422678,0.4396663614065302,1
1.02576269101066,-0.6278034684211015,0
2.4113931598311513,-1.432375167376347,0
-0.628900142081431,0.38926902025042925,0
-0.22661773802518126,-1.0443482806367979,0
-1.3143463980694343,-0.05516088086851525,0
-1.6681827779620544,-1.020192263413505,1
0.20459890399337832,-0.7610937674710759,0
-0.6807493844672851,0.3547728210505983,0
-0.6337707810312515,-0.4683446362065177,0
-0.4462621503664553,-0.9476626830197671,0
0.2606670213605449,0.9597292472360096,0
-0.04105637205435029,-0.8773967472070744,0
1.1188646397266768,-0.1866877559016475,0
0.15584124077191286,-0.8040149660879103,0
-0.13199096376919023,-0.7172611660496512,0
0.6296566657010669,0.3421442908128101,0
0.20434250240390384,0.07684986067055781,0
1.5992045226464717,1.3429615949138962,1
-0.6735847204807985,1.5590995329112642,0
0.03978330167013414,0.8032686889068507,0
1.009502971089215,-0.23893374303122497,0
-0.133529613243117,0.7069749267246642,0
0.8820284703063106,-0.3108173250486146,0
2.441180704009768,-1.4211345416449739,0
1.5278445624289778,1.2791703780963057,1
0.4389388457215762,0.581671762062646,0
-0.07634723648979197,0.7326564057198782,0
0.3421371331271614,-0.6723527946205856,0
2.814507873407949,-1.1817354911001943,0
0.9119066369404234,-0.2807654039353416,0
-0.31311485035938014,-1.1035606101533546,0
-0.22090993030935485,-1.019898351185565,0
0.5421226961484276,-0.5552087025899918,0
-0.1364508007671723,-0.7458169663627774,0
0.19328446027715657,0.9124165588371468,0
-0.5000307370924524,0.2634358388023628,1
0.1245780479056829,-0.81959361365577,0
0.3683513550437383,0.5349676361693834,0
-0.4926738598826332,1.6632532022593831,0
0.5408944914530848,-0.5647488690044064,0
-0.4903436972469756,-0.36228548682578504,0
0.6599970831039649,0.36181674377882583,0
0.593717555078999,-0.5308355374734202,0
0.6431261299131814,0.35906354396499524,0
-0.8443821263211447,0.23061510362567783,0
0.5718122874532136,-0.5431603609873812,0
-0.5006681447222806,-1.2207300637583638,0
-0.5317540073621976,0.4609490981709747,0
-0.8181299415871434,0.26038879781790963,0
-0.0948424124259274,-0.967483641956382,0
-0.36772829007166913,0.2473689999538441,0
-0.5026460474846842,-1.2302016423792803,0
-0.6531883715970209,0.36357192022003443,0
-1.4015007015496062,-0.09905781161211459,0
0.26900609832663724,0.45728543614784095,0
0.08286295436889275,-0.014928739556758849,0
0.2974315657992714,-0.7166675288480929,0
1.1153935066175944,1.0477636239676826,0
-0.9755710341244168,0.16578196789329208,0
-0.3600261662785016,-1.1394981921526606,0
-0.35212569529911175,-1.1209594898187305,0
-0.6076037579377834,-1.2993858913723797,0
-0.17485411361976252,1.8576058349633364,0
1.4564851053716188,-0.3675349402117855,0
-0.68317004134759,0.3404807574985678,0
-1.3005014892017592,-0.049913982864596605,0
0.4644648736236238,-0.5962877214733111,0
1.6010707508646405,1.321249283560712,1
0.2204055032619907,-0.7382129760130882,0
1.1073865309847126,1.0018808040288745,0
-0.32158381595845204,0.5779996003286586,0
0.08613757739526003,-0.8286494040705792,0
-0.0540183321808402,0.7405669573366508,0
-0.4168930366995658,-1.166868285420904,0
0.022582790313214925,0.7869076345768414,0
-0.3496319037875745,-1.1306638229446901,0
0.4982880358757897,-0.5833353923240719,0
0.0037898248613583213,0.9231815805806652,0
-1.2070996877086484,-0.002019069676334491,0
-1.0069079685858981,-0.7146614761053959,0
-0.6149172664304805,0.3842698522902636,0
0.02622308713739694,1.9910630055296512,0
0.01503982164062318,0.7850271828267062,0
2.461483724142893,0.2804075882070289,1
2.340796337497424,0.2532155245298919,1
-1.394904084014738,-0.1184041405903888,0
0.8666023268587013,2.5194505251053516,1
0.3810834968880153,0.17570660159367402,0
-0.9312665879979515,0.18721630688978486,0
1.6557939648549822,1.3450022195815419,1
-1.0081040038106135,0.14047401135272441,0
0.6095539907799812,-0.5154751543553576,0
0.25638308193888826,1.1489457783127512,1
0.14425167201295389,2.060227783973185,0
-0.051672099911062926,0.7563399457007126,0
-0.7126148020706056,0.3854404026960265,0
0.21748362238227875,-0.7760703103270683,0
-0.01785653744884954,0.7873573703010263,0
-1.6877931814844416,-0.13807617656920101,0
-0.017860302058014886,1.9565617235218717,0
-1.0937989646510815,0.07422455792410247,0
-1.4096640408904875,0.07828848020674771,0
-0.6618724126013186,0.3402522120029134,0
0.6719106916085283,-0.4809319555326207,0
0.96899058050017,0.9078905059067371,0
1.309324902463784,1.1252020930935522,0
0.06956119334132084,-0.8605137034440454,0
-0.6685998172661869,1.7695543032039749,1
-0.06773155305558924,-0.12113605150321412,0
-0.24281297661569679,-1.0739310111800808,0
0.5944141566862711,-0.5369449050826056,0
-0.08460638075153167,1.1848178698821112,0
-0.612721534147647,0.3729662332894685,0
-0.987335158593749,-0.697360767963251,0
1.66878761501926,1.3534099815295628,1
-0.1675474421788353,1.8625878284191526,0
-0.6517300668588161,0.36665743151763236,0
0.5148229795950643,0.2978990181181668,0
0.9103140763355975,-0.2804298202349757,0
-0.3952039520871022,-0.30273205519534824,0
0.927677818184143,0.8827073656056806,0
1.0366657098167946,-0.23531396959258702,0
-0.3093776690890932,-1.1114004327399651,0
-0.778636795622287,-0.5706330392637134,0
-0.5759661235368432,1.799540150430943,1
0.2767303237462913,-0.7261283908175866,0
0.8966939035567738,-0.3442286494122745,0
-0.2906378123935178,-1.0828626912290542,0
-2.420791566009233,-1.2506580073921671,1
1.913592815773454,1.1181463362822375,1
0.11992703277131413,-0.8288942371260944,0
-0.10257843106264053,0.7190624639611595,0
0.128877420831153,0.8762197061332128,0
-0.7614639354473935,0.28739246410023006,0
-0.7190870641211198,0.6248594587653677,0
-0.08435175324193184,0.7214737901761786,0
0.5593641287707362,-0.5446615016308431,0
0.22737099573785052,-0.769598278666074,0
0.42239816007654724,0.5513965698021894,0
0.07281921906161203,2.019000384750957,0
-0.8807574507252626,0.20758507108735957,0
-0.530148038349443,-1.2600445541577205,0
-0.6748366291760817,1.6956992433782287,0
0.22375578024646253,-0.7619842935695706,0
0.8597195115666306,-0.2556618752272706,0
0.8064301499587428,-0.39457040288953654,0
-0.4972865377951699,-1.2206420841428873,0
0.09264500519304901,-0.8171782700606752,0
0.6286554842032007,0.3385481811701723,0
0.8814540023369963,-0.33122641847703427,0
0.41883513769895747,-0.6544837114818677,0
2.1636809927452183,-1.5970980095665044,0
0.4351528875019895,-0.6434672018465489,0
-0.6320665128274661,0.36627132932528944,0
-2.1139834200337138,-1.3282754162829027,1
-0.24303742326178446,-1.0781698092705863,0
-0.6146336934890048,0.3773663221018934,0
-1.8319332854362478,-0.11557883322220851,1
-0.6191165886250218,0.37650051731539463,0
-1.4036742920121994,-0.12650425987171415,0
-0.33427709580119747,0.567839307132131,0
1.0391226713314796,-0.2560222352035977,0
-0.1926903409857893,-1.0014332696047803,0
0.711031116911404,-0.4630295651678421,0
0.2757523686383461,0.9392381019489325,0
-0.6259011063000566,-0.48149613445475203,0
0.1617240107585616,0.3784238057747383,0
-0.4130289604954442,-0.31854842461664234,0
-1.106041355755795,0.05743064581429078,0
-0.7078591332964268,0.3184085530637549,0
0.6293595244317478,0.3192181266354272,0
0.16373692498976633,-0.8172539060324271,0
-0.9864234020141213,0.15370844314045634,0
-1.4152260544664461,-0.1469703243517918,0
0.6518846767367268,-0.49918596265247106,0
-0.7736253361400686,0.2729874057073826,0
0.6652946978707467,-0.4973256742092454,0
-0.6663245412606853,-0.49746495153212256,0
-1.4196224128608566,-0.1480971579393443,0
0.5000715397815649,-0.5837651064927618,0
-0.6369312094318296,1.5585896142368332,0
-0.4297980918501115,0.4816609273244999,0
0.8265574521822051,-0.37745942771980295,0
0.15721339784519284,0.8584488155459348,0
1.620602910604608,1.3135308108394657,1
0.6813524885102109,0.36062134601341295,0
-0.38692874844896064,0.5138749410177688,0
-0.701594719097051,0.3090044837513258,0
-0.4299719860860354,-1.1880856589020161,0
0.8039836396147686,0.7878492211865802,0
-0.4767878833204185,-1.2128275732823908,0
-1.073305160507043,0.0864555343837785,0
-0.4669037816164073,0.4662889930462563,0
1.0004871600670437,-0.2735467393253856,0
-0.3761959281781195,0.5147789154480653,0
0.9438934271439893,2.5561160540461225,1
-1.8186633750578227,-1.0518639146239237,1
-0.7511297943938723,-0.56449289662685,0
-0.4763093346755621,-0.3920155848046247,0
0.2451267079627944,0.9139465221951194,0
-0.5670517913967448,-1.2797731332561209,0
0.32287573201420966,-0.6999049612110625,0
-1.7235538550664702,-0.048472052032988065,0
-0.4792078304282773,0.4546957376860567,0
2.7724409458233557,-1.2303714479177972,0
0.34209998243454504,-0.7060548600909211,0
0.36170784893821956,-0.6857324657531391,0
-1.0216843776044178,-0.7286125136541081,0
-0.9780231938552114,0.14298449570246902,0
-0.9498580996795267,0.1733238463272263,0
-0.7611777742153554,0.27168471258547994,0
0.5061746769818342,-0.6031866201630589,0
0.0002409607095385577,0.7621767045285707,0
1.0103388311006476,-0.2651606547748506,0
0.9543717454871146,-0.3086318257947996,0
0.26016995522500136,1.280119825094388,0
-0.5870147005246886,1.606470192119208,0
-0.8791634569930604,1.422456790175586,0
-0.1394545113753148,-0.9897279063186553,0
-0.8772903265284886,0.20089236085476858,0
-0.4677600966645555,-0.20103330586579393,0
0.5032846039961448,-0.5958277728427599,0
-0.5056211376830904,0.43150840563242493,0
0.6643947515605915,2.3977016829528903,1
-2.5223094618088333,-0.2767366967508632,1
0.49153196542451355,0.6062566051706022,0
0.1571916960329532,0.8545151200414619,0
0.8312779361707721,-0.38956664280934084,0
-0.040087754735357826,-0.9493631944748799,0
2.2296453555505558,-1.5418982182203063,0
-0.1123583269609585,-0.9866964927001153,0
-0.2838436457783887,0.6561655465274989,0
1.921542342972311,-1.754664789484006,0
0.5442815941874038,2.3000687768116275,0
0.0062308411661897226,0.769791613301532,0
-2.755202959051931,-0.13024743113852602,1
0.042849350940837784,0.7839010656121351,0
-1.2761610198880569,-0.0619271226273578,0
0.6077214816829546,-0.5379040058582667,0
0.8168366896624841,-0.39286370619865396,0
1.8347343366780804,-0.9820042768343887,0
-0.2779942023277441,-0.2611729374908999,0
-0.6845046581457157,0.3240074378170548,0
0.5738226098897575,-0.5609521470471016,0
1.7225867291196082,-0.21283878699515457,0
0.672432553314467,-0.5025450825184165,0
-0.12214288838718809,0.6707173505934579,0
0.8595097865490641,-0.3173877486822453,0
0.472504020765908,-0.6291249320662696,0
-0.5531097201491404,0.4013394100439403,1
0.7152317268137727,-0.4616285483607785,0
0.2887600043061313,0.4597148185184526,0
0.6288075812517471,-0.5185446510078273,0
-0.9755126657554699,0.15668021437456658,0
-1.4645072034496736,-0.17059557079010795,0
-2.604868883002164,-0.7825169422495459,1
0.4708211544882927,-0.6213993507599683,0
0.21754114230849236,0.8870158180235447,0
-1.3667947203066062,-1.01482571834951,1
-1.1963467896813909,0.0005014254511574266,0
-0.35816753898601955,-1.1575873030716528,0
-0.16885540334591265,-1.0329905429287356,0
-1.5666125986555481,-0.6075457714810891,0
0.2918448636804367,0.9413540660875567,0
-1.1805423838349607,-0.006260911681350085,0
2.521135965771974,1.50324057947343,1
-0.25134645871983935,0.6056382665589793,0
-1.6778476368635742,-0.6946558096009091,0
0.10152315037683128,0.8160550643392358,0
-2.7820410027675324,-0.2332894417406107,1
-0.21389608185988818,-1.0668150341324205,0
-0.42718999048551504,-1.203961581451249,0
0.09194865973676523,-0.015952809560244325,0
1.427707761099782,1.1888749724935734,1
2.274272594186679,0.13858128452809737,1
-0.2361443566463193,-0.8528314326160417,0
0.01254942817609223,0.7582020919961604,0
-0.9058818793776053,0.21737444484493984,0
-0.17136059835181694,0.6428673736898423,0
0.031045782718431066,0.7694591207469516,0
0.389055296464442,-0.688329843351069,0
0.08441508906220539,0.8296867138443295,0
-0.13046566093082845,0.6748719791746828,0
0.8259555642989665,-0.369356550584629,0
1.4141295736920558,1.168374383197632,0
1.7191927673110512,1.362885779659174,1
-0.9878974462112007,0.16920339612399926,0
2.3419257964120246,-1.3645420598145552,1
-0.13363247405322873,1.8780816504523576,0
0.07901750086015703,-0.8757999830017186,0
-0.6956400535432783,0.30049705983473246,0
-0.30993948023661744,0.5595733128911363,0
-1.751868714729542,-0.20042376703702403,0
0.12925883249604342,-0.8249449756983906,0
-0.8054103875259535,1.4266553745244006,0
-0.1430710490020398,-0.13228067591609743,0
0.7720170680795622,-0.43975514041362546,0
-0.890489307039853,0.18303866262766244,0
-0.36904321392140443,0.5150758283174093,0
-0.4202757990386884,-0.35785753829470607,0
0.23104770197601887,0.919996079465394,0
1.0289975997846832,-0.27036146633301544,0
0.8893702516334592,0.8515221661682603,0
0.5866570294909844,2.317553043516893,0
0.6369517869483428,-0.5307700723220198,0
0.8206679541646466,2.466294950700615,1
0.04804780281445079,0.7782947731263837,0
-0.20835837898482998,-1.0606400832952518,0
1.0448392053764084,-0.25116131084572996,0
1.4226117309430955,1.1848080033818167,1
0.8575470900569471,-0.384437733227294,0
-0.05518806347444647,-0.9766768047327611,0
-3.5041730011244128,-0.2252560189695598,1
2.0501929714627125,-1.6727621598208755,0
-0.05136347729875374,0.7101383648939702,0
-0.4161113909622732,0.47149798908705814,0
-0.7408468660774551,0.2825198048943422,0
-0.7098507114538805,0.2871508507663894,0
0.4177998689730967,-0.6612841684394686,0
2.3004714718467083,-1.548047041202583,0
0.7427857355161147,-0.4464024149917851,0
-0.5557686226230085,-1.297827218142428,0
0.7301585947645821,2.4073853752299503,1
-1.9952214113801483,-1.247209752958403,1
-0.004109945648799761,0.7425633140025755,0
0.6012488105106216,0.29205439766110236,0
1.4478023798321336,1.1958052865030155,1
0.1217071469620551,-0.8466296923965764,0
-2.0890812243925874,1.8988899331572733,1
-0.5140719681616422,-1.2660660838436504,0
-0.4938004556907478,-1.2456425790579755,0
-0.37014471943487526,-1.174615021938855,0
1.3079374585774874,1.1042419093984148,0
0.20586207127675277,0.8782897071975174,0
0.7420062426218405,1.1746738846467084,1
1.8456281253371598,-1.8017850631375736,0
-1.0212428820526769,0.08984710870543387,0
-0.7201349151547898,0.7019900435989422,1
0.266471181878582,0.9132064809402277,0
0.415044827086066,1.3708006978627012,0
-4.992425924399139,0.29173707459742887,1
0.5988377040722266,-0.548672155686719,0
-0.21353787295079513,-1.0733415754919977,0
-0.05086055472518528,-0.12261926453737583,0
0.24262537631742326,0.9090250028970778,0
-0.4370166125911921,0.4568576098462442,0
0.39271821542861235,-0.685091254634281,0
-0.14494049833763403,0.7712839001726662,0
0.12382948193242029,-0.8569390455434275,0
-0.14839708625369466,-1.020490759941245,0
-0.2002151528338405,0.7887278952872715,1
-0.052507689302114795,-0.971211398273196,0
-0.944281365610781,0.3266536805044144,0
0.9098896543860473,-0.36296699582935776,0
-0.5726054317070032,-1.3121219634969392,0
-1.414533761669327,-0.1635004497771041,0
-0.6939514609921402,-0.5441750996431495,0
-0.18858604799034515,1.8198361837048653,0
0.18067476077860273,0.863453947994889,0
-0.5678694901132604,0.37464924780437053,0
-0.34070262231077214,-1.1640668579246556,0
-0.21256722893294566,-1.0749303756049278,0
-0.49724361048048416,-1.2665185276325763,0
1.584720854042266,1.2742761543354637,1
-0.35202941389219305,-1.1487317576830178,0
0.7479320741844239,1.750243582669639,1
-0.38678509867776223,-0.4832925359334865,1
-0.5285041048187937,0.40605519924772987,0
0.7723943972007143,-0.4549919799643326,0
-0.5670167293305713,-1.3126415570993488,0
1.5983205742674385,1.3105611676664934,1
-0.5403209795864908,-1.2913306855892464,0
-0.8627244690719451,0.18041347257195095,0
-1.2158436653946558,-0.04774198705453333,0
-0.7008939098464627,-0.5120252574897072,0
1.0307436278831636,-0.2768593739015783,0
0.004684380286519553,-0.9473565304712404,0
1.0757896374565594,-0.24403951885418534,0
0.40029963182099493,0.6306512061182543,0
0.7375714078009403,2.40330471113392,1
0.3087769800760782,-0.7445540117304289,0
0.9658647672185566,2.551175512920412,1
0.08105001961123902,0.7938025473252378,0
0.8193375911250576,0.8944409925109282,0
-0.20263322845532927,-1.0493795383220124,0
-1.0456189370193094,-1.3783087362470396,0
-0.8420786964991687,0.19099252969041136,0
-0.26267233079718194,1.7796669279334665,0
-1.5961014639209221,0.6161489235891442,1
-1.0013099206713147,0.09675279324679979,0
0.14738047593964979,2.2513876516635047,1
0.038459726206997565,0.76035138700608,0
-0.6301107909644196,0.3360104329625309,0
2.7258113713458543,-1.2808908085561257,0
-0.28276166946031267,-1.1234941103004044,0
0.3205490717154413,1.2990057882477286,0
-0.2071083633756238,0.6353484793812993,0
-1.0287619239435866,-0.4769481065294021,0
-0.76562157567278,0.25382364597491774,0
-0.9079116767522974,0.15363458888076764,0
-0.32760309397520615,0.5207794421138726,0
1.0916007149390774,0.942989846307828,0
0.7021387796948987,-0.4949432284673095,0
3.0766106012852603,0.14143311127455804,1
0.018965138738091893,0.7910458574624285,0
-1.0840644191632476,0.056542544336901514,0
-0.5648780381238845,-1.289558043558351,0
-0.3986932320515209,1.6874095487884522,0
-0.31789838859574926,-1.147553484544056,0
-0.5699354421658763,0.6398738170946026,1
0.5192292336172089,-0.6193871552264829,0
-1.2152722107015514,-0.05112828961514689,0
0.3399685969352147,0.47022706958507526,0
1.947953299312272,-0.09810485608470128,0
0.30378248509006844,0.09918724515724063,0
0.04267583592106262,-0.9102802305210544,0
-0.5100453564437158,-1.107853773840375,0
0.017641139662093,-0.9317036481500766,0
0.2468345051048626,0.8854759409674012,0
-0.26783162191892806,0.5630021462964631,0
-3.137261228252483,-0.4231963978157781,1
-0.25691103646803126,-1.1133103186157352,0
-0.020141434793114553,-0.8333585369753264,0
-0.1876708710843352,0.6358419793029546,0
2.9346092955947385,-1.138640980910347,1
0.2685786938419928,-0.5021085330657709,1
0.09258653973045745,-0.8862550609472581,0
0.09721939765487607,0.31859995903536825,0
-0.3983359794541548,0.47259069408572035,0
-0.5885726928903278,-1.1471457760379165,0
-1.0245474850405474,0.07203840793976478,0
-0.1692044557195553,1.8247383714989391,0
-0.14238794319158496,-0.1969782707568811,0
0.09079719352210285,-0.04827077292946504,0
-0.1811315214493466,-0.8851228299077791,0
-0.35297986134724574,-1.1640794875698477,0
1.0212566311833395,-0.30130686561537345,0
0.6517824139170095,-0.5232408996142424,0
1.556915907342736,1.2370449401124775,1
-0.5822190331593494,-1.3300692384806232,0
-0.020356404958311612,-0.9657347371838202,0
-1.1132325753893322,0.0226684084693967,0
-0.26082958145569096,-1.1245400360959692,0
0.2743251177969131,0.4225395099784455,0
0.8772151129313932,-0.3936893811459073,0
0.7911992574865027,2.4315821795953507,1
1.1163054817387748,-0.24417359014946716,0
1.4907470618901386,1.2087146570842562,1
-0.028675695384567455,0.4020581285782619,0
0.44085527825838083,1.5302296054572888,0
-0.4615353818633859,-0.20368152213130586,0
-0.11947054493793105,-1.0254068762557331,0
-0.34132087108629716,0.5226496389916202,0
0.13670201051352734,0.3570917029128275,0
-0.1060380051520187,0.6541589115231394,0
-0.2345726577051885,1.7864457940738525,0
0.6819900223424792,0.31852146379114493,0
0.2597052123805949,0.9012985215299559,0
-1.5749710716165073,-0.11022657754056957,0
1.0042618266123315,-0.3147116385535385,0
-0.2842076432181803,1.7435737389336137,0
-1.021046169325896,0.07845152935226539,0
-0.14885922326489112,-1.039603077505275,0
0.3121950868365709,-0.7167669625737707,0
0.5271179958588774,2.4680300316154384,1
0.158459634269856,-0.844930825897782,0
-0.17561334953798144,1.829275995393364,0
0.4606662943291745,0.5620077480548257,0
-0.9805986132572584,0.10140054913834455,0
0.07226445518721346,1.9887524118875408,0
0.8194202508808992,-0.43101092355410753,0
0.7337018080524831,-0.48772810375463316,0
0.8070421413183494,2.483807286956246,1
0.36565966407717015,-0.6833957233759125,0
0.4173348111395033,0.5286264718169597,0
-0.2189077266688005,1.787004352420629,0
0.3862238146100157,2.1753575549685924,0
-0.08628755132100113,0.6899185556864676,0
0.5507308652043578,-0.3245540083646859,1
-0.72510622663577,0.2787322802638323,0
-0.0343055140770318,-0.9802293548939762,0
0.438113662948234,-0.6818013680583047,0
0.3603947692795581,0.47565402301640086,0
0.017656109455352377,-0.937734057663416,0
0.5871697864914748,-0.5809470844069763,0
0.26555335990011153,0.9083434100524505,0
0.4313098659268801,0.1643149583351614,0
0.9709442501354617,-0.3049206719777944,0
-1.3620308223414044,0.5089328988257976,1
-0.6483772730962325,0.4955859399238746,1
0.6221775293986685,0.6367919209668376,0
-0.6127151416468137,-1.330755321131652,0
0.33294413517076016,0.0965006546206739,0
-0.8150384768102213,0.22018484404211425,0
2.899221046753142,-1.1765705347590245,0
-0.8043692561170408,-0.80267507253203,1
-0.531107214739013,1.5893948018999655,0
0.5725861482638059,0.6285965455009023,0
-0.6493923384517558,0.3320971185381533,0
-1.0356901607267426,-0.9090700811859093,1
0.8174459558810018,-0.44276706245439035,0
0.5229642038375447,2.2636113545278427,0
-0.39501161826989845,0.48375967758018207,0
-0.4004309090270933,0.4828426116960615,0
-2.162503172726353,-0.24751127956197483,0
-0.7832631704074628,1.4107433081084766,0
0.2595733678867316,2.1271798332089684,0
0.051324399341245504,-0.9260849858175342,0
0.6800898433422409,-0.5254178050125183,0
-1.3635838099815325,-0.15238777342664606,0
0.6569457500319386,0.6664006139979599,0
-0.491415499490821,-1.261823412652719,0
0.39488533413363425,0.6524309611390734,0
-0.5153583762471219,-1.0478237807282573,0
-1.206112026621681,-0.05043412226687451,0
0.7258295505853736,-0.5016624942188839,0
1.2346207948245074,-1.3949119752155128,0
-0.38128899865421056,0.4844793351083558,0
-0.3980226332405255,1.659939407853566,0
0.8087044432602621,-0.4284091454062668,0
-1.2102568592229892,-0.034187616246850926,0
-0.4725179668682628,-1.242431881526557,0
-0.20246004121452735,-1.079393381635407,0
0.632990964875354,-0.55139109045349,0
-0.3908518285131875,-1.2041241343756153,0
-0.37232030647905845,-1.2013921501210414,0
-0.7815210778665943,0.23970149843746402,0
-1.7231157605717526,-0.1478174251355741,0
-0.6105355139196904,-0.41648956660372943,0
-1.2730263182614432,0.05998497543974655,0
-1.1502537143921718,-0.017246609557021137,0
1.215606372030344,0.9053536525418395,1
-0.623542613951153,0.3242145184839545,0
-0.7413504928688215,-0.6024280502336549,0
-0.5633774485771599,-1.05705926707547,0
-0.46581444777710473,0.4176768286301396,0
-1.3127889988958947,-0.12969037516472615,0
0.17787639403243594,-0.8485536825999254,0
-0.39819161431946754,1.6580855746166443,0
-0.689772391733334,-0.5515521868660738,0
0.13596676910615108,0.8051539715488137,0
3.1046468338139612,-1.0275837315551537,1
0.0674348233513347,-0.9094031973670055,0
0.4495576173889297,-0.6682984630050982,0
-0.20204477860566392,0.436575175752887,1
-0.3273077375214278,1.7118113844280076,0
-1.464603919939823,-0.19730039026989726,0
0.4632387691698762,-0.6578664637050893,0
0.6162690553778537,0.6567299082144723,0
0.46062769599268377,-0.6584470851770188,0
-0.20475183832648922,1.7997321797165495,0
-0.5183627845471722,-1.1476002114594082,0
-0.21426570248229115,-1.110073810758407,0
-0.31448225720996703,-1.1689998653590516,0
0.3545806059307835,-0.7360534969760884,0
0.1660551152823293,0.8257934683251101,0
0.059162617400408714,0.27487097893604,0
0.640241585730545,-0.5621073756242737,0
0.6098060307022378,-0.48841691814523486,0
-0.22467644670630244,-1.112299780935288,0
-0.2684996398565171,1.7542529303285845,0
-1.0360361397753994,0.04960085503363663,0
1.1810221977083157,0.9854636944429911,0
-0.05048556443398928,0.6875124251515256,0
-1.1356007948315496,0.008017735007199637,0
-0.20144963853953793,-0.20942024830234343,0
-0.7182553338485598,0.2631106610412392,0
0.262117420635387,0.8828983409191168,0
-1.1175847204028195,0.0016837632606642547,0
-0.032772621525204874,0.7070890945130434,0
-0.9797216791437308,0.11835054055664122,0
0.06462274127506544,0.756597899120541,0
-0.630219650998783,-0.5280688918226228,0
0.029962641933954905,1.92923536292519,0
-0.15054873604688154,-0.20248782975860977,0
0.07350871305088234,-0.9114941489269117,0
-6.597922117116891,-0.7120248225910121,1
-0.002450246104987474,-0.966815817587959,0
0.6078358659985316,-0.3249941583877856,1
-1.228838074621109,-0.06855106925928607,0
0.046412975727735846,0.7442876811509803,0
1.7572980702624506,1.3503488609002523,1
-0.710331009588085,1.4670960897172118,0
0.6032452649703034,-0.5788337128439391,0
0.4443150686693062,-0.6902711996288866,0
0.3957970304669534,-0.715181041008298,0
1.6817565682206312,-1.9716793404300428,0
0.2646052259552562,1.560468734988489,1
0.691864107133669,-0.3653852629117265,0
0.0677255655424678,-0.9310813302829982,0
-0.6175267781093137,0.32854282339684443,0
-1.1103415342558458,0.0006850050128897432,0
0.08575186094630348,-0.9111827065941325,0
-0.5911737887867763,-1.3367966152508959,0
0.1632300884347376,2.1567370367219922,0
0.6765861573844985,-0.5426170064797975,0
-0.33648223766110286,0.49279817803108444,0
-0.9560173304577065,0.10206769912940426,0
-0.06835941459343768,0.6728768715668817,0
0.37670482683882506,-0.7280827257066971,0
-1.0201087620588907,0.0920287715020016,0
-0.09812203346224929,0.6767813559529571,0
-0.6735459869860468,0.2753450514393319,0
0.7891508641264896,2.4081149884535185,1
2.113722897702812,-1.6635420400332854,0
-0.7042594904064624,-1.1460056831900434,0
0.2475467223158367,0.8684004247596985,0
0.39898978991579565,-0.7167055016861142,0
-0.9286199449186284,-0.7249471182249713,0
-0.1579361707446257,0.4199276786116785,1
0.33335362544670055,0.4424079569360316,0
-1.118712498827092,-0.0024184496569632135,0
0.07290204940237434,0.7628249323885644,0
-0.41129162011669373,0.46242022212736683,0
2.2488351428099276,-1.591591654581084,0
-0.3336128874875905,0.8568425014188696,0
0.28627244704807536,0.06062937483935835,0
-0.9442963461887107,-0.7281581516653527,0
-0.29727674217977385,-1.1548933651486362,0
-0.551097416308582,1.5576800111987197,0
0.3402132511715665,0.9479052717996619,1
-1.12187062952738,-0.012526865079490431,0
-0.2851396092987501,-1.0575644936964923,0
3.1862342465744717,-1.005222137413408,1
-1.6284178560407727,0.04943479058652254,0
0.5374620431950354,0.5592661466620488,0
-1.4308319155803841,-0.19075416317499727,0
-0.12403215694371379,0.6268912223735564,0
0.19352759874245445,0.8320197563704629,0
-0.8674730578639956,0.14748585506619077,0
0.46258552264026104,-0.6829789772896123,0
-2.0681842135462323,-0.04434571910154963,1
-0.33636190616287337,2.1294270971087452,1
0.08715647751574741,-0.9060030738632548,0
0.07626086087268603,0.8136050383547141,0
-0.38012824303728404,-0.3650262721785749,0
-0.6860217702491563,0.27904975269665594,0
-1.0600565201561563,0.021568049085810986,0
-0.5164845938130165,0.3744026408598781,0
-1.2509359961242386,0.26241315538995474,0
-0.5918141856639638,1.5756967083662725,0
-0.2915323070993859,0.5478126395718079,0
0.651885972776526,-0.5593894458785743,0
-0.32718113153627565,0.5073456732430671,0
1.4737216763410834,1.1619744372022007,1
0.9153258018454696,2.484491992004465,1
0.6671050198838904,-0.5400099277212254,0
0.5327850750438428,-0.6302714723861513,0
-0.040047249730816255,0.6813333912638312,0
-0.6829780133639306,0.2783252301633165,0
-0.8351782829100968,-0.5751383243395675,0
-0.7620514365054134,1.4093432123312486,0
-0.02012563160492991,-0.13746736208887744,0
0.06691215908519023,-0.928341927826264,0
-0.22005003642302493,0.5662283468160766,0
0.3713972741950417,-0.734010009494343,0
0.043046156627287425,1.9584949950152608,0
0.7843924667071237,0.715947496405336,0
-1.0049810553513063,-0.7847174681395134,0
0.6666475720347294,-0.5586943023589198,0
1.0241538036649838,-0.31262683781688266,0
1.2517973263310826,-0.5753651400085621,0
-0.3709602466746377,-0.3660973916236707,0
0.027560514789367142,0.7164024079761672,0
0.40341879850954115,0.15250881521686094,0
-1.1027223134373918,0.1257800826737705,0
0.7631587981800395,0.3465459357130353,0
-0.14796358406441865,0.6195889498483454,0
-0.4096101508855805,0.4402227396444108,0
-0.04356160449778087,0.6875916771311191,0
-0.14225598696277497,-1.0663223608076466,0
-0.4288867645620158,-0.419311540367938,0
-0.3122268736032204,1.7286403198942846,0
0.03722364804419968,-0.9521196612400551,0
-1.2077467191671207,-1.438138959553917,0
-0.6112072818648256,-1.3734836326360593,0
-0.018063532163506278,1.8950772114254228,0
0.7288118953109912,0.32288110791316765,0
-0.08070062593399425,1.8504984202157093,0
-0.4066549548236284,-0.39922920330739914,0
0.7035072109421991,-0.520145162323543,0
0.11150281385478213,-0.8979679631587494,0
-1.1506969503745148,-0.039920818947904745,0
0.05191598589223654,-0.9246556055171634,0
0.18914955244524934,0.817520877185591,0
0.9552190126689213,-0.34284099962039044,0
0.7513220213528762,0.6908318654127669,0
-1.337187739608921,-0.13849652260120704,0
0.17296118534578817,0.3324227611721012,0
-0.45288379940074874,0.40557061329802474,0
2.1950530768380285,1.2230223764293318,1
0.6178361559395926,-0.5777691666817303,0
0.16972010925948594,-0.03378049803863838,0
-0.05956757657185582,-0.9948341072478751,0
-0.17267427165697136,-1.09057689721033,0
1.0168408346584297,-0.3343665890165133,0
-0.3652584444644849,-1.1898067512447874,0
0.05799768396150216,-0.9250086838678873,0
-0.7515889689471493,-0.6277828804382651,0
-0.38795231651450013,-1.0018478641622894,0
-0.5708436895066366,0.3778800561181777,0
0.7363891813439449,-0.499628466508957,0
0.9224001037112157,-0.3755346660299168,0
-0.45679556035383767,-1.1695399661780017,0
2.7523356643422856,-1.2965632296847343,0
-1.2437579900620899,-0.0910543733478791,0
-1.1731769449493892,-0.7363116314925244,0
0.559547174434439,-0.6316783697187582,0
-3.656885667674489,1.0153670524590903,1
2.9007780294088032,0.8471520524808314,1
0.17101609206098112,0.8036684100041086,0
1.6831283264236592,1.2836000270244319,1
-0.3271476912544578,0.501043864626326,0
0.3046147715294539,0.8934544479679357,0
-1.5602383774505255,-0.16623433402750326,0
-0.925960253086593,-0.7168957462228653,0
-0.4186244120760067,0.5825865433292615,0
-0.7580690709146419,0.2083898900015625,0
-0.4436233463054272,0.41304398266604875,0
-0.11238729120344237,-1.0575372898848243,0
2.717917184723237,1.5874777027294429,1
0.4256887698478235,-0.7056314305850193,0
0.3921325917368425,-0.7108353202022349,0
-1.0663024610896499,0.012755664275405846,0
-0.9002052187230051,0.11638907349643494,0
-0.24153780749006395,-1.0167700940054818,0
0.41458358454413163,-0.7252068167750754,0
0.2969381452926994,2.077819364416526,0
-0.9062243510680915,-1.0311811804452964,1
0.11523860124871795,0.7847204795418353,0
0.2650169594470646,0.885867608774937,0
0.8503105851106632,-0.44144793219812584,0
-0.8904103193939301,0.16071620639082596,0
-2.299459758465126,0.6772463770407132,1
0.47796364158537624,-0.6727156633572394,0
0.8918946933437644,-0.4093383274020121,0
0.12033424714046388,0.8022834235459338,0
1.1887538515547649,0.9793590999950519,0
0.11361147660024827,0.7749367264818005,0
-1.4826421369005005,0.3486690628685249,1
-0.12743815939924352,0.6073303892329766,0
-0.6419345258650495,-0.5627274891086703,0
0.503585954710504,-0.6695431852883229,0
0.14001460414374753,0.5489194028522449,1
0.09781407255337592,1.958795628852698,0
-0.5159868156645312,-1.3130952630907213,0
-0.8748589038693382,0.16180589635426446,0
0.668045546012856,0.272371836809771,0
-0.8880653900870272,-0.7141385814350923,0
-1.14179244528387,-0.035975047509985446,0
-0.43201927712815247,0.5164455267955642,0
-0.24584518620861673,-0.28546466215993843,0
0.08501471224099878,-0.9346329305350918,0
0.18262446694149528,1.1755636820028288,0
-0.12458360879156723,-0.232411100851344,0
0.960687532219487,-0.3745457794846947,0
-0.8284988354770845,0.15924187588989058,0
-0.3630614668361205,-1.2211873305848284,0
-1.0418454127995291,0.03070911105135519,0
0.7125922819048555,2.3473388976354133,1
-0.6625515238279209,1.475532021000992,0
0.0568807994771326,0.7293383209600591,0
0.055934761209057805,0.7378159932220351,0
-0.4059168772097769,-1.219551824791934,0
0.03680481240201667,0.7172921993217,0
1.130785925079804,-0.2624121992709709,0
0.8534947319879916,-0.45287517349386397,0
0.9279321626572052,-0.39805953202684136,0
-0.5213435844638286,0.37920619529249183,0
-0.21250142030113373,-1.1296397660855277,0
1.0353104217876685,-0.32098154380928956,0
-0.9285044064608992,0.09906830436100893,0
-0.5004240823501234,0.36460136691682205,0
-1.3916906439912111,-0.19822720189770704,0
-0.19271643215091194,0.5681374690891956,0
-1.122723303706835,0.00811979271759126,0
-0.7367829214608108,1.410480683872233,0
-1.0495341539961491,1.3453133287779746,0
0.7437564302282327,-0.48811773799157276,0
1.0510104595239944,-0.31069897710053646,0
-0.14445235355392838,0.6010819986838787,0
1.8657033213541931,-0.1791257975387165,0
-0.11444128777181745,-1.0636087056529948,0
-0.19308084028322428,-1.119247374409331,0
-0.5279722898677773,0.3767338018589574,0
-1.2226654289816687,-0.07772672429857254,0
-0.3836586776328484,-1.2095497443174688,0
0.10394639491782069,0.7602721664948072,0
0.8732042634178856,-0.4257435709765574,0
-1.363463023201664,-0.18667581347456652,0
0.30511363980226774,0.8777791036480228,0
0.18070763532296408,-0.032442306576112544,0
-1.1672156687487443,-0.061205239899275087,0
-1.2017971416394848,-0.08399176187293804,0
1.3193576704765877,-1.3899858034498338,0
2.959141997052952,-1.142674674292355,1
0.03696245300280685,-0.12450546035488523,0
0.4670677481417657,0.14133611869578017,0
-0.43021457368708926,-1.2700189350153297,0
1.0634762766671186,-0.31062782296411495,0
0.6575099457988969,-0.5729744946639548,0
0.6541836923229332,-0.5735726737508751,0
3.211148163249811,-1.0177877398116453,1
-0.16689709857504295,1.7910874752527088,0
-0.22848562178922435,0.5512324750731421,0
-1.133035808391576,-0.039759567574980635,0
-0.15551543190281825,0.5883067466587926,0
-0.15196058918808297,0.5974701551635284,0
-0.0375328476671019,-1.0107017010052244,0
0.6158322358644147,-0.5801469836012636,0
-1.162070046740626,-0.053353341379218176,0
-0.37382982468114195,1.6455570502312653,0
0.35780560484675217,-0.4541820891870477,1
-1.402227932175892,-0.2122020082026706,0
-0.036912326092210686,0.6666378856776526,0
-0.15183458073206876,0.8812546064140828,1
-0.6374674666516739,-0.5601890243762598,0
-0.47521976980520886,0.40789425372212135,0
-0.6675050325096837,-0.5823746592278582,0
-1.0822600132281144,0.0015496132081977796,0
0.6324839730917059,-0.5960418623669094,0
-0.1480595477738151,1.7923122100657856,0
-0.7004086692633511,-1.2088197981291364,0
0.024844832373435884,-0.137532782626028,0
-0.6944963935508879,0.2518613549052591,0
0.06677040623704396,-0.11390155596556568,0
0.006497818730021844,-0.9707857986809408,0
-0.61222616720001,0.290261138489539,0
-0.18246330697508906,0.5647637567951816,0
2.442326770077298,-0.6731615622810291,0
0.22702867084025238,2.0403271607118847,0
0.46896591555419287,0.5038614105923694,0
-0.026441329932344305,-1.0199187584967182,0
0.7334394300990017,0.3093270545752737,0
-0.3771500005764705,-1.221658730649361,0
-1.136788334252357,-0.05178663062410457,0
2.032009615588019,-0.09782279802925557,0
0.9012032408671908,-0.4259565741350217,0
1.1603259209762673,-0.2558709132917987,0
0.28370712946903126,0.8613256665060035,0
2.2982166928928263,-1.3956084023247894,1
-0.39668721719249944,0.4612315104577754,0
0.4071209907505369,0.10195003855443639,0
-0.1195882506905503,0.6078249282610503,0
-0.8513158360954788,0.13900877057171002,0
0.2762156005546401,1.2249797049247206,0
-0.2809508462544886,0.4958340420478367,0
-0.13647886081644509,2.192507801348421,1
-0.7188397651605352,0.2285323679871326,0
0.22360225966304953,-0.8526788219715568,0
0.13691038189393073,0.7682491620513882,0
0.8127088902883819,-0.48428493771963876,0
1.1928892595566478,0.9520512259534675,0
-1.0049882445119753,0.045067526699274586,0
-0.25691945258436283,1.8946953625887397,0
-0.2850332797731142,-1.157264419861786,0
-0.3317468458068627,0.478467711269519,0
-0.060953717098093226,-1.0361752491210197,0
-1.0657946038064974,0.0004934456861740254,0
-0.5187747197539971,0.34514014324989034,0
-0.40545014104698107,0.4233068977544226,0
-0.49231070357630813,0.40998176511094736,0
0.4246770210018312,-0.5444093712739551,0
0.16350644951979143,-0.8979672861347633,0
0.08604103987346547,-0.9534270671755967,0
0.7339884516548189,-0.5324109758628106,0
2.091349987617103,-0.8955679593402869,0
-0.6871222949769733,0.24034124272661828,0
-0.25439295826089364,-1.1712108626142486,0
-3.34438750062098,-0.19083150920671274,1
0.21792751782463343,0.8136173662946781,0
-0.06262058270527911,1.8356119745962196,0
0.3848779589431934,0.13067189225142223,0
-0.5119020907152627,1.5665745711800227,0
-0.9054055534206195,0.09317290034831242,0
-2.5929565472859997,-1.4671524189343201,1
0.3300141687353716,2.138945130087051,0
-0.1748587387582283,1.8876690813757515,0
1.0675985385494813,-0.3172207190366067,0
0.08513830060603987,1.9270983826501114,0
-0.5206179604865154,-1.3261404395072254,0
-0.7917211544380066,-1.3849624658523156,0
0.4978766813302075,-0.6832096430529156,0
0.054815913290872355,0.22689307186227892,0
-0.4528943074341211,-1.2987615293762056,0
-0.7276363801562339,-1.1577341015356581,0
-0.6492454005295446,-0.5620970143912968,1
0.9840791095159922,-0.37433410146371326,0
0.008311114827229576,0.7016168680885221,0
-0.2472355076308763,0.29359704437806217,1
-0.8538949731045623,0.12569800999568875,0
0.19129535171691409,-0.8788663806261225,0
-0.8169943453971722,-0.7537540138924563,1
-0.4172121462035096,1.6140259099074625,0
0.40783495785981877,-0.7503041606633406,0
-0.5503995720362067,0.3370313487980095,0
0.5501712516080276,-0.624242645221267,0
-1.1070260494600732,-0.03549281795149852,0
0.8181217117078324,-0.47032984602928457,0
0.017269261811280946,0.6932630359242719,0
-0.2538748964946706,1.7776828701802343,0
-1.0995298563062208,0.18311393625060923,0
-0.0028283845281898918,-0.8571684781907493,0
-2.2629749258174723,-0.0727456160909374,1
-0.06503962881362807,0.6541261264237213,0
-0.5692945329191174,-1.3532681400744169,0
0.29825611611580916,-0.8116620642809177,0
-0.7176774661906493,0.2146033804768387,0
0.6080993450044068,-0.6078005938723763,0
0.0583814848637754,1.9028532666406541,0
-0.017869344158111665,1.856291745521008,0
0.9108154095496575,-0.34412391525184177,0
-1.07158809778678,-0.005325065386375467,0
-0.44327999734506274,0.3865592251110745,0
0.0461430273630199,0.7050042727793812,0
0.021275908446108417,0.692411002232609,0
0.23355789576653918,-0.018389379241893173,0
-0.39555582357243246,-1.2669023783923468,0
1.3662331201475972,1.0857002601999546,0
-1.1259612268847192,-0.04910181394691789,0
0.749628180985455,2.3469786424713526,1
-0.24368646500232424,0.5120825869908958,0
1.0343205521321432,-0.3350258248522399,0
0.6392473304750611,0.24318387048345813,0
0.8945599989876016,-0.44363410579810125,0
0.5165158384700368,-0.6581606108383045,0
0.5398481349928586,-0.6634104110349153,0
0.9791871130367151,-0.37002239114036073,0
1.7417024062796909,-0.2637337955898302,0
-0.9282718308522545,0.3547713931851291,0
0.5008697394988121,0.16046890394977337,0
0.34644682881345895,0.05843134046209645,0
0.7553941033508419,2.346760262591595,1
-0.2421048249387951,-0.31024360732189593,0
-0.2771011278146825,1.6926175634238203,0
0.4602293670217548,0.4843110763300265,0
0.46851524723199706,-0.6926188713134521,0
-0.2863860772242077,0.48668815177949926,0
-0.5454482300783362,0.31642890383150474,0
-0.8027660915116623,0.18128825423583927,0
1.3246743281796234,1.0337915756069644,0
-0.2501600827698527,0.5092682044989927,0
-0.5588383267985012,0.31402322460588855,0
-1.1167138089286532,-0.03246019730165591,0
1.1226127127703458,-0.6731939037424199,0
-0.4357409705115052,0.41092253419925745,0
-1.2496714594242069,-0.12269699703894833,0
-0.4363462865590165,0.3845078680586485,0
2.9440053496491587,-1.202531762616933,0
0.46381427049775353,-0.7206629843268189,0
0.6387559184630661,-0.5982556542671185,0
-0.795070642134365,-0.4135629714920225,0
1.0810732797195455,-0.30450526420450275,0
0.3043567211614033,0.8714780769859222,0
-0.5320211512513879,1.529965921476587,0
1.0531356404173664,-0.3177491557640532,0
0.10308598376393997,0.7359805231999793,0
-1.912045211822878,1.5982595171052438,1
0.441033426231745,1.3094676835132073,0
0.09399598053507659,-0.09586213173560869,0
-1.3621060108639116,-0.19338600524118338,0
-0.9885382471630866,0.06384174142169351,0
-0.48456825820119803,0.35836347262893536,0
-1.1183054956294436,0.07874095823061115,0
-0.18479923983836455,-0.2869198711366024,0
-2.582047385452078,-1.2994525130183772,1
0.24695504292998088,-0.012205252046944356,0
-0.12379720884160672,0.587136311623796,0
-0.85175772913279,0.12760730019369215,0
-0.6256820250278695,-1.4025618396061847,0
-1.0544158010778752,-0.008010217942927797,0
0.3677348149128333,0.06673172832603984,0
-0.5970923397477074,-0.5508702948724445,0
0.7105685475943007,-0.5545640250953812,0
1.1535873106003525,-0.27804179040746996,0
-0.20966191741225687,-1.1480364567065822,0
-0.5510520234227723,1.5250555570821562,0
0.48702782082618395,-0.7109723724177966,0
0.07296801047806446,-0.9658389230425352,0
-0.3320365073252403,1.6539949967928462,0
0.14002996207777613,0.7481286658463574,0
1.125226195783684,-0.291715818595347,0
-0.5896281879236877,-0.5792152188100975,1
0.7493495014798954,0.654671022765583,0
0.07753312170946518,0.2472619646061457,0
2.180785553633351,-0.0016430331215288765,1
-0.9089863197616861,0.1259561128996215,0
0.2417117147313146,0.8152599282368976,0
0.45553549328756476,-0.7167758659856152,0
0.30294186315288113,-0.8185347275976902,0
0.6065437359801381,-0.6329591834033469,0
-2.7233308080721956,-1.042103189970949,1
2.497416513488293,0.18536914432668095,1
-4.3253968855457705,-0.6478775078682122,1
0.15770634436132625,0.7582553185248874,0
-1.101856569025182,-0.04366284754677909,0
-0.2395349286721243,-1.1457940704235483,0
2.4262828647202928,1.3521754306816187,1
0.3059560529773548,-0.8101849259890413,0
1.718853745555188,-0.29113106102383857,0
0.445569602917194,-0.7193910819955488,0
0.17801188401126966,-0.9083711029826811,0
-0.8185525483189482,0.1382717706143025,0
-0.4184145878688117,0.756789308369607,1
0.5247007579879904,-0.6815609591667323,0
-0.10340607032045289,-0.2434138682711133,0
0.21820369327450032,2.031608659658137,0
0.6002647320054382,2.246564351417545,0
0.05487733149485167,-0.12372733083040614,0
-0.8722325473377938,-1.4089286228935867,0
0.21935807991873252,-0.8680415562763828,0
1.027952648197075,-0.36155742719197037,0
0.10071938276642185,-0.9560053730975565,0
1.2431172961493668,0.971127294690555,0
0.8690320231476827,-0.4383234194537884,0
-0.6364376206843642,-1.417118332751757,0
1.0461372692513942,-0.35924391297558156,0
-0.17836894923945643,1.7523527062644613,0
0.08417368284467909,-0.959074636213886,0
-0.5209714248244599,1.5257081277910762,0
0.446458157483931,0.11781294311378442,0
-0.7366445677499712,-0.48076540625097947,0
-0.4421125864989621,0.37677400780876474,0
-0.27292321785549184,0.19901627675627476,1
-0.016677759647225072,0.6766654536557993,0
-0.08905392337867463,-1.081952056904397,0
0.8206277263307135,-0.49036101383612096,0
0.419596573554256,-0.612544401197085,0
0.08546829723548276,0.7180020349660255,0
1.52614861509873,-1.2841146708815112,0
-2.389084818597326,-0.8030529300991106,1
-0.3776919308081706,0.4206190870110273,0
-1.3284310999907656,-0.046711955416060956,0
-0.12014920279190144,0.5816594169982798,0
-0.1491640621607143,0.5858606358295088,0
-0.46505603551294233,-1.3144165057323547,0
-0.046621621882335394,1.8229677867134715,0
2.277309181735455,-0.17770702780323944,1
0.5341661344771222,0.18180976850331665,0
-1.1712518362204316,0.07244074237283991,0
0.1831783891133339,-0.8762958813398071,0
-0.3146597440302668,0.472874431510004,0
-0.2184865675918628,-1.1555050397970281,0
0.456679680305114,-0.4166663896408875,1
0.276016385891705,-0.8363774388756666,0
-1.206328479848095,0.1014010237969356,0
-1.193483155710943,-0.09713717755580091,0
0.01076829438938629,0.6613183010963528,0
0.06563370534629641,0.3528708821319388,1
-1.9910354936712082,-0.3060553909521763,0
0.572648191974389,-0.634894425649078,0
-0.36762111257740154,1.798830154745619,0
0.21409899927761267,-0.8901082160354211,0
-0.30255945283380636,0.4561947082151742,0
-1.171455451045257,-0.04223309204764399,0
-0.7311874932499245,1.394544565256422,0
0.9928224446747371,-0.38844934507296597,0
0.33783402845563365,0.16758713228041533,0
0.7887818238078323,-0.5068510802986982,0
-0.3115948487987901,-0.38462705143935855,0
-1.0257570399332545,-0.8333405933016931,0
-0.9497643859861687,0.04318230967017315,0
0.530950185509245,0.527043515499209,0
-0.28733790295048456,-0.3725837664120327,0
-0.28861529057526164,0.462987464326084,1
0.16072452804042464,-0.8297227042181163,0
-0.03309760004384906,-0.1925468615777114,1
0.5070276599938578,-0.6987252500904806,0
-0.43878267507208,0.3817899487826582,0
0.03454994601381182,0.1893777895417038,0
-0.08914831664399456,0.6004270479681029,0
0.29061925794066273,-0.7582016209446769,0
-1.4143564391561008,-0.22901038681128463,0
0.4122786047360229,-0.5220186160100987,1
-0.4450311568850477,0.406429162484405,0
1.0661221782107813,-0.3093126839440532,0
0.9361162157118296,2.4482642409622177,1
0.8680330535015541,-0.44423409553556525,0
-1.3128177508303092,0.6049530750489905,1
1.1398777700309102,0.9057993863939553,0
0.30299695472457894,2.046476708008617,0
0.7563852093900482,2.333292008283518,1
0.09299236765654485,0.7054993235235821,0
1.0240711962964635,0.8267974630554074,0
0.12352324876741895,0.7361077115952689,0
1.3551634078652268,-1.367563207760023,0
2.82406310767497,1.5789088731275398,1
0.6509385125021454,0.23868798230358046,0
0.5058866828932888,0.4947087922325923,0
0.34840590195407595,2.104851661813641,0
-1.5677897117170894,-0.027488653291738958,1
-1.5301424300426265,1.243388791272263,1
-0.6976404994115216,-0.6294372060781942,0
-0.3719067938013747,-1.2619600581715986,0
-0.3390681721208509,1.6424121746996276,0
-0.9128282768339028,0.07184163196556308,0
-0.9731562150147481,-0.8024774662978008,0
-0.2890830445027151,-1.2235673464404042,0
-1.3964080060462343,-0.08924096927518087,0
-3.474693864347909,0.9265385921975708,1
-0.7526232314216966,0.1654985007403299,0
-1.6309148934954139,0.310416848670839,1
0.8954059831764261,2.41354564444336,1
-0.47609584510961417,0.3554794868231564,0
0.7758736328986895,-0.5217355342560251,0
-0.7455163930509667,0.16612424824958538,0
0.06149742710461046,-0.14910277303422628,0
1.149244478070292,-0.2908602319196693,0
0.11570936471804817,0.7240103026266244,0
1.6103667200095702,-0.38741988467772626,0
-0.5480705052533389,0.30030782805115114,0
-0.1394345184675136,-1.1236282550876164,0
0.6488086173900385,2.2617892646093067,0
-0.0029349996046279464,-1.033308852426544,0
0.31373349015908,-0.8370293194146718,0
-1.0834927972409618,-0.03440712184128888,0
-0.9416165290290366,0.05682286526493683,0
-1.7538852372562341,-0.27613962449228274,0
-0.6015361528287715,0.5323612123690882,1
0.13843610871633127,0.7438938327001975,0
1.0748712867084151,-0.3382325364407012,0
-0.8931615455803421,0.07246146221730558,0
-0.22309721393056364,-0.33333632609995995,0
1.1458249731194805,-0.6860187636993567,0
-1.5100720778378334,0.021763281616598445,0
-1.4178209078431374,-0.7944566282913192,0
-0.05150429918780371,1.8139974857113743,0
0.7973192447366341,-0.52928367894317,0
-3.016700203070846,1.7192909388570758,1
-0.7969586416554157,0.1386665847091706,0
0.7470923884505886,2.327397375726156,1
-0.8609906251811762,0.2681394990746328,0
-0.5157014609057567,-1.3658517120479756,0
-0.226373570857285,0.5040557893153195,0
-0.04471119055273675,-1.0677328321212745,0
-1.1693743011572515,-0.08417261766456273,0
-0.3018318095678069,-0.9948983367056844,1
-0.3803167082278203,-1.092998927226813,0
0.434888455655609,0.6361593689892077,0
-0.9274465710835387,0.44026073818234984,0
0.166004610396283,0.7461745671104133,0
0.4579004748852242,-0.7391136309643077,0
0.0602560536014119,0.6950274856510495,0
-2.2269159850053897,-0.3157323684317108,0
-0.5377214826984872,-1.3790166586280117,0
0.15015959576128457,-0.9344900108791157,0
-3.1364646940166097,0.9999134642728702,1
0.10461530056530115,0.24520239160436763,0
1.2649597164655255,0.9795419474208482,0
-0.22371123272015886,0.5029989421522839,0
0.21490592857103014,-0.8728032726808208,0
0.5610492095533917,-0.680746289518992,0
0.9795556131804719,-0.407958659964146,0
2.694282057566476,-1.3900146761924246,0
0.29779855427200863,0.8608198282058784,0
0.035394750385685965,0.6813382483883225,0
-0.18324706516289446,-0.3216594549126284,0
0.231820294111092,0.8069273745669404,0
0.28432117740029333,0.8322612175143823,0
-2.3135077185129127,-0.3565272431364762,1
-0.37267969575996696,0.4183047750770435,0
-0.4911001987890929,1.52599297522628,0
-1.1505919465515515,-0.08377893190300674,0
-1.2524591079156455,-0.14295646633559,0
-0.047290867047962974,0.6243519021649786,0
0.8317022714091994,0.6941484177036352,0
-1.6485411166782538,-0.03802513765865897,1
0.49228442971165415,-0.7275383320630979,0
-0.7377879693924648,0.17025645421065383,0
0.24078752770498263,0.8333363674854825,0
2.392326893034634,-1.524705346028459,0
-0.08567554777524497,-1.0860691718967952,0
-0.7378416928874183,-0.660300873647903,0
-0.7666022198612018,-0.9024592758134784,1
-0.8518174466312942,0.10005568466833796,0
-0.2579261555363275,-1.208523527812065,0
-1.049806575609746,-0.02613728070293499,0
-1.37408470716565,-0.20633257458808496,0
-0.6197794740124979,0.2483141919646431,0
-0.18629290023125755,-1.1631225437626023,0
0.13621905260477643,1.9247945407446754,0
0.46938738897787774,-0.5580422698651635,0
-0.247450766930344,-0.3512442112626148,0
-1.1257056572341682,-0.0731936373810252,0
-0.009676673052337945,0.6369677737856948,0
0.5539892779458169,2.1883911802561182,0
0.3865465927162048,2.093083187211108,0
0.10539056394913589,-0.12367951249129334,0
0.08144403802253607,-0.9924556841496633,0
-0.7386925396916729,-1.2656244121732612,0
-0.5075811657029874,0.3253039040363482,0
-0.09137061093031336,-1.0713385143782623,0
0.9732411339757884,1.1401921467724276,1
-0.3155454106574228,0.45013281515385856,0
1.0286134961582325,-0.3868969590948367,0
0.24030445072104595,0.8047466196542793,0
-1.3698150472102044,-0.2335583836250831,0
0.942776906670513,-0.4438149484437972,0
-0.37325766923632114,-1.280476545188849,0
0.10375387622089917,-0.9726356721779718,0
0.552345940935881,2.1867697420292362,0
-0.9412328995649333,0.04039872843861173,0
-1.06015495830163,-0.03880364455336734,0
-2.0145637784665413,-1.2783132811179665,1
-1.2787915831497727,-0.176855591166175,0
-3.5897336995319,-0.42447436754140483,1
-0.37757949000552216,0.3959272371666804,0
0.8103225336347512,-0.5259016903521965,0
-0.5889606542712008,0.267693914808443,0
-0.5089868409836252,-0.5155436790308291,0
-0.6794921962122125,0.201438814390418,0
0.3193372184646587,0.8501781110803358,0
0.5962563099477631,-0.6635315220988849,0
0.7270827987155614,-0.4432868661844815,1
-1.142115824184903,-0.06110093863859097,0
-1.2246948047779156,-0.15219264799797805,0
2.2405639813107285,-0.004936635341149926,1
-1.6769489379867335,1.3053503081606563,1
-0.09715945721217392,0.585678651734169,0
1.0901341774482596,-0.35366939003927406,0
-0.6652198141956575,-0.7170448388603947,1
1.1114122554421768,-0.3418971446203464,0
-0.5793501229738587,0.2765916866587375,0
0.3689111335766851,0.3830812497121993,0
-0.06839855744873038,0.5895121211182118,0
-0.4228979483139979,-0.2337804403080471,0
-0.03255043322712755,1.8077447812222334,0
-0.5482180009259227,0.28959104166354604,0
0.7651728558631641,-0.5434132184797177,0
0.03060808893168008,1.8519459931890359,0
-0.03657037531408227,0.6112393319291415,0
-0.1543463525880477,1.7277389407174006,0
-0.6094182777329282,1.440484314340061,0
0.8857675492989308,-0.4732176472049077,0
0.5863147634477177,2.206263769117978,0
0.292892301292149,0.8265289410772155,0
-0.9702849332133815,-0.8322630474999827,0
2.338931375314817,-1.6260966811117943,0
-0.27290772273698954,0.46122893629337164,0
2.558347106156513,0.19821503353800962,1
0.40415690061345205,-0.7824904563893701,0
0.231854599386558,0.7905414205007449,0
0.1915895943662954,0.7668889782810256,0
1.0848898881379,-0.33052246073962044,0
-0.7691620138258563,-0.6977934630506148,0
-0.4777435952195858,0.33353580645001896,0
0.3622801655238049,0.650078230143809,1
3.199824062386327,0.13533937781849115,1
0.2653203470708936,-0.8653667530235664,0
-0.7504069328276234,0.1522169118745167,0
-0.6133586928523087,0.39954912275391136,0
0.8231595273439895,-0.5018280569724133,0
1.3102274287804172,0.9943591203717765,0
-2.7871238202036266,1.193910419508717,1
0.2453295095514153,0.791406146802233,0
0.10144334236003207,-0.9868195534290238,0
-1.2268912949871906,-0.13884845423703268,0
-0.2560776417589171,0.4620564166275201,0
-0.32806405725708193,1.6290983964417598,0
-1.0523847974367688,-0.04282986456207113,0
1.0074725768327368,-0.4135770178840377,0
-1.0936043490067373,-0.05800593080760782,0
0.9367952506073771,-0.4245279417039443,0
-0.5438814298140847,0.7226217495041546,1
-0.5030682475002636,-0.5370956101926236,0
-0.46323019600145343,-1.3525877621417666,0
-0.004171124785687312,-1.0474820563751686,0
1.598831778779307,1.1937964628843376,1
1.8312480701997969,-1.9502487328697462,0
0.41155652092098877,2.098020246199717,0
0.003995273312388532,0.6311899986998665,0
-1.0377697937429051,0.1325641916367179,0
-0.018072852768979762,-1.0414352832210032,0
-1.1854538481076107,-0.03824376118749608,0
0.22499509085768288,-0.908739907358434,0
0.18051499559529877,0.7447589289959949,0
-0.4536721683191938,-1.3434237763392445,0
-0.13091985211467042,-0.29860738812844345,0
-0.15587529395219268,0.7629393255348335,1
-0.5793778490670496,0.2539509892099627,0
1.0244265593794462,-0.39539564225921553,0
-0.458616886794972,1.5548263202024097,0
0.8867952739778997,-0.47753988266875785,0
-0.25200269482561627,-0.3698827802515684,0
0.4940942160548167,2.1440771387563573,0
0.6105218088337231,1.3838199196456549,0
-0.5204914595180203,-1.389370985620662,0
-0.6036041708321042,-1.4195515331684327,0
2.123424020708506,-1.7681506801034585,0
-0.15119137518900452,-0.29407951788958503,0
-0.12050151870414655,-0.28949513837810376,0
0.4677041087784773,0.44419672125013193,0
-0.4866864422469075,0.31916409204479884,0
0.45911635382093047,-0.7615350642354594,0
-0.14021926823435876,0.5460318629377796,0
-0.04410524469273631,-0.2347466729572284,0
-0.18867936747232597,0.529752655779977,0
-0.5169807164266195,-1.3898415512060331,0
2.5565558820289467,-0.2897168331737238,1
-0.5340984097847027,-1.3926323433658754,0
1.7994957587748572,-1.9667245401665947,0
0.9331278683547586,-0.45479109473332713,0
-1.0250416681884054,-0.016454729934712437,0
-1.3138084295516679,-0.21737928715775018,0
0.5253693629947195,-0.7263068350436378,0
-0.07943278316527903,0.5978536568996101,0
0.393185886560459,0.0312756673945194,0
-2.7327936244050774,-0.1812526924831246,1
0.7797740689861706,2.3858123333523684,1
0.6110826104667332,0.17747107493769532,0
0.5355400724690178,0.12230425493819229,0
-0.121123085550588,1.7516279869269509,0
-0.5966748218219473,-1.4207809151838924,0
0.6546632232510324,0.5578022808668186,0
-1.5152239600457773,-0.8725665101626489,1
0.25921695982724546,0.7966595262451189,0
-1.2030411315632004,-0.13198579122829848,0
-1.6852317522670932,0.11684698504984913,1
-0.09068099011554136,-0.8650115232640453,0
-1.4477095096896946,-0.6076257189222374,1
-1.391527644325068,-0.2482005734868439,0
-0.3982201981131721,0.36484457307043244,0
0.41455552096721066,-0.7709749022158154,0
1.527504074289952,1.1255313449310578,1
0.9550457366664464,-0.4448408657706019,0
0.1562416789941739,0.7277773123079042,0
1.0100358238177085,-0.4017927595258939,0
2.376628440275015,-1.6111532801740043,0
0.7279574615328294,0.24582024432367278,0
-0.8877710976420605,-0.784626121844887,0
-0.6512907472137353,0.20348015801847386,0
0.19527346187222883,-0.935904649206514,0
-0.34797160590954973,1.6193014364387468,0
-0.5073693247915939,0.3209785616637579,0
-0.5947771134416249,-0.6010323707676865,0
-0.7441366900209535,-1.0619686214795445,0
-1.069234315409607,-0.06114833969292462,0
0.05404372472185343,0.650117508673855,0
-0.22112111442503166,-1.200388553099159,0
-0.7748219589904605,0.3406745994598042,0
-0.856544175219752,0.08416240916096811,0
0.18704229167105535,-0.9380727613872484,0
2.6478736984113818,-1.440500333348122,0
-0.027840077329009998,-1.084265935849841,0
-0.12269811320330432,-0.28605242894728683,0
-0.0036559692402422456,-0.20701456904552454,0
0.06933335497753616,0.7039036036898992,0
2.8202409463496947,-0.14074989933382087,1
2.124484704940585,-1.7821865536269372,0
0.40307209771674085,2.0807020302908827,0
-0.7914211484958572,0.11059667186920029,0
0.7944584142028744,-0.5501941287475937,0
-0.3252422645619581,0.42540893072600955,0
3.29283769933441,1.1268430257711979,1
0.15759248809875284,0.24306628515744577,0
-0.8361426785390192,-0.6571517787555559,0
-0.182694924733342,1.7119943158170492,0
0.7400610400448573,0.6190706251374902,0
0.9777240416198945,1.607357089004147,0
-0.6206425777468241,0.22292528566606662,0
0.5533785426438524,0.12916504436134657,0
0.168457898307818,0.7350611796226313,0
0.5192803949650246,2.149498072586945,0
0.32981821102191117,-0.018441674210275944,0
0.5012455335989767,-0.7441797204358682,0
-1.8623345825909081,-0.8666915885895584,1
-3.0323172687086344,0.12496188446444549,1
-0.4784919125011577,0.635946065022718,1
-0.5679502603818442,0.38696843988630997,0
0.24665857180103018,-0.9054095524764177,0
1.5941245711518013,-2.1176841280843095,0
0.5228710721256347,0.1322248109442909,0
-0.09859508921301835,0.5539572247854032,0
-0.49345795031404255,0.3076891722842478,1
0.8988450464016939,-0.4841132320811216,0
-0.3651698019266351,-1.27799646590207,0
0.4677414352531651,-0.7678075463038427,0
0.07091089520786291,-1.0200491141467496,0
0.7667234565743267,0.6386397345750298,0
1.0329236398144437,2.4788839571276546,1
0.971313082590135,-0.43876787294722214,0
0.15480749814130196,0.7137269486995824,0
0.015783860745268753,-1.0463314933803598,0
1.0520816440763592,-0.3831704544811633,0
-0.05438516591746979,-1.0833446085206013,0
-0.3917615603333832,1.564219284518723,0
0.19469349261607113,0.25450711650680363,0
0.22794653920710636,0.28562164723207234,0
0.35409563488952744,-0.8297850754867114,0
0.19981736499190156,-0.931800602081899,0
-0.6116725405922232,0.23888481089650293,0
-0.1572424074923919,1.7300994282648376,0
-2.539478643546957,1.0620976349786697,1
-0.9681407065436258,-1.3105155039585383,1
2.1725434630510145,-0.07513600886947248,0
-0.3561958710869958,0.39933615127094685,0
-0.8276816559842318,-0.3110818206639673,0
1.013511786459584,-0.4251793105268222,0
-0.9779676726690271,0.00808208756025112,0
0.37472504062254247,-0.8276475100315664,0
-0.5047695500759787,0.28911092449203374,0
0.4153828805231284,-0.8042094302523352,0
-0.6061856929464986,-0.6176992466737354,0
1.8688414234637722,-1.9481475422004066,0
0.7202365337201192,-0.583773133517012,0
0.7271821608809237,-0.48696100593991254,0
0.5399662594696822,0.12291700019092043,0
-0.059201705676418824,0.5916127344601679,0
-1.149911084403154,-0.07130783523105129,0
-1.7771719571695246,-0.46564383759720296,1
0.05721015121094886,0.6439274117264691,0
-1.0677536630487194,-0.059064871976031684,0
-0.05691136485811774,-1.103715235774853,0
-0.13947106570020915,0.9006125769719314,0
0.17750155270099954,-0.9636252938315532,0
-0.2133493917658804,1.6757914304256416,0
-1.2157487788867931,-0.16920195118498704,0
-1.785970911419207,-1.54186908702876,1
-0.20772563442261668,0.4982730835834725,0
-0.13533025200257504,-0.8636195280358061,0
-0.1632888239783315,-1.1816461944768577,0
-0.13009873250703652,0.5621050626204477,0
-0.8238346430942167,0.12521679851701706,0
-1.0701371399792068,1.8581990430473394,1
-1.298219508153977,-0.025660294292576453,0
-0.5540361077391888,-1.4246133480193488,0
-0.4778519706121836,-0.5306348488947977,0
0.3753796455123702,0.856399583968824,0
-0.09912949586179909,0.5487571584499091,0
-2.5719727140267885,-0.1940416314918165,1
-0.7758613855125893,-0.6809625254524659,0
1.0833022390645992,0.8127261489218868,0
-0.3054472632734894,0.4211124662094767,0
0.6107803129362606,0.5227215057204218,0
0.1282086672826107,0.7135432352983123,0
-0.43062485352352364,-1.3457324675164886,0
1.6653220224054217,-2.086729825329307,0
0.35444950674548403,0.022113182507047618,0
0.9196873203441616,-0.48678766795665424,0
-1.5895845272130378,-1.3919743811822167,0
-0.3900447133368275,0.6484227334910077,1
0.5271033821162698,-0.7385650493099318,0
-0.009022423441560215,-0.24283804095743625,0
-0.7101129471639923,-0.3845976413437192,0
0.26802054177615703,0.2952303227419943,0
-0.7867827390961827,0.1113331548764289,0
0.28300750880998365,1.9838375525134566,0
-0.15670514789627543,-1.156971416823232,0
-0.641928319492697,-1.4575329779074424,0
-1.1735465280466908,-0.13964889618575962,0
0.22340812440247312,0.2791717154282007,0
-1.1901175877315915,-0.15106961669353508,0
0.29518758776919596,-0.8707495854386376,0
-1.3603391432724408,0.023217157663896076,0
-1.245445582939267,-0.1946262272482976,0
-1.5351750075689286,-1.4548529246945263,0
0.42800179263414045,-0.8073141050994198,0
2.0690302179950693,-0.1402314066964754,0
1.6410169182339702,1.174052170936434,1
-1.0416865501714216,-0.05948080190395685,0
-0.5412370405001486,-1.2254586279804636,0
-0.1843801040413068,-1.1798939466719864,0
-0.9538198844696862,0.023337689169823133,0
0.510882723772531,2.1302735815153304,0
-1.6767255323980625,-0.2612483610972969,0
1.3984811612325128,1.853372339952012,1
-1.1897316527293074,-0.1349554606043372,0
0.6981943862652358,-0.619029497900052,0
0.7774351001465747,0.2667014777756473,0
-0.48693320010085595,-1.357419131737979,0
-0.8904306633417095,0.3198001543580857,0
-1.0517905830102428,-0.018551008397207486,0
0.6814549921136228,2.25128397517187,1
0.3382730914953329,-0.8573915313263656,0
0.7524981030538243,2.3054910672496245,1
0.31730544754243434,-0.8433424640354342,0
1.6867364316916302,1.196798956710396,1
2.753626989507909,-1.3931617218104153,0
0.5654231548934353,0.49427144991164246,0
1.116572092094437,-0.3559801358729113,0
1.0183234313129357,2.458714472254581,1
1.376094713173278,1.0008892120983426,0
-0.0064956034132224935,-1.0850059771047327,0
1.4162011208801142,-1.4033559072612827,0
-0.5483210679474358,0.2573711972930352,0
-0.08242214844959965,-1.1317009004075518,0
-1.3947030125163387,0.006252059454780783,0
2.672862624715839,-1.4412335467853745,0
-1.0269743921994128,-0.04246362129358424,0
0.48773970560221996,-0.7402365416031329,0
0.671061917287645,-0.6514052274214998,0
0.8565960366613624,0.6942829324571657,0
-0.04111936954737989,-1.0563423146662334,0
0.1958079302115449,0.7271627407008717,0
0.7348104764101673,2.26611531809123,1
-0.3835568830280036,0.3686006745005734,0
-0.3209531786080139,-1.2823197299730327,0
1.1226046790409785,-0.3567063141890477,0
-3.3160660563239106,0.11323172878263536,1
-0.14255758620294523,0.509511282076714,0
0.5130783983747834,-0.7548079105316182,0
1.7045469702966969,-2.069268532309321,0
-0.19006216960767544,0.484573037825403,0
0.22806346499480612,0.7485894436628245,0
0.12425387636654357,-0.8579793350544682,0
0.6576455993897848,2.218500492293257,0
0.5765425689488074,-0.7021211331165216,0
-0.9609861682718072,0.5409253411194153,1
-0.2638627268684573,1.6334551777200856,0
0.026134026390185645,-1.065076153281929,0
1.630034506824031,1.15891269466246,1
0.312750456575367,0.8304664703035219,0
-1.1919613880728608,0.060904082747146183,0
0.9371359136776782,-0.4735581772846501,0
-1.2107557750309133,-0.1512592342359861,0
0.388964941786861,2.045953167813851,0
1.1656272126411542,0.8872051693107736,0
0.9637007074967874,-0.46987648903200363,0
1.0243742193764178,2.4561629790329795,1
-0.6514352781569317,0.17746949541724766,0
-0.6526067390450072,0.20333924573002693,0
-0.331003445935307,0.40037062566212717,0
-0.11674675745607159,0.6768924298009426,1
-0.2523688441314377,0.4470211156849639,0
-1.3909623634453434,-0.04893066493474787,0
0.6028487720150401,-0.6911366974137001,0
0.08199320050207158,1.8500541398828174,0
0.19558363958844624,1.919548188542231,0
-0.46161981332392704,1.496939074990794,0
0.26972840524859293,0.769987255681985,0
0.25509173168693444,-0.918840817968933,0
-0.4581596960723991,1.514618453977193,0
0.23108653750531838,-0.9401073847749419,0
0.8330530917038377,-0.5173835419314973,0
-0.6200412689818059,-0.6318756073794016,0
0.7914760986189235,-0.5674669116190226,0
0.365286298776593,0.8274723000944898,0
-0.26393972679774347,0.4352653493960164,0
0.4927850099511683,0.43415427216622954,0
-0.6917952780120195,0.1607791078771284,0
-0.4448836754229269,1.8382073128567562,1
-0.299584091116336,-1.2831772190839794,0
0.40799446946851986,0.8595703537600193,0
0.3503891535755775,2.020090169178552,0
-0.16385332379324297,0.4847271281479448,0
-0.03794963676020032,1.7690509659938927,0
-0.14959457814491797,0.49542993613723724,0
1.1063610766507403,-0.36375134443336005,0
1.3736092012409975,1.1686506601873614,1
0.7832953801171417,0.6255344146164686,0
-0.33307473047297914,-1.297815569930661,0
0.004108036452391224,0.5968093318044895,0
-0.20584242888043688,-0.3525849244834112,0
0.17245974163019423,-0.9596722327673626,0
-0.5358381398116998,-1.4162055231066948,0
1.4112594489289405,1.112754591813339,1
1.1304732683626897,0.843340233831278,0
-0.31861536241488086,-0.44864248146057134,0
-0.0867089766692785,-1.1390265454620412,0
-0.3512608874513266,-1.2317032895608004,0
-0.4787999192043367,-1.390637411563633,0
-0.8720431411480689,-1.241524711522969,1
0.4258133829435253,-0.8086231773466617,0
-1.5348688986817385,0.16954945440623415,1
2.339057923694401,-1.664679850039459,0
-1.827455862287779,-0.20631276336905627,0
-0.09964758308190677,0.5273512065919584,0
-0.3558916390979831,-1.137294723588291,0
-0.877759731648599,0.04266346652609169,0
-0.24276063101013298,-1.2422263018026989,0
-1.2952556536423412,0.06600475991041259,0
-0.04065576245279918,-1.0983454738445908,0
1.6859661622645379,1.1879067793545803,1
0.5022086410621028,2.1101843379095646,0
-0.4595615039354448,0.2975206991008295,0
-0.38014688036141436,1.6444673391524327,0
-0.048931180808127285,0.5603037448325171,0
-1.1267931479584639,-0.1355122896451834,0
0.17857690797600262,-0.13084183051785367,0
-1.058581191152595,-0.09044975216938071,0
-0.29264504332339464,0.4008218991517198,0
0.09091239728955873,0.1773055295803495,0
0.6509865219215013,-0.6715862503088259,0
-0.35098779034007643,-1.2948478660137186,0
-0.5177516331338354,1.4658419863913619,0
-0.35027127972671307,1.7613767688294748,1
0.35552318687756806,-0.8302392275829554,0
0.17821290491832548,-0.9706166645898018,0
-0.868286725990797,0.033565436592485266,0
-0.043324666725383564,1.7729234656743642,0
0.7492424026089123,2.2682524977891108,1
0.9534607641123993,-0.45206089751365913,0
-0.360706224967228,0.7634125721772703,0
-0.9197616039848863,-0.0008737259444319868,0
0.579176347412229,0.12042007701550932,0
-0.01889835038750743,0.5718559545888902,0
0.22501290935127283,-0.9294561974078718,0
-0.2552266065446104,-1.2553981024330378,0
-0.9118745124275349,-0.8390258386180359,0
-0.6439389511228824,0.1887256765725457,0
0.9421388171960356,-0.5166815547226802,1
-0.40534287279937065,-1.357053735976194,0
0.693857107556912,2.2325777289495448,1
0.5089082087876411,-0.7648579169224732,0
-0.23687004042486906,0.44197869527305206,0
0.11417797253878113,1.873876369541224,0
-0.7749913166894576,-0.7404831955975164,0
-0.07735293777306645,0.5618531944438163,0
1.947936772821401,-0.24218847438209223,0
-0.3682611978167836,0.3517977513704373,0
2.693078354836881,-1.4493962998411185,0
-0.4089617442072598,0.3367007586803041,0
-0.6786847739450574,0.16481726212705777,0
-1.0294620891704405,-0.07169460912293198,0
-0.7159633203797255,1.3283425785245924,0
0.7397695110426463,-0.6262231288734845,0
-0.843567364157846,-1.4077645119295674,0
-0.12624097859129493,0.5360643413645249,0
-0.24268793752263557,-1.2379808307327036,0
0.7812711110352889,2.3140475926471953,1
0.32778206549599476,0.805367124283385,0
-0.4524749027140928,-1.1656588124719658,0
2.234838981852321,-0.04291905886856769,1
-1.1973213383487915,-0.08075659506403206,0
-0.029309105080832974,-0.840064837437513,0
-0.5020721958023117,-0.5525144207815328,0
-0.5453661490832176,-0.5766283414557368,0
-0.16000989663764215,0.47772613233961597,0
0.44304060647633997,-0.8120311966537564,0
-0.4176297971789849,1.5118357964516866,0
0.6038210347059738,2.1727348131512305,0
1.1059508476325963,-0.3714918146981004,0
-0.7808672086019531,0.46109667243806224,0
-0.19745478419082116,0.8542430192586572,0
0.27453040461884365,-0.9166720655257791,0
1.810808170000523,-2.0130479221776243,0
-1.2957264053935942,-0.21892241284445124,0
-0.42185491325609015,-1.371573214073541,0
-0.20553319073508583,-1.2254349586528364,0
2.548768531789869,-1.4827467066791524,0
0.4110449827026515,0.0034675390775796107,0
-1.3882814644374923,-0.2857600214363174,0
1.6278586978193184,1.1552290278639825,1
-0.6936720479010577,0.13356069080962707,0
0.1568655287065931,-1.0052187500157976,0
-0.4757013377506668,0.2885719862693244,0
-0.2456820919529897,-1.2584227538155974,0
0.09692394120610719,-1.0407650577879184,0
-0.6773672886549792,0.30985202219696245,0
0.33179303554013584,-0.5346507412237168,1
0.5407162007159271,2.126439479751148,0
0.8751028565788463,-0.539189149244247,0
1.0866088916966925,-0.39378459271466176,0
-0.4966495560507889,-0.580387206003375,0
-0.843523268581695,0.040018819037146026,0
0.32207295442010936,0.8012981530101594,0
-1.3128327094324437,-0.022952889716971642,0
-1.1216600195690412,-0.13332936726319475,0
0.150506919218223,0.7313187678539218,0
0.8898239572858393,-0.5289643250720832,0
-1.0594224954751807,-0.08055526361137295,0
0.5620493129349083,-0.7446365831546853,0
-0.2670513484394606,-1.2457145361740347,0
1.5267903021469789,1.0682054684149915,1
0.49671387995499044,0.06660527203869492,0
1.5023469783045869,1.0642985724649483,1
-0.9561654967875075,-0.8694157576126685,0
-1.1097861202761123,-0.13243435138789547,0
0.86117242652845,-0.5341521973975478,0
0.8645443880313398,-0.5075902294030412,0
0.7511143782442454,-0.6033822783016488,0
0.07611791110616738,-1.0548418982172332,0
0.2521898670288795,0.7716707477388763,0
-1.286070787895565,-0.2469729180698917,0
0.11038689338423356,1.8495654498839749,0
-0.716567108938106,1.5143655673951792,1
-1.4623027255508576,0.013438846788425421,1
-0.2310008941751768,-1.2503063102424417,0
0.22008199340889725,1.918191807054978,0
1.0275659005370015,-0.44010091075488594,0
0.20707298992932635,0.2208071030462383,0
-0.00593469504695273,0.5746834783829188,0
-0.5474147184741275,0.23069800305344323,0
0.9756991569461197,-0.474508371970641,0
0.06747630647723525,0.6204467171408853,0
-0.3615708888071491,0.3458703258905705,0
0.14863322771926438,1.8717220783332238,0
0.12753279667548645,-1.013618156968868,0
0.4072710431765267,-0.8403915908020013,0
0.6575664279366403,-0.6542243988672007,0
0.38752677168386657,2.029738284357805,0
-0.3387104355115972,0.36623124936715395,0
0.5451967153393606,-0.7326112913775129,0
-0.6078675381105805,-0.6358409543567353,0
-0.7314478341970397,-0.6983266152383231,0
-0.1700217307690594,-1.2078082026335117,0
1.8031216243200467,1.246701239746376,1
-0.5697331798474442,0.22592658548836297,0
1.004972811734517,-0.4627062095892375,0
0.49047904767858647,-0.7590141099163611,0
-0.5054030513810122,1.4658336680987842,0
0.9875963346445606,-0.37849572069978954,0
-0.38084953716869135,-1.3277010283167692,0
1.3874612689664867,1.8212259352638331,1
1.1538853155066675,0.824666137652012,0
1.17534201568173,-0.3502571564871332,0
-0.09491929854973769,0.5239881847167037,0
0.6898427627308443,-0.6683786071616262,0
-1.3165389985177212,-0.2548140868221941,0
-0.6434238692702055,-1.1418021421681195,0
-0.5690831638986034,-1.4616693220013892,0
0.5678379526714203,-0.7308984464804059,0
-0.6560238059166889,-0.6797673795439798,0
0.8232727304919933,-0.5788924866326577,0
0.9069948000694474,-0.5313754859496469,0
0.9692572569652816,2.4036192786994373,1
0.7041198137859926,-0.6495996297476702,0
-1.0051907122721113,-0.0687895652130718,0
0.3256613357590703,-0.8729938742161347,0
0.32275619538062056,-0.8909543167346078,0
-1.3861443404896632,0.28241657864333053,1
0.07774740642175547,-0.5189447559540453,1
1.1325488640950117,0.8110569107374781,0
0.16249805742168344,-0.9941551253276125,0
-0.41335551748125887,-1.3782304626974786,0
0.12655435692577582,0.6518396663573142,0
0.10760785265256766,0.1665955447777202,0
-0.2154712844113429,0.5734075636392518,0
-0.4384274848808156,-1.3824159450635662,0
0.7779185344012314,-0.6046913636356253,0
-0.5706169608732747,0.21406237974665887,0
-3.5922909992584198,-0.5600748134265041,1
0.9350043721553589,-0.49390049354051835,0
0.9775016198952768,-0.47880397580494594,0
-0.7259849405431719,0.12031982740163215,0
0.6392302647350987,0.14282126563513786,0
-1.2680494471123247,-0.23255931311197475,0
-2.4978717159243153,1.0891814506251845,1
-0.19495496473410032,0.4448297307011509,0
0.48305569688441613,-0.8073673342435669,0
-0.6459449387777577,-0.6807911267548343,0
2.4176007675417743,-1.642752320768013,0
1.1372066152583147,-0.3855889102486471,0
1.1995899145051687,-0.341322999351727,0
2.5923562025947353,-1.5205561701590953,0
-0.10251480811971639,-0.6880138725732203,1
-0.5302861334103803,1.6408154155227503,0
-0.05834144571765328,0.5345266711858986,0
3.4312179469864965,0.20321892367714167,1
-0.5756816023298872,-1.4749526164983007,0
0.14500611659957513,0.6785054266021943,0
-0.625580988349466,0.17762915397200785,0
-0.25721398206043483,0.40792490020511313,0
-3.0223170489967655,-0.5188128128618871,1
0.46008699125706937,0.12250423998838371,0
0.72852731804473,0.5547948092242659,0
1.0908794021292885,-0.4026400121740305,0
-0.3482766009841382,-1.3364787990548201,0
0.21752617176133332,0.723675902343529,0
-1.125054336520729,-0.1518829716718956,0
-1.2687158731307064,-1.4508478282219721,1
-0.004939411641831169,-1.0754178638345102,0
1.1762816046751239,-0.7484991344383165,0
0.0004667036803636476,1.7636909786882118,0
0.12312347765580102,0.769737137571514,0
-0.21600279024127716,-1.247351634785093,0
-0.24013609328912403,-1.2685463153483416,0
-1.30529407172703,-1.5441926798944083,0
1.1985618887075002,1.6993725819005883,1
-0.2511777331157916,-1.0265328731006564,0
0.7967165595138906,2.2764591015929994,1
0.30529882980014406,0.3842924022059517,0
-0.9337512897919537,0.1723241221722055,0
-0.5016116902758696,-1.4397216923876668,0
-0.6432755756630146,0.17283097620149324,0
0.9473217823568967,-0.5046674625111375,0
-0.40410442502335947,0.30493265225464056,0
0.26671253131935035,-0.930933994342148,0
0.42705427939402346,0.00200605593582807,0
-0.47204671105507306,-1.4183392941298076,0
-1.2625998391940525,-0.23575082612489184,0
-0.06117806235564389,-1.12066709298524,0
-0.18146283333927318,0.4690031782410334,0
-0.04422398369088979,-0.2880833209267753,0
-0.9380809588572095,-0.02112302962517661,0
-1.1521363118455914,-0.14095916502419212,0
1.867062438352455,-0.2882065701784443,0
2.0925938959871586,1.0287225792627892,1
0.9648104978027987,-0.4944779976044017,0
0.3767058075004573,0.8148000294562535,0
1.1986831863215677,-0.3370439402586582,0
-0.8097256496039777,0.08492495435263879,0
-0.5802288998205589,0.215644081744243,0
0.642550673874066,-0.7095842528758063,0
0.6947435604503893,0.1720258239043656,0
0.06876518973567024,-1.0585830635168536,0
0.8486719360030072,-0.5651829076388305,0
-1.1149848445499517,1.4425128965956584,1
0.3464377032331742,0.8093658624500245,0
-0.18902777523013975,-1.2289231562626057,0
0.036572558806882906,1.7832363823341328,0
0.39442935639219484,-0.8613900071055697,0
-1.2444495206378754,-0.2349964128617401,0
-0.029592450641256908,0.5425013182023387,0
-0.4954939374300148,-1.380630673446673,0
-1.104242009990896,-0.13549026851564847,0
2.2545928984352557,-0.06544105152248932,1
-0.6017267917683631,1.3803854184353033,0
0.5299162763923598,0.4238454674378784,0
-0.6406278556030759,-0.6862879406518138,0
-0.09269789680424867,-1.15425969036611,0
-1.335124414523053,-0.29319997332317793,0
-0.5563198489583472,-0.6301512664636604,0
0.4229557422698334,0.8370792017154348,0
-0.6981091753540304,0.12596772705563863,0
-0.6636547624788596,-0.6990578658335052,0
0.7512152453251035,2.2478956783320676,1
0.35508200713293364,-0.8862737049263282,0
0.041870952643748134,-1.0909224969800833,0
0.9022555248965578,-0.541695004741992,0
0.6419469556267061,-0.6947177291744028,0
-0.30730502620220124,0.3678466916089354,0
0.33472869693693347,1.9747759550666402,0
1.1626473928939527,-0.3716901886965266,0
-1.3122244319598215,-0.2821860693797779,0
-0.4331159519487595,-1.3817597164399773,0
0.9750328247548895,2.3769269104406496,1
0.5024177927799904,1.053983647518538,1
-1.1011998113208497,-0.14584228370012772,0
-0.4271363340791861,1.5879518628975138,0
-0.6693140362526613,1.3331329496890596,0
-0.3633935820037058,-0.4979359396035159,0
0.10329220329198756,2.287129622457921,1
0.31415459837971105,1.9619227079711616,0
-0.5518274539027797,1.4116595972456232,0
-0.3372477976333136,-0.48560487868603375,0
-0.6923940964670281,1.3290681375473243,0
0.004022514876842999,-1.1158520398281753,0
-0.005670064741945166,0.9257171501700634,0
-0.003580005819690862,0.5693135458515525,0
0.6335295259038797,2.166779367910105,0
-0.35389308821119625,0.35020742140397626,0
0.1330263043621263,0.6421313918730498,0
0.8883054433830355,2.3360199645715256,1
-0.6914607129863262,1.319765897672795,0
0.395572047396985,2.0255095600392767,0
-0.04312530368355775,0.5365091176817924,0
1.1331416916695158,-0.36966605371736105,0
-0.3291795422135562,0.34461963647193444,0
1.4876168294369931,1.0365227253839826,0
0.40153419149095243,-0.8386467244969181,0
-0.9719711004082462,-0.06726333590992702,0
-1.322898116415272,-1.20611568480285,1
0.30610948506790003,0.7633415293093452,0
1.108724118545604,-0.4001656821902831,0
-0.3334587291796692,-1.343178838292275,0
-0.6098217094244294,0.16171950170748023,0
-0.780540422304201,1.2875793893780345,0
-0.7964905228495863,0.054677676922786224,0
0.5587717573469705,1.2886165191872443,0
3.1634107326623337,1.7254145316479614,1
-0.6363097742305641,0.1746532865414433,0
0.9432480415298758,-0.5219535152605809,0
-1.4658373750070726,-0.2830150613058648,0
0.5250787828870795,0.4092765887121577,0
1.6169208260407144,1.1070397629152482,1
3.984663029769598,0.5555766468510603,1
0.8949978022739438,-0.5559013847237624,0
1.8440660520799084,1.2546442352899556,1
0.41954714651217856,0.5931450474845589,0
0.20193997450312287,2.0111498636889364,0
0.6321317978072484,-0.7183011742277218,0
0.13280691271345912,0.6567822568461722,0
-0.18247252252422272,0.0828239775854872,1
0.568806017866413,-0.7630762953083716,0
0.004705855812636696,0.7502628249789932,0
-0.17932294623256131,-1.2431959171899545,0
-1.8387737335274579,-0.8077709226667793,1
-0.17149565134801706,0.4617469160806112,0
-0.442131981018402,-1.3967824113529794,0
-0.19497973670134397,0.43184653206328844,0
0.13896195195930572,-1.0383225209692526,0
-0.007692520356313811,1.7428575373130895,0
-0.3740953441351278,-1.2560840697428972,0
-0.829470934679986,0.03856318754165148,0
0.08845653342938735,-1.0725225761380481,0
0.8893549749070336,0.6370295824758763,0
-0.5541139168440501,1.3977535965369403,0
-0.3814138150230735,0.31557883292432415,0
-1.5703617297374872,-0.28389006615457224,0
0.38321254207671535,0.8065595253655634,0
0.37081005574924925,0.7958653164362645,0
2.440031608925887,-1.6444237001890858,0
-0.6630869382365967,0.13279583901584563,0
-0.00031212812983002217,1.7515983428808135,0
-1.270424877830145,-0.23874131221618844,0
0.524641681756993,-0.7718158938447929,0
1.190307543191726,-0.36552671287938,0
-0.4231914689552247,1.4864006593685126,0
-0.7055621061807567,1.2951638013329019,0
0.9647732902313879,-0.5134341702190938,0
0.1385810739888591,0.6550112574521452,0
-0.8970329738794217,-0.016941630309614337,0
-0.6760721342207139,0.12119021119182925,0
1.387558276886712,0.9552584833450087,0
0.339448193546361,-0.8792727747588523,0
0.4441609103703717,0.831809327409211,0
0.9489516561306588,2.3655495315819173,1
0.4507763053159722,-0.8451590591264968,0
-0.5040442999972171,0.23398337097332844,0
-0.6675873390994805,0.4093790618083177,0
-0.25723707409466906,-1.0665751083720532,0
0.24814513257394633,-0.13334534009248364,0
-0.3680231894202057,-1.3624596076878006,0
-1.537196890430833,-0.9021887683800597,0
-0.4449956768592274,-0.3176426189203451,1
1.1119574875259215,-0.42276655421246295,0
-1.0004277972975013,-0.9886624558974688,1
-0.8532908597671219,-0.8332100408442794,0
0.7538133747662407,0.18702633761563137,0
-0.26354823950228384,1.5784180573468456,0
0.1372120201253078,-0.19463536179023816,0
-0.20415463685508747,0.4527493300406203,0
-0.018643224709478053,0.7074651961917745,0
0.996919068632383,2.41486983648097,1
-1.3125986998878194,-0.2653353017074625,0
0.12036123599724431,-1.0539828609007662,0
0.08395048255583425,-1.077048084750031,0
1.6860131741573794,1.1466607650309628,1
0.32235669799796834,0.7501569442548587,0
-0.9491964878554456,-0.044874800551128156,0
-0.38673397895619926,0.33697751871244735,0
-0.9706321809844934,-0.06574988844350106,0
-0.6890221125246285,0.10776186103793504,0
0.8489855567339425,-0.5777489325263014,0
-0.7866986617310705,-1.4195450152638684,0
0.9225913311852191,0.6549495435719774,0
0.3684599258813756,-0.8777776038678274,0
-0.606240103409474,1.6116937277691932,1
1.298295051635988,-1.5414189116685273,0
-1.7734928050038272,-0.0581035913266448,1
-1.0018000594558678,-0.08003435272255784,0
0.059788232792018316,-0.24320367810643884,0
0.5090410296761522,1.2297957184622221,0
0.896847383677293,-0.562657728517792,0
-0.38937580611618644,1.5308227283015052,0
-0.5308597899419729,-0.629807251628185,0
3.311371258598277,0.9533875547632639,1
-0.38720229750396623,0.3004994477270801,0
-1.1781702884517953,0.05791436284753541,1
-0.5829282235685666,0.17465129490887732,0
0.19977354005778225,0.6859037110043952,0
-0.04749823810454815,0.5261540087049048,0
0.7494819966575088,-0.5597927358379776,0
1.1168129088634664,-0.4080737461917198,0
-0.8593987337521116,-1.4760154520617323,0
0.42499605358262554,-0.8621874576347107,0
1.043035035336312,2.4101663245105445,1
-0.4160663923774212,-1.2257678844327324,0
1.0135313875722594,2.396775246556653,1
-1.054431683399893,-0.12464262528918195,0
-0.4682183531708733,0.24340185167260997,0
0.4178005222647153,0.32298199169541225,0
-1.9881461328838208,-1.683570976017996,0
-0.1997674297754268,0.44086555140612477,0
1.1737553213754623,0.8212633270821321,0
0.566281508930904,0.0757398237155824,0
0.34297586154899795,0.7759646643236692,0
0.29905399400155797,-0.10456808184054929,0
0.40234341275619884,0.8022532809608006,0
1.9359900154650957,-0.28581023785251825,0
1.005175288838337,-0.49634197284158266,0
-0.5295606464691818,-1.4534561475612364,0
-0.1159632377890318,1.6657647755966558,0
-0.343667638940152,0.33089533382752695,0
0.5612021255890368,0.056716887044670684,0
0.42867322087554055,-0.015845359362393247,0
0.10923450930708296,0.6261669753455902,0
-1.139614373857173,-0.1828320551607803,0
-0.41345663998823506,0.2762394821377763,0
0.8837084908218354,0.6275772933337126,0
-1.0939212502380542,-0.1500050128007446,0
1.2501680230184864,0.8662042313081287,0
0.6967831491629325,-0.6925488113937932,0
-0.32237158104691666,-1.3445676007417016,0
-1.0449264287043338,-0.11676634133649498,0
-0.6704163138677068,1.5103965729728859,0
0.800248055550868,1.4182656554670647,0
-1.0703987136482294,1.3422870541815042,1
-0.1251677576867794,-1.053583098046272,0
-0.9734032964187016,-0.07147353958801074,0
-0.21563160812051493,-1.2592392655805966,0
0.9081359886021191,2.316708800671534,1
1.1198692664345944,-0.41117286327629504,0
-0.3713109014748677,-0.664594153687799,1
-0.3200966424408109,-1.336513237290413,0
0.04295560162690019,0.5794794571581967,0
1.4373789934476138,0.9804879934762607,0
-0.10340599087734464,-1.1992147933806308,0
0.9500189633769907,-0.5334443271531246,0
-0.9925565281530938,0.09024532071099693,0
0.5882860406284699,2.1364569319616993,0
0.29533574126020157,0.7393676182161449,0
0.7802740913994652,-0.6380904966358786,0
1.7198894541650274,-0.4351139519543812,0
-0.5119963692701619,-1.4712228921333559,0
0.9347670069049285,-0.5364078850845054,0
2.4977608702944565,-1.593860538710108,0
0.07330194962430651,0.5830060527138525,0
0.3247770717330643,-0.9171536994344904,0
-0.8972315800336438,-0.009417141565786399,0
-0.4584831312283774,0.5801300908417462,1
3.3979427179514103,-1.047648521467199,1
-1.4711738422107834,-0.3062519750586834,0
0.07528097614853609,0.6088987767119112,0
-1.5269777197571326,1.3946699946657706,1
-0.017735513118675487,-1.0483962805309863,0
-1.308278748169029,-0.29051275825754935,0
0.07320818749715506,-1.095715749368228,0
-0.003493203210564419,1.7396881372736268,0
0.36954738625135347,0.7751685625772456,0
0.05934615981075234,0.5796915471691058,0
0.31273134430245286,-0.937603618046928,0
-3.882817220389651,-1.768602685915885,1
1.1277055047970292,-0.42152571291033875,0
2.2596317346790897,-0.07597770640172248,1
0.2908886001792587,1.9233105221418416,0
0.9891983231952295,1.5305293000657036,0
-0.7919051491178483,0.031124327256133493,0
-0.1772761351748564,-0.934480129091615,0
0.6965531876004117,0.14201688232810628,0
0.8990594403861287,-0.46571435575713827,0
0.8491670526502346,1.4564584055861234,0
-2.4378490213285193,-0.24624176035773523,1
0.9640317098995955,0.6871584481950374,0
0.261890766432454,0.7225425190887272,0
-0.40986265821823614,-1.3975032654427468,0
0.1772150259023817,0.6484663739059112,0
-0.17360344354518728,-1.2571320290482584,0
-2.9939795177320665,-0.4099389085259009,1
-1.0718476986679157,-0.1520348341479055,0
0.7655285355079351,-0.6350972264580698,0
-0.2547255856217837,-1.1740117681006366,0
-0.6486717878653064,-0.7176153223736169,0
0.406511871963218,-0.8904736432327183,0
1.9278661113640867,-1.9891231886743577,0
0.4564140066991295,-0.8482007170885215,0
1.1064501547776773,-0.44429281679976274,0
0.322922763617124,0.7480792756892983,0
0.24210939199221293,0.7095358350790549,0
-0.5982453412718707,0.3025885806061775,0
3.2815869198848544,0.07430730430651354,1
-1.2195118063276151,-0.24533489051712076,0
0.20554613325747007,-1.0090467324826387,0
-1.2649919033459283,-0.26987328771391667,0
-0.20019849764657954,-1.2714510312595104,0
0.3307211810025729,0.2662700727270256,0
0.7120956791652973,-0.679553358398294,0
-0.2679060426273905,-1.3168937405538113,0
2.4406574513657184,1.2224411697805473,1
-0.6171047700451687,-0.8300599734404843,1
0.07131256007729385,-1.091221737420553,0
0.11831360259808966,0.6110676446442193,0
0.011743465140838216,0.5424603722951151,0
-1.1830458065022649,-0.21473629544999573,0
-1.1093954387271423,-0.17746699028120252,0
-0.7349471147207282,0.0624684924909704,0
0.15712659931004047,0.6339504382932729,0
-0.16449063743059367,0.4280209138995426,0
-0.10590843642400931,0.4629944933860523,0
0.9394375183562341,2.331774656192363,1
-0.6337895438278072,0.14712912397886707,0
-0.4714912960526346,0.23275731102276886,0
-0.16512200133133959,-0.9366501673232563,0
1.1928501145267834,-0.3726047040006782,0
1.0959964346921578,-0.43973161568960867,0
-0.9954002639864548,-0.10882532169212374,0
0.528324076228405,1.2291986283596184,0
0.39430835371230116,-0.8867274607660022,0
2.920513189207798,-1.3617685757882096,0
0.08383204343939259,0.6651613717980561,0
0.19752185797499713,1.860492240129784,0
0.6881317689614097,0.12726758867997484,0
0.32116975546905063,-0.7414897844851366,0
0.9225120127459483,0.632696396794866,0
0.5909195790989912,2.103040564139086,0
0.17237203625594605,0.6432496998645479,0
-0.5411350171929297,0.19463597216231276,0
-0.8729835094380882,-0.030278767980428684,0
0.1340219588115587,-0.22790374814753864,0
0.24200933621249232,-0.9894468847493905,0
-2.551835872857794,-1.563321973669488,1
1.0635476828286232,-0.45494246390278703,0
-0.36433905442129505,-1.369637887923759,0
1.8278779208114637,1.2140940598603618,1
1.2872806550251183,0.8789562892281271,0
-1.157743464556773,-1.5256448719888116,0
0.7979296870528364,-0.6352793627449365,0
0.8088500726406842,-1.0007424263218991,0
-0.13079163794684462,-0.3824354801474692,0
0.14789619400417847,0.6208145742261482,0
-0.08930459881864798,-1.1890545920576194,0
0.31976640403379863,1.9294767059941322,0
-0.5190737969370759,0.19653466116845075,0
0.9229903750389521,-0.4513144326671636,1
0.1334494513547353,0.6268697155211925,0
0.7145378822438125,-0.6923733008551408,0
0.15221925700763908,1.8163607574357203,0
-1.7747445802935695,-1.2896435211882011,1
-0.03085897037762344,-0.9979038481413643,0
0.3189594856895431,1.0897257955165853,0
-0.9088563986877269,-0.8680300443709975,0
0.20584096474160332,1.8589261696666868,0
0.873791346637487,2.282989833581985,1
-0.44947316500691786,1.4365135014457433,0
-0.02825205991572321,-0.8237908706612224,0
-0.4113907978830749,0.2640318230954288,0
-0.7784428883332406,0.562220007244578,1
-0.6647054800850971,-0.7356266927569688,0
0.5363953970883217,-0.8165479592482704,0
-1.0519228758197419,-0.13017188575959124,0
-1.2377201218627063,-0.25441594016311986,0
0.11224629612800062,-0.864017412187451,0
-0.6579917212435559,0.12126232570708144,0
3.364010620010809,-1.080481995417901,1
0.6551022050759826,-0.5724671976499702,0
2.3581101735750587,-1.7218596081764865,0
-0.9776008100647826,0.23775335851230184,0
-0.8694288859065583,-0.015966953111416233,0
0.05978762408348396,-0.8726496366397948,0
-0.619881838974652,0.13514197558323177,0
0.1783896471278059,1.8355806905022485,0
1.1003373251510582,0.7425338524823073,0
0.3620893380906608,0.7637035872136783,0
-0.4901940311542851,0.2996201821731647,1
1.015062282250986,0.6857014181277177,0
-0.9770379422144732,-0.10279876431019534,0
0.44269421814422855,-0.01971207300786378,0
-0.7961421161144775,0.02913752741200724,0
0.17942345924794256,0.648192804686559,0
0.7948641240654882,-0.6483900200461984,0
-1.8084210406570955,0.22316499276052126,1
0.24386632685839904,-0.15502025331639877,0
0.21910090224642415,-1.0152079778362275,0
1.0598398522132066,-0.46897361411332095,0
0.5591592365420172,-0.780603420885033,0
-0.9225310536308524,-0.05184230018030286,0
0.5300617889610134,-0.8200722456127809,0
-0.5972623101452138,0.1543693399978489,0
0.2648643561931585,0.7125754620003245,0
0.09755269233633461,-1.095358887114375,0
1.142520414649435,-0.43087693095360496,0
-0.3092224175617097,1.8116498399043086,1
1.4178046742929638,0.9458202198324333,0
0.827234713800447,0.21158533107827948,0
-0.8950215209906696,-0.039760486014175665,0
-1.1137501179297218,-0.18644825199976592,0
0.6853881721881357,2.2154108401273667,1
0.08037485802266116,0.5790862043851804,0
0.661059569618098,2.159242155030543,0
0.07299063885046593,0.5777783654610991,0
-1.2215584222892435,-0.26432299537208953,0
-0.2718563548398289,-1.2137299051909956,0
0.4759227807665568,0.4964424194948434,0
0.3091777391071326,-0.959837666885809,0
0.36015950805975916,0.26950531052922405,0
-0.11686684161926211,0.46988511051519194,0
0.6982868016473265,-0.7178513413647665,0
-1.0982697549275582,1.9949336644060167,1
0.11221397164776754,0.6003580586855888,0
1.0901544055489951,0.7723619015053752,0
-0.35488048094925084,-1.3840395717567822,0
1.0299128728095204,-0.4412396471745373,0
-1.0635472246942792,-0.16292699199896807,0
-0.23314373326039015,0.37301949128812223,0
1.1442082712195607,-0.397960636335534,0
-0.07705035826409122,-1.1940429147608762,0
-0.35204221166673094,-1.3928687820462422,0
0.3683513019268548,-0.8823961906957868,0
-1.2395341024566462,-0.2774201886081921,0
1.6459667100046205,-2.1838232291239943,0
-0.01085733402290353,1.7150454440222072,0
-0.21287944022756547,0.4015152766350804,0
0.6292629432996761,2.134777620005313,0
0.7998312383253615,-0.5209568748114143,0
1.8499129249683481,-2.048649285448197,0
-0.07946965564844967,0.46504149711984294,0
-0.9122927370796118,-0.0540300114864923,0
-1.0654778002885996,-1.5897025387934083,0
0.16573253783899006,-2.262043841137055,1
0.7353643241766966,-0.6968782367873122,0
0.7733164509514879,0.17384896345982837,0
0.9093786211773343,0.6121105595046333,0
-0.22631088319876733,0.37232383346491155,0
1.2738918605292784,0.8417277568076216,0
-1.3342893916594696,-0.2671795624188251,0
-0.4232771465537621,-1.4228849581960168,0
0.07697983446867838,0.5837173919198515,0
0.3796138668387958,0.7604322685390189,0
-0.2961125202589455,-0.5126088729654398,0
-0.2327656815389893,-0.47690937231457164,0
-3.2090289805681587,-0.5794954556472885,1
-0.8998718845534701,-0.053508685990723635,0
1.0026100979035644,2.355382226909508,1
-0.22533852183147857,-1.3150401539693617,0
0.9736059578663334,-0.5312535903124054,0
2.1428597836902634,1.0329352914956267,1
1.1302445793498455,-0.4378658744441251,0
0.8700806508677217,-0.5908665619840463,0
0.09734515796362612,-1.1094965769594218,0
0.3048552145129608,0.7218058523936598,0
-0.12312074743518601,-1.2478272254478313,0
0.6983090156014086,0.12564879287698105,0
-0.7678727477781906,-0.5160583476652264,0
1.2409026046476668,0.991711360503263,1
1.1422701330580476,-0.8212268123468011,0
1.8678106304432984,0.8419912659254571,1
0.9552951139560689,0.6429607367469223,0
-0.6029502514617135,0.12967801760298708,0
0.26196072661879954,0.679595134947219,0
1.247943590310139,0.8441110789651431,0
-1.3445034739530595,-0.7726222049257799,1
-0.46543168331764234,-1.4665368144064865,0
1.8087652524220061,-0.20633404925508783,0
-2.690643340253896,-0.1105240847449306,1
0.8635485020928881,2.2799051934363237,1
0.9462410695929889,2.3272653432963217,1
0.3476784859422163,1.0921202043790332,0
-0.6304165427818282,0.11586610795443857,0
-0.7044253597220034,-1.29447169631549,0
-3.2606381284184134,-0.2937599635499308,1
-0.7312766539811338,0.04794598359544509,0
0.26357939317405066,0.6960799138857997,0
-1.2663172764901918,-0.8900766356112442,0
3.0697047336060486,-1.248647494603145,1
0.10907604716357046,-1.0142404959217435,0
0.8569726304674921,2.260471448994431,1
-0.18761803176212707,-1.2948831334040245,0
-0.11266542846524334,-1.0831511994295167,0
-0.42455095295173084,0.2420708422590785,0
0.8021616441916657,-0.6564186388124303,0
-0.9841043399143955,-1.5472963915072546,0
-1.1740534730491283,-0.22092303098348615,0
-0.1925831502347796,0.39903187001975277,0
0.4041397000691555,-0.05279277843212001,0
0.9939048796477126,-0.5143906810657907,0
2.8221549766518583,-0.2139176276279965,1
-0.8094835227845075,-0.00899782916615984,0
1.5634291796185804,0.6358541806762148,1
-0.29713521188592273,-1.3649448537737643,0
0.3739470277994475,0.7548158629026976,0
-0.21486967747440452,-1.3090279580963873,0
2.1887583545253286,-1.846310441480887,0
1.7181914613443898,-0.4668455576649727,0
0.389221331894192,0.7567773772533734,0
2.8456003707840383,1.4491988297046168,1
-0.4654492386241402,-1.4696472385861996,0
0.25305104177687876,-1.0117423603017903,0
0.08133289818445712,-1.125128167640364,0
-0.7027454276333155,0.05844677537540286,0
-0.5231076411163387,1.3683837484585128,0
-0.40192644504200337,0.6007485872149458,1
0.8656867223725204,-0.6138982633918965,0
0.3225114472519754,-0.9494288092255608,0
-0.8466990160102109,-0.016221707776979472,0
-0.3477900674328107,-1.3915513180720807,0
0.15239674368778444,0.6237535525081569,0
0.01788249555619243,-1.1356178570412319,0
-7.295621413226094,-0.9816929518657045,1
-1.0067993129604302,-0.13691629528279833,0
0.22445460292513464,-1.0260006679058626,0
-0.19805145019318024,1.5911667879382951,0
0.186789409428136,-1.0319219950870004,0
0.34684997913434995,-0.9466347317327882,0
0.08218297233417583,-1.1264611241034144,0
-0.34604868838444053,-1.0785244467668793,0
0.21967375285029678,-1.0185642742370684,0
-0.4412569320821726,-0.8753825214007497,0
0.16113511426850444,0.13300872819779974,0
-0.1742707002892874,0.4246709572158514,0
0.16091601760111596,0.6063454309329389,0
0.7805389269241415,2.2098602723425724,1
0.2907570427816783,-0.9821431007802259,0
0.20597661458147132,-1.047430580090184,0
0.2242678010811348,-1.0360220011271108,0
-0.26444756820696386,-0.4720792492466427,0
1.3269856772275606,0.8762605590657498,0
-0.4186619932684484,-1.4392128233469512,0
0.7415612030401444,-0.6961785247928624,0
1.1085499335573694,1.603184183760336,1
-0.02660906528392102,-1.1967779822493585,0
-0.8116963676703428,0.5007227020721934,1
-0.46142439087237225,-1.4723245871833273,0
0.06984317304634237,0.5477156227065553,0
0.3991988979078717,-0.9231521294466807,0
0.8622929982655387,-0.6261448740326822,0
-0.008249492971179198,-1.177102795015535,0
0.6666691715805106,-0.7519774713973628,0
-0.6137918737523895,-0.7356092794512246,0
-1.3678457314652461,-1.314813968522663,1
-1.1585701170872027,-0.24129192634437857,0
-0.22190461784886714,0.24681224934782742,1
0.39000532259886184,-0.9252840610287545,0
0.018442275348894817,-1.1649627633582578,0
0.1559375886701152,0.6208196543874739,0
0.38172401119958105,-0.9093935591973819,0
0.8484638633929189,-0.6292572741412006,0
0.09577688949601985,0.576526752366005,0
0.3126912779331276,-0.9637513801541854,0
-0.4260804481994584,0.22672629536195377,0
0.4251211794500474,-0.06434202558899961,0
-0.08712398321830421,0.4437365533665594,0
-0.8187515728924575,-0.016351158102541802,0
1.1059558334454085,1.5744556176756712,0
0.42259866709612853,0.7738047733575414,0
0.22841865999781158,0.6569967662441353,0
-3.7039681491811063,-0.7002667606132624,1
0.6148424889762153,2.1029059653647226,0
0.9368151290308154,0.6222001446400139,0
-0.8393126971022767,-0.020123599617064742,0
-1.117524888259036,-0.20201368215493823,0
-0.4540774909947595,0.2300771362843168,0
0.24852210453740753,-1.0183736569371942,0
-0.1773850638980756,1.6244152523775095,0
-1.136162491096744,-0.21393206171585927,0
-0.5844226143878241,0.1401469663399651,0
0.8632370031362925,-1.0220096648570427,0
1.2026313929712384,0.8187140117995673,0
-0.21892484352298394,-1.3166839256191039,0
-1.0328694352008796,-0.16379892134645652,0
-0.3041335983112996,0.33051825050819145,0
2.1606299280420846,-1.8752433461119606,0
1.675828865840786,1.1081817478190783,1
-0.14535548082475688,0.07257259260109437,0
2.341666578587536,-1.760803425878159,0
-0.6747290638723054,0.07319492492726763,0
0.6590897442042033,0.43011714393758954,0
0.3195566029060953,-0.9740693454773619,0
1.778419928764105,-1.2781958654570384,0
0.15097036883626622,1.7949646615469643,0
-1.3938168719748787,-0.05424586484747925,0
0.43145070766694,0.2991326239269903,0
2.114107674159045,-1.9007631617443226,0
0.40475092476574664,-0.9180718490376735,0
-0.4475668272173245,-1.4662531215668555,0
-0.3029399031491709,1.4987167867445088,0
-0.1708546596270361,-1.197733677116868,0
0.12304538743273098,-1.1094815883043803,0
0.6640116759479814,-0.7483307698284061,0
-0.38408402107300704,-1.4221853117832262,0
-0.4870785765964328,-1.4989610340257786,0
0.8672404337105679,0.2083869876306973,0
1.2049666091228601,-0.404882317140442,0
0.19679047601509592,0.6312782328517008,0
0.3301576246127056,1.06041601489925,0
-0.7454913513302709,0.025732932513038192,0
-0.4803618243896935,0.19673377253847024,0
-0.5348041631646934,1.3664486977829011,0
-0.595660880472164,0.16155803770823696,0
-0.5492014037360897,1.3379327491290334,0
-1.1285757208783005,1.5806722169965737,1
0.6442578504343004,0.0776548842448264,0
1.1291945019994025,-0.4434803304139015,0
1.651101713066064,1.0667280362113762,1
0.6488048025653351,2.1037843210688254,0
1.135207010053794,-0.4602649244441154,0
-0.3290802596624287,-1.371792976878951,0
0.3739982805304841,0.25315004226381294,0
-0.10299233744785148,-0.4027878727923408,0
0.732781955509985,2.159687778913707,0
-1.5839757985595582,-0.31250334405902047,0
-0.5332131113884213,-1.5253358223040625,0
-0.25960212116124215,0.35089032627136035,0
0.028964807874729916,-1.1610446889185628,0
0.11457612624359874,0.38724991400796055,1
0.24492699441804647,0.921097711997885,1
-0.06357979837300035,0.45880878798313024,0
0.8587076855449385,-1.0186481466026553,0
0.9136658839472624,-0.599764837638591,0
0.3283029639789067,0.7012177033248531,0
0.18964769141643978,-0.2198878797201074,0
-0.026791772689232517,0.4813830651373315,0
-1.2191221509409704,-0.2754389754354585,0
-0.8657020284712665,-0.7294794102755138,0
0.7180103677774078,0.12164206703348106,0
0.4698196673649031,1.9961764672402706,0
0.09715308006035968,0.5608022645694966,0
1.1159102775030507,-0.45650258299342755,0
0.02256395424708419,0.5056892982432023,0
-0.07960740160692963,0.437752206683336,0
-0.43396450606373227,0.22683456686022896,0
-2.624023716486213,-0.23762367726090977,1
-0.5380561452757943,0.1498002929326523,0
-0.06499315895819557,-1.2033274710911486,0
0.04778760618726314,0.5351234804930952,0
0.21539009793977076,-1.0213808268449218,0
1.1061684495138273,-0.44138302602051377,0
-1.2248239382889035,-0.27767874293983885,0
0.21493201097054904,-1.0565776774194213,0
0.6959254322310872,-0.7481301417211874,0
1.1138851743509612,1.5677115177695693,0
-1.3492259801194784,-0.34927702618310186,0
0.42465777831804236,0.7660749043142637,0
0.3673392631111461,-0.9466824267300634,0
0.29535065027774127,0.19421958449623145,0
3.0494828299464607,1.5623962108578788,1
-0.5283506356945417,-1.510367726316537,0
-2.239994764488279,-0.2154298760106847,1
-0.10460613677575305,0.4409200269913696,0
0.5746318210464275,-0.8198032632778015,0
0.8203215952002598,0.5263367605341717,0
-0.4820283171371655,0.19145263048610395,0
-0.7958583725366187,-0.02200368134329352,0
0.3116917204396221,-0.8515161727199717,0
-0.6180085112605285,0.10946853934883709,0
0.747765731881957,-0.7068415860831477,0
-0.4208172221883306,0.2351743314288698,0
-0.10536584960651792,1.6180825874476708,0
-2.9096575351402287,-0.4665870600029146,1
0.285280246377717,-1.0129263486288398,0
2.0184938932484036,-0.2882326218619747,0
-0.3443507782750751,0.2812202763853759,0
-1.4339858224946187,-0.3205441331012561,0
0.3330026937421619,0.22435904964901232,0
-0.6667604195726605,0.08370042687424166,0
0.04698793869421181,0.5234548987486519,0
0.7081687863379097,0.45550786870979604,0
0.5038434445346737,-0.0194764740095071,0
-0.47850477072757164,-1.4786446724346636,0
1.556968059479702,-0.577201775151882,0
-0.07736897343764561,0.44305887561797636,0
-0.6374694180575312,0.07881004477510144,0
-0.18783281413041078,-0.84222630575482,1
1.0470515329018715,-0.5147642848354536,0
1.2337852262991198,0.7962537922674332,0
-0.01210234194888161,-1.1991082222481997,0
0.08694354792067695,-0.30164659782252184,0
1.0192292868866981,-0.5106555773921236,0
-0.48575117759478664,-1.506802383819297,0
0.23667653177144093,0.6643471798122992,0
0.861259298358297,-0.6482692133636767,0
-0.42640145180860844,0.22332521930245863,0
0.20531846956714817,0.615729321205101,0
-0.5255093416336892,0.1557634607885885,0
0.8094755339349285,-0.6739508209347796,0
-0.07137478734099259,-1.2439056242567852,0
0.7054672789650154,0.10535076820887439,0
1.1068499746695928,0.7321601309914589,0
0.056505033371908216,0.5489422179296859,0
-0.2479278895110533,-0.4584130644263795,0
-1.1236602148409445,-0.23225743024601103,0
0.8792065854151863,-0.6029742284421042,0
-0.3843417882958488,0.23744102447614013,0
0.7187964327521569,-0.7147285998627833,0
0.5909537711227246,2.0693175507309807,0
-0.5262126271059462,-1.5319472259006668,0
1.0365416172119442,-0.9203561253192749,0
-0.2819122761423117,0.30486902131183363,0
1.2111460475731326,-0.4223429200201102,0
0.7732906771518447,-0.6895480783699773,0
-0.6609301175409545,-0.7750250089039603,0
3.3584584826785253,-1.1208443901882508,1
0.3933288215667941,-0.921975987104271,0
-1.2057419093605262,-0.2808041715079511,0
-0.37591311549700823,-1.2833273394041003,0
0.882425199872392,-0.6211899373126708,0
0.3370398751765785,-0.9657704087393616,0
0.04920902479272835,-1.1665523743051147,0
-1.051730892975703,-0.1880910002468502,0
-0.5526364886106059,1.3273549095707788,0
-0.9354550911175392,0.07341142310238917,0
0.7032523010365979,2.1284390876366657,0
0.2013632258196349,-1.030556043661617,0
-0.46262142123910516,-1.4890511579391332,0
-0.0650241665634802,-1.2368755853141373,0
0.5807922789007165,0.013999365655625299,0
-0.39229041766534684,-1.4437571753624125,0
0.5899371422141625,-0.8236869047455524,0
-0.3578022462367784,1.6786052536757778,1
0.7182852943658707,0.4522047463707491,0
-0.3338663164356584,-1.417795107789685,0
2.096842282496088,-0.24701859750760946,0
-0.7944737344825,-0.0194778199938145,0
0.4223657651341462,0.7583219461261493,0
2.8443328222563813,-1.3842542593859697,0
-1.03761162213742,-0.17006729677827373,0
0.023627425488958527,-1.1808997793882665,0
-0.02243131424739383,-0.3578249841687787,0
0.1596784256570817,0.36627499625172794,1
0.023308478510344045,0.5052840980830317,0
-1.2108167764482087,-0.2840452767193612,0
0.3870789608029329,1.9303155012761017,0
-1.050630201524561,-0.1901170088411925,0
0.7571711241813943,1.3218859447117628,0
1.0829478041083558,-0.4974445181040732,0
0.17982571532048963,0.6157141252169855,0
0.27418662777148634,-1.0129414553900613,0
0.11824030176552096,0.07160303776862485,0
0.08236891677359255,0.548312515975391,0
1.860996857192601,-0.40658130110249613,0
0.9854839512051239,-0.5651214153124501,0
0.7608442021813091,-0.721422992081238,0
0.35066416825693514,-0.9756984354721417,0
-0.09203031076360677,-1.2523540723432258,0
0.41135131326621505,0.7460111246261386,0
0.05071079598168194,0.516709746590203,0
0.21620744118729046,-1.0575418216540355,0
3.38778766497343,0.9661228579919267,1
0.3521774366266988,-0.9237370387147806,0
0.008453798261624628,-0.34641713731204465,0
-0.5878640468822545,-1.3285371500024994,0
-0.6347781664962115,0.08062093256035634,0
0.4959668918870007,0.32818474503944745,0
-1.2455386326406703,-0.31757729495260845,0
0.08574805421652147,0.538651666220292,0
-1.2429213199123788,-0.29993491789810295,0
0.35245209790060295,0.7098009889278581,0
0.5390786744714142,0.3430092732575,0
1.3937392768353438,0.8826514730438507,0
-0.6670398906421591,0.048834796182166997,0
-0.4730247789088946,0.18286129424160513,0
0.1165804418928346,-1.1350841380534376,0
-0.7003839339589725,0.26131069953515135,0
1.1021841705728277,-0.5058776809755047,0
0.5706397164418884,-0.8396362013954586,0
1.1802141590103403,-0.8437811754635905,0
0.4003472415076497,-0.9354697814109535,0
-0.5249347136314318,0.15688625067461104,0
0.12204680699740957,-0.8909212197250194,0
0.08348317973886159,1.7237496911458838,0
0.5115865478051219,-0.8840345776827616,0
-0.794203246868692,-0.023915425071285874,0
-0.10941110754964019,1.6069547623699698,0
0.039854402071435514,0.2306341423769932,0
2.423939498417542,-0.04519000286004506,1
-0.35505291089348934,-1.417337043273617,0
-0.7530972214139595,0.016743147815446262,0
-0.8031195268908415,-0.8647190366967097,0
0.8049035742246474,2.1900814424328763,1
-0.1923660355355874,-1.3144974371367686,0
-0.2289291278970849,0.3576340246868404,0
0.4450642376056206,0.7739051621688043,0
-0.16549251442145899,0.37582937612254647,0
-2.5662664405318347,-1.7898127817575546,1
-0.6618934126991387,1.2515743637126997,0
-0.2112898470164221,-1.3353554423687115,0
-0.56892192343834,0.11359500650617997,0
-0.8142754423242892,-0.8760459626451241,0
0.15698200090074246,0.09027036650745589,0
0.24185751607752398,-0.9965717889429208,0
-0.08122543612532891,-1.2637171027797391,0
-0.5929873253148739,0.10075826477334475,0
0.10496081474097639,1.7597724817312919,0
-0.11104550931676073,-1.2685345831749355,0
-2.3066202229136565,-0.34357564635834315,1
1.83855281519467,-2.1103393273594024,0
-0.8926937982885674,-0.10219864079078193,0
-0.6546503390771234,0.08210189672138295,0
-0.4849733074790588,0.16014107451552972,0
0.849260735657232,-0.6609743897669491,0
1.4103019286154386,0.9074755415965116,0
-0.8226897525054863,-0.8873208061626843,0
0.015509833625850516,0.4887101954031107,0
0.1540097670686487,0.9796224669327455,1
1.8076645089794883,1.1506279357175835,1
0.13449744185445078,-0.901119464732965,0
0.7182304041007836,0.0876135679582986,0
0.6767462060838527,-0.7751213620757519,0
0.4709285404544369,0.2843985105040197,0
-0.022880441584994603,0.4647949531399835,0
0.3379901458107224,-0.931565630316815,0
2.1228616840744876,-0.2512807812437251,0
0.8178760891539455,0.1632392388925728,0
0.7846814661690613,0.14066401182924987,0
0.3313217814467894,1.8793811501196638,0
1.126591664228125,0.7234681330209646,0
0.92136011575394,2.2653434075623005,1
-0.9687347556407083,-0.06342416195388452,0
-0.9756389757586238,-0.15169957844462495,0
0.08515553757414497,-1.1538865772531626,0
-0.6698691101224881,0.042828079344114124,0
0.2270416088587376,0.6324733944343507,0
2.3449713757988087,-0.9440714743799329,0
0.6338725323199472,0.029641208562332304,0
0.8213907798878541,0.519308503303587,0
-1.107641760144441,-0.24215651618769746,0
1.4590393545534006,0.9212376780053511,0
-0.7221878474379498,-0.8308191954635464,0
-0.0506763280904902,-0.2493751680106913,0
0.950777064805922,-0.6046838430590367,0
-0.4071885203138233,-1.4738735146383872,0
-0.2968588567409266,-1.396163053437166,0
-0.18380152559923826,0.35975645717769716,0
-0.5803690253768067,-1.5528120852421063,0
-0.012731094042934009,1.6682967378930926,0
-1.3959185622026082,-0.9080577165687697,0
0.46003702993035783,-0.9153475690459214,0
-0.0479905337724399,-1.2455231500046493,0
1.4201218854414628,0.9054983038674295,0
-0.6192079040442364,0.07494956853315198,0
0.23305685373451152,-1.0635667258701926,0
0.09074763244293528,-1.1550454847732126,0
-0.522784104356934,0.1329321565392454,0
0.6850592277776553,-0.7771453816249572,0
-0.6476299511904884,-0.7861608819765321,0
0.5262383973714413,2.002089654553021,0
-0.14013698563401206,-1.1645395308357143,0
0.4795671687588094,-0.057054324522842,0
-1.3168091019906103,-0.3719720417603404,0
-0.1330093635960154,0.40950712962419095,0
-0.29113848792417046,-1.405741415728042,0
-0.4577707827500387,-1.509639152199387,0
0.3691294003006668,-0.9829396302499347,0
0.9089364588653013,-0.6132522161471591,0
1.1870002446251682,0.7378201827190706,0
0.1464207069910985,0.5648032988109495,0
0.5052449121248902,-0.8841483308921781,0
0.11772744963079003,0.5428224774307236,0
-1.2461939326306701,-0.3272745956040749,0
-0.4254711012663019,1.4201507729233598,0
-0.6247540673808776,1.2589992430124763,0
-2.9483228839727684,-0.49103305080165954,1
1.2698475323220657,-0.6385873602119078,1
-0.743644523350682,0.14964252084302793,0
0.29491493877700076,0.20018386753955097,0
1.0190505217293804,2.310601157075033,1
-0.28493880827733664,-1.3975461164022656,0
0.14236166772145342,0.5543748157629859,0
-1.106531860499755,-0.24591780541563518,0
-0.2115597362308758,-1.36050095356219,0
0.06123364881045432,-1.1796192674681,0
-0.22357246061034633,-1.3625139730459337,0
-0.2720875850146314,0.2990833136610946,0
0.05910803232799553,-1.180217331095463,0
-1.666647252409318,-0.6479072351350496,1
-0.3585563239005028,1.4375963819435318,0
-0.9099162267278736,-0.12084814426353797,0
0.057097809132542594,-1.1634627957199457,0
0.21858777015276798,-1.0779577560164262,0
0.25866684332000817,-0.9499579151835041,0
0.6849963776907044,-0.7631104973891926,0
0.14151260709620295,-1.1248276781713675,0
0.8337563303838914,-0.6709231440176904,0
-0.05521691896024635,1.6312053180653532,0
1.0308139678394013,2.328083127705485,1
-0.46816844164638205,-1.5143310474871667,0
-1.4276174021463188,1.0621675342583763,1
0.1172566117561505,-0.3076013371899717,0
1.7606628360634307,1.1009361341409911,1
0.04369742612358044,-0.8964917279278741,0
0.8595765313217727,-0.6415808827415785,0
2.2853740723517597,-1.8244947551013082,0
1.5640274931478422,0.9747666174095584,1
1.0173323259895108,-0.5568275744987301,0
0.24755561144421384,-1.0662935905552515,0
1.1015058191351748,-0.5093332011223268,0
-0.04810438336076412,-1.2247937213293059,0
-1.1125416692833188,-0.2494841634036557,0
-0.15350629794400333,-1.3020276235770811,0
0.4749489241748498,1.9631999240606974,0
0.13720171186998542,-1.1359343637707766,0
-0.8390555558557826,-0.07748436044399816,0
-0.6186242396205521,0.10413286133562753,0
-0.1878553922008165,0.3352226914795238,0
-0.012561441687889828,0.814314329894806,0
2.993683807958341,1.495276906324202,1
0.6643231483963552,-0.7947763361543645,0
0.4273953370485492,-0.9442368617302451,0
1.5085251144065124,0.9735612376568935,1
-0.3514499109243798,0.2400439677188595,0
0.45437442054299204,1.1027366675386403,0
2.7864817712999437,-1.5147193719806362,0
2.8336628749209605,-1.4814828181374124,0
0.4212730922740779,0.7495018465536164,0
-1.3666802910488236,-0.37688969584023646,0
0.6511888070580372,-0.7191811700684495,0
1.049237190527832,2.345391498114834,1
2.1964707353230133,-1.8926954942704788,0
-2.4611937182793464,-1.7077250138886657,1
0.5048631511284248,-0.05978144635967888,0
-0.928247043071863,1.3031213259847527,1
0.5174330218821898,2.002514579767913,0
0.4783208700137331,-0.07281274672109579,0
-1.168864598611646,-0.28658144802358093,0
0.10294183301327418,0.14802492579049187,0
0.39496700018810976,0.7269706801589405,0
0.32480126077770105,-0.8831854673895817,0
0.7693572051421821,0.484539800253083,0
-0.7805823788295624,-0.8838006421976946,0
-0.044980388992611677,-1.096635938101625,0
-0.5799070256015465,-1.483189021951487,0
-0.33115550539718547,0.24112504550597258,0
-0.7845855802178916,-1.5319822600524078,0
-0.0004516051659062762,0.6311422011241956,0
0.6848059175618394,2.096532278387501,0
0.7542043696907154,0.12486930665951289,0
-0.3426480820600599,-0.5738400421732733,0
0.28225450839400906,-0.20861423538116686,0
0.3571879281212543,0.68517370943774,0
0.06654862833633927,-1.1764031905983623,0
0.27486056700778677,0.6463081990405909,0
-1.7662306492825905,-0.30953334165741747,1
0.309942568641986,-1.0176099177713585,0
-0.6712073660962543,-0.8075152893524195,0
0.30137780197187597,-1.0278108314654528,0
-0.31594005679621784,-0.41375575087437017,0
-0.7190391601123651,-0.002319860934532532,0
-0.1515490669184563,-1.3149214544381571,0
0.39127020689772835,1.9024060972034105,0
0.35165145404081183,-1.0031819381585587,0
1.0872237775876947,0.8706816195502041,0
-0.19894796513089502,0.4162773730001545,0
-0.10218288718597147,0.3960758641612728,0
0.9251807675238874,2.2446898930386965,1
0.5503528589833152,0.031082142551119223,0
1.610683502603505,1.010969308613821,1
0.9814132648808755,-0.5593453249183022,0
0.9670368572150128,-0.5703402726156923,0
3.389786772428584,0.06467831329976113,1
-0.8980579982758511,-0.12662803697039238,0
-0.08127236982382482,-0.42293984204604174,0
0.09124432419020388,-0.33575481336214985,0
1.0341951473374882,-0.5605653258599339,0
-0.8884292972747029,-0.9557101893199496,0
-0.3390040782440561,-1.4495937609705352,0
0.6165929373709693,2.0484532398672353,0
0.41541525469657553,0.7263385142049475,0
0.027977857571920513,0.4755280480860616,0
0.18664947372348106,0.5693169072966506,0
-0.48461006551797425,-0.703043683116222,0
0.2947308990300976,1.842120800888842,0
1.267617752864715,0.7916876972432301,0
-0.9843598004844191,-0.17581773697790723,0
2.1775885775683497,-1.070507425483402,0
-1.2829892792650663,-0.3696231315465539,0
-0.7690772226876653,-0.021307399020617863,0
-0.4711294612356357,-0.666776817814301,0
-1.090142536173544,1.3168115812073016,1
-0.41104761944606455,-1.4879893224290943,0
0.4917785526039607,-0.8713031187344324,0
0.24241584080919615,-1.0400845985978402,0
2.895106649144474,-0.24804817917791333,1
0.5937747501644794,0.33948977058313884,0
0.4619800942287074,-0.9284879780018006,0
0.03418012550931688,0.4749191260854579,0
1.7390454108272408,-1.9250364317113453,1
0.19555584989895358,0.6125946243760951,0
-1.2998272729027396,-0.3820899694200134,0
0.009164895969552505,-1.1809115509978534,0
0.6956721514908851,0.05873646666697855,0
-0.8121964226864742,-0.07281399036217763,0
0.6096628080799825,0.010596772888528153,0
0.05719178335969042,-1.1913864064634414,0
-0.11377935785738698,1.5860888613050859,0
0.03611773904318253,-1.1947799724472596,0
-2.0681326310188273,0.005489114560798463,1
0.8438899973685138,0.15038420482138215,0
0.04120152057140287,-0.21597152423502156,0
-0.798540960832156,-0.054038311397483905,0
-1.2395742212858518,-0.33915406291555317,0
-0.14793427324256428,0.3498651096137763,0
-0.8104085597821337,-0.05612062454840113,0
-0.47581813806872936,-1.5349040504753535,0
-0.9865654380953858,-0.1789873154415603,0
-1.27892900525333,-0.35432023381330263,0
-0.35744150581902084,0.46561299437375275,1
2.144877390775643,0.9384901669606818,1
0.8030937891891279,2.160160892462021,1
1.3740216332366049,1.695693008653548,1
1.0794076065780578,-0.5318333091048828,0
-0.4057370459370064,0.19640151875568757,0
0.8265654644039471,1.3331878003524837,0
0.3670657698101934,0.6886279437664772,0
1.0262241829831646,-0.575154585695347,0
-0.509255463661019,0.1454114035788942,0
-1.1944426548578202,-0.28146120052535484,0
-1.361605325803487,-1.2616177790023961,1
0.3394906549176422,0.6578300536414937,0
-0.6817486042918072,0.005493673784178737,0
-0.39128813067507606,-0.6411164782677821,0
-0.21044760810087407,-1.0256051274138647,0
0.981744566415071,-0.6088021913449984,0
-0.8601613116025459,-0.10918630372686612,0
-1.0823038331244346,-0.24768099035093166,0
0.7899839842322921,-0.7341376046110942,0
1.523230881126451,0.9389678011687895,0
-0.37399550483384775,0.20848827403754233,0
1.0090698576045554,-0.5441949666554496,0
-0.21385611152460834,1.5066499341715767,0
0.6094149590130766,-0.8318110919601225,0
-0.3490330880729954,-1.439728008546767,0
0.27794853058355357,0.6471740799080545,0
-0.07051496494685101,1.5978288910992953,0
-0.6727863214054541,0.022914487969221558,0
-2.4048501993984828,-0.031950177735857475,1
0.5147758556113438,-0.8990576216210582,0
-0.14381617361507135,1.568868971698438,0
-0.17070816987372303,1.5908200440114755,0
0.11444168296686281,0.5432040976989452,0
0.3872073458280599,0.6979419263417098,0
2.5222809888664455,-1.6887480726405935,0
0.38833781291971964,0.7066445622656362,0
0.9244284231517359,2.2538666999973356,1
1.111291467181635,0.6741572196358517,0
0.8746044242769537,-0.6707939928099274,0
-0.35693642373806095,0.6855377801476074,1
-0.956318881162047,-0.16088303744333624,0
-0.2507516217488391,1.4818655755563566,0
-0.4634133809763141,0.1492879706061307,0
0.9501629629450985,2.2484344696005136,1
-0.38157579720380314,1.4006670348219492,0
0.5022891514612157,-0.9198489388777463,0
0.4887384243541734,1.9513159643553888,0
0.3048722746872823,-1.0198150843789102,0
-1.8256293390638243,-1.6146107513642165,1
0.6969550122911893,-0.5855936492637369,1
0.37321305682220945,0.6855427263526269,0
-0.3770604788895475,0.20518777050674597,0
-0.585532728387842,1.2643032012949464,0
-0.2874654459183427,1.4664619399569507,0
-0.9988152639083169,-0.18606370062836294,0
0.641966108672572,1.204647436240975,0
0.6941139729513316,-0.7870701886656596,0
1.1002024926947154,-0.5336009208227537,0
2.61192573452988,1.248316246967924,1
1.838046449960188,1.1314002590392382,1
0.47134749981163787,-0.9433605737988668,0
1.0953036610423093,-0.5347129048304597,0
0.16282369964338395,0.556546467781806,0
0.705331657873987,2.096033115743085,0
-1.0398034120753639,-0.22807538016872317,0
0.8742960530156665,0.5744977432470268,0
-1.296535914769624,-0.3893578850542453,0
0.39658432062817833,-0.9728174463791943,0
0.22683159009252235,-1.0859038112374704,0
0.11643272590131147,-1.1550944130936482,0
0.3209389261262362,1.862564518829728,0
-0.3679944835640656,-1.473052531506161,0
0.17503152556871976,0.5487791481143347,0
-0.04845530445087023,0.41007964801889657,0
-0.24838091037355864,-0.5465004720149814,0
0.642756054694503,0.36404296486485693,0
-0.2884923095167213,1.464203189973897,0
0.19333674343828533,-1.0831163805507178,0
0.5590515808954275,-0.049180816803983916,0
-0.4887738610757223,-0.6794281274280329,0
-0.058100736236748905,1.5947844359048295,0
-0.5795429132448824,1.567527452520997,1
1.014682863464553,-0.5924815161237325,0
0.028228467047228152,0.4818413159598705,0
-0.42167262020123153,0.16923486397303233,0
1.1152540643815405,0.6703735340204209,0
-0.3022666442097024,-0.5906599849696091,0
-0.34575669304275736,-1.4624137296896424,0
-0.5712017213370083,0.10252153364228943,0
-0.2363468264302146,0.28414545213543035,0
-0.606846338476304,0.04462878578011451,0
0.18553593337023577,0.6357749868606729,0
1.1220946244704735,2.3485693765206817,1
-2.242303415546241,-0.5359191612902865,1
0.6221011833637535,-0.8363679817472591,0
-0.13376869801241845,-1.3262887857279786,0
1.7359946405893036,1.0601908227850292,1
-1.0839198757172086,-0.2378131334224691,0
-0.005166106269540135,1.653483333082339,0
0.9938308994640996,-0.6059255240743742,0
1.0167505911710386,-0.5938117645516385,0
1.3133884544925025,1.6425532993490357,1
1.1657807052276208,-0.49287003920402767,0
-0.27130097574199824,-0.5700696316699085,0
-0.012686283807350563,0.43883537056556604,0
0.09094865562145886,-1.188407256346569,0
-0.12317055632237717,-1.3256795435813669,0
-0.31494912435194916,-1.4508348883037239,0
-0.5837338584022085,-1.526730105902417,0
0.8498651961273388,-0.5503547059487275,0
0.5599213805957668,0.3046573946222007,0
0.545111860715993,1.9888163551004991,0
-0.7720411681598828,-0.05225622532812759,0
1.862145947722553,-2.118933374285668,0
-0.6183379038390728,0.04068427125139638,0
2.1299887139592224,-0.2785302987485614,0
1.7990507939969214,1.1028225634962467,1
0.3102876408992649,-1.0428147512032584,0
0.8545972511868472,0.5056596005369594,0
0.47954444911621635,-0.09989463111064321,0
0.6611515445993607,0.38015885284741374,0
1.6693017349597936,1.012891803137777,1
-0.015639252412438097,-1.2584797065136604,0
-0.2470472926305085,-1.3983860505448442,0
-0.5716289022135043,0.0730262579412178,0
1.131548122072165,-0.5089010912118177,0
-0.30854728285544036,0.23491047128203701,0
1.870517183699834,-0.4237177323667844,0
-1.195752805867969,-0.33610398958137394,0
2.435092241047693,-0.0852010144114634,1
1.4897938825274806,0.8975879517030564,0
0.427860228739686,1.8994185868279394,0
0.1896047482168292,-1.1322782706582828,0
1.3822122288396683,0.8286437599872001,0
0.3881944029610253,0.715000100060985,0
0.648287887766905,0.36811472025419173,0
1.4483061081611783,0.8732921912427591,0
0.863748994058361,-0.6989233407012535,0
-1.0121772012176717,-0.18706423014808865,0
2.29174225007736,-1.846741242015262,0
-0.33530798479057494,1.4163678142098133,0
0.14365449371760558,0.528978554197285,0
-1.290900632682236,-0.3954460502205057,0
-0.7558774257294752,-0.05262711844562042,0
0.20482848260758824,0.5815906218749196,0
-0.14302132793162217,0.5894946891085264,1
-0.5851638573599085,1.2557673876227853,0
0.7660382359060945,-0.7582902617275764,0
0.17274989844166427,0.5589112168335562,0
0.28152130341815396,0.12797853067680964,0
-0.03775921380005635,0.41338433429682114,0
1.0550303065407287,0.6203125475744599,0
0.9455638624941639,2.229057478407496,1
1.0583093489603288,0.716474644552899,0
0.45822725361963706,0.7238419374082082,0
-0.16284306873592938,0.5245682050104421,0
-0.382925667349357,-1.4569571270061188,0
-0.3237684877130721,0.22104468172761615,0
-0.7074200837760299,-0.7746688618337324,1
2.045288777012791,-0.31288305875480826,0
-1.2754046392267595,-0.36859078792232863,0
-3.526137633402144,-1.901448520001421,1
0.46564184405437997,0.7242403595990409,0
0.44516394277403093,0.27361576557127915,0
-0.8707355485904597,-0.11561199181992547,0
1.1799707827194454,0.7164872191749319,0
-0.053500471009021965,0.9926977148539052,1
0.6684599483959482,-0.8185510440336259,0
-0.7467490441491135,-0.8837049898157086,0
-1.435272618200778,-0.2456456824137415,0
-0.039705038553912365,-1.2578204733541536,0
-0.25650655654675997,-1.4216410598318479,0
0.3219728393661047,-1.0199220491196828,0
-2.5151822826599766,-1.8356523676245973,1
-1.2113388144692003,-0.29040394625104565,0
-0.22503239054010865,-1.3823585541676917,0
-0.36315683076874883,0.23073337014356332,0
-0.43025958629715083,1.3636665597966084,0
0.5279682425840695,-0.06305698980668152,0
0.0469838659800341,0.8151282018249515,0
0.6011340951139653,2.008471197986197,0
-1.0276734573543844,-0.23692162327031194,0
-0.21515518405817213,-1.3989199557783094,0
0.5215145786091133,-0.9208204252335561,0
-0.11832476499387218,0.3631490942214087,0
1.7238814504426045,-0.5297789232875781,0
0.23730793198408306,0.5827000763012689,0
0.7580959736188749,-0.7718697002555234,0
0.7105968255634476,-0.787911096332998,0
-0.8305540427056685,-0.933245521977032,0
-0.6578178319433948,0.010296110382786309,0
0.4199720207905598,-0.9718751238809097,0
1.0773362802428248,2.306470100445889,1
-0.28459024037355063,-1.4279306744385596,0
-0.6922447018394805,-0.012741070089582493,0
0.49115223352038856,-0.9178299523177853,0
-0.9924673329339257,-0.1980759797088961,0
0.1622765300042897,0.5441235095061807,0
2.2931278680184493,-1.869349416809642,0
0.4156033576291665,0.6870950992144244,0
0.2579907956094904,0.10230546970037323,0
-0.8049613154165703,-0.0915464326380797,0
-0.8400788100500652,-0.11441462074273305,0
1.4796234382548341,-0.6993365462769505,0
-1.0406884897708715,-0.24100684275440307,0
0.9121346078939483,-0.6629141558732256,0
1.2074770429062807,-0.48731019789308533,0
1.867980141817565,1.1311461971310188,1
0.24064319824299246,-0.11828802872527165,0
1.0760236318512326,2.3134294470903445,1
-0.2306075664451379,-1.412546753424166,0
0.14152731510690958,0.5222561579213327,0
0.7488320527228451,-0.7320001678206292,0
0.44495099866168036,0.7077131495123495,0
-0.6910459532246251,-0.005673310225034162,0
3.209279358738067,-1.260808702439481,1
0.10267094435354561,-0.8231796709460077,1
0.9782455645705725,-0.6365121849002736,0
-0.28227376719337605,0.2392174058271177,0
-0.7238940990796124,-0.04598778954870305,0
0.5904824579078627,-0.5564530553492472,1
0.45625736463656613,-0.9690889658071189,0
0.28422268821561125,1.8082242659872212,0
-0.5547685581758248,0.0665459972145395,0
-0.743009035204145,0.22946567381828942,0
-0.19914298229353128,-1.3829843672586062,0
1.2120871795465165,0.7070914655380546,0
-0.09666588433785832,-1.2717088508957837,0
0.7987362385507772,0.4783811448284582,0
0.5467218541903623,-0.7469203223359893,0
0.7011814961887954,-0.7931845630018289,0
0.13275565114973448,-1.1761282411279717,0
3.4532117769531236,0.9137846324499824,1
-0.9275096743950121,-1.4859734301071021,0
2.371662745497578,-0.13931518575801363,1
-0.24277893245601143,1.4653478094785293,0
-0.49971611855118153,1.3041255242456262,0
0.5590435282858041,1.9707087629196551,0
0.93298694987792,0.5240606366255718,0
0.974965719033448,-0.6128831520009963,0
0.7948541087688025,-0.744974176925186,0
0.7059982136673366,-0.8108825780882292,0
0.03958669638140173,-1.226181384265513,0
-0.48812382619582734,0.18814338085065363,0
1.87504723173741,1.1462673705377344,1
-0.599413659040619,0.040306728740454635,0
-0.6785274779881232,0.010735436455627615,0
0.4433394808921138,-0.9821468085711873,0
1.1495597743421133,0.6694145093553218,0
3.378289617335113,-1.177174245370973,1
-0.6518159397324896,0.005726270834046292,0
-0.09054329676206002,-1.3165357998133418,0
-1.0873183324842564,-0.2786382241779127,0
0.3237945335075857,-1.0444746818369723,0
-0.586451184340685,0.04145900001298456,0
-0.9522539678824281,-0.8358349687789282,0
0.4020602730083203,0.6798216782830103,0
-0.28884237979572985,0.2433650780148141,0
0.5060641555989047,-0.07370656079914391,0
-0.7618110375529188,-0.06413404997314055,0
1.0619601162972612,-0.8640254358333671,0
-0.05733445969035251,-1.1555524751998698,0
0.08757889031807524,-1.2032711507700131,0
-0.29344285738215464,-0.6054942064660237,0
1.0615554799355025,-0.9777244487168094,0
0.04818269930770775,-1.2269740327541214,0
1.1092673043652022,-0.533896938924523,0
0.8874331846308272,-0.6810578499547397,0
0.16769027720924085,0.5297454028888867,0
0.0434965746960771,-1.22805360956699,0
0.4562074513464632,0.7129312982656967,0
0.5780383347508624,-0.5455841939760949,1
0.25895643922111317,0.595564000699175,0
1.090164870703222,0.631940595401607,0
0.6096964413525721,2.0011837094591733,0
1.249503154021224,-0.46978774842769044,0
-2.7049391641363703,-0.4053012184632536,1
-0.6440347932756997,0.0044438564786105465,0
0.09055684502482007,0.49093998356846763,0
-0.036550180640919076,0.41049058171914415,0
0.0071790390324721134,0.5738993893701385,1
-0.18440923071222345,-1.3684318154713386,0
0.373508063535453,-0.16580167305085675,0
0.8991865748474774,-0.6981560432877545,0
-0.2713788088428381,0.24355783916837803,0
0.6709739258668425,-0.8202405321348121,0
1.903682516094926,0.7536160640371217,1
-0.7781567895111416,-0.07789695783731433,0
-1.1845825675874384,-0.34031362907800305,0
-2.7998844105889096,-1.4888236379835424,1
-0.6567951226768738,0.01873790904618115,0
3.2702504009048172,-1.2497529210301188,1
0.5495600562022447,-0.07890065996962976,0
0.663537263871417,-0.8395312099648596,0
0.5824175941077889,-0.8781213169356691,0
1.4031465502702098,-0.7629635203020312,0
-1.2284176584003714,-0.36514982608863134,0
0.24407222486947008,1.7691121381758708,0
1.063218882464907,-0.5786904783023918,0
0.9137089322076928,-1.0818678133442392,0
-1.599289425107828,-0.3610275053032168,0
0.19438613793358606,0.5395095437071347,0
-0.21429897498118441,1.4809892298960026,0
0.05683931257196515,-1.1681360339683058,0
0.04086746157062133,-1.2316533246589696,0
0.042791628010268375,0.46376832467585477,0
0.7748958405900188,-0.771474051711091,0
-0.32766566813517145,-1.4710532096533138,0
-0.20906805846571933,-1.3833698659500961,0
0.472504082321429,-0.9572308452774091,0
-0.03969392656653819,0.3810384430102615,0
0.774449428521199,-0.7807122985291779,0
0.4010485924389316,-1.0206709990220766,0
0.6471709954564198,2.029468045087239,0
0.32053640911093956,0.6272467279672292,0
0.6174142028922335,2.007325187732826,0
-0.8910009771242844,-0.15001944253637453,0
-0.4453135274841599,-1.5595973015677451,0
-0.1411968567750047,-1.3565169022845645,0
0.002566956459481135,0.43893377033169184,0
0.34258217101871064,0.6387703170489201,0
-0.16831268359374105,0.3081578871037836,0
1.7907593608636256,1.0914432192080148,1
-0.49364158304119127,1.297098833600542,0
-2.5972178520445626,-1.705115240388863,1
-0.4010104250456333,0.15906762488228238,0
1.7962737633164232,-2.174578167632591,0
-0.3555794391500446,0.1832329221136655,0
-0.2546382730968494,-0.2918477751771898,1
0.10081702455697754,0.487841559241236,0
1.216173044340686,-0.4973194551808872,0
0.13241524309468755,-0.34642380767290276,0
-0.19681207293187863,-1.0351678477005448,0
-0.4219518336382859,0.146432629090672,0
0.3842327872896805,0.6612627994962418,0
0.979346734382058,0.5483972353862188,0
-0.2868968508249394,-1.432639717998025,0
-0.8601078409754004,-0.138518968832184,0
-0.1451669360942159,-1.3676630669318965,0
0.7714961169248388,0.055175160020191384,0
-0.16291773312776078,0.30724315664347196,0
0.12362082773170537,0.5076454253452877,0
0.2866908204118682,-0.24550554408146366,0
0.9705066388261734,-0.6579214220911549,0
0.5691816224308951,-0.9021345391223112,0
-0.10435911839900738,0.3418475250279495,0
-0.15850794046693448,-0.5402433590640524,0
0.7393063549413409,-0.8067835376610007,0
0.26294919004505474,1.7760397441501687,0
0.6848074793941459,-0.8326959999189035,0
2.817546362430866,-1.5419482407246958,0
-1.5462662473523874,-0.21819934976168417,0
1.2487917426536357,-0.4769342748475627,0
0.16138721535517772,0.7706593629676768,1
0.3884115381241902,0.660071369321797,0
-0.3136271618353401,-1.482014981287961,0
0.45046306612054055,1.891009486596507,0
-0.820807057912206,-1.5856093263655962,0
-0.8294400337600739,-0.07477355772252832,0
0.4108537629947621,1.019664187990983,0
0.8157490474950299,-0.7527592352784613,0
0.2698922764747443,0.5803819384981348,0
0.5303882807611813,-0.9271166393558183,0
-0.23625308515986299,-1.418678543683105,0
0.26932716636552845,-1.0977718454949477,0
0.41711248301341936,-0.988215156838807,0
0.28176721555958806,0.9383647677277971,0
0.09831197213441849,-1.1938069405325527,0
-0.34693929235946686,-1.4882785415629138,0
-0.39539566894160544,-1.5218921996944876,0
-0.5113368216229341,0.12071911548235902,0
-0.13233106614680368,-1.3600105789292554,0
-1.3414921189642273,-0.4154637671377087,0
3.2091069946344724,-1.3014164918001778,1
0.18100581226853013,-0.9640175864905058,0
-0.5859101071915505,1.2260088736261174,0
-0.9504108477791108,-0.19940800199618236,0
-0.756663700074002,-0.04799590732490846,0
0.227076136600589,0.5461651339312493,0
0.0425203250500387,0.08796870762712304,1
0.606122908164286,-0.8910836594796815,0
-0.7532882746834617,-0.06527368113076944,0
-2.8358560523148637,-0.5394945938568099,1
-0.9110927895186018,-0.18534427925335542,0
0.31532712890101705,0.628767966276748,0
-0.6002927371779281,-0.8115205562172931,0
0.3367136172208975,0.6144170948490463,0
-0.40151850264772504,0.16203635481890838,0
0.9664614890859919,-0.6626509228412777,0
0.6685462213205848,-0.8562560986756078,0
-0.8599653906984055,-1.620731312423678,0
0.14565693867673993,0.024166435780106004,0
-0.36780029589261803,1.3622438734743392,0
-0.8661279856273927,-0.15326803156120092,0
-0.8842395289292737,-0.1648320495999363,0
-0.5709743518179738,0.030928968294536768,0
-0.31762703050977975,1.4130885104753192,0
1.3527079329937055,0.7913046310847228,0
0.15662150663328553,0.8640938592003512,0
-0.23643205991468733,0.4910538072976249,1
0.02983692095934557,0.4182583344047522,0
2.1388964460676636,-1.9898214941834995,0
-0.30526626767396225,-1.4850371555544908,0
-1.3711933252494037,-0.7215000982686499,1
3.266099970649795,-1.2520007496752987,1
1.0313072286948644,-0.6020458921932096,0
-0.9881114173476653,-0.2166072533413598,0
-0.10768343722096707,0.344387183704928,0
-0.38635588573507273,-1.5327929172269517,0
-0.2558586808985886,0.23449687413129794,0
1.178628949876341,-0.5724249262567073,1
1.1868242626614842,0.6776194836090768,0
-0.11892766882882332,-1.361716071176264,0
-0.41863988259253726,-0.6992718635417262,0
0.10966849789274359,0.46399433800272355,0
-1.0074733775418465,-0.023015428228128205,1
0.6604403023234618,-0.8512457915747856,0
-0.5231185815746756,0.37602442502468886,0
0.14671267456964565,-1.1823812159148195,0
0.6747101445439803,-0.8493459086240798,0
0.9572199872079363,-0.666983861869816,0
0.24133117702103296,-0.906843394026259,0
0.5029844619534585,-0.9629156733697728,0
1.5188538332544437,1.7315570801252145,1
-0.4658466949154596,0.10528754940778261,0
0.5639882852108208,-0.9103295314480081,0
0.9627746654428118,-2.2061486643760184,1
0.5492039646684344,-0.9214780315191491,0
1.0314880487462528,-2.370126802048371,1
-0.39997136305866376,-0.7066032841319108,0
-0.7553108158124356,-0.0874870654459194,0
-0.16882942786881708,0.29802467425869855,0
0.6875618465009761,-0.8398629205647999,0
1.393311489589499,-1.63339891672044,0
0.3715634740766491,0.641478902511955,0
0.7178166462573857,-0.8268144220833957,0
0.3029166196765923,-1.0905221959664078,0
1.0786457996630978,-0.5977585173949918,0
0.5187581557704308,-0.9271220816883675,0
-0.713317990501015,-0.04705900086731531,0
-1.3390320120376509,-0.3603119752310336,0
-0.3967582365707755,-1.5199677004216339,0
0.7834739015765223,0.4216424499508766,0
-0.45528913377536057,0.1835782751141647,0
-0.010684526924058935,-1.287157040409587,0
0.2542599214694329,-1.1248976094823289,0
0.9299251833218317,1.3434787798163659,0
0.0374214578435036,0.42383108871573133,0
0.920541112891711,0.4942563038342341,0
-0.4904703551771653,0.08182445443280777,0
1.1938416113972905,-0.5291167333463557,0
1.0172720208670014,2.24750557705405,1
-0.3809828523514797,-1.5359960968300101,0
1.7648384631473222,1.0406671936161709,1
-0.7905724164034797,-0.10376629883638554,0
-1.237857160207179,-0.3985477126493925,0
-0.881739069282454,-0.5385014900669519,1
1.1483809541510668,-0.5541091907658791,0
-3.6369184509482606,0.7361564454681726,1
-0.5658472132702184,1.247527240380476,0
0.7071783454989513,0.4519391410662406,0
0.21819547542021972,0.5546519694050764,0
-1.1062006376811109,-0.29199676900770005,0
-1.2810199093983754,-0.3535757842150106,0
0.8729687918527089,-0.7274078872109524,0
-0.8724892155580091,-0.1695315310443578,0
0.4318602516553703,0.6825933829743306,0
2.8520169610661092,-1.538677541313844,0
0.4895661513870659,1.9041562064198465,0
-0.7281738238902783,-0.060777719486952896,0
-0.21933320192604416,-0.5956974432671814,0
-0.44892417841159166,0.1645622686041176,0
0.5133973059132089,-0.9658994339570586,0
-0.2558964465414739,-1.4317258114879716,0
-1.2019578227587489,-0.3686752827820721,0
0.04059160029804571,0.42175475581655714,0
3.2897474500317894,-1.2636922421107912,1
-1.5722098500792518,0.7503128768760302,1
0.37892208869281985,0.18245176844891298,0
-2.4902515040844238,-1.0756347452029962,1
-0.43597460666376864,0.11343330641296438,0
1.0278849652341497,0.5598737067684204,0
1.515512742518087,0.8780452377122991,0
-0.7093956659787325,-0.06790962721649609,0
0.38701207139047644,0.16570947696132354,0
1.1679275009489463,1.5242996820467853,1
-0.9697372990915771,-0.2211201979194067,0
0.2388781551886142,0.9120572184602936,0
-0.7119736671410938,-0.8728033145214398,0
-0.46710916847144673,-1.5612131322134137,0
-0.16324143526483112,-1.384310293864189,0
0.15340654710084878,0.4897595876040252,0
0.33337238221250076,0.6303588052831167,0
0.9043907820393837,0.47896929478724776,0
-0.08748295686824216,0.3656522993849937,0
-0.14678148665817692,-0.5433628074100187,0
0.008995615164674986,0.40630821414407686,0
-0.980388637618232,-0.24117486421438486,0
-0.935045322829516,-0.2082183085345567,0
3.829194580712434,0.27331717364445113,1
-0.617755243864978,-0.011935477073422482,0
1.1302306924736842,-0.5696094968846743,0
-1.0653350955487575,-0.2807136229309197,0
-0.44982134703129867,0.10050815995839339,0
0.1757273437367859,-1.1248289561663658,0
0.7315382345135976,0.5038165861467009,0
-1.0796207591754197,-0.30939538096279795,0
-0.8321523212520449,-0.14979852516338305,0
-1.0290613831051225,-0.27573553142521895,0
0.21518298025684968,-0.3065175723943175,0
-0.49643702693054403,0.06662651663223733,0
0.9699563421532809,-0.6646479906445265,0
0.16321334125643794,-1.1536064085758482,0
-0.22489091161087388,0.37783353395328795,0
-0.6987158692909319,-0.8992995575661453,0
-0.4261675258427398,-1.5747783640113624,0
0.3328308816224127,0.5932297537899675,0
0.05606896641830437,1.6158012101596153,0
0.9766748725013117,-0.6729774242598147,0
0.743357081288491,0.017008794848608826,0
-0.6498626156126109,-0.874978474880428,0
2.8487444271720412,-0.7052152325396569,1
-0.6245703272630134,-0.006271481429674226,0
-0.23046438185417484,-1.441134514886452,0
0.6489345012698051,-0.03268691923659902,0
-0.40768441813069306,1.3178708692607575,0
-0.6284336851138912,1.1883016646015427,0
0.012149384831980614,-1.29126472186283,0
-0.5091315729285151,-0.7845628005439649,0
0.08741551725923653,0.45009245704693873,0
2.3528277139761173,-1.8470339905174582,0
0.26797268283412906,1.7600780986520834,0
0.9273438030478758,0.49632797638509646,0
-0.5614483657294399,0.02847971385414037,0
-0.6206145652362369,-0.01547886137616363,0
0.5363917841530023,-0.9333017191065117,0
-1.1761157521495689,-0.3616919495489854,0
0.31962268027964735,-1.0884955602259776,0
-0.7712652605642202,0.475282447978942,1
-0.45000169405405205,0.1059033359579951,0
0.033166933505959374,-1.271824406755076,0
0.11870207722009214,0.4711887220811069,0
-0.3256076818108178,-1.5096461190906159,0
1.0113455206126336,-0.6525538302472462,0
-0.7674074964690661,-0.09103695744988864,0
-0.4356133856141998,0.11626026602553834,0
-0.19671359744253383,-1.4206682588362554,0
-0.05116326586637695,-1.8924615085500844,1
0.10401587463327135,0.4508849376106628,0
-0.8709765729275425,-0.17697904026776767,0
-0.0679024922417633,-1.3404162522265473,0
0.9853246678862615,-0.6659627098515744,0
1.8100972551586578,-0.5240492079280803,0
0.41270438542265653,0.172030163096487,0
0.4789997297931992,-0.9960616943709284,0
2.5054576495469685,1.1082483078333731,1
0.6953138059149495,2.032018045216876,0
0.9391254091451708,-0.6996895045161861,0
-0.683894372641732,-1.5918353519051254,0
-0.4712819191947969,0.07469344411746213,0
-0.9907041756503284,-0.24850497543004105,0
-0.8007709354511571,-0.1238135862781987,0
-0.3043715248802725,-0.6519155920458031,0
1.0327854712276878,-0.642402201721968,0
-0.24141809119701027,-1.4552641698529603,0
-0.7028321769917674,-0.06569158960452583,0
-1.177052036790482,-0.3732899413384617,0
0.2497976593839828,0.5410646744523777,0
-0.45141282345927075,0.08561119184502884,0
0.9984910629149762,0.5386385709858666,0
-2.7602768599228087,-1.761156952424139,1
-1.184715491163096,-0.9461301781759764,1
-3.946748891020096,-1.7591284625188213,1
-1.5228398416379494,-0.33076729646214437,0
0.267842504843507,-0.2870094409483995,0
0.7914642093360643,-0.7935375442433787,0
0.31850997985157514,-1.0922298583293664,0
-2.481282581436374,-0.9936653397638494,1
-0.1010441031188871,-0.7555265323991148,1
-0.10053050695119782,-1.3654644762538544,0
-0.47075134935226043,-1.596225474345268,0
0.5412169558117038,-0.9541976000689075,0
0.6108493110081876,-0.908827251971928,0
-0.34733847018208874,0.16108895739495538,0
-0.48607672191206885,-0.7687424792946572,0
1.6175127604227495,0.5519882995070069,1
0.7315069458489839,0.36570989385972624,0
-0.6353280250085437,0.5176541203567273,1
-0.18160482877563097,1.7299382710009068,1
0.9758563502547613,-0.6708786320085144,0
-0.1986632807451819,0.26151958585692486,0
-0.3796052117749013,-1.5484914163029568,0
0.057279080175184384,-1.272903805114157,0
0.22809421154945192,-1.1511251746343028,0
1.511846302137737,-1.5429234216345504,0
-0.7978769598656843,-0.9828035802258314,0
-1.1074056269827992,-0.3305681794717067,0
0.2790990911968901,-1.1262934700175047,0
-0.5901216089025085,0.044309521048736235,0
0.671166447454117,-0.8750518150179449,0
-0.5989017128572935,1.1947503237332586,0
-0.004256242623272753,0.37726532973700694,0
1.040661817186011,-0.6273405420941961,0
-0.21355761427688708,-1.3238860613675607,0
1.2007313798156216,-0.5421433130118535,0
1.093166150648152,2.271131859981759,1
1.4969843463820223,0.8551749687185892,0
0.07731873094714369,2.1248918085245587,1
-0.4620713312355829,0.08033112827767329,0
1.189923645146799,0.6599936223869239,0
-0.0128877867028697,0.3751276225896411,0
-0.04434913007732263,0.20165239585776995,1
-0.8506434882640969,-1.0011099636898808,0
-1.2470354935739876,-0.4231011929621751,0
-0.02264757359177049,-1.2435259511252676,0
-0.09304627941037026,0.3101787053129004,0
-0.3626467023705677,-1.539479584243166,0
-0.4395249468979101,-1.5599970620715866,0
0.8867187161550515,2.1339315613329473,1
1.1448647639711893,-0.552025993346693,0
-2.318904952525429,-0.41278254633127615,1
0.5604463149969829,1.9358231971635655,0
-1.0973532539722923,-0.33141315442661584,0
-0.16441708337935498,-1.4053594070839246,0
-0.026060329964604424,0.3718410449622332,0
-1.053940349830287,-0.2989335171952373,0
-0.6960217614147624,-1.556332475097732,0
-0.28733407183390275,-0.6465479083579746,0
0.17421708791645765,-0.0018583075330612822,0
0.08651024374383882,-1.2544058020053814,0
-1.0456189308351183,-0.28940950976479457,0
-0.5840162884863123,-0.8315262233745192,0
-1.2730892556650577,-0.4200941123405352,0
0.48948618633556557,-1.0016849671738843,0
-0.10348815485778783,-1.3796555448175494,0
-0.5013545079268346,-1.605915291183318,0
-0.8909228713686466,-1.0268668976452275,0
-0.5619896467906003,-0.8112923361016985,0
0.5022688587034572,0.6950254231467908,0
0.36800636818602966,0.6134858432631364,0
2.663095451231912,-1.6791191524775426,0
0.9074445224272305,-1.1227957490875573,0
0.3202482349065302,-0.26781418981527516,0
0.4836802536398445,1.878550473681084,0
-0.2567590981872611,0.32615140319378927,0
-0.853987861255454,-0.15702589641060996,0
-0.10379633542767899,0.31442054467129327,0
-0.5559797458020493,0.010179578322515018,0
0.35437501243349906,0.119607070022664,0
0.8519110697421981,-0.76495239373666,0
0.036895763601875554,0.04491475758884098,0
-0.8597812905308264,-0.18459662034390384,0
2.3172519594655503,-1.8897451406634447,0
0.6599894085366382,-0.8555509076758333,0
0.8120482976002908,0.058700776757842056,0
0.03973360640551727,-1.2900486517210028,0
0.5664467030941792,1.9248250271274747,0
0.10738649751314709,1.628249551008268,0
-0.13829379907552317,0.28192816236476254,0
0.6300834812849286,1.1476287903720794,0
0.9901042658737242,-0.5183597858895659,1
0.9234801359283438,-0.7202924244668486,0
0.829429981734361,-0.7695657796504909,0
1.213275130588462,-0.9300869247653154,0
1.0656548240586696,0.5924672231088848,0
0.13362614080840474,0.46212834745814485,0
0.9367452437917473,2.172018837186172,1
-0.006575050720345525,-0.468017381291612,0
0.8856493036563491,-0.7354092209688879,0
-0.38672890196110504,1.3166145459690504,0
0.7000588446630919,-0.8684263857917525,0
0.5069338644870215,-0.9850736532187652,0
0.3631528041597215,-1.041923810555398,0
0.31219279544282275,-1.102058545886205,0
1.1664769297661906,-0.553760491996051,0
1.0330273105419154,2.2294314049417987,1
0.45803489217833465,-1.0104071497875355,0
-4.321205869403001,-2.183018355403127,1
0.9928970201083147,-0.6328513186857276,0
0.764924439722129,0.014383219035633147,0
-0.9901525383038721,-0.2593894578975681,0
0.2880522729569061,-1.1151809458881705,0
0.2511756676745869,-1.1470303563327948,0
-0.09827395054172136,-0.5357299972604205,0
-1.2389097081775378,-0.4283528930066263,0
1.3934320132021325,0.7711847226767845,0
-0.3951188504950148,-0.8276286833973401,1
-0.33408182716116575,-1.5154776324196926,0
-0.6505894825509579,-0.8904451562441801,0
-0.3814567900937876,1.3330161184534008,0
0.6872826938557739,-0.8809142083053542,0
2.3678704215033557,-0.19037799012921383,1
1.239395315949427,-0.5181565833795617,0
-0.6347208126744381,-0.032161332114326945,0
-2.677864731691466,-1.6205237348504342,1
-0.3036923675992337,-0.6726821145265561,0
-2.873709994100503,-0.43455146974586967,1
0.03134227831109849,0.42619342358648776,0
-0.37193593432279903,-0.7182064899518473,0
0.21016968813904213,-1.172258160832948,0
0.19490798627489384,0.0034261697005369793,0
-1.003604566015869,-0.25464523617308477,0
-0.3249613777585891,0.17976075226535626,0
0.9609886077198494,1.5599772531160683,1
-0.9770784972626435,-0.2334516209785152,0
-0.2662492897444824,-1.4893617946704316,0
-0.842935866097994,-0.17834414939090323,0
0.5117584907121054,-0.9876291507633042,0
0.45125300015447195,0.6460016978547419,0
0.7226569987324895,2.0221990719666083,0
0.3442409166941729,0.577235687980713,0
-1.1080496759223102,-0.3324645986652916,0
0.3726652347953198,-1.070270344352317,0
-0.1752534541777408,-1.4239500003081869,0
-0.052132929515351804,0.3422159095331004,0
1.2223664782518953,-0.5315665414689008,0
0.7299222842741695,0.005668467770071,0
-0.5997847888255229,-0.020319113387214056,0
-0.9576941477064983,-0.24920438304143724,0
-0.3588934844239895,-1.5221827781103305,0
0.09773422820765872,-1.2610135607740516,0
1.6398093270129122,0.9709822415962216,1
0.1665843061358539,-1.2158538017137366,0
-1.0005671529716254,-0.28233299861912875,0
-0.2042243835267935,-1.1244069492638902,0
0.09099846960532908,1.6195372375097403,0
0.7363249534037166,-0.8418800388324267,0
0.3998572743821846,0.6277213556061196,0
-0.1395297420926224,-0.4241438049340865,0
-2.6586109773705955,-0.4339753055761399,1
-0.003021684619242398,0.3743754660227105,0
-0.9260858920506954,-0.21943729886406202,0
-0.6165370695855712,1.1887113020139968,0
-1.1941110818045604,-0.40857994623949956,0
0.24755329711609222,1.7209855673491623,0
0.18190842721271072,0.47179934712538024,0
0.8457993043101012,-1.0798787071035754,0
-0.45209307982648805,-1.5728804203166862,0
-0.7104457567614019,0.08288648912726725,0
0.15172508620170738,0.4581219050286836,0
-0.9407889009271259,-1.1248176999586352,1
-0.11950982937584953,0.27720344792181467,0
-0.027666558138364432,0.34338418498104945,0
0.04343481598221811,-1.2975283372201356,0
1.5385078760360291,0.8663139434362526,0
0.2941227828019523,0.548974312891998,0
-0.330130199002274,0.1400986127314927,0
2.605114797290193,-1.5670349547489881,0
0.5208511030412261,0.6965152671648239,0
0.09464567382160276,0.4223718360375373,0
1.5607663449845757,0.8778699397127807,0
1.231632427488372,-0.5334453767852344,0
-1.7724140259161527,0.29447766990561713,1
1.6047407957142283,0.9104351319385301,1
-0.964983210875191,-0.2623186851706334,0
-0.6831252780107103,0.32946496891275673,1
-1.4314423773795477,-0.3248561375139295,0
-0.30537257290936,-0.06057820550003381,1
1.599664149535108,1.0486160327461451,1
0.468293130775066,0.17038334756183182,0
-0.41462810008551637,1.3127593466925973,0
-0.2682676282318267,0.18300552594993513,0
-0.47271784772161385,-1.5957342600287172,0
0.46384567095776325,-1.0174740253542183,0
-0.0699640897358246,-1.3428644675605252,0
0.32168367874447673,-1.1177349686911286,0
0.16488733472468017,1.6618999145413649,0
-0.8740679312671356,-0.20608939725135536,0
0.4169150255039102,0.6439990486437491,0
-0.009237250377130172,0.3611505044765064,0
-0.03717026447927722,-1.3384165577623648,0
0.9891259869513265,-0.694205734841755,0
0.46423711270464246,-1.0356634489739112,0
0.3878370026887748,0.1219928667087865,0
0.7900142494393452,-0.8206611407614325,0
0.7169395181892615,-0.027842027874242965,0
0.3294018139456389,-1.1001380902852846,0
-0.6869962149050834,0.44013605819704066,1
0.05693530118038085,-1.2899573998889278,0
2.356495910307198,-0.6824206557022366,1
1.0634881836625283,0.555394578485939,0
-0.5558449452918227,-0.8235183872086014,0
0.6175107368710294,-0.09590969812258061,0
0.7240858332076565,-0.8228151591434911,0
-0.39194366256305496,0.10106795948101337,0
0.601431227125504,-0.9113908238031954,0
-0.1069807528123593,0.3098519751480862,0
0.3202574387898315,0.6449624239216669,0
-1.1487415963605088,-0.38055524078146885,0
-1.0524974398709888,-0.32241721369971305,0
1.36100409473013,-1.688378934849107,0
0.2998796581424723,0.545646805120321,0
0.7334002650502367,-0.8657847454557503,0
0.8170096233176907,-0.8095717057473379,0
-0.5942429524165269,1.1951540832371952,0
2.6136020383860608,-0.0404604024117138,1
-0.30688256535890707,0.15649673195802838,0
-0.42568971545036377,0.09473828852859227,0
1.2643993465175312,1.519101381749191,1
1.3119033597658911,0.7047771851019891,0
-0.4020913057274802,-1.5797340381309581,0
1.751242822451513,0.9980738744368807,1
-1.1720007543390403,-0.40280499726539853,0
0.9248191699114721,2.1402530031900873,1
1.168788195361065,1.4604199660465136,0
-0.8850762478738505,-0.21123994749891847,0
1.341207575621324,1.5649251865384481,1
-0.9120338157814307,-0.23295632616927084,0
0.44020876873296516,0.626465391839013,0
1.8227014460581907,1.0343694234373113,1
-0.11116800523811822,0.28959389401275454,0
-0.8342809086484166,-0.16048334260833896,0
2.5544521014291424,-0.08587897030883078,1
-1.4557236117708943,0.19774030744590854,0
1.2029539140477357,-0.5348599862925403,0
-0.9709413743469387,-0.2775153266834103,0
-0.6101173179552216,-0.8785523193284877,0
-0.4082189250594023,0.08685876912087308,0
-0.00997457254760454,0.5133971563914841,0
-0.21225994963773342,-1.4567034507943637,0
0.22481830638168018,1.7096609767949598,0
0.33359129363831647,0.5654672658139099,0
-0.18760278904526448,0.25071210917207626,0
-0.03818048517589453,-1.352128115302023,0
0.056710702684962956,-0.0028235277540483886,0
0.22414427435761988,1.6916748394397312,0
1.7312707410771762,0.06320802219148423,1
0.27405315294858196,0.5209950011223775,0
0.4545392867392522,-1.0422596172630016,0
1.1706572482835853,-0.5847176995607717,0
3.4441147885886463,-1.202824917840591,1
-2.3669621487438386,-1.2110101774298585,1
-0.5784859794386308,-0.01887240636136985,0
0.5612463609043958,-0.9654666969004619,0
-0.26627744825660915,0.18534943205376386,0
-0.49242598324073955,-1.622835856386251,0
0.853577833502878,-0.7905042859185454,0
0.3306667486699686,0.07257990870001661,0
0.669506526864591,1.9761704773216162,0
-0.40045502103946173,0.11217038357610963,0
0.012662726517114564,-1.3023696651287682,0
-1.0598850554486001,-0.31958257870360357,0
-0.4634029457537659,-1.6103406418735557,0
-0.15705041707028075,1.448974823525926,0
-2.2798144357104593,0.04321195211807353,1
-0.9858099233154269,-0.2738095600574072,0
-0.7203039283342879,-0.11146457413577841,0
-1.015890030581592,-0.29600167634797314,0
2.661110340533561,-0.029353449131623705,1
0.015123784349128871,-1.3289569815813584,0
-0.5038041816225326,0.043139802416318075,0
-0.6643451514662988,0.5065288484464241,1
-1.077823690349003,-0.3233210858163811,0
-2.3311719555129806,-0.5753601028909214,1
0.37985758929997887,-1.090867181708011,0
-0.9053847052349197,-0.22761749407523948,0
0.7085704882720195,-0.027807644780197167,0
0.879159670431184,1.2633242965571976,0
1.0549496378361662,0.5469641367363864,0
-0.3901077660224618,0.11191876205195032,0
0.5522729744215205,1.9214454998599795,0
0.3845235201261367,-1.0907961299148148,0
-0.4771354212520813,0.08967215176656217,0
0.6809452626443496,-0.7669945457591985,0
0.40674050246466426,-0.24007550473840408,0
-0.07801860955145258,0.28961716161137846,0
0.5646780430920736,0.23628037601848095,0
-0.7274997969664725,0.0597838251235178,0
0.3807981537812872,0.9511337744686877,0
0.33352191962242783,0.07880318168054844,0
1.0790598483066935,-0.6372735388219903,0
0.033255544811905076,-1.1103751139991052,0
-0.8116467244542948,-1.465735945265614,1
-0.44795898950815644,1.6110280943409623,1
0.5936420072493958,0.24867518595695903,0
2.9214913212814357,-1.5392460658537148,0
1.7124302629702393,0.9504523730423922,1
-0.387604822453268,-1.5932782853183616,0
-0.7079300938855132,-0.09507786434760614,0
-1.0636950492125865,1.1420004975208262,1
-0.09243328236418644,-0.5615600140201213,0
-0.21431873183191094,-1.480110613824099,0
-0.2832269138062271,-1.5255534385779572,0
0.4798144083060725,-0.9911567749852664,0
0.2808484459470849,-1.1261203736598457,0
-0.23829451808703514,0.18495117520038673,0
0.4568668293372657,-1.0210668234312619,0
0.19618671578727392,0.47750768420519135,0
0.4400876749838187,-0.2023357232407303,0
0.09298383377423984,-0.42957470739721215,0
0.5454677018633881,-0.9817939322882829,0
-1.2420148121717391,-0.4216070507670535,0
0.2031404050886454,0.47811009853416403,0
-0.24885792673863935,0.1826105412835599,0
0.4758342790409657,0.650172007848352,0
0.5925907531713901,0.2378823174631336,0
0.6332885461895688,0.2701311000077123,0
-0.3126157572149222,-1.5314020712994336,0
0.15750794819654892,-0.020370021418662083,0
0.15014910844969764,-1.2432495924357612,0
-0.8496229460554152,-0.19709541933692612,0
0.9288290799032399,-0.9167593337425606,1
0.8443166726695276,-0.7892347583600796,0
0.024464419741635525,-1.3237565059025593,0
1.1147213859544443,0.5692925416990571,0
1.2459158926440603,-0.5453454823581833,0
-0.4205662953628942,-1.4353998770295888,0
0.2475801187275588,0.5096493235848072,0
0.2633889906397612,0.511966495745462,0
1.0548875073233146,-0.6706607454337012,0
-0.23293920117861708,0.18348197994312998,0
0.46624445980835955,-1.013209983795477,0
-0.47788983746271047,0.032707724418318575,0
1.2542642904094188,-0.5360915777433486,0
1.436156771558616,0.7741889116050381,0
0.8418516754300811,0.039384952509539085,0
-0.29745970406936384,-1.5395428504273212,0
-0.6054543717694627,-0.048176999210505354,0
-0.4551744300295212,-0.7945633984241659,0
0.04325032881015781,1.5596772233176384,0
-0.5974193077238779,-0.8686973360510664,0
1.3189077804296485,-0.5008343552655093,0
1.160290286900202,-0.6035109886353803,0
0.5956758128096219,0.23579302168602434,0
0.4396154439757351,-1.0707345990406307,0
0.4556933763193856,1.3668553903521086,1
-1.000746409787387,0.07375268240667764,0
0.1801931103536762,-0.3761951612352653,0
-0.4588043184424738,0.06029268128467733,0
1.222072406001846,-0.5598850975297763,0
0.288947513773125,-0.3250471429831116,0
0.42091132249671864,-1.0480844812282266,0
-1.239695414797296,-0.3640087780663822,0
0.05936718683179868,0.7306695366700968,0
0.19594879514579647,-0.017803885891093957,0
2.670223286863136,-0.5181833231382421,1
-1.8422858370551274,-0.3429109181609727,1
1.2725560117392603,-0.5180720071735991,0
2.6756956595636217,-0.4827709424113506,1
-0.1899632480911845,-1.4555617308949949,0
-1.2146306283351076,-0.44805335523459433,0
0.8000158409959501,-0.8344018726579218,0
-0.3165093906074878,1.3894916222666618,0
-0.8279081951539712,-0.8299255562088798,1
1.866782410909041,1.054885463226523,1
0.5168937216145911,-1.0086010141649149,0
-0.7832108423555395,-1.0039388415006787,0
-0.6852284876898587,-0.10663925304918802,0
0.7470299390444789,2.0040667847064317,0
-1.0506990269638061,-0.31062828452354835,0
-0.2786242007810454,0.1641522087632296,0
0.7054042946926156,-0.8671569763394669,0
-0.2535833586574199,0.16778452262016585,0
-0.7329778889043771,0.04237521544781029,0
0.9381691939058772,-0.7361227355544857,0
1.2098798298448277,-0.5815456465981146,0
-0.9886042987770542,-0.29309439935752946,0
0.49845779003731755,-1.0299331143506059,0
0.9741994978827186,-0.7135724974542427,0
1.1932991275130298,-0.5844374337462922,0
-0.2937576910337738,0.1696456979486861,0
0.7842192502096197,-0.8473498773382149,0
-0.366560887853806,-1.5804150667941308,0
0.1756688336404298,-1.2364981792581533,0
-0.126182854722072,0.25580359174556727,0
-0.8969231087404715,-0.24509601406490208,0
0.9134417462938773,0.07177013918577967,0
1.7389966904016918,-0.6338071098403031,0
-0.43450860794331214,0.0864777365609528,0
1.4984917705749234,0.8047984149233021,0
0.9495376078003346,-0.7445663710714907,0
-1.2011831313937928,-0.44012487339149564,0
0.024673043102938642,0.34776184855629205,0
0.3950033587999387,0.5870699280364126,0
0.1515552899247028,-1.2498906820757267,0
0.8837858332293924,-0.781180704525896,0
0.27698763803442694,-1.169970640600711,0
-0.31992352883065667,-0.709644280832904,0
0.35714173141548294,0.5547048259690908,0
0.4969518743770393,-1.0234602351237154,0
-0.29618607280360887,-0.6975887388013186,0
1.8948282284592133,-1.3718227359215043,0
0.2968752102059867,0.5277308194678711,0
0.5072109046817108,-0.19207930267805873,0
0.21253559364356117,0.4711323073302291,0
-0.29522821332867466,0.14099691129309994,0
0.05565136041054065,-1.3178783419758713,0
-1.2342613249346874,-0.21137030085909653,0
0.20703016527192009,-0.3689688317706766,0
0.3985037791920785,-0.10463137710956354,0
0.17890655770625447,-1.2384728112953165,0
-0.9320135744153645,-0.2615319828188243,0
0.1669839335899591,0.4373213694185973,0
-1.2062645353014538,-0.39063068491649494,0
1.0936691054746583,-0.6463818760933118,0
-0.3840358180601272,-1.5948070337331544,0
0.371561380401414,0.5639696781840596,0
1.4508384902658757,-0.4451951694800227,1
-0.9964285794867055,-0.2981254602089763,0
1.2691036357841758,0.6712622993478762,0
-0.0071688262628296275,1.5271653835482764,0
0.5535068776414832,-0.1605314785674219,0
0.3063092589768425,-1.1243137735819702,0
-1.1595471190806972,-0.3931402612935419,0
-0.48168709780810653,-0.8064635407586812,0
0.336484126498207,-1.6637187899228603,1
0.4720845468803619,-1.0558564743307446,0
2.769044158385542,-1.64424337713698,0
-0.8834420408891217,-1.593663926147633,0
-0.3194085404013637,-1.5513874964221623,0
-0.37250112032313776,0.10951238745196472,0
-1.0724905848804018,-1.7098729328408864,0
1.948803365680851,1.087305982935528,1
1.3125392267710796,-0.5189270585175116,0
0.02000282615496369,-0.4956854081836286,0
-0.5365747847950438,-0.011787566453417294,0
1.2259283836549373,-0.5759630100556802,0
1.053698016756469,2.2013204071194097,1
-1.0031447301239393,-0.31840321658032505,0
-0.2976365957734894,0.1375222302434141,0
0.773444807291795,2.0189365543917708,0
0.15818155551308888,-0.1615972741429183,0
1.4881479649290763,0.7896648296741774,0
-0.38680747858658854,0.2542690622930493,0
1.0500786076821973,-0.6906181271795341,0
1.326683702894225,-0.5091557041539572,0
-0.902800396693503,-0.24285391116630986,0
2.2331448804342613,-0.3200350143300982,0
0.38349794578027924,0.08059724136972278,0
-0.5744001209258832,-0.03625656763981407,0
-0.43775935971510355,-1.632330925613029,0
-0.17551552743341153,0.2073105231156196,0
-0.5542765809432223,-0.03346483868718211,0
-1.0483462617871084,-0.3440874298433469,0
-0.4572158612381865,-1.6356608580354086,0
-1.2296399448702573,-0.44159710997583357,0
-1.2045102035880502,-0.4204334248600718,0
0.5829558302586869,0.2060085320851851,0
0.6642460314973058,-0.7256226367504752,1
-0.3493849774349202,0.10167033181436784,0
-1.10159840135855,-0.37898017764843067,0
0.38046973121304767,-0.2689698041497115,0
1.1189658327989112,0.5573254017721818,0
-0.8745042250091424,-0.23138348300048436,0
0.5440257589161528,-0.9873766869368973,0
-1.3522409452570365,-1.6249041604432681,1
1.0871295953543545,-1.0540195289833816,0
0.17148092757811234,-1.2448142013032064,0
-0.07432677033858139,-1.1603709266195819,0
0.25516564644784956,-0.3323579253710196,0
0.07007876474899054,-1.182118741429053,0
2.5520320299763877,1.0787208243306694,1
-0.321348812878177,-1.538187075146738,0
-0.43654214061168967,-1.6255345648518824,0
-0.47066561164321147,1.3470544925605623,0
-0.9744985343390286,-0.30870754809601797,0
-0.1282724591830654,-1.422004238244801,0
-0.5420912175338914,-0.025180224079543474,0
-0.20335676390510152,-0.6208694890698223,0
-0.0662512266511895,0.2736775398894509,0
-0.572847606779371,-0.8777503055586028,0
0.9493756888523806,-0.6396370940771572,0
0.9835618288060427,0.48258843316952676,0
1.1215884856453688,-0.631008671789535,0
0.2988093838364055,-1.1659763423329779,0
1.074466290272269,-0.6557972525304758,0
-1.2144522701192912,-0.34627138889230996,0
-0.04918896130969679,-1.3848212070603858,0
-0.24035412291256442,0.18533679979154594,0
-0.014727254085290973,-1.3536139340281033,0
-3.012744945468802,1.062849507304452,1
1.0269648315329727,0.49709171293390647,0
-0.41590585026004,0.097232343567061,0
-0.793105774620223,-0.19558443845762685,0
-0.295085894630043,-1.5536230811498175,0
-0.44274601491826054,0.049302813778209865,0
0.10053192379075214,-0.4629437554805081,0
1.1682185503192832,-0.6164707517497344,0
-0.32412272126965547,-1.558412633627675,0
-0.5341508369349395,-0.02598135616858834,0
0.4455171173596018,-1.075381318442783,0
0.7721429623990594,-0.677180863351265,0
-0.6794561077259013,-0.109386178727528,0
0.09737274423980309,0.3748318302025319,0
0.15931710367661012,-1.2587626068977391,0
-0.32570526630899,0.15335274331168547,0
-2.135028141034794,-1.137989281267466,1
1.2574541408719342,-0.5515099500800694,0
0.31101208931650376,0.5376222142630676,0
1.0062009715480515,-0.7119576456265794,0
-0.45410580955082236,0.04620101489115395,0
2.6435180734243806,-0.07167142784920745,1
-0.3169805103990632,0.29345356180102705,0
-0.8056287806274073,-0.19932048157070642,0
0.788699505730928,-0.8588240684085576,0
-0.21171066989651116,0.18723288310576514,0
0.2709329250917856,1.6827459907973363,0
-0.7173128886927024,-0.14266458639147883,0
0.32578094104149324,-0.851299207439761,0
0.2787709393079117,0.49685178801475943,0
-0.997240586120157,-0.2988592115950198,0
0.11176686838084111,0.38409279355412024,0
0.7843411431117706,-0.02132258986406362,0
-2.4669095371726653,-0.06124611661862247,1
-0.30533874765692387,-1.5666405080731731,0
0.2506531662187096,-1.203200445353883,0
0.3754919308619056,1.7500414067830898,0
1.0177657059813372,0.5011128238724013,0
0.16410928322897517,0.5134126017394941,0
0.6280244544730863,0.772652623521743,1
0.03778101575813237,0.3458583312769579,0
-0.8639060872321591,-0.22727108085132208,0
0.1293751176720157,-1.2745969826559214,0
-0.21068596999587486,-1.4920497497526706,0
1.397019815975834,0.7238056480686949,0
0.30380541792836946,1.7034440514434548,0
0.3539627493801057,0.5590331046197202,0
0.38862482401516313,0.0906697831936688,0
-0.9468032773413174,-0.2928200639168947,0
1.1813326253330199,-1.002773596418969,0
-0.5688404546930833,-0.017587685491008604,0
0.38049189106565934,0.5713311679282469,0
0.2864926322172929,-0.9291844128991581,0
0.41632262148338833,-1.0924728755578748,0
-1.0993285216629227,-0.3863123172582193,0
-0.13434165416592952,-1.4553754537974244,0
0.5390413123945825,-1.0130576804486473,0
-0.19495368322179146,-1.4647928691576237,0
-0.3493362498342298,-1.5929639197942782,0
1.1344399158623826,0.5604439999056289,0
1.1651425816129086,0.5824567535261315,0
0.21982185880619193,0.4588059671086661,0
0.46069597339089025,-0.23021180955845777,0
0.21795100613089824,0.45833812267477086,0
0.1844692052193565,0.427005931059752,0
-0.7084564713397805,-0.13607541387450897,0
-0.20743665876861617,0.18413647405633415,0
-0.09540614901878604,-1.433113826036902,0
0.28180913094429044,0.02019701101750147,0
0.7214632546307113,-0.9080339579556456,0
-0.2336810982931161,1.3578733053694259,0
0.19315070575313995,1.6493557822075398,0
-0.39049181491756435,0.05985317152399703,0
1.0791512848406513,0.5158879383457483,0
0.5733979688907925,-1.009468516700232,0
-0.10883763812379961,1.8033842863877545,1
-1.002299870710325,-1.0033199823934456,0
0.06505527455165207,0.36405818819322916,0
-0.33670177306506816,-0.013958404072589432,1
0.10573013101550004,0.38749886054804733,0
-0.8652717450874788,-0.17005143964590919,0
-0.5174418143798212,-0.02130354162234673,0
-0.33220288494815364,-0.5445334473978389,0
-0.9496551473193188,-0.0786234355968169,0
1.1604835993085088,-0.6072609340658076,0
0.9450945497528538,-0.7360134774151192,0
-0.6735707537707076,-0.09782701260722344,0
-0.9706854935712546,-0.012487462551669734,0
2.4251057269704392,-1.902137174307294,0
0.908930198143435,0.062154940241272084,0
0.5427294719698081,-0.18541999154504502,0
-0.24348483761198575,0.15021957380797563,0
-0.3112515226617759,-1.5641295986467663,0
-0.5219943339840657,-0.031807209362333354,0
0.21635715464809424,-1.2399581419209074,0
1.2709201149921894,-0.5653010823623557,0
1.1374324757453986,0.9234728450058782,1
0.0641570596470115,0.49279142085799715,0
-0.5148555661356087,-0.02246338593518667,0
0.3900635495092046,0.5596888452020136,0
1.1457481722503349,0.5671325116281373,0
0.18726222396236103,-1.245030760092308,0
-0.6959636367916399,-1.6672228995233347,0
-0.20768669105144918,0.19814283996064208,0
0.7736619792626088,2.0136065758628883,0
0.15279572645618816,0.41843270608279554,0
2.3561100891593987,-1.940433986974433,0
-0.5818309997689916,-0.9072397164970857,0
0.6771986534188978,-0.9270559185143691,0
-1.1906681891902042,-0.4575349735421416,0
1.5379065921067927,0.8089435942616114,0
0.016175951337727125,-1.350429726404412,0
0.14876538330617162,-1.2780410671021194,0
-0.2670235244889561,-1.4547521546728972,0
-1.022860947297459,-0.34529344194655404,0
-0.5252698785371532,0.009248901358171616,0
-0.23481379959090207,-0.6896411878696787,0
1.1047553412026745,-0.6623338702790562,0
0.8063061553433098,-0.8647336030110937,0
-0.11583906398554968,-1.4235535094615068,0
-0.4782228751687282,0.07695225171270946,0
1.480566011286689,0.7643491190224867,0
0.46569175688651404,1.8082023812878643,0
-0.17932570524741637,-0.6556874404979793,0
-0.062679856191075,-0.23719943097408136,1
0.2384235408816332,-1.230716520542996,0
0.5105072477128224,0.6278505146961629,0
0.20917595171578213,0.4511513089900748,0
-0.9235899567995325,-0.25302967061906284,0
0.8707146318297483,0.38316739247888293,0
0.24131265627150278,-1.1348880444820466,0
0.8754551468904173,-0.8031073285008642,0
0.9652865399195562,2.1273745178324335,1
-0.7098337868016805,-0.15121396647202484,0
0.48925533368385904,0.6325946340774209,0
-0.051271762200641245,0.2887543429808171,0
-1.0664084798318516,-0.37136548929527774,0
-0.2172126396408902,-1.3447983375854826,0
-0.3281986664562451,1.2936914309418348,0
1.4298951084600697,0.7375574010292575,0
-0.7321284968154309,-0.16396374146313833,0
1.1458658409582547,0.545976436314252,0
0.4472111893110344,0.5906048759699928,0
-1.2214155540991525,-0.47404047999868354,0
-1.3076827767965988,0.26206095548472,1
-0.07931231568762863,0.29228136358353823,0
1.315343242608136,-0.5370549426107514,0
1.1827867752533685,1.4683687738281608,1
-0.6323372016910108,-0.08849869475570056,0
-1.3179570973272348,-0.06235023792681323,1
0.310135417157438,1.6948110030704495,0
-0.25780325849341484,1.3380811819364806,0
-0.029253408860448117,-1.4046647988648324,0
-1.2621542026450019,-0.28075744247711626,0
0.49857614454961235,0.14120731285971833,0
0.5104851655487002,0.6339096340814816,0
0.42057983800855075,-1.1186653385666017,0
1.057811396978184,-0.5772969139884084,1
-0.6626686802719827,-0.11146034415737467,0
0.6229769536725135,1.8984894528646614,0
0.34654051248722867,-1.1564509257722102,0
1.625745753207362,-0.5444941620755253,1
-0.18633612301834535,-1.1158357318008423,0
-0.36855744541042806,0.27270748598202826,0
-0.8400431669500845,-1.111056198606155,1
-1.275399550637558,-0.8003802229887335,1
0.04734539829377347,1.522612726386166,0
-4.505411252739732,-0.9504310148010889,1
-0.08189882506838338,1.450459516507729,0
0.9801404339399706,-0.7470652072110741,0
0.09749276159110716,-1.3085806364907906,0
-0.003202049168510434,-0.5461092423692374,0
0.06930010566105961,0.338595073374012,0
0.16387162150403478,-1.2813152092714803,0
0.14526449421875742,-1.2842415212355216,0
0.8972856778378133,2.0695177327365397,1
-1.009543067249142,-0.3402182443454952,0
0.0007721225549720609,-0.5373389685609347,0
0.3342909058575031,-1.1686757173232891,0
0.10338776805373077,0.3780015477117831,0
-1.1508246611341193,1.2603657605556091,1
1.178027843890733,-0.6308806121831145,0
-4.253424817977732,-0.9046972231371043,1
-0.011506315897399666,0.29042543640042223,0
-0.16202392531411441,0.18898286900996042,0
-0.014964321328292821,-0.5404677454562078,0
1.09395171157598,2.203034070703126,1
-0.04428468280586446,0.27635262652670894,0
-0.878207028441737,-1.4763060596808226,0
-0.1957937856968769,-1.5031258781271841,0
0.23192789708586997,0.4662856499611761,0
-0.9337821715912005,-0.27776741533904425,0
0.593958011701082,-1.0084085783914107,0
1.4192263691052123,0.7309961170510342,0
0.06607771444655523,0.37094607105456084,0
-0.11010387985382936,-1.45576608776219,0
0.4359362583115774,0.5926644463251483,0
-3.7683622021274994,-2.100438630255273,1
-0.18704281671785514,-1.4677624099577735,0
0.8927960510167632,-0.8153940479526863,0
0.06480982268672773,-0.024929517045702582,0
0.268496372239894,-0.020127686416988717,0
-0.12154202250639715,-1.4668617995288011,0
-0.2768412861997456,-1.5690328806592084,0
-0.2565800084186676,1.3421363296199464,0
0.6067420246456414,1.8830981503800772,0
-0.11574164316457299,-1.4489172719588534,0
1.2248723176954575,-0.5651276107763356,0
0.7392497608181487,0.6695925883211777,1
0.8286863551384221,0.3781649916215169,0
-0.8046532913276371,-0.21626448229714798,0
0.9361817925315661,0.05515554775041329,0
-1.6439958464744584,-0.12649588735027853,0
-0.2901880373099597,-1.5632671710371175,0
1.0495814063333597,-0.7057458109341003,0
-0.20858753605163027,0.161628664457579,0
-0.7915731546101651,-0.2148200713165204,0
-0.6070466601426835,-1.3853646093319907,0
0.6747505292135801,-0.937483388688578,0
-1.0460375750783282,-0.32356915703274547,0
1.0348691942598804,-0.725962153708262,0
-0.49695918164083597,0.44824711463999395,1
1.1818066482758431,2.256694795856705,1
0.3572199226857257,0.5172111423184138,0
0.020591973499173556,0.3177078570236717,0
0.21649511360525375,-1.2431978878798908,0
0.9532736916731381,0.05638853524481178,0
1.8080781905279435,0.9701097140131346,1
-0.2712933593792523,1.607810506088071,1
1.093985264256281,-0.5609403022039283,0
0.26484435249544025,-1.0010319087196384,0
-0.009785852094659564,-1.1823762540964498,0
0.4771692088217691,-1.0734242860162286,0
-1.0765352707625047,-0.39048780455032034,0
-0.3711526569877229,0.05670530718979925,0
-0.7675982207108321,-0.2041908184691172,0
-1.063088534524955,-0.3625736929276387,0
-0.021080400719923613,-1.40247575453888,0
0.06498574729009847,-1.3371751968914296,0
-0.4295962505462774,1.2080185771114071,0
1.2985037279718918,0.6560280234934697,0
2.137000512737341,-0.4216345138881866,0
3.2178788717033555,-1.4033351956828433,1
-0.3185252897867971,-1.596466287342882,0
-0.7711457992710702,-1.4999661299344138,0
2.304228706837411,-0.30938979930289395,0
0.44953970788296055,0.5901667936604239,0
0.8473718477375269,0.34268562641859684,0
1.0932602818349884,-0.6934856102396949,0
-0.9713926903420855,-0.3323651151193037,0
-0.8270766489508543,-0.2320502026496272,0
-1.173750775094845,-0.44179729459520656,0
1.3443547016584747,-0.5336105275192391,0
-0.3399831112770162,-0.3086658367720385,1
0.018970819030184834,0.3234319437441498,0
0.44590252512077294,0.5887900074478408,0
-0.36810453832660794,0.05515880961949363,0
0.4614239872852553,-1.0781082750013582,0
-1.1813155459565012,-0.46101608618249357,0
-0.6840393773029863,-0.14137456488078917,0
0.6224044206911503,-0.9928636736847745,0
-0.8590002937429272,-1.4539126855495217,1
0.18401140952007655,-1.2515289379585777,0
-0.5144500882070864,-0.011343700755470107,0
-0.46096347169077995,-1.0450151481265082,1
0.031167707517587136,-1.3709351308572177,0
0.8064034071694934,-0.8782466369778247,0
-0.9111091023809147,-0.29868619387615764,0
0.5629577598174497,2.1407784270553813,1
-0.11303100201957635,-1.4542627665626657,0
1.1772116405631272,-0.6391399570602572,0
0.8579129574101676,-0.8272898133529286,0
0.8756702258158737,-0.824675791287563,0
-0.29805603134358755,0.0991300905759545,0
0.9213837494318667,0.4124863441903495,0
1.8858173924745052,-2.262789950649078,0
-0.5220995705919165,1.1644035443494465,0
0.888222364430457,-0.8232204195904692,0
-0.3494061052248364,-1.5869438963758382,0
0.5631257251445007,-1.0297714562514027,0
-0.06366565330187783,0.44787664698553026,0
-0.5255873072783882,-0.04953864719354575,0
3.085292293484034,-1.4794710005069023,0
0.0705432377359025,0.44191033037322075,0
-0.35448996489455104,0.24636439643747754,0
0.20790781154239063,-0.411093742334617,0
-0.2235468223689373,0.16157302639608712,0
0.6099422614989445,-0.9885170659342228,0
-0.23845666348699188,0.1416921912413267,0
-1.2341126866163281,-0.14950476690760656,0
-0.34597714019635534,0.06413551333297067,0
0.002644248075873357,0.2827096848306521,0
1.3490281173812622,-0.5365546804827127,0
0.3714180328761619,0.5216892130848995,0
1.8207369514666654,0.965914257601269,1
1.2496585337456279,-0.9974227933221455,0
-0.14505379436794222,-1.487749183804026,0
0.7431170992835963,1.9564589861489003,0
0.5385956619282113,0.6338348193837683,0
0.7061449066556927,-0.9488172342689543,0
0.8313836820560135,0.0049143011609971525,0
1.126504063762645,0.5196886383933275,0
0.22273352048651396,-0.9966024409231254,0
-0.742484954471327,-0.1978669493442488,0
0.455920589685663,-1.1006691799047226,0
-0.6443301572706558,-0.12210280653518492,0
-1.0024159927306424,-0.3248753296451267,0
1.2865483693742865,-0.5735845450210443,0
0.8901241231984764,-0.8170510002831461,0
1.4121377346287471,0.7105999996168814,0
-1.8046558155413919,-0.4997462688207202,1
-1.0033176447099434,-0.35160935753749684,0
-1.0127422324665523,-0.36184986573907174,0
-0.6091051354072703,1.6444188038220136,1
1.5062588629263707,0.7593357417448939,0
1.5047660048367755,-0.829685557238842,0
0.03222870819842558,1.5153121594920533,0
-0.3969614014655008,-1.650033270432024,0
0.08915190168811492,-1.3320924787153878,0
0.46839750934845553,0.5776541606375296,0
0.05453338947784959,0.3228174246320415,0
1.2424286692630724,0.613941261574715,0
-0.7569292131200905,-0.21051751370571295,0
-1.1656755547464162,-0.44714810292608165,0
0.8641287765417194,-0.0010037038960464442,0
0.5415071574939895,-1.0546961996759878,0
0.011677356327808286,-1.301061369718897,0
-0.08457022554866085,-1.4116619950958684,0
0.4128172672288852,0.5683635374456465,0
-0.35526419562304173,0.050442591893313994,0
0.1391141398290615,-1.3081508619744935,0
-0.6300963220699158,-0.9524942357888377,0
0.49356418566030485,-1.0887800638979293,0
0.9171759355066093,2.066819449347571,1
0.39118911568891207,-1.1568395969245024,0
0.09559952260684167,0.33641624189523206,0
0.10732451302259706,0.3729640552696701,0
0.07427366251328209,-0.018583624174273523,0
0.4055981774671678,-0.28126032591424016,0
1.3183311725016627,-0.9474158416202064,0
-0.6565710565581531,0.03838407917277601,0
-0.16355872189682247,-1.4772552959818663,0
0.8149511873421459,-0.6834872063574549,0
0.6809647007022899,-0.9566753833384611,0
-2.3887284439917558,-1.9211060123581485,1
0.09874401863278622,0.3708341258490652,0
-0.3475350493642909,-0.7801172261976044,0
-0.7491191164314583,-0.1593334409025529,0
-0.3133218745677895,0.07252249532730025,0
-1.0342991992887016,-0.3772293730576255,0
-0.5028459286468112,-0.9024191672639973,1
0.793414215244872,-0.8705685696275824,0
-2.5482304893787475,-1.5888966797868067,1
0.5143226648871168,0.6251094406640801,0
-3.2712756669615426,-0.16085767027203154,1
-0.7403943443119813,-0.19358824974618352,0
1.32042666311707,-0.5380489539595401,0
0.414792433912813,0.5485873158744923,0
0.12021590338153228,-1.3223026561767164,0
-0.24891936980552581,0.12489521160136706,0
0.6755067268957858,-0.12887728801080509,0
0.468455360429872,0.9304546228389096,0
0.44958020326402,-1.1243630534559355,0
0.7625114537429127,-0.9199397000186915,0
-0.13724465628109606,-0.14851192365928567,1
0.19720102825828473,0.42757261083574133,0
-0.03588323712753969,0.25255803875457666,0
0.8623794884837471,-0.8528105552491777,0
-1.0570135076828173,-0.3911399291543688,0
-0.2105712140457968,1.7522984610408057,1
1.7263145617384663,-0.6964000109648251,0
0.6374754266923132,-0.9658605584971737,0
-1.5684717253907838,-0.35615753069281153,0
0.2669111531465659,0.4461753430172772,0
0.2690812496042417,0.44641456584495603,0
1.0274701187180675,2.123350502054624,1
-0.21211352930417512,-1.5314181227045225,0
0.7385078679648884,-0.9248764520072212,0
0.5084738683870064,-1.0819998752370863,0
1.067841466421358,-0.7093322954970608,0
-0.3248209848761336,-1.6186610880529546,0
0.7766826361533588,1.980034561631539,0
1.3072066885314948,-0.5685792446176088,0
-0.9065672064454381,-1.0279373520525068,1
-0.031662820481962915,0.28640861049308713,0
-0.23462987254277035,0.12469578796761947,0
0.272212756276562,-0.010331652766653616,0
-0.9121207915193261,-0.2836692247097434,0
0.5161812184041674,-0.24284292172073918,0
-0.12975045992126466,0.19258844624750315,0
1.1066467590534736,-0.6782858907270611,0
-0.17543475569872208,0.16801893814366342,0
0.5242150406833322,1.8272924126603098,0
-0.19847851405603278,0.14689885185831958,0
0.40300087075427865,0.5434088377095904,0
0.28799821605141446,-1.2217030746960267,0
-0.5003998990980743,-1.3244852432432876,0
1.3001346349323084,0.615786377704657,0
0.5794107942337463,-1.0468806627958076,0
0.5808619877368222,-1.0293245466093484,0
0.1722776148496788,-0.453173356289724,0
-1.102695588831213,-0.4359690587167801,0
-0.1846821947275423,-1.2333661253265877,0
-0.6845184198971801,-0.17203620571226058,0
-0.45341991583188934,-0.014933407627534164,0
-0.09929998029078109,0.23061813437269119,0
0.5345675188907588,-1.0544440402326345,0
1.0383315826853174,2.1307935818488364,1
0.3315592202128325,0.4789653440964243,0
0.28510828937218236,-0.3932395087757457,0
-0.15768009213449324,-1.4826665548844749,0
-0.3762994685983114,0.039742581136462486,0
2.217074136762945,-0.372785700867989,0
0.6425900450082046,-0.9950599342026561,0
1.059965224418971,2.1595894000902107,1
0.2788218785232892,0.46157745138017797,0
0.4734678965967754,-1.1082330348835392,0
0.7695739733071029,-0.9237995202352669,0
-0.6167174102653359,-1.6491802056938047,0
-0.19475912269063003,-1.5065648299467294,0
-0.5972002048519842,-0.11672056976828339,0
0.49502007076879323,1.7853408110803477,0
0.726563109127694,1.9337981253636187,0
-0.169868356704035,-1.511851401156119,0
1.3099517972563686,-0.5807132067962493,0
-0.6669338552262443,-0.1539415659100454,0
-0.05564303450939683,-1.4250170104980848,0
0.72636692806094,0.2468045298596141,0
-1.0550338023194288,-1.751727228902688,0
0.6995310126536503,-0.9704206837097457,0
0.2313244043192707,-1.268389669206962,0
0.38955789081005526,-1.1572411391404072,0
0.4337142534680221,-1.1418918452851028,0
2.0471779499932405,-0.48772201009980615,0
-0.47060033269588913,0.08426545601590628,0
-0.08681311031601109,-1.4654414433650864,0
-0.33344385355794715,0.061413204006375434,0
-0.5786225944390465,-0.09801761149591455,0
1.2807730725978865,-0.5777252109965082,0
-1.9239999359783733,-1.658581392323025,1
0.3439110206514802,-1.1824447760107133,0
0.5278684932953961,0.7729279611888418,1
0.8905084839876274,0.0009428952635267927,0
0.358613337391485,-0.9277958761331885,0
0.9444597227966103,0.3830369371322489,0
-1.0207241311401205,-0.24452457177495732,0
-1.041735269575155,-0.40465495213664004,0
-0.722305795578959,-0.19052834405844718,0
0.30098449587843795,1.6487518721991739,0
-1.042867520755581,-0.3963884593254467,0
-0.2651225944853515,-1.563684720045467,0
-0.30059672048452124,0.07375980726104774,0
0.6224914445178994,1.8629207828199912,0
-0.7329823808683236,1.3513524078774715,1
0.24389253300084354,1.622078719925603,0
0.34168481950659785,-1.2015814396287807,0
0.11194440248820746,-1.3412337112524393,0
0.46837218600011926,-1.1040437660268934,0
-1.1021936041280407,-0.4323894177344133,0
-0.6063408272303386,-0.9518614951540842,0
0.894184276922376,-0.00014235477140841075,0
-0.051546020608140584,1.43701567124792,0
0.2818582591237856,1.635845002349601,0
0.9264448971660464,-0.6862736136119527,0
-1.0575862077088436,0.9499347121290816,1
0.9042750134221618,-0.8379587289064967,0
-0.8030658289240029,-0.9476207160783038,0
1.0189401779710505,-0.7422527099568208,0
-0.3611296392719184,1.2323711144362175,0
-0.6476944264328841,-0.1463189056429865,0
1.7264333819651971,0.8918933121981596,1
1.157850613467843,-0.6604620097362313,0
-0.0780669751167871,0.23644222682338778,0
1.0900000467063362,-0.7145483161300757,0
0.1145852255771986,-1.0026614056182794,0
2.0958585547811683,-2.1532244739798503,0
-0.605058138336277,-0.13174963066069567,0
-1.0043858121970621,-0.36694522929366297,0
-0.7529136188044123,0.019805115717894655,0
0.8548464847954068,-0.8729087574099407,0
0.7462492726611754,-0.9331116554871802,0
0.3082074365068328,0.4600218273299907,0
0.37620579655552505,-0.34246672125595956,0
1.1135111437876808,1.3312570138014224,0
1.3162893805262614,0.6190086788615841,0
0.1662264746772978,-1.3094746053477944,0
-0.23960972324302615,-0.7329047140708703,0
0.12114463167906105,-1.150974889478269,0
0.40582232422718606,0.561386323509901,0
-1.7972970654701952,-1.2866060070354557,1
0.5595499640214019,0.18077764161570953,0
1.541328594936821,0.7572134588581352,0
0.21687196958676352,0.3928216045346173,0
0.6488143370951949,-1.001423977749817,0
1.8165626299790933,-0.6242786310426331,0
-0.7823169679626997,-0.20405881759318298,0
-2.1900260906268794,-1.634616434817143,1
-0.04005730621717026,1.4267622762789722,0
-0.2078529470996446,-1.3589428972733841,0
0.3920582481231037,-1.1630756937373712,0
0.0034317952189025286,-1.422780530914064,0
-0.4210897837815339,1.542608298269654,1
1.0399300546533088,-0.7422539301340524,0
-0.3328425526376361,1.738847921684507,1
0.6947176402563789,-0.9780093597267577,0
-0.39571454969774145,0.0020529297564756783,0
-0.5159260016618153,-1.6157279825933968,0
-0.08591175856850182,0.19719502795933241,0
0.33347446106731604,0.826747335712957,0
0.11374829152863734,0.6886207948222448,0
-0.23922730927024588,-1.18184238583173,0
-0.48453219620325133,-0.8857769798923417,0
-3.182427098283525,-0.6409895720599725,1
2.7044453735842393,-1.7677268018708419,0
0.8701170698134338,2.016965918796871,1
-0.26689413201354395,0.0904711400627171,0
-3.9115255248964247,-0.8221434028960987,1
0.21013200085063594,-1.2882838529969216,0
0.2711479476443039,1.6290945758130844,0
-3.1871827309102994,-0.13698769835547708,1
-0.2643817657235654,0.09039689216348422,0
-0.11207644788080552,0.19192901887125446,0
-1.3550707570762153,-1.684046716102433,0
0.10300565381263223,0.32907379494772854,0
-0.5005342745922876,-0.9068296723287554,0
0.5611544184610092,-0.21366054206581883,0
0.24354628094274733,-1.2753024151021075,0
-0.158169025198958,0.2802034355453779,0
-0.837200802538266,-0.26771631208159247,0
-0.26198462750473195,-1.3700237201407504,0
0.9370612957675513,-0.8301916165129052,0
1.4573115892514032,0.7059039425805854,0
-0.8621133099220734,-0.2980171335675485,0
-0.5562439331969279,-0.09466969899890736,0
-1.134851900326638,-0.4181722056712596,0
0.20970133427082865,-0.9501795072562141,0
-0.19808450839562175,-1.5351922095025365,0
-0.02437584480397926,0.24739431832560188,0
-0.8055195299218774,-0.22895067886836978,0
-0.39310806342711874,-1.6784511788147696,0
0.22882312677536976,-1.2701120263412147,0
0.8449409632886309,-0.8887982070185633,0
-0.08022478970568409,-1.4829311549903297,0
-0.746535594798016,-0.22913435544887925,0
0.577958569519553,-1.0604469600216293,0
-0.26578202443017795,0.08789844439819076,0
-1.0987880807596286,-0.4486273640730357,0
-0.7815410278450112,-0.252259683491206,0
-0.0181233313785926,0.23862826664301962,0
1.0263033517448887,-0.7747656806469234,0
0.41315238396961856,0.5219831843829589,0
0.590147585734114,0.1537240709303621,0
2.3370808177256244,-1.1713424695010675,0
-3.848452717983606,-0.8159158447660193,1
-0.7121971500221863,-0.19876850177046554,0
-0.29034780186338555,-1.6206914499659322,0
-0.4028311950541967,-1.690199642331517,0
-0.2622652022134486,-1.5991692835454898,0
0.6127940522040752,-1.0389928040968988,0
0.3791214218861842,0.48983608958405916,0
1.2431893636223978,-0.6207422850617602,0
0.34441500674798387,0.4930787613217757,0
-1.1827911930025246,-0.49774105805529506,0
-0.9796249090996605,-0.1706296760233103,0
0.6973124175919174,-0.11806192343288387,0
3.260379402263011,1.4643636596755436,1
0.32689844267504026,-1.0658555294778589,0
-0.3775745776134325,0.016576013303164477,0
0.6040864182315645,-1.041233508394069,0
-0.8934164665093357,-0.2974551088762223,0
0.0545141164290853,0.2825369662903889,0
-1.1145226903657144,-0.4620229475370889,0
-0.21550272768926654,-1.5672761719272221,0
0.49086951252216887,-0.9195284254418025,0
-0.2604843269261152,0.08605485288772789,0
-0.6480684684872947,-0.15606475935693048,0
0.28953831581241385,-0.04248525785421,0
1.7974817389362128,-2.3561318136077447,0
-0.046391130416412844,-1.4636405296256094,0
1.6675173178953822,0.8293879603767941,0
1.9201889928496683,-0.38980781762641054,1
-1.145122132974842,-0.4675990003269273,0
0.7424529628240325,-0.9430132946554582,0
0.015385812104106394,-1.4024061958672451,0
0.33810619883090287,-0.3663078835743353,0
-0.8035909903599944,-0.2678057060614455,0
0.630630745782312,1.8519126649411894,0
0.3479411226728625,-0.3563704757973242,0
-0.05802884695505451,-1.2757175737933022,1
-0.8081817316130792,-1.0903410645472191,0
1.3420655889080153,0.6306733953582846,0
0.2687070392979451,-1.2599838858047723,0
0.42423099632066325,-0.3190646436511987,0
0.1783167409963377,0.3864288510562833,0
0.6686539540618981,-0.16002318944151872,0
0.7898546928358073,-0.9195531911000694,0
-2.752758510081584,-0.5570653183510744,1
-0.10325347397985254,-1.5001801664588845,0
-2.276313400652206,0.12526593495253935,1
0.7964101119075522,-0.9276332625044453,0
0.12864157054469094,-1.325712396907461,0
1.128202603755387,-0.7117144788219643,0
0.7183101249982822,1.924801153353384,0
0.23979822318215555,0.41230830258889867,0
-0.7146722490846357,-0.21242902913161663,0
-1.199331770444613,-0.5216179259881736,0
2.570938145841533,-1.7704284048260728,0
-0.6274079728045412,-0.9860254746844705,0
-0.07840315040858037,0.19782037659499208,0
0.9306822344684371,-0.8296712409558552,0
-1.856929069933766,-1.6030004162845737,1
-0.6883951892292417,-0.1742125469882759,0
0.4119656298897761,-1.1104594747907486,1
-0.03836567760459047,-1.4394773238121858,0
0.3529570775995707,-0.3580741836856466,0
-0.25735683016961103,0.07407055421945773,0
-0.431311902339447,0.23916669802848933,0
-0.21652242000357058,0.10624874680906947,0
-0.2208533671748227,-1.5548695537359787,0
-0.15323465461326624,0.1418478428857201,0
0.3799210313647073,0.501808669167264,0
1.0690218520238217,0.45554183720009983,0
1.7424558682741198,0.8978673882756376,1
0.9075762255592639,-0.851897664259502,0
1.4633891262984295,0.7331821279321856,0
1.249786722198846,0.5698489456648465,0
0.5665185345752779,-1.060971867380699,0
0.9081801484733314,-0.8434580592980983,0
0.7601409577346763,-0.10562628828079103,0
0.39843650017163007,-1.1826997117174924,0
0.45309889206974635,-0.30942660224392354,0
0.21066622250666978,-0.4597258260221969,0
0.7602960453710965,-0.10596827733915971,0
-0.06139650511252855,-1.4796671417048963,0
0.6127415948643472,-1.0285211079757812,0
-0.4094689956370075,-0.011925214376342771,0
1.2095525213497906,-0.6415270054495203,0
0.08140861972247442,-1.388569850908168,0
3.257374843680207,-1.4160874661699667,1
-1.123372380748448,-0.4695867500505782,0
0.24845765526652752,-1.276261027806876,0
0.38929672326873915,0.5100308310417001,0
-0.2654333562464634,1.2833259201662872,0
0.14475872482924518,-1.0396512688636574,0
-0.46032293415376724,-0.03792217937626909,0
-0.9551626613284825,-0.3660885142550762,0
0.80674282375853,-0.9216418072361667,0
0.39709962172618124,0.5193844343570767,0
-0.7748515360722141,-1.0209501784342596,0
-0.7666870576317968,-1.6060112851226764,0
0.6097267118183425,-1.056582547685024,0
1.3277548294320614,-0.5813231836958229,0
1.2922650740555983,-0.6129612992301071,0
-0.634366366130168,-0.16110670481428152,0
0.49268084276383434,0.5507333990450172,0
3.407316208864957,-1.3250911834779058,1
-0.8446107685673463,-0.13242043621577143,0
-0.39135923366080244,-0.11006178775469068,1
-0.06912052071978668,-1.474415840534041,0
-0.08428528477926658,0.20097578509021352,0
-0.9943388912715274,-1.2496063501015735,1
-1.310033197212604,-1.8118751425043658,1
1.4500736873028321,-0.5765258866688775,1
-0.0064264760437216725,-0.5915714668553452,0
1.1525285812272137,-0.6963403246090658,0
0.4009217261887949,1.696422422609313,0
-0.7678381753875589,-0.25233588370360643,0
-0.351980580796403,0.5398013764743333,1
0.4077082043174403,-1.167425460891587,0
-0.18811000658947097,-1.537116107891563,0
0.3025980521990644,1.6287059308934557,0
0.7705397694376164,1.9351649611164647,0
0.3823625847197219,0.4974276257981454,0
1.102176631326684,-0.722260808629176,0
0.12999052951813828,0.3193830387294598,0
-0.11837030869296289,0.15946741159240185,0
-0.1884356169690975,0.11384829169862819,0
-0.6691813287788052,-0.1947443127729201,0
-0.12525277106999017,-1.5022224364100212,0
1.6101432956577264,0.7766533987375284,0
0.11426802926580755,0.3251524062958167,0
0.02561341912541807,-1.4272320120466226,0
-0.31117618741212333,-1.6267599268094408,0
-0.03852663300924979,0.24931974124531653,0
0.6692140682768508,-1.0070609849156391,0
-1.1096665730293143,-0.44556355643518414,0
1.4240830046241013,-0.9107419734178425,0
0.016793238924642274,-1.4291242458464566,0
-0.012195812045108965,1.422262113508047,0
0.7241477221221301,0.21380525703020792,0
-0.32700841972856953,-1.6560429314583873,0
-0.8257015883328663,-0.28957646585449165,0
-0.8080229981106365,-0.2782612196125504,0
0.7455399136182378,-0.970115289856991,0
4.050557404170726,0.2872618897704147,1
1.248125395429059,0.5719107359842535,0
1.3313990626375256,-0.5761679495139072,0
0.21920049093601363,0.37443846720561574,0
-0.21482404910251796,0.09910374759610523,0
-0.5833836729367347,-0.1401173651422935,0
-0.5360327454001537,-1.6278106076230476,0
1.2623904743149261,0.634528158910784,1
-0.011910734655977232,-1.4522949570778874,0
1.0981564249919162,2.1302789765934302,1
-0.2976242646801231,1.2379015242385507,0
0.1743883704450381,0.041451535768231774,0
0.24815992228823613,-1.291052290735292,0
-0.2851072246568773,-1.5379411610467741,0
0.21779053344661647,-1.3132884808108367,0
0.4246531504427226,-1.1773045881832178,0
1.782887329651938,0.8959837771810321,1
-0.2267272393941991,0.08738875664287425,0
-1.3713427995133998,-0.5227522645653364,0
-1.6442284316233682,-0.5644194335258331,1
0.1033335384774388,-1.3748411739761104,0
1.2449533301565832,-0.6520676383598337,0
0.24529537414743985,-1.2836895545516125,0
-3.4961443532598366,-0.4374146316956408,1
0.5176340039200543,-1.1203949800914683,0
-0.07886176834638481,0.2660235166808394,0
-0.17631412906613572,-1.5574069819493994,0
-0.12215972534244829,0.15468546891642104,0
-0.8007615065568394,-0.27118380843566126,0
0.7860454588396737,-0.9318333136829637,0
0.5552932727700196,0.5887273159444465,0
0.5527749009743675,-0.25935772522867,0
1.1039890564827688,-0.7268291078546761,0
-0.5158248650609804,-0.08881764189890236,0
0.7413222605512134,-0.13506029210649342,0
0.6398099382921899,-1.033080501111611,0
-0.44472171150759604,-0.034692806366256566,0
0.210720686241416,-1.3077547043605564,0
1.0249930733451034,0.7959295623327436,1
0.2570365334266308,-1.2834545931986494,0
-0.3678324418033522,0.020222174306304557,0
1.4477092228515924,1.5072647811633975,1
-0.05910671160648604,-1.4625932970725422,0
0.7132025442389845,-0.12274071676753352,0
1.1688003497186439,-0.7093383596808461,0
0.6044742029262087,0.6122756825293505,0
1.093730930077049,2.134935974424414,1
-0.424080306658184,-1.7103468856552473,0
0.5183926376977702,1.7682741615837225,0
0.276185418588718,-0.43384124183333156,0
1.1581743101632946,-0.7027925157261845,0
1.1533445717280488,2.169701082495285,1
-0.4045532933820746,-1.629409948491445,0
0.33715318463788946,-1.2202487342822652,0
0.7050463929230385,-0.7896213148043413,0
-0.12387835399097703,-1.5259291704959432,0
0.20645954720545862,0.38507929738666974,0
-0.12584923023106984,0.4992986404379001,0
1.0798635684950217,-0.7677341302307251,0
0.4984017424977106,0.5512691883633682,0
0.6003052934578286,-1.0588108034374124,0
-0.09679741576582708,1.3771088227407708,0
0.5725734719218255,-1.0806451442969731,0
-0.051043492408871176,-1.4807107321062492,0
-0.862937588213691,-0.3275133224753693,0
-0.9834187661376618,-0.3982400253668413,0
0.5898281019878008,-1.0696687041236954,0
1.823917756545904,0.9149998073363138,1
0.20070023879557808,-1.2946884934852056,0
-1.0015288555142463,-0.4100780350845656,0
0.4333536127972116,0.023234318279522142,0
-2.021748407736283,-0.13875006621168046,1
-0.3046649761666536,-1.6508722966315024,0
0.45848045528757225,-1.1600258277066686,0
0.41755682174695513,0.49401485694544217,0
0.4775488887808564,-0.3096934984541889,0
-1.4660351923539179,-0.5163410404428443,0
-0.7000701858890809,-1.0643655879916853,0
0.39993309160930773,-1.1868293146332647,0
1.6533705785963526,0.800786955269157,0
0.4593346759430326,-1.1605355128449593,0
-1.063101774960796,-0.4379823143832871,0
-0.13932060908928023,-1.5481762320610606,0
0.5597577452375265,1.7800904414386336,0
0.7691193161437442,-0.9568657775702982,0
1.1316045632682836,0.4680612167256169,0
-0.6939079318611294,-1.0555361598994426,0
-1.7761712649139032,-0.4338994125957638,0
2.434037536451808,-1.9729242228086425,0
-0.7894435573335775,-0.26632190790641125,0
0.7588232794773762,1.905624764034921,0
0.9754959451940495,2.0431032764884423,1
0.03929033855207074,0.6171048153553657,0
-0.3567931434498392,-0.8131238805563954,0
-0.1110821176011271,-1.5188311472902472,0
0.9852923031043855,0.37514993123489354,0
0.5673644776344356,0.5845337462344925,0
-1.1816932493690322,-0.518505386834057,0
0.43867539622709234,0.5037519042959158,0
0.06613986831373257,1.4594524080860702,0
0.33742131578219725,0.4445763720248013,0
0.5746704973174452,-1.0926036326689308,0
-0.3592452600283255,-0.010276223460482866,0
0.4685546972264713,0.5252735957617976,0
0.2185917933453056,-0.4737828521402994,0
0.5974601886682327,1.8186765834059038,0
-0.5740011391691916,-0.14791972395878156,0
0.19207114116610524,0.3433726679670149,0
-0.11035351586374287,0.14908045960213145,0
0.30425318097826215,-1.2652327387388842,0
-0.8454775246464802,-0.31163135670976005,0
-0.979370895644105,1.37748461420564,1
0.984303713711624,0.008101594726019382,0
0.21470146578298444,-0.48391141775340435,0
-0.34143151718697007,0.026193799530013478,0
-0.012932308658548908,0.2068493910414123,0
-1.7100607319530667,-1.8603013607953984,1
-0.2811113639446003,-1.6426837490128032,0
-0.3658169440183135,1.1827874400486533,0
-1.4708832871861865,-0.5471496997141748,0
1.0268036096470485,0.3966157406334338,0
-0.2465359761266633,-1.6203551761252484,0
-0.2386560125453015,0.07597387466502413,0
0.03499030430792755,0.2482722987717466,0
0.4903439720301625,0.5353870415269458,0
0.04166817102301299,0.25782011433703317,0
-0.983065888287989,-0.40376193057012627,0
-0.5456757118122715,-0.9582807700068608,0
-0.10262332075433102,-1.5293633595943543,0
0.1888678701636599,0.3670133674564337,0
-0.7584322243369778,-0.24791830288744643,0
0.8108245710917285,-0.1071977905475343,0
0.4097778192668416,-1.1902652487413665,0
-0.9918239222267852,-0.41444931168178595,0
-1.0507922339208287,-0.4322381037048945,0
1.2297808588471169,-0.6735125680784831,0
0.8550505399144108,-1.8233568220126561,1
0.036205017253636486,-1.2389251189220432,0
0.07457945943386433,0.6182767225149173,0
0.733630206577724,-0.9934396321897604,0
0.0743857635960627,0.34856588275084405,0
0.32128816657486703,0.4209443870253366,0
0.6085044761667467,-1.065056769335808,0
0.3476350767720758,0.4422021107359056,0
0.7722109431281808,0.22493514461698505,0
0.4309250958140826,-1.179518380083427,0
-1.1174467948363378,-0.4870562354042787,0
-0.797304073026832,-0.020137832902081782,0
0.7690928788941146,-0.9714328981699963,0
0.2142166128821188,-1.3000329489530023,0
0.02480406360879859,0.23553923382972797,0
0.47898726667360475,-1.0856121334531812,0
-1.7595591625915046,-1.1019422559508791,1
0.5721056902386534,0.5800460477713038,0
0.299533773340433,-1.2613517554579763,0
-1.3324509171739412,-0.5032096214494836,0
-0.26748131595491015,-1.6354586896033445,0
-0.4657151888530186,1.1117233034868732,0
0.4995468852882589,-0.30521532534447765,0
0.405566495921486,-1.2108012104190675,0
-0.23234353587649922,1.4432538460664468,1
-2.171510691907605,-0.4342294669705717,1
0.09161059573036938,0.2707603911684637,0
-0.01433818643735193,-0.4013922461156604,0
-0.10476616703578241,0.16223950201138942,0
0.7818873665213905,-0.11471429693734415,0
1.369706225421217,1.4491021613455348,1
0.8970753384727301,-0.8839649953922775,0
-0.013798605030266845,-1.4672072891042516,0
-0.5003313355350376,-0.10760131901016566,0
-0.9071740194112544,-0.37008150835273573,0
-0.8712259511919825,-0.3298431636302113,0
0.676168833595013,1.8593970684896184,0
1.9561560830142686,0.986450723114423,1
-1.1764212351012155,-0.5334535137018179,0
0.039573840985162624,0.25293081069330664,0
0.8762301092685811,-0.9053899533445394,0
-0.20165908130080987,-0.7448869764923248,0
-0.024592871651174568,-1.4610526931441117,0
0.5692233715212117,0.5859436061369961,0
0.2733436867144159,0.3839353523185947,0
-0.0028676710730847982,-1.4667301528530192,0
0.8641261374328666,-0.06017254480608499,0
-0.034129396440249,1.6369016733503081,1
-0.08789550537364224,-1.349260698088288,0
0.5767702113804523,-1.0999616980345892,0
0.8493215344791315,1.9803435845492732,1
-1.8497789948171035,-0.45425443199036014,1
1.126832915929238,-0.7027549496720307,0
0.04608946141761026,0.2526438430200511,0
0.785868736476063,-0.06411355364125783,0
-0.30792515639204837,1.219787925543703,0
-0.8692673772214038,-0.33146425547842173,0
0.3356448050480773,-1.259414794464815,0
1.110289355179848,0.6465412853796313,1
0.8362333772330649,-0.9132203791831583,0
-0.571234871288372,-0.1557246622345249,0
1.1604319353462187,0.5406348488370185,0
1.0858740669960187,0.42462557027895437,0
0.11789287640782571,-1.3889843586190336,0
0.21329047788425679,0.7208752190925779,0
-0.34855552382193333,-0.008983402070729582,0
1.1631398047408246,0.47088469684771234,0
2.660554992652285,-0.16657242587444915,1
0.5381929751913472,0.5615044064535178,0
-0.33551038951451634,-0.007361515121950119,0
0.7498624458014748,-0.9970906477283572,0
-1.0303029460309745,-0.4357889587047203,0
-0.8026716135735465,-0.29664082757317495,0
0.2737611213970387,-1.2964452494172647,0
-0.8669336954491166,-0.3066143503967848,0
0.3378065010931156,1.6213033272875632,0
-0.9938191148371266,-0.42197423867780204,0
0.25867787663230046,-1.2991088899137868,0
-0.8676911912824554,-0.3332350108370024,0
0.6627465882139154,1.8534217197103875,0
2.5910184011662296,-1.0433913705341256,0
-1.1374430775656523,-0.5227321351941827,0
-0.14786040059512004,1.3375521574135476,0
-0.4079602245860167,-0.05453218916131449,0
1.188625047426222,-0.6526994317912822,0
-0.533103861276657,-0.9736705977498643,0
1.2555393507536958,-0.6601138672359806,0
0.9844567603815153,0.3807492909131573,0
0.24381493869829013,-1.319805218666546,0
-0.5305660497089154,-0.12603961679947542,0
-0.32152612276453885,-1.6849438933498782,0
1.0927420222128856,-0.7463665186176763,0
0.07508895686769028,-1.4155829428473634,0
1.3544320577723967,0.5846934141529743,0
-0.5993446688917041,-0.1718283194750827,0
1.5718607466218346,1.5785188658537492,1
-0.9289272762460054,-0.37034960903647207,0
0.13453955398173167,0.2882375860206435,0
1.1674949698177999,-0.7181908664482166,0
-0.8941694918579886,-0.365328265079025,0
0.8613973234139132,-0.921847292466271,0
0.3407434697706806,-1.2539465645105485,0
3.5378868067080247,-1.2782377194543326,1
0.6942579818631232,1.8473157529232869,0
0.2726360355532116,-1.2994501993311436,0
-0.3853599810503728,-0.01824695802750183,0
0.12428679618598741,1.4900934578873466,0
-0.46666644205456065,-0.09180977324409297,0
-1.0158655805698686,-0.4282580908355535,0
-0.38664068936079793,-0.02752091048968865,0
0.5882434133218695,-1.1037893550917734,0
1.1208162351648963,-0.7613437542014154,0
1.0737190799949239,-0.7860371155193125,0
1.0102732148277234,-0.8306477235097456,0
-0.6638363527876072,-0.21833494778550483,0
0.028677126788841496,-0.6032860510822973,0
-0.7720144759059917,-1.1348885585138213,0
0.9999796997125907,0.3542325381828703,0
-1.3274100848231725,-1.6752046636878408,1
0.5177829030924713,0.5450199738640119,0
-1.3223983328063444,-0.5021966827635682,0
0.28870580653379524,-1.2898425367245736,0
0.20360497742967737,0.33132785311575536,0
0.3340159500783641,1.6250516142589737,0
-0.9904412043616354,-0.33000168085371556,0
0.7720003986494139,1.8920022252467545,0
0.34850660254665367,0.7793751912657322,0
0.5863657275078639,0.5808773775902404,0
-0.16538824920769107,0.1002968676682907,0
-2.1000296882449105,-0.6389225510840205,1
0.4472600802278483,-1.1880895792536796,0
-0.2463650353252424,-1.5552552729064713,0
0.0714987274779595,-1.4110729004916056,0
0.5937433107648903,1.2778988427973816,1
-0.37732342701039207,-1.7148931637216156,0
1.1428026543713976,-0.7514744854960049,0
-0.5528587956899442,-0.9900552161792708,0
-0.898175084907885,-1.6115448177150924,0
-0.06342216568623556,0.1584840251103104,0
0.380403734703276,-0.0384236601984921,0
0.7579158502461284,1.8971985050324967,0
0.17465969308358636,-1.3700387137322678,0
-1.05272408902513,-0.4718343005157711,0
1.3526614753451844,-0.6069607227159985,0
0.42927686700982065,0.48568438154751575,0
0.43873602426782515,1.682561505942338,0
0.08469196180478937,0.25873776801824605,0
-0.5054767500991241,-0.1100921438868477,0
0.5057237060692514,0.5405319552548149,0
-0.5824035497121334,-0.17427448012307079,0
-0.6697470743320746,-0.23123925129215436,0
0.5482574370916365,-1.0787761938883147,0
-0.11652278114282531,-1.5548189407518538,0
-0.6491002281858845,-0.21094137096289137,0
-0.8909267061043614,-0.36986144907454344,0
-0.3540558148516999,-1.6958412731136814,0
-0.4000397723139776,-0.051284770465418426,0
-0.03848789961139417,0.17797264924509582,0
0.039164945051517276,-1.4270888720004349,0
0.0748746876986776,-1.4217396826907902,0
0.4426376059919061,-1.191535972891023,0
-0.40627391954068853,-0.052691602216366394,0
-0.3324725063450047,-0.006686073100573193,0
0.5003039576806445,0.8688261572157236,0
0.6434931315076463,-0.20041835093130653,0
0.4002780114227083,0.461920316885335,0
0.04645473137342002,0.2249443746052735,0
1.3208988543192628,1.403004028997923,1
0.13244828032529438,-1.38765100592901,0
0.7665228920640468,-0.9861749415408517,0
-0.22312430730015093,0.061521814032244916,0
0.09955452012982395,-1.4190764148056034,0
-0.02739687557714806,1.373818736773195,0
0.2750177615651912,-1.3053942325168797,0
0.20405308415960077,-0.5122536402569028,0
3.209665900853511,-1.4830412578560035,1
0.6671451604356007,-1.0542348340624286,0
-0.6162614489157943,-0.18199225749954456,0
-0.5120490524627155,-0.03550810851252403,0
-0.5739982165778956,1.7778407408153907,1
-0.030790283703210235,-1.5007503467815526,0
1.5402748862227422,-1.4131141574938184,1
0.2571618530115986,0.3601429346328157,0
-0.3555261767208304,-0.020831141828382266,0
0.4989706646433129,0.5274993192566091,0
-0.19630395141955584,-1.6135564825573185,0
-1.0003831437030615,-0.44174200291078064,0
0.2883557937237714,-0.27405438041314534,0
0.33459241472616474,0.43238399813826883,0
0.7622363077503261,-0.1410461686432477,0
0.2707144053370738,-1.3163169607091694,0
2.6954132436392513,-1.8329627576957426,0
-1.8368844092550494,-1.1559500293847342,0
-0.8659848508430076,-0.34348654536629925,0
0.761787386958074,-0.9891815341211959,0
-0.7579162069680354,-1.1225351274711068,0
1.6572729736559884,0.7695429846880351,0
-0.2113403067149606,1.2999426842770414,0
-0.8094980495346293,-0.32662425273686924,0
0.522932237895885,-1.1480145300315694,0
0.3368457102774662,-1.272302658220077,0
-1.1179732291693993,-0.513307892075538,0
0.5170204360876219,-1.1491894417270385,0
-0.9166575271549534,-0.37826050964894214,0
0.7709754642330543,0.607639368461983,1
1.860774303096033,-0.6844189189002919,0
1.0838662931621394,0.6289877223605698,0
-0.8437693471525294,-0.3500947528272696,0
0.2707146206072213,-1.3179622070708954,0
2.422186636146652,-2.0156471313886897,0
-0.2749709380200203,0.22423071802987915,0
1.5146286645537488,0.8945637933326828,1
-0.259381971721148,-1.6517743502449433,0
-1.4004082793521917,0.25289322753951654,1
0.5952514867908572,-1.103514479114919,0
0.118777742509193,0.28376367173902534,0
0.9875528676361587,-0.8348107465237071,0
0.35033116097745937,-1.236949098514785,0
1.6947073593720958,0.790661863912479,1
-0.3337062110945606,-0.0033708748280798133,0
0.9084833275762745,1.9825317026113387,1
-0.7870398584961503,-0.29916527982192603,0
-0.1399220510170428,0.10429799375366326,0
0.11099783545045876,-1.4220859856892019,0
0.7945226737151477,-0.9782230372905765,0
-0.4789402909670402,1.0910618826310219,0
2.84485321271853,1.138345908669332,1
0.6402139423844041,-0.20667643214174056,0
0.7112968849217316,1.855912604934677,0
0.4864338447607371,-0.3261338861380023,0
1.361343787855417,0.7300618581050018,0
0.3959006372742802,-0.9176103710239315,1
0.07719276691407949,1.445261811830313,0
-1.0227680451565226,-0.07478039912844538,1
-0.24716823640818356,-1.625784777273708,0
0.3691929431240542,0.4682124347815461,0
-1.0683231589698257,-0.49151613714304354,0
-0.9966700400427531,-0.42841149101777737,0
1.3989628362431714,-0.5911634276172973,0
0.1548471600756387,-0.5256917440959602,0
1.289449317983352,-0.6603105461026146,0
-0.6996822604897324,-1.0743013820111145,0
0.19588365123271356,-1.3673237491734909,0
0.5139333964187146,0.5156729105473674,0
0.15289265067530725,1.5079775585011983,0
0.6251859298842932,-1.0843609007613058,0
-0.1445623460180428,0.09268410013199312,0
0.18332612434596848,1.521053279026266,0
-3.3352404798417568,-0.8292782439282798,1
0.41804577295246187,0.47437579516873235,0
0.4634418360051255,-0.34898277161797403,0
2.4911462000086417,-0.296333394517234,1
-0.15280396306790922,0.0908800139021169,0
0.16413688539443466,0.3220538874780428,0
0.5816732512291355,0.5598408808697681,0
0.6230577063359944,-0.2467024559342412,0
0.5658990562194829,-1.1379651166718583,0
-0.5533278974173818,-0.2954165058817257,1
-0.16686524475339398,0.08818926682148868,0
0.05058223671036053,0.4349028975921894,1
1.3860770470581814,-0.6038507629915403,0
0.26514866701504924,-0.46733148762006205,0
1.5616802890750225,0.7140933298845062,0
-0.022460511238652746,1.3662530213251307,0
1.4404019209682983,0.6344405546140655,0
0.28424359463675747,0.3828220693764723,0
-1.0835235309219238,-0.4878609257409867,0
0.3259390119876686,1.5932323884279094,0
0.14596572906952027,-1.255320600899548,0
-0.6670118019716438,-1.0805963758969512,0
-0.7501049879990331,-0.2718772122092735,0
1.094030596180783,0.41547795861656395,0
0.5817415327523312,0.5582060048103901,0
0.5373350982265584,0.5252093796685207,0
-0.2841698649865487,-0.0008509569391803208,0
-1.2801556681084245,-1.7172085050946388,1
-0.7896401585742376,-0.3133019042982942,0
0.012453743315788725,1.4138588124279476,0
-0.1422716354512988,-1.5876853099682857,0
-0.16329301107098898,-1.5996926584323972,0
0.8948026505765605,0.28845642130980004,0
1.7010445396788096,-0.7941203430970037,0
0.2804882592677915,-1.3058106374289626,0
-0.060812123720160226,0.16305446554287745,0
-0.5079974008830261,-1.7136599428390618,0
-1.0160457530431808,-0.47060375340543276,0
-0.44462402358646946,-0.08738644309530465,0
0.1455346405959116,-0.5576376072571914,0
-0.15036456949757898,-1.598545572311041,0
0.09219750372276474,0.2468104535179657,0
1.5487314451363738,0.6921347500832208,0
-0.07073530760064078,0.15209816244384589,0
-0.011781250925723833,-0.6517683400665919,0
0.19351754082443595,-1.3723458645862723,0
1.275724001874161,-0.6586243066319862,0
1.3597264118367798,0.5757495637096092,0
-0.19199950620284356,0.05474691024877563,0
-3.0926129110968543,-1.8907996102651727,1
0.32713850712373876,-1.2653128173449562,0
1.352847687121802,-0.621191438282098,0
0.34882108672654355,-0.42329541850658986,0
-0.9810178178952083,-0.43187666244734324,0
1.4907318178265152,-0.9413539879358772,0
-0.30183812325340836,0.0025196615624252057,0
-0.20682587533978175,-0.7610003139245098,0
-0.04243920265560753,-1.5052374679765521,0
2.0025758047059727,0.9863616859829508,1
1.152047328422872,-0.7570743490377131,0
0.49944976967094895,0.5075249571935718,0
-3.5316033838036596,-1.4882658888303675,1
-0.32658962300972694,-0.019317631367726202,0
-0.13247962667899502,-1.5892097837624337,0
-1.1114935776532135,-0.5311797776807483,0
0.06417434715092228,0.24034725180648264,0
1.6975063609324381,0.7997399089633663,1
-0.22205005701169644,0.048431844840754835,0
-0.30457229974491684,-1.694305059235856,0
0.975919852088637,-0.880667795544795,0
-0.11605305330352624,-1.5612072936506798,0
-0.08219699181461229,-1.1379063828240747,1
0.4168762468525162,-0.9312628136286453,0
0.19168691732873472,-1.3838973054747399,0
-0.07092658611385258,0.15794869495396863,0
-0.3899581153879274,-1.7428067768036954,0
3.1139155537263266,-1.5722411323187495,0
0.18315585956915353,0.3096572144828878,0
-0.44933954348673505,-0.10918747931623331,0
-1.9790133418014602,-1.7761574289546633,1
0.07650971178611828,-0.6067543950022621,0
0.7913106819382478,-0.9708834427466577,0
-0.37530054812888314,-0.05470675505449387,0
0.46274548385845976,0.47369090390443985,0
-1.0673832637890828,-0.5001477606523662,0
1.5189583861092513,0.6749550453981713,0
-0.9813975066560114,-0.45237727797594796,0
-0.06897609657499151,0.17448402911649574,0
1.2459996878004305,2.1801892393959994,1
1.1122987438706504,2.098735214506716,1
1.360798410279564,-0.6322580806521295,0
0.5976748327475091,0.08095655186192517,0
1.9639219563646706,-0.628764080660678,0
-0.3137334984849896,-0.02890567120360645,0
1.211346167232635,2.1482215072671633,1
0.6077300693676716,1.7599163828271163,0
1.6206041482939257,1.5718987320042364,1
1.278139545742517,-0.6629179083048222,0
-0.26181555072602647,0.022113374235377552,0
0.7093036841781355,-1.0373022480379988,0
1.002408413287486,1.1723848878404295,0
0.3576676108362281,-1.2391835155601327,0
0.6610775675749061,0.115750524642925,0
2.1729582214450707,-2.1885829590955037,0
0.0709735384904286,-1.4574015175021109,0
0.11208223775032868,-0.5861933944835827,0
0.1518082944019662,0.26737765209117087,0
2.52982386213487,0.921720325376361,1
1.0673245733945438,2.055293600954239,1
-0.647896980528003,-1.462824244196807,0
-1.3464905908365543,-0.30979124784115303,0
0.07900884252891376,-1.421964276388028,0
0.589501192667029,0.5513446485887553,0
0.614540400777402,0.08151522566825885,0
-0.08241049089481689,0.11769003211598199,0
0.5275389351223971,0.5329169021430098,0
0.19774653323387803,-1.378191264440145,0
-0.22535686402518884,0.025931390509123946,0
-0.10978901276565109,-1.5820667630953005,0
-0.18052857893943366,-1.6190753989580435,0
-0.9739441348853718,-0.21037954599033734,0
2.9997815605894793,-1.6634490195382556,0
-0.24757888258585908,-1.673131184858962,0
0.46574663617531387,1.674732552228274,0
-0.25945256066116534,0.011383664348429837,0
0.8063427186218466,-0.9813282264708142,0
-0.3456264752211252,-1.7232877869845369,0
-0.5992085148844687,-0.905690778748293,0
0.02282480502645546,0.21086250118671468,0
-0.044235317902187564,-1.3639676419625193,0
1.8915134848380286,-0.6955485808020061,0
1.6016451339951083,0.7269143219766745,0
0.3047893742560826,0.3667276252552611,0
-0.27371448353170114,-0.0003250760849481573,0
-0.46046886441493384,-0.10728853318791436,0
1.0460006147997967,-0.8411704157240236,0
-0.8594770068872957,-1.7414975659268193,0
0.18501340847648068,-1.3907639360744422,0
-0.12580554029290195,0.2744358443682419,0
0.5956228849835538,1.7714764096296487,0
0.7584763683999827,1.8833288239680726,0
-0.848324560472953,-0.3761375785878868,0
0.005161182563067891,-1.4970414260155338,0
2.7824117506092403,-1.794422835984167,0
0.945202969422501,-0.9096294494264402,0
-0.24277747958054532,-1.6396491183488084,0
0.28713215642552903,-1.3324621148924767,0
2.8160363145333,-1.780952338096201,0
0.30757469641142077,1.5699300961039613,0
1.7852861837133005,0.8316667608258317,1
1.232085955496173,0.4684692193834828,0
0.5377059520624914,-1.1640445455203698,0
2.2046991442378636,-1.3319026954315336,0
0.40514770616183043,-1.2541290891717052,0
0.14143152325553365,-1.4250974065427424,0
-0.7725195043998252,-0.32230182834952265,0
-0.2264235322103398,-1.6555893671872268,0
0.35335203630850803,0.4328338073559896,0
-1.0765788858680951,-0.5083126943233663,0
-0.5803496201193024,-0.9343105419308307,1
-0.153645149719848,0.06777955674628748,0
-0.5164042291305055,-0.16184459695022924,0
-1.0108291541540977,-0.48123452296043795,0
0.9586570270196388,0.3036374654030339,0
1.3285070108699237,-0.6613682172159084,0
0.6315426314876045,1.8007121181549157,0
-0.0609430326268701,-1.5528725620120891,0
2.387071411142373,-0.37945940235804015,0
-0.32291161935897456,-0.03715934285868252,0
0.1358793941421929,0.2504791001650894,0
-0.8676191610021475,-0.050625926096165084,1
1.5077095755767174,0.6653804433651899,0
0.027446912291278887,0.18140527966988362,0
0.7515423889852254,0.1753229387520353,0
1.2405553454348812,-0.6843954367884284,0
0.57482941443985,0.5433508380228286,0
1.2101959494666925,-1.1346580287751429,0
0.8681742472626035,1.0839028891345999,0
0.014429640522977216,-0.6600231426720059,0
-0.6951053692326012,-0.11229716636273478,0
-0.06574722898663894,-0.689847801490683,0
0.07170002671848304,-1.4643289712848822,0
1.0205091600001392,-0.8580634098875957,0
0.03198003636437125,-1.4879897816454803,0
-0.20980739098071677,0.030889562713764456,0
0.8191492261752145,-0.9412952856633775,0
0.9286977048917521,0.27954425910086217,0
-1.0282611191023507,-0.4774622861619629,0
0.45167561424343117,1.649221039155132,0
-0.9497817700166368,-0.422122238552692,0
0.4490169822112186,-0.029160301075487633,0
1.309974145890763,-0.6753729404833483,0
-0.7436946347006628,-0.3125789378215521,0
-0.5331734566032176,-0.17603764144272954,0
-1.1624058868103881,-0.5769587791957136,0
0.4292146623404857,-1.2281616947851797,0
-0.25593347828292645,0.022765123581467966,0
0.4264066051862537,0.4751607787435144,0
0.5095322849002655,-1.1726329795721764,0
-0.3300860934424575,-0.041085953393738016,0
0.35074759126937266,1.5978943509902586,0
-0.03630520677370103,-1.5436047839591933,0
0.3711825392325479,-0.085681754935527,0
3.0801285286584417,-0.4283226226650169,1
-0.32345757176139595,-0.6354599011781463,0
0.12390434111474131,-0.4802609193129715,0
1.0737785208015505,-0.7998619408441175,0
1.415054631782309,0.5782676578612302,0
-1.3065504386614706,-1.1191361026775861,1
0.41765226012178697,0.7945079368016439,0
-0.39698511971313366,0.1394067778364455,0
1.3700289795314273,-0.6419116801299524,0
0.7128340349006849,-1.0645194973935959,0
-1.06026737952922,-0.5108547802680732,0
-0.2934340902346669,-1.592681381696599,0
0.9946514687384653,-0.8650193295364966,0
0.8172242681716286,-0.979274945984507,0
0.42642010024452176,-0.39170162340975645,0
0.16511426976323612,0.27659402732462707,0
-0.20545961948229258,0.06320566296711431,0
-0.8100032137314803,-0.3600936161970858,0
0.43817754239356266,-0.042358502416257514,0
0.6369158998035309,0.5659405027056675,0
-0.5572927050398656,-0.19988090823620247,0
-1.1429009779895518,-0.5680160098839819,0
0.3486308724791736,0.3823329543009674,0
-0.03239629774255654,-1.5452943481413444,0
-1.0927410065141472,-0.5345084164323604,0
1.3179750153071994,1.3830278169353467,1
0.28100679130764145,0.3455247680916557,0
0.7183604259334021,-1.0478963751561143,0
1.4134454823771923,0.5932552112819901,0
-0.07058415233554866,0.1348457606821093,0
0.3739490848008247,0.41159873459726287,0
-0.319436315499346,1.1528648196880475,0
-0.3239682084094583,-0.04344441519366551,0
0.39413815447907746,1.609927816780359,0
-1.699471679329921,-0.3751783946217138,1
0.17006225677930392,-1.4022736779803322,0
0.8303062391662797,-0.9880973415726596,0
0.7457853603990403,-1.035918854427585,0
0.39867194030474623,1.871557882392046,1
1.0785605119320365,-0.8372767791822859,0
0.02850021200355319,0.1837892552357533,0
0.10572538708678635,-0.12125151940735014,0
-0.9312449102327056,-0.44184310547639316,0
-0.8889113298061311,-0.38320546708751824,0
0.9440898275167467,1.9889599911030713,1
-1.1103535839437135,-0.530398079438897,0
-0.13320627834719442,-1.6063217114879118,0
-0.7437477123851737,-1.1480720047652868,0
-0.12996327652163306,1.276023624056641,0
0.9967776620676765,-0.04660704003260371,0
0.7682599288807207,-1.0249697648738598,0
0.6992840578939681,1.81161115108449,0
-0.07916718017154471,-1.5637841117147269,0
0.7640242585537688,-1.0258893078740101,0
-0.8141053939443689,-0.35538735942994926,0
0.20298050728568265,0.8880207598489845,0
0.183169593484588,0.28431049526737856,0
-1.0440788662673028,-0.5126843697645856,0
0.5877224669699003,1.7416949744426256,0
-0.6265078889778694,-0.24013066242668732,0
0.24956385095374622,0.32020007526933,0
1.148592294077801,1.2493722487549679,0
1.1809536696717409,0.424027769068624,0
1.9633321185961108,0.9352309262279888,1
-0.36994249864608747,1.1421535543013852,0
0.31650312308905504,0.35608128713040216,0
0.5403436578484493,-0.33553165769930293,0
2.903461252279459,-1.717882885928504,0
0.28653549531182787,-1.3352653582437235,0
1.8203373507388805,-2.432018434643476,0
-0.026524029115030816,-1.5312692569101414,0
0.37869664590198887,-1.277932210422172,0
-0.07789531233322051,1.4821666447066009,0
-1.7000473881220923,-1.4118467177086935,1
-0.2671749102431306,-1.6902844389852796,0
-0.5229669691528791,-0.1735387843341311,0
1.324742093311966,0.5143608273649751,0
-0.3871736376653682,-0.08332697355991882,0
-0.10501554834635195,-1.5875252026916282,0
0.4284807802850547,-0.41475537482642794,0
1.1797847595236721,2.099997872311118,1
0.9515648440278262,-0.9127435840453434,0
2.981383157785237,-1.6899556591771667,0
-0.12416665427492184,0.07818025095210722,0
1.5789312589186117,0.6917682181370466,0
0.6295177412591817,-0.24526323278100737,0
-0.002214047932735794,1.3791457316759808,0
0.9996379103719447,2.019632319765873,1
1.261037896160067,0.5035582576513136,0
-0.09195210863211147,-1.577827146318185,0
-0.48879245045857095,-0.1261371008290114,0
-0.7139139436492405,0.12700885548719715,0
-0.8493796785033065,0.25136354095957386,1
-0.2651981853440238,-1.7004331679052942,0
0.34780432659275784,0.38433911970481144,0
-0.01303441772674526,1.3505349099777415,0
0.8441726367445894,-0.7213594271296302,1
-0.7902081187565688,-0.32953722135895686,0
-0.06837224753928083,-0.43991133284878,0
0.3585221672098067,-1.2922784477934195,0
-0.9293747111939704,-0.42943320195221923,0
-1.0422069439316533,-0.4989945421173374,0
0.3350003260741273,-1.304849565988145,0
0.801391809647648,1.892120541637721,0
0.1976994764702215,0.2821367990914712,0
-0.6611138332626973,-0.07534346271740534,0
-0.008817864500581191,-1.5318621747353258,0
-1.0735634585242066,-0.5130335330488623,0
0.048812303874422404,0.0033647163120057275,1
-0.7961943306588617,-0.3576857432694786,0
-0.34885828434467325,-1.7234463723475317,0
1.612067646754502,0.9034658975342035,1
0.5424164194087134,1.6950036435024134,0
1.6632433579676118,0.7455290014861706,0
-0.3725554946412138,-0.0844817744138056,0
3.442010452091938,-1.4049623884747997,1
3.4818233838204904,-1.3728484198607447,1
2.1967653576834065,-2.196077341982956,0
0.047362228938480196,-0.6506500714240891,0
-0.38445477024821545,-1.7558319841004348,0
-0.24048044730819412,0.013511127122713998,0
0.2616279924030814,1.5207030320525239,0
-0.0983463423567758,0.09597578153636464,0
1.369270021946676,-0.6612520288860804,0
3.05055929676338,1.2336316548717536,1
-0.7337250836020497,-0.32349101494407795,0
-0.5815047276593871,-0.9685322718011146,1
-0.01648564788945308,0.14284357295394795,0
-0.1715240686503077,-1.6457944513413008,0
0.2933681929295728,0.3379934488835658,0
0.2772766032090096,-1.35105628998004,0
-1.3987779707749965,-0.3151319790431139,1
0.015619909099185291,-1.5218022362647141,0
-0.776071225129554,-0.3481003615908443,0
-0.20196168882671084,-1.659693443191128,0
1.0608927951857365,-0.8487433840959869,0
0.626559420451032,0.07140221286205271,0
0.5282668867434537,0.48632218663983423,0
1.337926377411643,-0.6761116985667782,0
-0.777244563792839,-0.34011434189760725,0
-1.1251056420675787,-0.5674686956677103,0
0.5413750698570542,-1.189839793428761,0
0.15107075906335657,1.4409470024805004,0
0.9349633048774366,-0.9296532121474482,0
-0.3669921685788547,-1.755456561827545,0
-0.018161997009276086,1.327757050058302,0
1.0643760034698904,-0.8056520884233597,1
1.205947983505453,-0.7580345177990788,0
-3.1778159148070664,-0.7850973421946593,1
0.8366932688680551,-1.0061661474629244,0
-0.15857651746827844,-1.6284062883865416,0
1.1083410014203716,2.0477704294672194,1
0.40005425850400794,0.4305643118422267,0
0.23646962707620667,-0.5291922537923421,0
-0.2937663439441601,-0.04128110505346374,0
-1.0165517253548855,-0.5087348642718386,0
0.27687731554185696,0.3242998346865655,0
0.7261833594510166,1.823446977569932,0
-0.12282643540416792,0.06281590024307647,0
0.23449218112154477,1.495668938615056,0
-0.013326607954579623,-1.5374849463510571,0
0.919440113468565,-0.9510899652657406,0
-0.58139770358365,-1.484805417160159,1
0.0074805083566309785,0.1519176137114946,0
-0.3105639665618026,-1.713834629307462,0
0.5548071751896133,0.4965196470761138,0
0.8616205661011669,-0.14759903983674505,0
-0.8085883126177545,-0.3648754959084336,0
-1.9627193083471572,-0.5756585324350587,1
-0.7780596288421207,-0.3604070764246916,0
1.009955762608141,-0.8684163120461604,0
0.15213386887262725,0.24293087672075997,0
0.16055043123344154,-1.4249584754763465,0
-0.8344101431661073,-0.36064482195295783,0
0.9132975007681398,1.9549596009864438,1
-1.629148078705523,-0.28150686792601043,1
-0.5890295659428385,-0.21897529560350318,0
0.007067878817995095,-0.688321650885529,0
-2.354124212234522,-0.270250590315884,1
2.243474035835887,-2.168488433258987,0
0.3190013288675623,-0.826476821167328,1
-0.6230458551047082,-1.0983644850147425,0
-0.29958386069004395,-1.7312334459490106,0
-0.2454463798431754,0.015709271695884635,0
1.1044236875956919,-0.8291635842100912,0
-0.23307307556861398,-1.6865214965915705,0
-0.01863338186222683,-0.684346820579933,0
0.015882692633158037,-1.5180762302212394,0
-1.0441295373497217,-0.26326972780567554,0
0.61670173622964,0.5298955833542535,0
0.2314318472720983,0.2881285613894263,0
-0.12768430041451306,-1.6100208313966857,0
0.15176466451107246,-1.436838339014798,0
-0.25711149867495836,-1.6996283411400137,0
1.3699936960105805,-0.6327786399562122,0
0.08112816700039328,-1.4740140805433448,0
1.1144012093684341,-0.8287403016320676,0
-0.1720010315799081,-1.6173211778709897,0
0.02489097967233437,-2.6563641582468813,1
1.5960460973918384,0.683864260801773,0
-0.2839534333026325,-0.8480345428528421,0
1.4244291836635015,0.8579384439610704,1
-0.4953878724273612,1.0320084900621922,0
0.6946837630288222,0.11051011593065706,0
0.3799943711846359,-0.10307712096588374,0
1.2823078490015598,0.4873913368732236,0
0.4349720819788894,-1.2642714809915958,0
0.08128753684557279,-0.6274767046524382,0
-0.1962819208166306,0.020914662287344715,0
1.045130883336373,-0.8666219427102839,0
0.344595468540038,0.3645341095044931,0
0.9181625784672927,-0.9558548252812914,0
0.09949555126196406,1.4179776907820258,0
-1.4622024145662718,-0.6254999340526339,0
0.4209432661460034,-0.0716127211122596,0
2.120955023516595,-2.260151188918121,0
-0.4791957992229865,-0.16233158131797323,0
0.3722691800824455,-1.3009697267739067,0
-0.5830260333838966,-1.71671564228242,0
0.23375724068886694,-1.4006745626474069,0
0.4056954652384291,-1.278724822178811,0
-0.3454539550491082,-1.5849489988941128,0
-0.5282474359592663,-0.18777974162668942,0
0.9056442036076155,-0.9588589276292743,0
-0.6517358536412589,-0.2764824424901566,0
0.4347192978684525,-0.053092885797445664,0
0.21753825390893622,0.28272123069919347,0
0.12173458354969237,-1.4620391786230662,0
-0.28022994115388167,-0.037269466973522423,0
0.45489480509132424,-1.237198801839115,0
-0.12462583919458786,-1.621832839247978,0
-0.4518875574913552,-0.15082886141686752,0
-0.27620822558160013,1.1672182286089834,0
0.31649400973382075,-0.15025535492922615,0
0.3334267849705886,1.547452946073327,0
-0.5236078609927876,0.003429516251892288,0
0.8878958238354231,-0.9714644682966378,0
-0.1286560098897585,0.3248163315227713,1
0.028070761260791173,0.15691254381258213,0
1.1893630872568248,-0.7863969534577882,0
0.0711148817798836,1.4198076135112812,0
-0.1393398353568339,-1.6250800532870202,0
0.13631443596131632,-1.4524757052610322,0
-1.0868407301767826,-0.5536270370111672,0
-1.0565634785078077,-0.5316790977803397,0
0.737165739333121,-0.8471271496978348,1
0.4046155150407948,0.3965275994643149,0
-0.26706984335684714,-1.723507814764811,0
-0.03622410685107854,1.3068773149339494,0
-0.9023227385189472,-0.4389309267488143,0
-0.817096806741599,-0.38247159235963724,0
-0.6310922890071624,-0.2670919789351077,0
-0.17613291603802217,-1.6665439935048494,0
1.2175880123546554,2.116084097865951,1
-0.1644798082175866,-1.6475249588136498,0
0.22734750768381679,-0.4004939317007019,0
-2.9487522448841537,0.6968539158434921,1
0.9707346217515651,-0.07830017959862397,0
0.5426060094951389,-1.1654937218391577,0
0.9347323453955743,-0.9490045216200425,0
0.48429743373960027,-1.235552671149926,0
1.7335891914616461,-0.8111308428752037,0
0.3268290428721072,-1.3381456362273378,0
0.11097033925258444,-0.6106465752119963,0
0.8822258616753345,-0.9748876442132556,0
-0.14968200287900738,-0.64182812211839,0
0.735097541712964,-0.237008500961707,0
-0.25433945933389046,-0.028176456853634253,0
-0.3357122738976519,-0.07551834322496571,0
0.9283478495489441,1.9311427716649683,1
2.544935001691661,-2.0001786761639515,0
-0.64336645119825,-0.27950332046889287,0
0.7169838092476811,-1.0792133996919013,0
-1.0463990439108009,-0.5327812126729221,0
1.3148259085506155,0.48603875505205457,0
-0.8989790987312785,-0.42337159495156496,0
1.7696525474534928,0.772981797404394,1
-0.7935368177839733,-0.294217892615378,0
0.7222686310881131,-0.9308320601447522,0
-0.5674425212654253,-0.02469717348218788,0
0.13054081620647617,-1.4655419292823115,0
0.32115763273419706,0.34576029097945044,0
0.7124618169289735,0.10599776176672814,0
-0.41401785864698576,1.0718547891021972,0
0.837641858221859,-0.16203805889359857,0
1.0237225454163394,-0.894256788305506,0
1.0135514262114411,-0.8784714012449639,0
0.7999597277287283,-1.0156633186365647,0
0.4628506745645857,-0.010999322352909364,0
0.25756160591536126,-0.5471229735354842,0
-0.27388244741016754,-0.024543038308620663,0
0.669153739612756,-0.14478200986448406,0
-0.19976655330164128,-1.673800895957288,0
-0.7760256119248047,-0.3714313270548018,0
0.13252676287289641,1.6420585266142542,1
-0.04833413829393692,1.3007362722362654,0
0.6149916621380968,-1.1405122776014274,0
1.8931946533042465,0.8595903768345816,1
-0.4148567769773524,-0.1338846717669296,0
-0.37001965810246057,-0.08357881553348358,0
-0.5685730156455653,-0.2359059739274092,0
-0.021153958819234868,-1.5515655103358936,0
-1.3692870231049343,-1.2753980074286535,0
0.1289800345141402,-1.4765952361630728,0
0.6669475119858698,-0.28571777938505877,0
0.27687644346499984,-1.3671130263252798,0
-0.24156736060296444,-1.690162372776531,0
0.2827140939474111,-1.3664064340182664,0
1.0526487012345322,0.312288564727177,0
0.7800141684387877,-1.0381394636461274,0
0.22283287456761325,0.293276351077324,0
-0.44649707700420493,-0.15731994116779102,0
2.1256270481403554,-0.5905121316138325,0
-0.3040953472468472,1.1294260681500847,0
1.2676455550299248,0.45776794645378155,0
1.9610845525816556,-0.6768478608738692,0
0.18340447910179025,0.40870572968170077,1
1.6788251938074301,0.7379697018658178,0
0.3614321407852813,-0.4816691337823932,0
0.8290331216839569,-1.0228719644977025,0
0.4357335185155285,-1.274575572906308,0
-0.09401958410066703,-0.777877644996483,0
-1.0752353877567156,-0.5416534182919474,0
0.11016940838163149,-1.4812892359555467,0
-0.2936099168668062,1.1387313493220983,0
0.18759234335912967,0.24297012223254266,0
-0.42152044366168967,1.0754945473939574,0
0.21133151207965206,0.2812569634117357,0
-0.40756765692986524,-0.13551626249337698,0
1.886736560557166,-2.4195276259443403,0
-1.9117525765731282,-0.512995267098221,0
0.7073023501220523,-1.0773680763176765,0
0.015325456497253564,-1.540127977435798,0
0.39294387871727227,0.3780839617152785,0
-0.15359006399872877,0.0333284914364658,0
0.9741098397098488,1.9756482517386418,1
0.12471717218126828,0.2149588414610789,0
3.4437111948776717,-1.4337082576693,1
0.7220788789797612,-0.8404999099098895,1
0.05068716379933783,-1.5266670285169472,0
0.5320684751801368,0.4596330774517167,0
-0.33534296841636535,-0.09084780962312926,0
-1.1812828732957776,-0.3069553505817971,0
-3.1034419232070807,-1.3715187283956742,1
0.5585220385616578,-1.1622163861807855,0
-0.22323653385535677,-1.6996475440384957,0
1.5897148109607986,0.6520367822893868,0
1.0713156519497866,0.320281026510386,0
-0.9773349132194745,-0.4942613624243366,0
-0.28121222365731147,-1.7349857398899817,0
1.1497938149371283,-0.8025714578346881,0
1.1355595115015364,0.3819826142885275,0
-0.8171385796713357,-0.2959558813137146,0
0.21682765343352584,0.26229139666607787,0
2.7049809169176413,0.9769802655594673,1
0.4884614830167347,-1.2436016710258504,0
-1.0174582895924853,-0.5272452687237172,0
0.9032948972697765,-0.9801782591241752,0
2.1121207687936083,-1.4443844443765657,0
0.6291870962990026,0.5249722665811938,0
1.3614275350712923,-0.6753965098463942,0
-0.30254866912149236,-0.06153985536009834,0
0.8929933585147783,0.20460937572098425,0
-1.0523090259583827,-0.5157683959100878,0
-2.6387223901638626,-0.7836990355942053,1
0.4706776161927218,-1.2559384051653992,0
0.3038985490963053,0.6832788138254607,0
0.8327852091783268,-1.0005480887200258,0
0.8648772032292784,-0.8476254935372528,0
1.3128239902027163,-0.7184770364022715,0
0.4465544207713514,-0.05583016016344491,0
-0.048253037703420175,-1.5969453706404217,0
0.2981600654201206,-0.17446706398642287,0
-0.2232349630023206,-0.024413154964921652,0
0.4650179432917597,1.6156975123750046,0
0.6119932087581228,0.5121769929414187,0
1.2634750482511161,-0.744061897343423,0
-1.1249248193649095,-0.5803907772387562,0
0.8060297971729464,-1.0317695185748113,0
-0.032113157612843675,-1.577791175640027,0
-0.6935544661583334,-0.08799577476477992,0
0.5612182589261235,1.6907068561932495,0
0.06747653299046931,0.1758936502784042,0
1.2562509858953124,2.118805273595586,1
0.41442146427388143,-1.3010988963320531,0
-0.4004572461228221,-0.9698265245553243,0
3.2032187260621696,1.3200743960446444,1
0.6091837375167504,0.028385996862003365,0
1.435975849463709,-0.6404583158579761,0
-0.49776000588395997,-0.18968612174972047,0
-0.6558989319932723,-0.3010030537698728,0
-0.5078119574129181,1.012840174941667,0
0.23405419582970532,-0.5688323328476753,0
0.37345706281043595,0.36091755317050406,0
-0.3292895509326547,1.109470612455159,0
-1.6695734936924693,-1.2686565843573536,1
0.2978879592890046,0.3491299333096736,0
0.5941441775841796,-1.1877732063028728,0
0.6385413745376907,-0.2986376383748272,0
-1.0603957639515944,-0.5377174398585897,0
0.17988154283508195,-0.5952435195274026,0
1.465852254637846,-1.6513362573000998,1
1.1781814199691627,-0.7855730419002059,0
0.36239222975149704,-0.4892922322720433,0
0.6948140068422844,-0.9116790460317876,1
-0.08188179628721687,0.07261680942748049,0
0.3373959471702186,-1.3409847269149053,0
1.3746806911705072,-0.6776733186316632,0
3.129043389618456,1.245769962517952,1
-0.40126243759105246,1.0622811999725676,0
-0.21470095780717402,-1.686861961089654,0
-0.31628662941461627,-0.08562955852655664,0
-0.6870434935584334,-0.3164722227489606,0
0.18168559932561096,0.2427398185812687,0
0.7629548077777366,-1.0851888665181182,0
-0.28690631083846707,-1.7418859585127577,0
-0.03066712805303564,0.12298027962162676,0
2.041894283895192,-1.4866163642955283,0
-0.8989752891308516,-0.2708908292791175,0
0.45229353613866585,-0.08557422077764233,0
1.4310586583030092,-0.6528456314541348,0
-0.373691893054156,1.0740980964742604,0
1.0943567228723403,-0.8611648046653982,0
-0.35082945458224046,-1.769782691003833,0
-0.6922702710603257,-0.3183654064579163,0
0.1373135115389177,-1.4690504948854415,0
0.10461738633549754,0.1862437000629812,0
0.3042811869224892,-1.3740890856358556,0
-0.8405976945237743,-0.4284617103311551,0
0.7565897517031956,1.7945043665441647,0
0.8308183990750592,-1.0153194323769783,0
1.0894883201630632,2.0105916676398006,1
0.09871582779349099,0.28935467104030227,0
0.630104907281206,-1.1681585089897781,0
-0.5541759782476456,1.0628384277686218,0
0.8167289105676758,-1.0440627063492691,0
-1.0979249727304101,-0.5816700479534823,0
-2.391595680418105,-2.0732721293572407,1
1.0969084533482631,-0.8622385035697493,0
-0.40925849233691597,1.0408943985477717,0
1.9065985380413164,0.8398484990084776,1
1.850097628020269,0.8224356304454831,1
0.8369943896988725,0.16262561095203398,0
0.28523249398604683,-1.3871669500146129,0
1.1022358190916897,2.0287719910122757,1
1.5152919050280516,0.6229357590595606,0
-1.3360240130111036,-0.4794485300324814,1
0.5721450809019695,-0.3655115954902385,0
2.404832605008107,0.7658210517811119,1
1.27807239795471,-0.7310840019629145,0
-2.7448911321022043,-0.5899049773567525,1
-0.47755827019104563,0.06040778815891088,0
-0.4012007273271196,-0.11974073404865236,0
0.2576797681872085,1.6291666166588243,0
0.30917592225756596,-1.36709805078657,0
1.3309202430155735,-0.7235807418354813,0
-0.08436142815476555,-1.6189292858130562,0
0.9878749975635407,0.2713742242419331,0
1.929700935274926,0.8678626425940411,1
0.24272508140691085,0.26526137042517023,0
1.9646773466947869,0.8817219113604992,1
1.0301213645778924,1.9726649897511517,1
0.6578482618771728,0.5286375255521614,0
-0.18333035719028715,-0.8393169470939664,0
0.4409090860576406,0.4082706180314874,0
0.7852559702443693,0.12650101713179251,0
0.5656684697692432,-1.20713176608234,0
0.32422737324759454,-0.5270963925834233,0
-0.130383312428606,-1.6357510602585479,0
-0.2694041297130144,-1.744155233606712,0
0.536310432076449,-1.2206834682630674,0
0.039171365212561184,-1.5404869100794019,0
2.9185171992198335,-1.770034225637973,0
-0.2637859757779345,-1.4648421310643605,1
-0.7811619766867003,-0.3887580790589968,0
-0.2477935836679515,-0.028764845582615623,0
-0.03166164575270513,-0.7564050865078911,0
-0.09638836553678817,-1.631394365560493,0
0.3414703588761568,-1.268526181032683,0
-0.14563304677943775,1.208101311231314,0
-0.6980951303094398,-1.180694663994261,0
1.8136504249338892,0.7783736592213756,1
-0.22363728327392174,-0.01701110768780058,0
1.370491011622863,-0.6939715869661299,0
-0.077762448202922,-1.620483214731451,0
0.1864255732746798,0.2368808654353427,0
0.6006258243978625,0.10516522473890709,0
0.6394068693409353,0.04127665523268007,0
-0.20289409860496785,-1.7009058694916719,0
1.6763347501544865,0.7044422888689326,0
1.461786228219698,1.3972881188498107,1
-1.8588296120386156,-0.5196482437185397,1
-0.645367295563776,-0.3087217442939017,0
-0.16021332458566862,0.00035967613535218694,0
0.06282783677504532,0.15623488967963683,0
0.20758800738525118,-0.5997056910787204,0
-0.5393476109649984,-0.22626841982151868,1
0.9723050139508894,0.23920623402978503,0
0.5800778871766289,-1.199148134278239,0
-0.6723075273480639,-0.3221792924202647,0
-0.22412925483884744,-1.7226644483614235,0
-0.6091856266063427,-0.26917904427825623,0
-0.3335397698833805,-0.06172313318539981,0
0.21953500320589586,-1.4375134661538151,0
-0.6682402491684055,-0.31330342888657053,0
-0.3877068644003026,1.0642848620277183,0
-1.6853000191298968,-1.823846056338213,1
-0.4076940460032798,1.0349172522935228,0
-0.46392015445467816,-0.17798111798819605,0
0.32850017044309343,0.3260387680007782,0
0.6923743989563101,-0.2919599351476612,0
0.9403469291447124,-0.14099948913514704,0
1.4986842808048586,0.6055681818713478,0
-0.4567856875902583,-0.18606437238227716,0
-0.07333000713466095,-1.6312632489232306,0
0.562623641345021,0.47443220468716435,0
0.12457047679742246,0.21591012248476393,0
-0.6418348545731933,-0.3017554543722496,0
1.191294217152572,-0.7982981944274464,1
-0.31079400530695644,-1.7724578721020363,0
1.0624959061509012,0.42510928225412353,0
0.3459174211961141,-1.3501979349216109,0
0.6152389944233284,0.016968957914131538,0
0.8337799912640601,1.8325255947141512,0
-0.09526089794774727,0.03356166581371665,0
-1.1124523187496276,-0.6094447902871766,0
0.6688754696522086,-1.153325767468996,0
0.03976005173907519,-1.5455158664261541,0
1.7725313604268436,0.7503864936144323,1
-0.7003686189033071,-1.1855198591219882,0
-0.10465323666659852,0.040295471498435466,0
-0.40016430590936225,0.07360008277107076,0
0.11144985882256174,0.17759580211012926,0
0.5284554581758553,-0.04953775091172088,0
0.15005008175440976,-1.468359870021878,0
0.4817917557335208,0.40800962599200014,0
0.5054861443669265,0.5391868893961004,1
0.13498757620876212,-1.4883553689165845,0
0.8303789307912689,0.152842883882086,0
-0.06704728752846154,-1.632591148810996,0
-0.15134695097329445,-1.6803789581832906,0
1.0270351156711373,-0.9084384128899339,0
0.04256051862994079,1.326860577823008,0
0.6295966712877611,-1.1782904255470696,0
-0.716544206843657,0.2594661523223842,1
0.3807942643142238,1.5436693208055037,0
0.41899915864853715,-0.4588858105613898,0
0.39314118315302543,0.35855348111314295,0
0.4513354940393492,-1.2843255096707773,0
0.4366407891183724,0.3824245210154023,0
0.5841040845638105,-1.2120009588844842,0
-0.9185506115478946,-0.48643389130293097,0
0.050148780538291644,0.13157528172226873,0
0.10141983106637274,1.3609623329222806,0
1.1947844793913487,-0.8230765683741489,0
-0.6548660385592944,-0.3159274118813822,0
-0.39581185761192533,1.040961970820892,0
0.6431490178696746,1.704528747799453,0
1.4575671745270606,-0.6527074954587109,0
-0.5532260839039675,-0.2223886706628761,0
-0.563376072934453,-0.25887933191484297,0
-0.5588981285059735,-0.2670017058618435,0
0.9526423802472883,-0.9652581415183668,0
2.6499063398916713,-0.27218119926697193,1
1.6601537222751979,-1.7586171366604155,0
-0.1361084079579532,0.03230393336208746,0
0.9987379813936275,-0.9411743949584167,0
0.22018502118915395,-1.4345511021965995,0
0.8305413729713379,-2.358321040071608,1
0.34994459381430165,0.3238216907972355,0
-0.03101661380317728,-1.5950823505760112,0
-0.5363611549941354,-0.23834247279334736,0
0.22316395578286946,0.23452599599802226,0
0.39100635016118335,-0.1438408138870947,0
0.33074301523264404,-1.3747807024041592,0
-0.6924841743939534,-0.30606042616405077,0
1.538991399470305,0.6145725432340537,0
0.9702898264183091,-0.12504377665752955,0
-0.7974602839403191,-0.4181737039364758,0
0.8739620410377755,-0.18346875829620884,0
-0.4018534825245874,-0.1663927932148212,0
0.049425280415046714,0.3292181838152642,1
0.2765562594728265,0.2853126464269667,0
-0.05696616691840301,0.086282506176851,0
0.8353513734815974,-1.028705083761275,0
0.4779247893183501,-1.2836564335992138,0
0.02139794801456519,-1.5711327251892413,0
-0.5851314730029739,-0.28208823902273517,0
0.4792450268964547,-1.2837295006702103,0
-0.6147481737940824,-1.807739000031072,0
0.9846901014845699,1.9539520967228063,1
0.4244509497827364,-1.3184915543272655,0
-0.3167923853204396,-0.11096402073780624,0
0.4515619067525756,-0.4407942645219861,0
1.149389138604987,2.039671845245486,1
-0.30017927481662415,-1.7865005996758179,0
-0.0521889179156892,0.05968245776544016,0
1.172709311591503,-0.8303702418393664,0
-0.004513849318307971,0.09290286574102367,0
1.3396854952567057,-0.735407536301987,0
-1.072584403318371,-0.5927995812793074,0
0.29346501863437513,0.27743890258453935,0
0.2592919432619235,0.2547146024249642,0
0.5316514059400718,0.43553017784158604,0
-1.08072909756979,-0.5769796694029018,0
1.1110046320181861,-0.8840686118042835,0
2.002497246340589,0.8828521693561772,1
3.6501422010123843,-0.13556374842397723,1
-1.0653995364876656,-0.5924361588588992,0
-3.763030023332423,-2.193381407291429,1
0.5586465586007943,-1.2387902522270107,0
-0.001980994405578967,-0.7555094434865041,0
0.3800588863169219,1.5461463981733907,0
0.8597777917409922,-1.0363475110786733,0
3.2132192447882675,-0.41188848552904783,1
0.7013309484859316,-1.1390895492523374,0
1.3757901658295462,-0.714034225175014,0
0.31457299995936205,-0.5335647427141109,0
0.542822495343763,-0.04640500907210234,0
2.0126807462383156,-2.357140858222613,0
2.5783302762279856,-0.3318623493592092,1
0.7366730509341912,-1.1168269715826935,0
0.2465277915710028,-1.4355648648327732,0
1.2306829013237712,2.084259555661201,1
-0.8001627441898308,-0.4140768310081719,0
0.05983004203331658,-0.7125189774351598,0
-0.3533768643369278,1.058455311540712,0
0.1347546279714253,-1.5140436783168665,0
0.327623319019742,-1.3540522105216055,0
-0.5967763772395888,-1.1353113425200405,0
1.0485297304288654,-0.9220117819392442,0
0.053226316040643325,-0.6966470985874568,0
0.24948792551268967,0.2504787695213811,0
-0.020583943771979828,0.07854212516860136,0
1.2684586918785334,2.1151491096081876,1
0.21949938526279894,-0.6106875368229805,0
0.3501077469631607,-0.17325686125380735,0
-0.731919931479649,-0.3700150408252808,0
-0.5016045943990476,-1.0606415106441347,0
0.3255249071810601,-1.3815169983508364,0
-1.8894080937311826,-1.08928707879634,1
1.2855636697915171,0.7007181901396148,1
-0.1356503825191329,-0.8397007925900882,0
-0.3906455767536334,-1.0093404149727911,0
-0.9633995347330088,-0.5191939255713007,0
1.0989444551079952,-0.8634225942696213,0
0.9460002590182544,1.9255123981000433,1
-0.44873988373734386,-0.16223389007214573,0
-0.6667053377394797,-1.1825549681708443,0
0.9126849147982152,-1.0054377177142153,0
-0.5637940666901591,-1.674853335074499,0
-0.27347396590583445,-0.9225141615365213,0
0.7827987539714604,-1.0952065575580552,0
-0.13643672672603316,-1.6884359929377541,0
0.7603144385530001,-1.107528198082311,0
0.3187374582241898,0.3024931068339927,0
0.11271621411717496,0.24487349505464528,0
0.4434096554706855,-1.3042093493910527,0
-0.19367343779250876,1.1669942594704044,0
-0.41951242161763824,-0.1763041860386656,0
0.35286659905504214,0.30723586437539524,0
0.34948508859169825,0.3240556890951481,0
1.304206761144086,-0.7291449889895801,0
-0.05474798198009736,-1.624624998540921,0
1.1819159075232704,-0.808952022507447,0
-4.471989670797785,-2.3762200028861993,1
-0.13590850740552157,-0.003037088571528808,0
-0.2520320579484406,-1.7421801423779424,0
-0.10139866428939777,-1.6583291658989254,0
1.3253680527175535,-0.752700403752738,0
0.3951657742382855,1.5344333569163013,0
0.7392944125687234,-1.1297110225555398,0
-0.6700860019844532,-0.34636700177249835,0
1.2437899567624875,0.39517959021801424,0
-3.098718767288463,-0.7339930173522571,1
0.5304556572367947,-0.06221243305473125,0
0.6119221715911616,0.5020798688214779,0
-0.9503105199854629,-0.5027896581681377,0
-0.3964053324446695,-0.16580715454619924,0
-1.1120203360892413,-0.6234552523879388,0
-0.6011245121932589,-0.29302548356212843,0
1.9824148131020634,-2.410985183875736,0
0.17790812763958969,-1.329518788733063,0
1.7935349364368929,0.8178377343147243,1
-0.25929768337012254,-0.08447392845715714,0
-0.9336259528264782,-1.122045354047566,0
-0.32365345003007684,-0.12931456980115716,0
0.06878778597714964,0.12207545242097938,0
0.407156694883998,0.33908759712749664,0
0.709876030472028,-0.796023129327277,1
0.6396630408949386,-1.181479988893442,0
0.843794686860373,-0.976206485938212,0
-0.549783932428087,-0.26887386819868736,0
0.7440935386716672,-0.2746675846470895,0
0.8637818791300277,0.9912828852883778,0
-0.32011215181911534,-0.9684944077758899,0
0.015161722207532013,-1.5037184339555156,0
0.22492408868096114,0.23208182436557423,0
-0.16075500794414055,-1.7049674382664979,0
-0.8414086722175766,-0.4620690707116005,0
-0.6035205594107312,-0.3039318349676635,0
-0.3290977915938392,-0.10537548008378776,0
1.7273834656082894,0.7014639417349093,0
0.7900789312839636,-1.0900457918462938,0
0.43541244562816633,-0.8653500042405899,1
-0.09804257234664714,0.02530687629503751,0
0.5871600681394906,1.647526394783664,0
0.5469231245215777,0.42835085849920923,0
1.3390191727187692,0.5284741369242585,0
-1.1218754035282614,-0.6276988630182829,0
-1.1038990234489459,-0.6163382467035693,0
0.25525788023340257,-1.4423697748056121,0
3.3731890214994986,-1.5135822284615168,1
0.675219684661153,-1.169451810597741,0
0.7151708525445986,-1.146029992145707,0
-0.2823911523852456,-0.09082589345384569,0
0.629910237917226,-1.1940556125983297,0
-0.614815525804308,-0.28978014313826306,0
0.7315325181139521,-0.28757965276416814,0
0.312622149252856,-0.20398100469637936,0
1.0139186841959507,0.25130277966957865,0
0.7775400430787833,-1.1023146571823517,0
1.2739547716387682,-0.7740911701810733,0
-0.450732755884047,0.9999034852387919,0
0.2999008233479294,-1.4106167777285992,0
-0.2498301296125387,-1.764572542984484,0
-0.8217116304933203,-0.4441096043349127,0
-1.992008455008106,-0.6922084470238444,1
-0.6509323992832212,-1.7998174615243636,0
-0.31988256188367803,-0.12395723018301318,0
0.5930570787511189,0.16884152054638546,1
0.05726699208629996,-0.1655638474825235,1
0.27388288441962516,0.2624814707535125,0
-0.8123278106595399,-0.4258933312828916,0
2.4473038374107876,-2.118457489703162,0
0.2941389447581626,-0.8897074066889539,1
-0.1550190263010064,-1.7075668941364586,0
1.3005436775071404,0.441542535240212,0
0.9894664372807604,-0.9757349493267192,0
-0.8071854322715953,-0.25139406004028736,0
0.1519034341233591,0.20831308882617883,0
-0.037892797972628185,0.04860691980504459,0
-0.9959813935814003,-0.56796844346099,0
-0.008952965526754961,0.07897290205934741,0
-0.18943463919912823,-0.035748081706528344,0
-0.15882847834461147,-1.7002567153381942,0
0.7978703128984096,1.7805317250915027,0
0.12908068405338294,1.3474441767986056,0
0.6143006176357414,1.6652488582969245,0
-1.1246012129689615,-1.7083522275980592,1
2.2150207776105852,-2.094317200053221,1
0.40007430387168946,0.3322500752733693,0
-1.4568766614354254,-0.6826687052405318,0
-0.33380790086755446,-0.9758824924472499,0
0.3668164519926657,1.5137229867709994,0
-0.5216231653065226,-1.7651579195040523,0
0.7652450891118283,0.0794271369536551,0
-0.025405652544639508,-1.3934898275603085,0
1.946365050314796,-2.127266537131273,1
1.1564330861680594,2.0082368847827508,1
-0.4625877450893762,-0.2095252369232913,0
1.5679475541221752,0.6107875849464671,0
1.0618768951945126,0.28091015018024384,0
0.7857538454095826,0.9295218860449214,0
1.4019284443125526,0.9675200872779461,1
-0.19930298177030403,-0.8867810230142783,0
0.1720883604071412,-1.4862080262198323,0
0.6463163105850485,0.4902890109477834,0
0.20579914151277695,-1.4812547951013224,0
-0.3176025098566638,1.0682613429116565,0
0.11115140682832429,0.4751454178618845,1
-0.8700530917398369,-0.4817275479259265,0
0.19491688422496606,-1.4745651786611398,0
-0.054917428238440515,-1.4168750166917843,0
0.5158289546068626,-0.08220314567185939,0
-0.9089169836632784,-0.48801431280527313,0
-1.1607134812973379,-0.021102171826989775,1
0.08240811249571932,-0.722972541290123,0
-0.038415495147596755,-0.13215838799984014,1
0.42125996937386895,-1.3448749573989007,0
1.321539967880979,-0.7547163123424391,0
1.9203770514929772,0.8107788386330188,1
0.2104812740969611,-1.4643946831167456,0
0.1616463258254635,-1.4806395963777992,0
0.21797665231145247,0.20564473557521168,0
-0.1827272595247612,-0.03847375244701919,0
3.373256814467871,-1.5116226139586812,1
0.5601302071042035,-0.4158460514293519,0
-0.33798162534045445,-1.8099010635229968,0
0.8711213097161373,0.1622473599207942,0
-0.1091480368824899,-1.6793743771389484,0
0.9401189700641517,-0.14048781762793916,0
0.17441172286191503,0.1895629105406924,0
0.9554475618627452,-0.15576164596461092,0
-0.3226063562314039,-1.7993937640714082,0
-0.860545562232145,-0.2385028086976604,0
2.3515121365992773,-0.5044915866220775,0
0.22465734136252558,-0.6247092036756551,0
0.73824954623869,0.08018843047017642,0
1.0398310882440172,-0.938784415525166,0
0.046442348610967334,0.0996290826520748,0
0.6111063051174079,0.4556771718662213,0
0.15147102722023265,-1.5187793928548727,0
-0.31093886924240965,-1.650314200358125,0
0.40457840394928346,-0.16288744587991577,0
-1.0951128735973699,-0.6323962530743418,0
1.0246343887593352,-0.9591659772632201,0
1.3027646637185553,-0.7513315501346627,0
0.09738248775838847,-1.5449949555373392,0
0.34116334890076505,0.29183354867942074,0
3.301295068963968,-1.411508377005081,1
-0.011218056076348995,-1.6228075925551322,0
-0.06944404361969679,-1.6491964983069236,0
0.0991907703217892,-1.5538896860901494,0
0.1649526675254293,0.18611086991394588,0
0.2968589282399595,-0.5805012924671026,0
1.8524872209223509,0.7710966275769712,1
-0.24398638533252473,-0.09429794516637797,0
-1.277992504206036,-0.02538289732054951,1
1.3891869922972235,-0.7305482309653499,0
1.9255839006679567,0.8167205731269154,1
0.3945711018800589,1.5379671134927426,0
0.8557036192379425,-1.064784966121547,0
0.8543257622554826,-1.0650862953037563,0
-1.0340545473660108,-0.5986907002016504,0
-0.8611503986352202,-0.3894616826818378,0
-0.024602821737093862,-1.6262179079370405,0
1.338147490591613,-0.7651952745037873,0
0.9437418108111517,-1.0170674003255475,0
-0.6897090939265192,-1.2026039245413833,0
0.22092718189970467,-1.4671905974335315,0
-1.0886871322104748,-0.6250805558625637,0
-0.143913433145355,-0.8583265535392565,0
0.2506714847582532,-1.4542198762197371,0
-0.14296844967541614,-1.7059753361400827,0
0.25317039800653807,0.22377151230415437,0
0.1277114702537847,-0.6953235283730919,0
0.5758034322995841,1.677388223370328,0
0.4448352794951039,-1.3292495542731784,0
2.312824066668143,-2.0875512731159382,0
-0.30279169598764016,-1.8092926951749448,0
0.45679727374481877,-1.318988074547793,0
0.4783322191946982,-1.3157985007021147,0
1.0058852485618657,-0.9392648502552577,0
2.1829342930815527,-2.2994884299643177,0
0.08431468235520094,-1.5503678768712656,0
1.186741405098437,2.031041990361491,1
-0.33338800798385854,1.0500135731953275,0
-1.8584287824055217,0.1790801726550425,1
0.7422479697126323,-1.1455310131891303,0
-0.9722078693969995,-0.5393652341816529,0
0.8089905962062098,-0.22694275548707923,0
0.517056961815603,0.39312050906933566,0
-0.05431346513061907,-1.6506388441318522,0
-0.6863358015634937,-0.35676514542794646,0
-0.5796115457533528,-0.28831720101788505,0
0.2968472741492526,0.2546460880954053,0
1.1246953672957676,-0.8963034430419932,0
-0.9540579311927051,-0.5286180060287098,0
-0.9463366451068322,0.09110497405752631,1
0.05751866750872712,-1.5819611104036702,0
0.40149744780848623,0.3224124160452016,0
0.10366500486642276,-1.3137169095149999,0
-0.8301960245819099,-1.8394689449023967,0
-0.4005352967652773,-0.18343759738907608,0
0.5868823149091548,0.4374234087818171,0
0.03543617989398674,-1.5945871476402833,0
1.8173535206177716,0.7349425392834875,1
0.30353428826602963,0.2807076758852903,0
1.5733941459869139,0.6017457309639495,0
0.9677236841734966,-0.9911129688169573,0
0.35640338413486516,-1.3631654521766852,0
-0.41948156015867705,-0.21319504337044234,0
-0.4495280252536404,-0.2004377845955094,0
2.490734191433674,-2.107210807639081,0
-1.3329662020930944,-0.6576065211356983,0
-0.16669803734949648,-0.021249254217475717,1
1.1018730395310108,-0.9190350722064321,0
0.7629223294591899,-1.118892244068799,0
-0.1275352289641229,-0.02123050604445061,0
0.5021576177346537,0.3795779701300565,0
0.9927752927058455,-0.9795884429424766,0
0.27182000199506035,0.24845651856790751,0
1.1194222214400087,-0.8907701415462737,0
1.9492679406751854,0.8144790973744109,1
-0.22745797525871977,-0.08928203042514822,0
1.0700904332993821,1.109724123148074,0
0.22994472637358243,-0.4317261754032691,0
0.5601958610975863,-1.237824995451636,0
-0.08314283162160183,-1.4666310815929289,0
-0.09422207896805268,-0.008447284722484202,0
0.3561815611055325,-0.5435570223017341,0
0.5920357895279285,-1.2333396087670212,0
1.661836649364523,0.6304531943910829,0
-0.645765945639429,-0.35424026019065574,0
0.1415432867062254,0.24484624413169553,0
0.1563475611044218,1.3641188277847929,0
0.3956859118455232,-1.3769834600943658,0
1.067009874251328,-0.9349793883916151,0
-0.15501230324387597,-1.7050383641304274,0
-0.051063134431416975,0.032067040724165975,0
2.2820587776543997,-0.5595235297264235,0
1.33737344832028,-0.7634553230521712,0
0.7574107784641897,-0.30054675799971775,0
1.380305103065145,-0.7483840251987935,0
0.10304787768418129,0.13350865820550595,0
-0.08399157747691209,0.009075345784126812,0
-0.6329163473312301,-0.3360443813646587,0
-5.747678632469198,-2.000291778202139,1
0.39577900769825897,-1.351926495344441,0
1.3864148534780139,-0.7392883831543228,0
0.01781098760338482,0.2768116826843559,0
-0.18987652554605747,-0.06859776710652933,0
0.9578791243750218,-1.0139696582563535,0
0.07057779921460149,1.3058399540554433,0
-0.9284645555274369,-0.3469513155700104,0
-1.0813946843755395,-0.6055992476459072,0
0.0961931045926963,-1.5551392445584475,0
0.37368726839194394,-1.3909677891357812,0
-0.5033360247241794,-1.1040163627574175,0
0.9974802469510378,-0.9388703300737344,0
0.004121239460474803,0.08212127543345275,0
-0.6988381471758107,-1.2386350334193692,0
0.49242935376738833,-1.294914840012009,0
0.8896139099406872,-1.0602285670223286,0
-1.620311192054906,-0.6623894192228311,1
0.553975509713896,-1.268385704259405,0
0.2084716026915606,1.3866531247038467,0
0.8886253363460579,-0.7993484616289585,0
0.12041640361383533,0.1339611518723301,0
-0.4142314696636295,-0.20898340435896712,0
1.13909961481241,-0.8921595836071152,0
0.6939568543309309,-1.1779014421294438,0
0.010689325007303607,0.17787043390355262,0
-0.5514363717000941,-0.2912454914981604,0
-0.20274983097288518,-1.7591680777845708,0
0.9429075922580352,-0.17074301450637056,0
0.22169831876382182,1.387754250338312,0
2.6270730850553705,-0.344789476976637,1
-0.17622968221072793,-1.7467799802041748,0
1.2506179103149395,-0.8237124736466184,0
-0.45258828190432104,-1.0721559023694334,0
-1.2889433074578616,0.8696059342005675,1
-0.0029371869565370462,-1.6248981216554017,0
0.16517651815665968,-1.5209574922273137,0
1.0002765810508722,-0.9842954580782127,0
0.10477499880633316,-1.5564824689806205,0
-0.8484333946387258,-1.9109179660371203,0
1.1909148742601525,-0.8509662473921189,0
1.904460798194461,0.8017111743245914,1
0.5524726669859457,-1.2708083769185574,0
-0.26788842951254954,0.20348785131646696,1
0.08330161663426018,0.10877776753582745,0
0.6764471561013444,-0.18675410283723237,1
1.0121478920532387,-0.9745962208765333,0
0.6684864140694572,0.47648273255528045,0
-0.8438174835610964,-0.4946402090741492,0
2.8758452975990436,-1.0081095763451768,1
-0.6895154722977285,-1.4084846948757166,1
0.02421716020555493,-0.5829228685276366,0
1.4096769671271867,0.47263931157591604,0
0.6937140556054807,-0.28941315744551566,0
-0.03821574643026223,1.2325979254246988,0
0.30344125509556175,0.6199275056141552,0
-0.4695359326949444,-0.25536996597548656,0
0.39754726231120724,-0.9211151738985203,1
-0.5615330027252887,-0.31313513712727614,0
1.4122034511885806,-0.7318561748496826,0
-0.6163041432846763,-0.3390890805945706,0
-0.7545229847605288,-0.42123143430220145,0
0.19532205523131507,0.19390516497260868,0
0.4276881995731849,0.3163482505839042,0
-1.0538986040341434,-0.6239551235230558,0
-0.49675166750548805,-0.25162587489713306,0
1.5951453588289861,0.5780357745393269,0
0.35422103256993825,0.2699366238937428,0
0.4547231979503464,1.5329639648548739,0
0.7759585591351393,-0.29577160640940664,0
0.5117322844056168,0.38079230837852457,0
-0.18202145289409627,-1.75131856715365,0
0.4146638456145247,1.50906864186321,0
-0.8485379820661612,-0.4540784589575274,0
0.7114060471995356,-1.1798131727115073,0
0.5255560250585999,1.5866819969394763,0
-0.5036317336208037,-0.27981917646630916,0
0.5162485569971822,-1.2969529140404916,0
0.6956315279738877,-1.1738689217525855,0
3.2233553918090494,0.5077304599256405,1
1.2827493243463581,-0.814491259611063,0
0.5198643837746073,0.7463696783877879,0
-0.7158256507072017,-0.4172551554580911,0
0.2951425452996801,1.4288609268412633,0
1.2116262357756793,-0.8431193293367849,0
0.1065661123625939,0.10857467284148208,0
0.7849940848556656,-0.2959488645747758,0
0.2015749490085843,0.17514629840023488,0
1.0540609221097388,-0.9633362925204787,0
-0.37764575253317867,-1.7740551716967452,0
0.5061244077156555,0.3868230380082754,0
0.5626326916530677,0.4127674325064545,0
0.4797765222874408,-1.3213071360273851,0
0.6539417192890904,-1.2251577367448379,0
0.022123581615360523,0.06874707286611191,0
-0.04185271081103114,-1.6624510330539577,0
0.9158709979711377,-1.0461140712823696,0
1.9820282096208583,0.8258368114668353,1
-0.29039976193448386,-1.8225778396417984,0
0.5534405035300272,-1.2584445493408312,0
-0.9112736611401586,-0.5358102252547914,0
-0.3237606674703897,-0.1588545254938773,0
0.45625596999532264,-1.3258046773730339,0
0.07858605234905573,0.4592970964829923,0
0.5567491574585555,0.4193959948444537,0
-0.1441848530749112,-0.05344178808693741,0
1.0743597937027054,-0.9531757054402035,0
0.278729013690611,-0.5928311620866394,0
-0.16663926309731147,-0.8960338019128264,0
0.41377992734098307,-0.5288720969384061,0
1.0129999114604011,-0.9977427146002185,0
2.715325582212414,-1.964261640610188,0
-0.30062166037327925,-1.6772902772194982,0
-0.1810646881994554,-0.8725489902209673,0
-1.081711365793773,-0.6414759959332414,0
2.2736926014862804,-0.5632362921541445,0
-0.11541867696229909,0.22004501256936893,0
-1.0438182327815035,-0.6185505402465596,0
-0.04312340077864158,0.02175975270341694,0
0.6061973073460485,0.7996157069070046,0
-1.1334281983293593,-0.6586170035546051,0
0.2351814062450533,-1.4832083559180727,0
1.225823317435426,0.35981089484261736,0
1.3760356929079456,-1.0405461867764725,0
-0.778198722288568,-0.4567366859415929,0
1.0561778628604672,0.22913164278510345,0
-0.4085694335953683,-0.06078901366812053,0
0.4814185665407575,-1.3242561146470293,0
-1.2422789953231879,-0.5713737759979252,0
0.018196597309759928,-0.7652339058636235,0
-0.14045672160681505,-0.046445683546034976,0
-0.6087909541656601,-0.3444341133601536,0
1.2039115468343986,2.0159255113884345,1
0.7927191185875366,-0.9462740044911421,1
1.7622365080182234,0.6756965167836059,0
-0.21444881378062272,-0.1017419014057732,0
1.5519448088759509,1.3952391286895147,1
1.286646113420308,-0.8103943997990908,0
0.5505971310960914,0.4153509471656292,0
0.20471207780854578,0.17958444139690044,0
-0.913447308481546,-0.5485107806587475,0
0.157285687945526,0.1460363035286767,0
-0.17979363557096892,-1.6093442664536302,0
0.6559182159462458,-0.025186244840645817,0
0.27818163214888364,1.6298182321061832,0
-0.2296061303040827,-0.9525752012769927,0
1.5468443749268004,0.5807909003448705,0
-0.21328157079358118,-0.0852344951605848,0
1.3031919212110445,2.0731550585297316,1
0.3505967617378439,-0.22909003090814373,0
-0.2875382901003459,0.547344439458844,1
1.0126092806056999,-0.9928365985937688,0
0.32657627869266165,0.2579554058423554,0
0.6955554483504669,1.6751585769579915,0
0.35575353287493233,-1.4068623346982811,0
2.0627884906664935,-2.3900901950918807,0
-0.9328724694585502,-0.5529327909337015,0
0.42155172598815355,-1.3709721642822117,0
0.7167644331272237,-1.1866747598522567,0
0.4484857076179026,-1.3496249967138914,0
0.07443611064885657,0.4534547772755991,0
0.6502289273626967,-1.2232256906643377,0
-0.4620674427343507,-0.255207751577109,0
0.1684290783471435,-0.6844603559553639,0
1.4240234894048975,-0.7135131490079374,0
2.031181672452034,0.8532497714295608,1
0.6766524788339119,0.46684975822259617,0
-0.40183059287548917,-0.22906090526402967,0
0.7635355648052217,-0.9887722931412882,0
0.5100850122470288,0.38020551246770723,0
0.07421417509456578,0.1045894984070078,0
1.6388033869085834,0.6012295093043384,0
-0.4343106852851027,-0.24317967562463338,0
-0.5670795507872927,-0.16765388990455063,0
0.37665316076319516,-1.414219450125221,0
1.0448230594073238,-0.13379918253399642,0
-0.17515486980361528,-1.5507527932676937,0
-0.6611499433490501,-0.3740423445826439,0
1.7082514677597778,0.6460233557118836,0
1.577999043658016,0.7654985927402206,1
0.41825271828563293,-0.18676293094472973,0
0.14452730534648942,1.3185372582710095,0
0.5960306452332973,-1.259542250537574,0
0.6462137850840949,0.44323194316196607,0
0.04739425441023035,0.06437081580416858,0
-0.4744797413122881,0.028334830976150287,0
-0.09581927389053682,-1.713843808251065,0
1.1158301739311869,-0.9368347776851343,0
1.0034088171063618,-0.8756353493842342,0
0.24218766198777664,0.18943706304744612,0
-0.15679757695897084,-0.05441957484049833,0
-0.9609966953345817,-0.5778432620762264,0
0.27448794017039757,-1.4749962704326396,0
-1.2022010219335706,-0.5276428856106447,0
0.6776274846276507,0.46443898307269965,0
0.5939864497031725,-1.2610419531714248,0
-0.3046411627347175,-0.1559117606621166,0
0.29646781695081015,-1.2629874557323797,0
-0.4815127367049753,-0.27888733972992963,0
-0.37105544890761344,-0.20115743421180593,0
0.04736085445629188,-1.6061770048546178,0
-0.4147828399099359,-0.22542879612314123,0
0.9172177324549906,-1.064310965628744,0
0.32819414773649885,0.24482706235021345,0
-0.05309677921579312,-1.682840425013697,0
1.4105916727721948,-0.7541599923102978,0
-0.34840727617395867,1.145305281090324,0
0.4632116583216613,1.530265232744008,0
1.2659346096634336,-1.230641135841233,0
1.518597492827663,0.5184495735724263,0
0.7942428132078949,-1.118631013227917,0
0.690773897561929,-1.2041922183536222,0
0.26948873601444445,1.3957348251115713,0
0.9524840786896798,-0.15134094779959872,0
-0.26210164295826227,-0.14236267728963978,0
0.4199193331065329,0.2925579374028195,0
-0.20995197723284265,-0.993351784863893,1
-0.30726851953454276,-1.5397758362922218,0
0.5705644016659775,0.40236751763824913,0
-2.821427136459283,-1.3740734963309063,1
-0.2783425862714275,0.07244477284928517,0
1.1057537260880252,-0.932764523270044,0
0.4223958154418935,-1.3593584254986912,0
-0.05889872737623634,-1.6854610702102508,0
2.0246014351376913,0.8381411620271842,1
0.699738642633301,-0.8817172301836764,1
-0.8809231136712742,-0.5427030912274691,0
1.0924752063125944,-0.9353360118736705,0
1.3238927240958267,-0.795611032674019,0
0.5160690777454011,-1.3195869385097767,0
0.9742368830387069,-1.023330233728213,0
1.5126651670704572,0.5329612739134153,0
0.555317941335071,0.39005175502251094,0
0.01729577108485684,-1.631200368494734,0
0.1866806609436308,0.31323893694784316,1
-1.0782063079609288,-0.4428848409681165,1
-0.04218775639352327,0.0024033735392059814,0
0.035210556283285545,0.057670123158365595,0
0.5357811285021673,-0.4785095923571421,0
0.421375268737381,0.2992992636625211,0
1.0148581623140585,-1.0093421706319696,0
0.5960166976893053,-1.2649372349966534,0
0.644618345120486,-0.009817249575854965,0
-0.8665932394410129,-0.515934089797338,0
0.25920683657443866,-1.4472246219209508,0
0.6449825035433665,0.4460904886361448,0
0.33951326887558203,-1.417745841024023,0
0.026496517677940847,0.04671523180668478,0
-0.6969652252792293,-0.4034151526139421,0
-0.08652030896506191,-0.03167884801627021,0
-0.3041296452806415,-0.02135828506103717,0
-0.36999013352802695,-0.214461366970188,0
0.7232507586478613,-1.1942785426008933,0
-0.20718162067605575,-1.7892138927168346,0
1.2148268632503578,-0.8755968646804948,0
-0.2911319599322511,-1.8370398848492584,0
0.8839445924553073,-1.0830293770410064,0
0.03996953851400301,-1.5079546316473478,0
-0.5183346611595802,-0.10700420820331409,0
1.2690615445023672,2.0490959912861593,1
-0.5448971092467547,-0.32035103594190945,0
-0.662738522529869,-0.36453592102945254,0
0.31047861275821953,-1.1970884225564296,0
-0.0024221870251210304,-0.8154763358391077,0
1.5276577471062165,-1.0477600990446063,0
1.424659545179307,0.638430297258568,1
1.000357738186236,-1.0226411229256287,0
-0.20259518283860975,-1.763655149131269,0
-0.9835042205920483,-0.5970237685897554,0
-0.23099844216063578,-0.12522473722802094,0
-0.691493192736038,-1.3591892898016413,1
1.78524763585016,0.6753932090555654,0
0.8470114915304592,-1.0988320383616947,0
0.5013041682692395,0.4534542698706084,1
0.2511579120441607,1.3872749413541037,0
-1.3764466181129427,-1.7951051071408344,1
0.7923267144591049,-0.3121985299984637,0
-0.8752020555460448,-0.5290666554152004,0
0.5914698894963637,-1.2864383537827235,0
0.6423968343702695,-1.2264914647224165,0
0.1464977792892707,-1.572245617108845,0
0.24942174700841313,0.18213001474396295,0
0.7771138731213407,0.0328526975703237,0
0.39871772144435397,0.27439903424645523,0
1.3946088651604551,-0.7638160164388232,0
2.2323225487936345,-0.6199308607814202,0
0.007080399812745698,0.04890550942620068,0
0.22846794705253054,-1.516830744302555,0
-0.05445491832974674,-0.012931842191586126,0
-0.13883196645852955,-1.755951337007179,0
1.3434956877120119,0.4059491045345505,0
0.7709497307147398,0.03109091388307204,0
0.9510984470382372,0.15429157207239286,0
2.215768471890496,-0.28397999857004835,1
-0.05929322272720477,-0.014217413304063472,0
0.5606380883833345,1.5806312036994186,0
0.058779930203901605,0.23884563600288677,1
0.138062311986545,0.10270878691766559,0
3.6558845455288083,-1.4023938939357763,1
1.191521067546342,-0.8919740517618123,0
0.7413775411146196,-1.1871910182734342,0
0.6085402346136096,-1.251087040274347,0
1.7650746110832742,0.6607729800053291,0
-0.49276084732559605,-0.29019851868429997,0
0.4787710860808921,-1.332124841322361,0
1.52231959610175,0.5102418361715771,0
-0.18429472592791415,0.19218449737932708,1
-0.2430537103166258,1.056279361287215,0
1.1734963805460978,-0.895542860633199,0
0.1530355822626655,-1.5651870598347402,0
0.42613483253405315,-0.19744461521868495,0
0.28862122415626573,0.20278658106435765,0
-0.7404690753498189,-0.4594591631930725,0
0.3077144381975913,1.4271797412697003,0
0.4009726207432824,0.2980486791745393,0
-3.1949406325797014,-0.7117018979426972,1
-0.36769793762285197,-1.0589501594550688,0
2.5214647548124574,-0.4306786587066488,1
1.4175420134881984,0.44081081754315216,0
-0.9256947128301648,-0.29662858406840215,0
0.4312140551969667,0.33696056198931273,0
2.0948439661801053,0.8661164406241777,1
0.6772233277105061,1.665631436356548,0
-0.13550520496537807,-1.5494351639560764,0
0.8177663839969235,1.7478536849528148,0
-0.30989493278039004,-1.8375836329947808,0
-0.13478670370366608,-0.07221029550194287,0
0.2365880269851524,0.17597011814349472,0
0.6036086211276852,0.41477394167194453,0
0.28644134239523406,-1.1371690495123246,0
0.8073022803570533,-0.8836399371563698,1
0.47248235483159834,0.316102953043537,0
-0.6131476734478604,-0.38089659218962646,0
-0.03528307114766919,-0.0054108827865381355,0
-0.3312357459679352,-1.8503708848723484,0
-0.8983548064705853,-0.5553219936463635,0
0.2512734755585898,0.19481131737153878,0
-0.4280263898241803,-1.0787742650061887,0
-0.1877921886224132,-0.9464192224191911,0
0.051040748520111014,0.05947191069640249,0
2.0601622152922063,-1.585929823597012,0
0.45901008314571595,0.3131363275820083,0
0.16673289230360794,-1.566116537531673,0
-0.058120857260508633,-0.018517611875424184,0
-0.71691746248668,-0.432656240477528,0
1.6866020655006468,-0.9786684663700603,0
-0.5665944946968178,-1.179127488811884,0
-0.4489307201920048,0.9341244740553095,0
-0.29974373441023555,1.0177550816094323,0
0.09638121030261125,-1.6123277145684032,0
0.20892980897301897,1.356468079528194,0
3.3939505709943436,-1.560417287302597,1
-0.14997921244166895,-1.772121375193315,0
0.3767087923107592,0.2559343226303829,0
1.0061226276474535,-0.8729685915388598,0
1.506724820450709,0.5294352923875154,0
1.049181531871012,-0.9972892867872271,0
0.36219268861723153,-1.4331495946704147,0
0.9985900612412526,-1.031319643714632,0
2.1134138348956895,-2.3835971945241017,0
-0.4560262984534998,-0.2636722064559948,0
-1.026938665377616,-0.6382815098511218,0
0.6256866681423131,-0.43258003253463495,0
0.6378541550553009,1.6733121487477045,0
-0.006293047315276183,0.013598807621997036,0
-0.8226590084232469,-0.5116785711584318,0
1.2938062545591245,-0.8128086938476552,0
0.04922460503021551,1.2434500453116382,0
-0.8508838256520838,-0.5336794272696783,0
-0.07660315719164872,-0.03242322685643997,0
1.2875374958776808,-0.8489822395447761,0
2.0617156320498844,0.8390724975763394,1
1.3138503729483655,-0.8277297009853811,0
0.7077158237206197,-1.2164185266123033,0
-0.9412219458461142,-0.5828442537736704,0
-0.12371490571605552,-0.05757583354823866,0
0.6621982823081466,-0.41087050791458535,0
0.8128143480157349,-1.1397792740830717,0
0.4321269320225473,0.29694534410472534,0
0.7080356416403574,-1.2256314380886386,0
-0.31029853655685885,0.1226570784700257,0
0.8514630990861339,-1.1081168885757147,0
0.0778236246803533,-1.6181714192904837,0
0.12973601902218185,-0.6320455419435115,0
-0.9739931976063919,-0.6148908285387953,0
-0.11987216847770937,0.1860655021326324,1
0.11422480221419369,0.0822287965046025,0
-0.13653188058208943,-1.755845324822151,0
0.5486506854146795,0.35735044996141857,0
0.2756409224098516,1.3804935692479987,0
1.4294353486401588,0.44475493319827436,0
1.3265088593697814,0.36798958125806996,0
2.034913924310478,-0.7643460558408194,0
0.8709524468136981,0.08056973591683812,0
-0.8260546710972904,-0.5235598595605659,0
-0.042712994088010374,-0.8336802627191695,0
0.9240652249237264,-1.072286950928596,0
1.2627935853078749,-0.8639332529014687,0
0.47279591321175424,-0.966959123553907,1
1.0548944118780805,-1.000349284318883,0
-0.06109106161206363,-1.7106868751659614,0
-0.11917938733736347,-0.4712107186305357,1
0.2669819239770458,0.17374548101597387,0
-0.8351541706665935,-0.5257688625365742,0
0.32130545136302047,-1.4698146512736507,0
0.893771162902891,0.10908908536319371,0
0.3768379648898709,-1.4179706918434418,0
3.2724898737997736,-1.6624601015231069,0
-0.7331096348352493,-0.44968630788487074,0
-4.260625447121027,-1.5908559589968074,1
-0.03552652702555124,-0.012486113377768024,0
0.3417546496893573,-0.6197289761969391,0
1.4795155774174198,-0.727726886844261,0
0.5279358172563786,-1.3433105899482702,0
0.5738806834834408,-0.11473501490698758,0
3.9912675761319236,0.007801004802397854,1
0.2578756228721111,-1.4892886305446376,0
1.379762512113678,-0.7956611549094257,0
-0.13140978405995005,-1.7666116902623201,0
0.943149402543625,0.12404570636029387,0
1.2250806820566718,0.30631960554459997,0
-0.14014633536971208,-1.7682169695052306,0
1.7162189683865845,1.4551181043928807,1
0.8355112120836177,-1.140525872857896,0
0.3529787611313957,-1.4493906977660784,0
0.3976183694341454,1.4567794862747283,0
0.4217802980932373,-0.5653415977726631,0
1.0066506791765009,0.16784211704052165,0
1.766724620961928,0.6582206260719029,1
0.47755824416854836,0.30791866428252807,0
3.9946696501291834,0.006948265237059476,1
1.1064382713072785,-0.9692815747627327,0
1.1587605743686715,-0.9091220945042922,0
0.39572882350797717,-1.4088472635738531,0
0.5943085814930628,-1.2915517367905347,0
-0.07803459527566285,-0.03867400529467387,0
1.9428560223273745,-1.6561430049817372,0
0.7953141690265203,-1.1740694291053957,0
0.7379496215767027,-1.209040300556761,0
-0.14060265350957168,-0.0834250873213654,0
-0.006718575547242887,-1.6799194425396733,0
0.30498216895254887,0.3153816553179389,0
0.08779926165355688,1.2598982185748957,0
0.7617628950137755,1.6935912487269134,0
-0.26855856877135087,-0.16436944018869012,0
-0.37362377795427953,1.5204254630043612,1
0.4534746798731384,0.7290318370024468,0
1.2207762005220342,-0.9010447074602286,0
0.37175155860480363,-0.6011143071867487,0
1.1048052737448817,1.9108584026337458,1
0.3242830324082645,0.21294108293263858,0
-0.550543425472894,-0.3560959486315711,0
1.3164225085668508,-0.8259369612292352,0
-0.43856267062181364,-0.2782253381580744,0
0.5072346298435965,1.0153140136417536,1
0.6669919541425082,-0.04330405516190807,0
1.620694955474268,-1.8638920687156404,0
-0.5604037196814514,-0.34943343877549465,0
0.2926459036561476,-1.4965433654685547,0
1.6486360001635705,0.5676898891514947,0
0.25983463798642487,-1.5191515901408332,0
0.36489977887851666,-1.4509564218505038,0
0.17634034878998145,0.1457382176541827,0
-0.7675032797196646,-0.47738005061225464,0
0.6641807911613574,1.615812058039973,0
-0.2302188939347192,-0.9732047555038232,0
-0.9131851122376315,-0.5869818784220531,0
0.617784820926116,0.39551534827370033,0
0.9286676540465593,0.5355946505048412,1
-0.9914280135264434,-0.6253165012379863,0
0.2474283823938286,1.3513650406196642,0
-0.5035913455440021,-0.3246309714801609,0
-0.22982242191317226,-1.8301073403762584,0
0.3475026678094985,0.22308964392776887,0
-0.0593535417952143,-1.7171860790223177,0
0.5029940584587917,-1.352777689321285,0
1.823688796500777,-2.551704604794085,0
-0.23179741087750796,-0.15307179091073514,0
0.33842634944339095,-0.6263601573727858,0
-0.16155448348525778,-0.946596559312148,0
1.47303118932811,-0.7349303213511581,0
0.10547887445900132,-1.614293800040497,0
0.7241474690533835,1.658155907401477,0
-0.5627202845136517,-0.36087610694886585,0
0.46985297511184837,0.2930042671300616,0
-0.2894439793350441,1.0155151199179069,0
-1.0652100912399207,-0.6816775749066356,0
1.4776736989581718,-0.7435760491880598,0
-0.45106139043925375,-0.2833287470905107,0
0.7123434702906817,1.6470044552597454,0
0.5777197968980897,-1.0203750233550628,1
-1.0452997368582002,-0.4264180080188165,0
-0.31017103404586605,-1.0401331304738979,0
1.2678047400922827,-0.854518173024272,0
-0.8087045693808401,-0.5126304846214501,0
-0.16914502978814722,-1.7968254426929262,0
-0.17746062713465524,-0.12039030539490654,0
-0.012175878820551428,0.0005457380191746618,0
0.8003554872954972,1.7031570312800925,0
-0.22778427187087844,-1.797411889637643,0
1.9166342845099926,-2.5310242958909086,0
-0.20768125549579625,0.05752581510430369,0
-0.5698881701072878,-1.1938883860855236,0
0.12934967206929243,0.07383884670632478,0
-0.6553653876848374,-0.41176348212763286,0
0.4918712570567498,-1.3572144468328604,0
2.1332592263568735,0.8724858451296772,1
1.325118669937303,0.35717486741227716,0
-0.9426222178508274,-1.8635783260994798,0
2.5671341341713516,0.7542570704759519,1
0.6373811129062136,0.4032837831877491,0
-0.9897910850623994,-0.6289060900630643,0
-0.11921359141562636,-0.07812564504836329,0
1.2645769849237674,-0.8742644514002871,0
1.0192680832607464,0.16181227170863688,0
0.11770090636256007,1.2839210264626226,0
-0.363492645697477,-0.01115010806212576,0
0.4532794873549167,-1.2770588747373603,0
1.119140758207834,-0.9752984572166825,0
0.04214954958192955,0.015524857746993396,0
-3.315099280195403,-1.3785263568787738,1
-0.37448988910742087,-0.23111290787212063,0
-0.295026261329514,-0.20167112890708605,0
-0.7654972975249992,1.18348208693601,1
-0.8907655393311205,0.12561574721665442,1
2.0527204386630995,0.8236257486003824,1
1.074871745031719,-1.0002007649047793,0
-0.6136763765114541,-0.3900877895661032,0
1.2594048146857546,-0.8851367398281876,0
-0.07756616142561341,1.1483327194148032,0
1.9102280773914995,0.7230402583605368,1
-0.8788354097209312,-0.570263358307741,0
1.553908553243129,1.3506289641573304,1
-0.29439413754102317,-1.8542341084984375,0
-0.02693902960355226,-0.031225113173602565,0
-0.09391444446165734,-1.7454537308635492,0
-0.5830507091455205,-0.38624442483427324,0
-0.9657274554527957,-1.9307417542072427,0
-0.4277584998085067,-0.2843486316706482,0
0.6637126697881293,-1.264435435162401,0
0.19461517277190107,1.3107806893699046,0
-0.5140481318714674,-0.332622433505947,0
-3.1412330873245997,-2.2626501217882224,1
0.312637725131431,0.20266624145572232,0
0.5517817169129401,-0.1386977081319437,0
1.688243791349524,1.4396131772747691,1
-0.044590434844191305,1.1605161058670521,0
0.3442067757355496,-1.461969903334267,0
-0.9441283260154466,-0.6166178459917628,0
-1.0393475395702125,-1.7513644208935848,1
0.0722499510103924,0.05213014338991077,0
-0.5742649965246217,-0.3775637234596107,0
0.853636473551805,0.07211145544724339,0
0.9373933205526355,-0.2544233008080542,0
0.7918977667994391,1.7054630117755696,0
-0.3138560182775217,-0.17270345548389648,0
0.4906963060768151,-1.3620550819545523,0
1.4463775943588797,0.44078486290799596,0
0.018007034427480757,-0.00043138218010931446,0
0.3673295926282191,-1.4595438561152905,0
0.43009867834653687,0.2712875158187768,0
0.017877950330244065,-1.6872319462624403,0
1.4192602559342657,-0.7680442290708209,0
-1.446371325700963,-0.7032218598913536,0
1.6483295397204425,0.5580457362995617,0
0.21517871269837896,-1.5529790727937012,0
0.8786792633012386,-1.129593367394402,0
0.2614123908653515,0.15781520357671064,0
0.49935365701078,0.30724732628069146,0
0.25968828262658217,0.14865650526858776,0
0.5977041446889645,0.38304128370900586,0
0.7848905034208424,-1.1966189377163254,0
-0.2407993791202256,-1.3529803543576557,0
-0.6832221882759493,-0.45716738148611963,0
0.36957033302606584,-1.4431471092871102,0
1.1738022564764916,-0.9460408666074788,0
-1.0633010561550371,-0.6983263290162393,0
-0.30845110560461386,-0.17389088133540354,0
-0.2697634643865963,-0.16808799129803492,0
1.041383309700698,-1.010147362185499,0
1.7592955882239867,-1.784403885263004,0
-0.025333711057204993,-0.035276539948169115,0
0.6568571192520183,-0.41308714957175635,0
0.551414687342291,0.3486609159610253,0
0.5415412643080353,0.329638813739678,0
-0.629333331319065,-0.4152010982511953,0
0.9536449073434885,-1.0764339330055717,0
0.016816403881840754,-1.6810569823089399,0
-3.316793756456913,-0.7813599874139867,1
1.1122391918357155,1.9079076002768234,1
0.03614097554045657,0.016832914444260532,0
0.8622431723784505,-0.2780594554975094,0
0.6925567158352384,0.43033459078519626,0
1.4596407652217989,-0.7385859185400759,0
1.0092976245691379,1.8307743335223803,1
0.3153155940962033,0.2767401036208626,0
-0.7584924110730593,-0.5055903981098913,0
1.0992180908303777,-1.3700166106711817,0
0.20782012935134153,-1.5658297535462564,0
-0.6041356280736924,-0.40392852716321387,0
-1.956592471286953,-0.6187880635683127,1
-2.6437160087214684,-1.9134205063974679,1
0.6532082206571254,-1.1236697365241495,0
0.6342632074724601,0.38559493131319983,0
0.39030894268340016,-1.4340163782453217,0
0.12313280295134545,0.08099484333812755,0
0.5001423071015829,0.39102622744546695,0
-1.0002586919000587,-0.6479889262701838,0
0.046484347475857675,-1.6697431740470128,0
0.42354858201837275,-0.22516856093960935,0
0.19307085829615142,1.3215735184851378,0
-0.11087926203505787,-1.7462719456426208,0
0.40575396379185763,0.23668578988778455,0
-0.9071979483970919,-0.3991022853147669,0
-1.0589434161361284,-0.7011357835087466,0
-2.8890255611771933,-1.6471121567574116,1
0.781906352327082,-0.005659419564144746,0
0.7773324801274728,-0.9928579797568541,0
0.6236522353098712,0.41746006510663364,0
0.6721984662148096,-0.41413176596319584,0
0.34369121992721,-1.4774341836629545,0
-1.0839096328955764,-0.6794397335123562,0
0.917476944058506,-0.2724777950672634,0
-1.0158700390575683,-0.6605430903803683,0
1.0911549930761903,0.27598193681691524,0
1.410791015016101,-0.7750930458352883,0
0.7028720825041775,1.6330390299694155,0
1.2173686359382672,-0.9267298732493979,0
0.7026458647411271,0.4372943861515491,0
-0.7266383343450754,-0.4689007383008393,0
1.025522970939178,-1.052078249393429,0
-0.6682301153133828,-0.4514714929510901,0
1.0452869798774092,-0.19292673377516523,0
0.5084273584505141,0.3114016845938066,0
-1.040677054569445,-0.6914676703304429,0
1.5094345677174212,-0.7348385184539601,0
0.9324217628638631,-1.1103772601970245,0
-5.942509866295341,-0.8373539672420038,1
0.47918811119304866,-1.3974432189706318,0
0.06149096360444623,-1.6702903623044212,0
1.8694782122600224,-1.3722934463456564,1
1.6357384635471524,0.5578024828866845,0
-0.5791642057515866,-0.38662794759695795,0
-1.7692710130232023,0.5902067998656512,1
-0.22081808339616352,-1.8270306092094675,0
-0.2030297105800413,0.06249869516697291,0
-7.577603042507246,-1.6449383912444608,1
-1.48433190231883,-1.0589270451166746,1
1.2600734643262483,-0.8872901834998885,0
1.0437821040090458,0.17063395880608823,0
-0.07124288793410304,-0.05729119341651203,0
-1.746528481661709,-0.7482829805929327,0
1.9021044340930853,0.7367908698122617,1
0.43275928332621566,-1.4146012069092,0
0.9760989495078617,0.13372536802255908,0
-0.04375933783346283,-1.679075136785664,0
-0.06884566211042703,-1.735267860936446,0
-0.263421351147808,-1.8695625751095808,0
-0.66009162102809,-0.4526994632191991,0
-0.29043936025700373,1.3131347081787426,1
1.9814481311229224,0.7830009683639811,1
-0.1255609251263973,-0.11013837725566226,0
0.3922794210070789,1.4343032231589856,0
1.122416549789926,-0.97933979710294,0
1.0579390788965748,-1.0153943651496689,0
0.7761002282821796,0.8453003260671225,0
-1.5578381736555715,-0.9498778926886653,1
-0.3047940705624127,-1.0553096874073529,0
0.5879287815957464,0.3551678949271168,0
2.5469675610555607,-0.9499468158172845,1
1.9471666125299167,0.7332978728381795,1
-0.02362247009863199,-0.0432422179103061,0
1.928168682617821,0.7650734604306365,1
0.3574747973381411,-1.4801786059630042,0
-0.8895290822117096,-0.5849634323983117,0
1.114071440227043,-0.9991344999655432,0
0.023322340203777832,-0.010407282363952127,0
0.17294501277530996,1.286243496616983,0
0.4717818706485835,-1.4109409913675885,0
-0.09980184037511235,-0.09043268264524469,0
0.23383225664729435,0.14328450758152245,0
1.176306210948606,-0.9292086064592759,0
-0.12450633265750369,-0.10318398484326623,0
1.2722423566059349,-0.8973485448856938,0
0.5210358237128333,0.30866103569758024,0
-0.15831119545032132,-1.7951152560122592,0
-0.4472431049993392,-0.31827150167144397,0
0.25768142091931256,0.4941956618505923,0
0.7799503086325374,-0.01253855120355309,0
0.9846309374557245,-1.0811276782336965,0
-0.387683101328688,-0.2747099500009537,0
0.619609139772981,-1.311187975042946,0
3.6629140491669494,-1.428623028290276,1
0.4923523634777171,0.29475508745422446,0
0.8461860753694772,0.049283706798940764,0
0.6507004331062366,-1.2719638023294972,0
0.3897163518871681,-1.977530781729747,1
0.5768305874881725,1.5376404489999842,0
-1.1494441681609961,-0.19413568203744613,1
1.3069172449094417,-0.8412488201937034,0
1.362868189556801,-0.8328157622233292,0
1.430439004041121,0.40776786715574026,0
-1.1006509056241862,-0.7155337569617736,0
0.09526961563083718,-1.052355863116641,1
0.9576159046220842,-1.086614646660787,0
2.7495767932839574,0.8774097896029539,1
-0.3929079402635182,-0.2769684559485611,0
0.030830651492004597,-0.8509936188272929,0
0.8455125370459285,-1.173765575575881,0
0.30206289326439406,-1.50062471185222,0
0.0635235258535589,0.02746270521085768,0
-0.7113751742336129,-0.482783676097349,0
0.8648346517142181,0.8719499641191942,0
0.2746029188381453,0.14647981764349755,0
0.5209737884311184,0.30590945231755123,0
0.5095157213646957,0.2953591313333305,0
0.5785550082702933,-0.910206998724504,1
1.3992387205090004,-0.8201151569414749,0
0.806337027612061,-1.0760897083975787,0
-0.3927889286105668,-0.28685179224958063,0
0.7038595772017671,-1.2487233749416593,0
-0.6983781817653891,-0.48171755023330814,0
-0.7177595626790894,-0.4847618243865575,0
0.5409608507379916,-0.15670771926286908,0
-0.39370750346668665,-0.27873555336287587,0
0.5279189635033839,-1.3805445410856871,0
0.5383088701658968,0.316166914603667,0
2.1166508634685157,-2.4341672546956237,0
0.2347974021556242,1.334571511590897,0
-0.16204981523072373,-0.13933960034365794,0
1.3259269607022042,-0.8586125347216024,0
0.007004586487687932,-0.01792063199672052,0
2.8451737067151184,0.06803632072556841,1
2.1163058343834025,0.8317276732390058,1
-0.8177325544616764,-0.5446562190852763,0
-0.8011770574147411,-0.5335120828320767,0
-0.026466767575161136,-0.04961684956259762,0
0.2536302139403512,-1.5454158895736163,0
0.9808794887474683,1.7871427928103472,0
0.51797746361264,-1.3746256385848488,0
-0.079922767570439,-0.9057367574343703,0
2.040726158656793,-0.8040738731228056,0
0.9917096497191948,0.13677337620103935,0
1.2017330464980036,0.2558124100666113,0
1.5334635794567448,0.5502320597702418,0
1.4587316773985468,-0.770044314526319,0
0.05672933020543423,-1.6546564624915279,0
-0.3051101383262449,-0.2237734576078516,0
-0.305322360725255,-0.22389719536235192,0
0.21380097150792488,0.1077860837597701,0
1.0561814907395526,-0.9363908097623496,0
-0.0688017247915039,-1.735231373337706,0
0.22515690082819956,-1.2200230074880036,0
1.3968227990660855,-0.82377379539828,0
0.17797631426804922,-1.602062146556835,0
-0.6065418370848078,-1.6345474891609373,1
0.43276235903586774,-1.4414418138146754,0
2.649776675463564,-0.40778144581805964,1
0.9507826080222126,-0.27112126400550945,0
-0.18050885904750277,-0.13618086716651062,0
0.14656275042751138,-0.7772130928430531,0
0.0746691287940006,0.23361625094212113,1
0.727464888837107,-1.2489659486839277,0
0.0384957196120957,-1.6938411823897173,0
0.16640389810931694,-0.7658425811805523,0
-0.41301888192864095,0.9013888199855183,0
-0.35260863300817286,-0.7753943752816734,0
0.11241139172951924,-1.6219528246236525,0
2.2273402439772725,-2.360058164369179,0
0.17666771403979104,0.08287409852666909,0
0.766226186135771,-1.217652033673907,0
0.8305365643288297,-1.1905189432690906,0
0.7263640637173645,-0.40243776226713296,0
1.440820401620216,-0.7840457393444963,0
1.3162679640925803,-0.8728191456224875,0
0.40264832651217214,1.4168410799560778,0
-0.08786486477592345,-0.9276637644903828,0
-0.2315443244847297,-1.8669612351547344,0
1.353625127095202,0.33674740553494004,0
1.2716933025012491,-0.9062070187588785,0
-1.804707441659984,-0.8299305406785437,0
2.066604502001219,0.7936283319220437,1
0.5609434686756958,-0.16776931817394736,0
-0.9476644880202676,-0.6386366349759584,0
-0.672882673800711,-1.2963487361980512,0
1.0985866186006474,-0.9679821329180108,0
-0.8943933126030295,-0.11975468341970731,1
0.5245308794124128,-1.360588174889829,0
-0.4144873685174012,-0.14833999170554885,0
1.4063078599761716,-0.8169060364652657,0
0.5577069335663309,0.33941207839118476,0
0.8129235022574978,-1.1863172757159643,0
-0.021385675318751705,-1.4355056506155834,0
0.33077091778567136,0.18257784279882683,0
0.33808809172145543,1.3704154119029706,0
-0.20790380185956892,-1.8475783162048975,0
-0.20382574666774744,-1.8557616156781924,0
0.3697442770575751,-1.4896434223775372,0
0.3927924031382502,0.21770980031525766,0
0.04884222061571215,-1.6955553891562767,0
0.7236184417149144,-1.244312133842649,0
2.1210822038759707,0.8436663053041332,1
0.47408255809452887,0.26458207101033965,0
0.22289405658386097,-1.5822710517605993,0
-0.17355963818026762,1.038865637307247,0
0.9507901618825325,-1.0968864337238873,0
0.8340252829366894,1.6888474835770102,0
-0.04377257519604912,1.1629237976942493,0
1.0210296780071466,-1.0603196010796123,0
0.31163073740008485,0.16077282848762392,0
-0.9663590103504177,-0.6526659877114744,0
0.08791863018004352,1.2610410273993873,0
0.9198322289077983,-0.2894857888501471,0
-0.0793701758026714,-0.09085477389572612,0
0.4205045095830711,-1.4486108258489345,0
0.720537921572164,0.4142145147918627,0
-0.3303553318601321,-1.8245879780482444,0
-0.6977105515968389,-0.49039065495202266,0
-0.9580404384139896,-0.6608430497812482,0
1.811184902553671,0.6553949312212132,1
1.3926921837893467,0.3650001553014007,0
-1.4478715061504892,0.013590201961672968,1
2.8112589802240024,0.8761131266106924,1
-0.4766217681536355,-0.3439831311652741,0
-0.41112233418103095,-0.30795566970265126,0
-0.4058108895409037,-1.1287081575178055,0
-0.6464160708139156,-0.45725863858184335,0
0.6528326347184452,0.37666272122731265,0
-0.09078742475785338,-0.10267853756405361,0
-0.5812435946319884,-1.2516473250678435,0
1.223216512950432,-0.9356807955458485,0
-0.12080529207559569,-0.0988129418117832,0
-0.0958290415798027,-1.598628311956152,0
-0.0250094862219574,-0.0495478393094629,0
-0.009277095157991142,-0.012389474384287632,0
-0.031308946329418975,-0.06811683121720431,0
-1.204907229652814,0.9398011773007101,1
-0.21318549354751418,-0.18314173674087653,0
-0.4990806630170856,-0.36620236715627796,0
1.6345304581919302,0.5133807314530775,0
0.18534013310942304,0.06899247013428454,0
-0.41075244645847797,-0.2920267673083663,0
0.40416946324171915,-1.43623246883737,0
-0.0015587294272768272,-1.7333957038336538,0
-0.8470519357065551,-0.550464475344632,0
0.1715200895026076,-1.611363591360392,0
0.2774406406011677,-1.4210531384054994,0
-0.6039307591741796,-1.2741755525082605,0
1.2879244073597338,-0.901327804650084,0
-0.8014812597307768,-0.535265319954259,0
-0.6186822605224379,-0.4290872977945948,0
0.015968000569156128,-1.7140302139229187,0
1.297989916688108,1.9905873833522445,1
0.026253378695794312,-1.7039327723331894,0
-0.2363376073864109,-1.8834428704822024,0
0.15591085194137005,0.054424465207123775,0
0.23333218073963924,-0.7292020149701975,0
0.752218979661312,-1.253877932099589,0
-0.4918389307954082,-0.36692713372506375,0
-0.5548108409147041,-1.2503622682589224,0
0.8193281064456511,1.7688045557152208,1
-0.5549115659361098,-0.4029504754051915,0
0.6215391207780799,0.3686958125590411,0
0.2979394544174179,0.1624642531094262,0
1.1171664609364687,-1.0159383861507298,0
-0.07556170290313036,-1.7815342430165315,0
-0.0008171639459292826,-0.031451916335785944,0
0.6409889392379648,1.5667294565847771,0
-0.7545850151174736,-0.5211438677911745,0
-0.9381232655441804,-0.6276173281081987,0
-0.4155158388263189,-0.3128296488119704,0
-0.3724977936463041,-1.1191240983596282,0
0.03029548454841833,0.32937048903531047,0
0.35569220560005177,0.19648882135520707,0
0.9898026123970693,-0.9316985419520256,0
0.497925063224315,-0.22072400470266118,0
0.39219004378241346,-0.45414402680951393,1
1.2328170796724829,0.25701327113358824,0
-0.034534779481787244,-1.7503321682517547,0
-0.9592508870491845,-0.6404635033505918,0
0.8310998871791279,-1.2003961970047385,0
0.8947448929967813,1.717382784733458,0
1.1686754739786005,0.21193104530543694,0
-0.2016089535713759,-0.18558258366180147,0
0.46613010846970143,-1.4306313772065533,0
2.024077173666065,-0.8197726792284874,0
1.1742698901346995,-0.9831095987810033,0
1.7610442415808125,-0.9994415149024249,0
1.5705274700890954,0.5775695778595695,0
-0.30584750230169727,-0.24557843518708497,0
-0.1138871874255458,-0.12929142030710736,0
-0.026181854858804594,-1.750247807201952,0
0.8296086225538654,1.6803138006422071,0
0.8611953394447467,0.0072413493400763475,0
-0.053280665114278807,-0.08557042523801693,0
0.19549594453147617,0.08293894964831348,0
-0.47751379200253696,-0.3507915573901581,0
0.14469176686094132,0.048876185526071515,0
-0.8422761339387559,-0.5982387470990372,0
0.5559764175245764,-1.3834609734352987,0
0.48702650429137634,0.2663097392250327,0
-0.9386496463987861,-0.4855373581560946,1
0.13745364240176988,0.04731639181549089,0
0.4205165233717422,0.22976269727633192,0
-0.3360914748575314,-0.26898377450913874,0
0.4198134089286953,0.22075955350342868,0
-0.4873019777421873,-0.35319689023710255,0
1.2257021118273108,-0.9336270269886489,0
-1.5631361470615004,-0.17747425491306626,1
0.5010410921154891,-1.4188843779024838,0
0.839827311896893,-0.35419870566750644,0
0.3190986759795858,-1.507779685140559,0
0.6073689366959353,-0.5117829014781812,0
0.8645662364329688,-1.1808873203361498,0
1.0985345122973222,1.849973546982824,1
-0.21936376674550423,-0.38533167922634987,1
0.9771894651235188,0.10123035114482325,0
0.36242015941177413,0.18477886074459726,0
0.5437025808409942,0.29943903444373593,0
0.6531185115726446,-0.12268224307398769,0
-0.4819118655220238,-1.157699227204299,0
-1.2169868507868795,-1.4004818883350783,0
-5.4101748011335555,-0.9042847348601084,1
-1.0292741318685477,-0.7074330262677182,0
1.3502568682738911,-0.8552117578391004,0
-0.3926256385260598,-1.1358397451309374,0
0.05949658075054871,-1.705540491930563,0
-0.5973703431195425,-1.2630619630102473,0
1.9186442658537621,0.7053699874444423,1
-0.6947464394012964,-0.5001763472088931,0
1.9614993460639485,0.7204296187076787,1
-0.6847715667109691,-0.4726997904462957,0
-0.5125905282323721,-0.22872809803426838,0
0.8585031198325263,-1.192352371780682,0
-0.7129997125358569,1.1974792581025577,1
1.272779288481958,-0.9115874370521501,0
-0.09745103145212551,-1.8000721371631578,0
0.13018111115457365,0.03429601282154469,0
0.32694888621158086,0.25587400836883384,0
0.647202977392021,-0.4820422311275684,0
1.181060210539116,1.0822660607356689,0
-0.3084877447598119,-1.7281233343273898,0
3.4293637653888003,1.255565757429298,1
1.3827736840221099,0.34353306011437296,0
-2.0014561629543577,-0.779051386980756,1
1.0198751823581869,-1.0555914753744675,0
2.797430646383027,-0.823834532552936,1
0.8494570931618367,-1.195010249828244,0
0.17159763609814177,-1.629479640909009,0
-0.7321434535999919,-0.5251285173635927,0
-1.3947249931994918,-1.868301107084398,1
1.1763008380327453,-0.988741457527621,0
0.09389644601360052,0.0796760278754317,0
0.8424236521035753,-1.1966302631914436,0
0.5931489369231889,0.32110834790952364,0
-0.3399380262696067,-0.27423144399798866,0
-0.6161805033855634,-0.4383950062343367,0
0.06345564509911351,-0.8427344707839178,0
1.1498817150767466,-1.0108328228652979,0
-3.2138067521977147,-0.982557767180129,1
-0.18483364885197598,-0.16392527007809232,0
1.4583641035461465,-0.8072700890633788,0
0.8614525316064273,-1.1945537387221503,0
-0.4096085610983562,-0.32043024857090197,0
-0.13894516026284914,-1.826379762511626,0
0.19372530360001222,-1.618949021393469,0
-0.18555595490237387,-0.12101768777713796,0
-0.9886399262656628,-0.43515440518394655,0
0.2661522582530696,0.11317097606689179,0
0.20629187048729503,-1.6086868357944082,0
0.5394367881591395,-1.3576177524384363,0
-0.2508931146950792,-0.21856133107226874,0
0.05235490113844105,-1.7108331719971817,0
2.101319948512055,0.8075074280864486,1
-0.15244936142645865,-1.8380644638910457,0
-0.5032821635591584,-1.351388253474407,1
0.5514307786259086,0.33016786179106344,0
0.36721096183300644,-1.5064821797572592,0
0.03889421661399257,-0.035638941612542406,0
0.5764287538338737,-1.3615176552037875,0
-2.066814154568325,-0.7661599939459083,1
0.40819819685241004,0.22946959451318383,0
-0.37343695863773324,-0.2905163374941897,0
1.161180430130539,0.4716668355772285,0
0.31764290820779684,-1.5408136349477588,0
1.26848341715047,-0.9255253700011096,0
-0.2700660484223745,0.9726738607743611,0
-0.8510731054362594,-0.6077140099264803,0
0.3934203828011385,-0.5426127712522988,0
0.719751490714925,-1.2883163520308611,0
3.679064653809809,-1.462114108496974,1
-0.9071769732793893,-0.6427670224633968,0
0.8385283106735,-0.013974355241906839,0
0.41583804482541836,0.22082350718127863,0
-0.5808322178552057,0.02227786388913065,1
-1.1063821053303702,1.262667589331536,1
-0.02216319443530606,-0.0727263177683486,0
0.5650988872931252,1.6826959601146967,1
0.31514825839299343,-1.5424733713943277,0
-1.6114432550126807,-0.48068790497684816,0
1.4736511628050886,-0.791079362767471,0
-0.22534773099085365,-1.0563082068537326,0
0.5326855825550737,-0.2008967555700255,0
0.30002754140007126,1.3193735055916416,0
0.3888294880199044,0.18085029792597118,0
0.16984577184192015,1.4300548915959466,1
0.7516530701620414,-1.2675834070738758,0
-0.8580231869751249,-0.6106009845348191,0
-0.7629867380449946,-0.3783827335464305,0
-0.47367494580603076,-0.35182217179724423,0
-0.10247508680850519,-0.9687047711554827,0
1.1626869337865533,-0.9788734589069377,0
1.3384282665387388,-0.8911971371493104,0
2.100188612513689,0.8123920976145269,1
1.279279945477581,1.9467896606508657,1
1.124318532160065,-1.0286507892156407,0
1.3058647103198466,-0.9139504305949033,0
-0.18893335101165987,-1.8649798304118816,0
1.151446585260296,-0.9986522468210156,0
-0.7998652762882651,-0.5592710740608421,0
-0.6878042242466772,-0.4987232479709753,0
0.8152317772644985,-0.02888766079303075,0
-0.9495587167520367,-0.6520576718879435,0
0.22754911761009577,0.0761226801150096,0
0.45463090259627376,-1.4626063884919518,0
0.5322103700767424,1.4660088034187104,0
0.15242624695643614,-0.8006333237405715,0
0.46238210758790405,0.2422334476288095,0
1.27045222033123,0.25765835799949494,0
1.501144863435688,-0.7808280486579827,0
-1.0405681155978297,-0.7363604256016095,0
2.212303749559873,-2.4125280549964825,0
-0.2928221892539863,-0.24795156814266872,0
-0.10703640844738684,-0.0019071115488394532,0
1.2685901437644918,-0.9212747137799404,0
1.3311329030270949,-0.9031241420028887,0
1.157926187389856,1.8652973113092317,1
1.4546062427128874,-0.8147893559536602,0
0.07934542468607368,-1.6953272713839074,0
1.3220629097266914,-0.8961584162626912,0
-0.03335659553658137,-1.7736733885585032,0
1.599997857329697,1.3111261079202687,1
0.4120152388254344,-1.4794576311780219,0
0.4814480076350031,-0.6039341660949419,0
0.35370967055440705,0.17184340695231148,0
-0.044231247086964846,-0.09799375612497767,0
0.5259354639859493,0.26760592205827854,0
0.21051866090553223,0.07133428223272485,0
1.0179110249164445,1.7731626176663704,0
-0.44467635290015445,-0.3510602379591096,0
0.9150038569457231,-1.1595856146845214,0
-0.9391454383389334,-0.6618350852012316,0
2.0131442775746597,0.7519995426754382,1
1.247207334602409,-0.9524088305143323,0
0.18575014458595163,0.0494943967269865,0
1.1002615844636916,-1.0446853968244711,0
4.129382755470089,0.022532730337838296,1
1.0794895373018636,-1.065459374268951,0
1.535110829830038,0.4259367233904732,0
-0.512973664871097,1.0596910749153814,0
0.7224894301901413,-1.2856757114818789,0
-2.8331126275341254,-1.1889915613575974,1
-0.8978210055102179,-1.7679792484229235,1
0.07943702906295767,-0.011091740698898919,0
1.21863334766323,-0.9577676973689813,0
0.014918888589186058,-1.7163241710094708,0
0.7723314089642412,-0.04825019866277205,0
-0.06245884995026712,-1.7805752104987491,0
-0.44516913332284064,-0.35287199957252136,0
2.154863917503209,-2.311480978902457,0
0.18370740298112326,0.04772070241414703,0
-0.9358578597404408,-0.6370226570060488,0
0.37897290660664246,-1.5133735946335907,0
1.1600495884414663,-1.0023687695066308,0
0.14304783072487695,1.2279745129717718,0
-1.2939759422029344,0.07481287704177302,1
0.18812610899821597,0.047845492420994486,0
0.45056061431055666,0.2097225184491709,0
-0.03592642317350921,1.113208980466356,0
0.23334625968076383,-1.5971929983673347,0
0.40465267405439037,-1.5014791517834025,0
-0.060003067041785534,-0.11240045718429044,0
1.6170406955369572,1.3186883176155941,1
-0.5184629072828438,-0.39154944589638774,0
0.7915543689963214,-1.2424941138271042,0
0.6078778824147214,-1.3402754239821073,0
-0.3095359828357464,-1.6195517195820406,0
-4.880909979025181,-2.4119647245680844,1
1.248532468786581,-0.9466928810156187,0
0.08898660330796355,-1.7072332154867815,0
0.9532637612501871,-1.139986241905834,0
1.1359560208727002,0.1704160984951414,0
3.4051959900462307,-1.643861061458369,1
1.1303635582898843,1.8471747173274171,1
0.7924802134789235,-1.2519803111087529,0
-0.7954254546132571,-0.58296779733942,0
1.4938597793226376,0.3987520885035934,0
0.026388647849832587,-1.726214836315354,0
0.20453012617123678,0.05704705745319653,0
0.5508202452765657,0.27526604609545974,0
0.14889921625845673,1.2177762810801578,0
0.0658549104196373,-0.034060847681325966,0
0.7559962779951926,-1.2756965154657995,0
1.2047198906780654,-0.9808786901350177,0
1.2025741847000164,-0.9725837944519248,0
0.4641658059541321,-0.6209474972205264,0
4.250160915136292,0.08864305589589337,1
1.1610236720288154,1.8941323645334855,1
-0.014666676853861813,-0.9207182072911465,0
-0.07573832637137189,-0.11735714156061529,0
-0.04713510253491109,-0.10437746179182371,0
-1.2820281553496606,-0.07478195580497356,1
-0.226267712412644,-0.9097564568326931,0
1.0804355716568805,-1.070433886528377,0
0.3131679751254236,0.2986797087073669,1
0.012811749285667839,-1.7386418487622184,0
0.45802775260131984,-1.4704980625903021,0
0.9968580295185248,0.07714147981090345,0
-0.37604475143856597,-0.2946314372087872,0
-0.23280295086808336,-0.22061982558903612,0
0.6954174343660282,-1.321424190271887,0
-2.9048574029051357,-1.2489726288846932,1
1.9398494367316246,0.6821550581187859,1
0.7309418097736639,1.7400122273748404,1
0.39524719948551185,1.3751001277307906,0
1.1824409585724283,-0.9949971272332814,0
1.0963249175290366,-0.9907824050174946,0
1.0007366806357503,-1.1187089977678009,0
0.5609677569967535,0.30901419798195223,0
1.01247907857009,-1.1171027817321006,0
1.27306905119508,0.25744701059423086,0
1.0457155932396287,-1.0860821741420819,0
1.9272312978952724,-2.604603779188967,0
0.5162590665481229,0.2668926934741482,0
1.8587158841289149,0.6164177538281528,1
-0.038659473932011836,-0.8397094600247426,0
-0.667421720985373,-0.5062207613532088,0
-1.0056684410170589,-0.73211030991666,0
-0.8416067816090254,-0.6200738227115595,0
0.015816908636189293,-0.07129743862560518,0
0.7865122438232374,-0.07028001129846996,0
0.3025473436308973,0.11161623631457028,0
0.37587659403928114,0.17497625113515547,0
0.8770317289672707,-1.2000111391824626,0
0.6196805508702482,0.32521018556919273,0
-0.12024471704294719,-0.12742851573185082,0
1.3506004654622314,1.132833286973983,0
-1.028729546101102,-0.7365378517214599,0
0.6977269468763112,0.3803014613816696,0
-0.1628722769318111,-1.855648227257025,0
1.0808981313822563,-1.047605741682698,0
0.3333774488619676,1.3719191922645042,0
1.7579694429197006,0.564570304348965,0
1.0222416994826897,-0.2353463005714224,0
1.6545312428190655,1.3439587447747834,1
0.23137334572941443,-0.782970003982348,0
-0.05702959732009213,1.0941510308790912,0
0.8263354663774936,-1.2351543145671378,0
1.0690332391952744,1.7970365440279643,1
0.025815324106317435,-0.07160220794929796,0
0.1527826678637047,-0.7866875763624785,0
-0.015100843123002037,-1.7732387359207085,0
0.6569654434334986,-1.3398347779466409,0
0.6974109018008144,0.37888224405057297,0
0.40401869315638334,-0.31372634260265747,0
0.5287128726798996,-1.4293547305341292,0
0.03072727863694697,-1.7318607233085854,0
0.2938470588519988,-0.7396957663637851,0
-1.1819943403273387,1.2266214392443904,1
-1.6941974021857265,-0.4739818987223702,1
0.08470235872288255,-0.011356595398700061,0
1.5150115788144451,0.40383257359905195,0
-0.24708900470716125,-1.92286072017299,0
-0.9026750739603698,-0.6500035201905054,0
0.4821088676810565,-1.4372777701038728,0
0.6062456522464718,1.4984307086128057,0
0.5027814704932022,0.24348248914692872,0
1.4884663581791182,-1.198175836501565,0
-1.0395298086302096,-0.41862805589787117,0
-0.18843081215007088,-0.2106305164223869,0
-0.4427500802416255,-1.9534020950373472,0
-0.1736637920732955,-0.2813086548345824,1
0.4982426545269914,-0.6140806120860718,0
-0.588831052504706,-1.7842419735361446,0
1.219940401980219,1.8873573322037243,1
-0.5263538979197477,-0.4282145680812828,0
1.330208172111839,0.3133131200989499,0
1.3932596638457229,-0.8814125916057324,0
1.3218177783719434,0.2857123506272911,0
0.661712047146082,0.3449271610420847,0
1.464849893100872,-0.8359267584355743,0
0.9467404207399504,-0.3200284310030176,0
0.45364625065153974,-0.2825849755613922,0
0.08400301712407666,-0.0309918679790351,0
-1.9461286892475587,-0.6714880558070622,1
-0.6009433538964934,-0.46663239735144624,0
0.1561178460422814,-1.6719327930521202,0
-0.1337604927301338,-0.15166717653500408,0
0.06910480645824756,-1.6156668707262174,0
0.8381653162355006,-1.2371909506156062,0
1.2163250154596206,0.21626377438387567,0
-0.43494789134939044,-0.3547583056155365,0
0.8215100634506906,-0.4011059551344008,0
-0.2756823144906899,-0.25225714605234845,0
-0.16402607544618186,-1.834711623453837,0
3.0918796617325865,-1.867476396429164,0
-0.953470632369009,-0.6956117187168085,0
0.45987642085702546,0.21668568834575108,0
-0.12011719636545798,-1.8458138822114774,0
0.6723847205138578,0.3360119076873613,0
0.4302075804590408,0.2903101506068784,0
2.3975406991724624,-0.6358332994990354,0
0.4008815154006398,-1.5228323022204915,0
-0.6765797523637678,-0.5233673923187409,0
-0.1797485230784983,-1.0426903966421597,0
-2.0226906617415463,-0.5892269004041891,1
1.0664067645487936,1.791334929775944,1
-0.4234454485976336,-0.35446830976112853,0
1.7873080660491574,-1.0256949192004008,0
-0.013900317443709197,1.1123899811156184,0
1.0220078113405395,-1.1152556110049594,0
1.1138812831527272,-0.8922324698424688,0
1.2138835280421465,-0.9990728895625796,0
1.3651274143298258,-0.9064156895957136,0
1.7469946206962739,0.55631710764845,0
0.6842424074453206,0.3450692383958132,0
3.6256022861494794,-1.5266837041677357,1
0.28288092876721577,-1.5857475224326196,0
0.4626917947148809,1.4107225044928,0
-0.045201307221958024,-0.09753353725591372,0
-0.3090983613777462,-0.2946690452585592,0
0.6916534920390763,1.541177304634088,0
-0.960697080368017,-0.14144370450571997,1
0.2959980124092799,0.10220920178562175,0
0.08316355099172813,-0.03486734599235788,0
2.174156070453963,0.41890783962712425,1
-0.14845752177462349,-1.8701174466311992,0
-0.2711458354757947,-0.26338694702925763,0
-0.5277852317138793,-0.4245638621893883,0
-0.8867042836263317,-1.7998905500363214,1
1.4687705789539374,0.3817673649067626,0
1.1769926960425645,1.8756039406579839,1
1.8857672003900554,0.636807143141269,1
-0.334530124537386,-1.1560551432300292,0
0.48733105213895805,-0.6214101328876099,0
-0.4399167211315247,-0.3769635527089218,0
-0.7107394228485211,-0.5403013796208121,0
1.1543780167420519,-1.0365636552576099,0
0.3292230007092368,-1.5631800993287213,0
0.19148774410038372,0.023831485633089493,0
0.004792921188567896,-0.08312289745532221,0
-0.7191341418197167,-1.041118884351268,0
1.0357216533029785,-1.1160911655666423,0
-0.13287912747984212,-1.869297859483369,0
-0.7398020331012047,-0.5716001117886464,0
0.04467692131681967,-1.0495267125374899,1
1.146721029140621,-0.20836935770337267,0
0.7005887992665111,-1.333158704269608,0
0.46386599682712054,0.21263189991471199,0
0.03662531670241071,0.17358744639253476,1
0.8808040145691313,-0.014603353969149153,0
0.6256110262083203,-0.1755599002043854,0
1.124217023353731,-1.0512431409350116,0
0.02726350277425669,-1.366586592320039,0
1.23701414033273,0.21356600532806003,0
-0.48617585584430145,0.11081354480876614,1
0.4838146454563026,0.5802838053481315,0
1.534148584755145,0.4066866004467367,0
-0.23163140648804512,0.9788932028958944,0
-1.330153723815631,-1.7133570639589917,1
0.7024328884417628,-1.334066003381831,0
-0.6811801483486456,-0.5293697453388524,0
0.8233350006668015,1.6446243055350347,0
0.2276102871713884,1.2400950583461254,0
-0.370823272152966,-0.1251175628611097,0
1.3813672968415593,-0.8999812633970624,0
-0.9562848781430207,-0.7111520050707512,0
0.012920398468797311,-0.923249282671086,0
0.8720406997593273,-0.017583776758177145,0
-0.6395859983414871,-1.3452341759201754,0
-0.23512005166619562,-0.25311538038596604,0
-0.8233370706382199,-0.2325929166236146,1
1.4204318710797184,0.3269976314613033,0
0.00034135004771480094,-1.7471845165142794,0
2.442326819288887,-2.287336225292411,0
0.7331282364118112,0.37317265791424364,0
0.047056183925384,-0.053834760120529034,0
-0.04466700208573587,-0.12018001026998064,0
-0.2280848430700824,-1.93056823217777,0
-0.31905041477543,0.8852359983009557,0
0.5211606444896175,-1.4506441188338908,0
-0.18121757658588275,-1.8975623021022316,0
0.5955972663010702,0.3080131016933429,0
0.9759044496445307,0.04914869083019489,0
1.0061485695278563,-0.9414583504782411,1
-0.8762517392355664,-1.5681599841144946,0
1.7054601545030168,0.5346947544269758,0
0.6846470536719703,-0.49163375313014707,0
-0.541340863593635,-0.1476169196766296,1
0.07479873808861152,0.32326078290013643,0
1.5315125306219832,-0.7922587327418269,0
0.7423990006528082,-0.4657740922931059,0
-0.8624874990007287,-0.655671869152889,0
1.4643129459815774,0.35790331815959814,0
-0.2454374741638836,-0.25688100719918155,0
0.08207443447312278,1.1452911664442325,0
-0.20101467279834942,-0.21544289039399686,0
-0.49152563189597126,-0.4166331866147016,0
-0.8355280639213785,-0.5911203848384607,0
0.0038635700631919406,-1.7664508220280286,0
1.014172760309107,-1.1246757238714002,0
1.03763946292984,1.7608422183179582,0
1.738099677549662,1.377101847820292,1
-0.07670299465509232,-0.13615061170603726,0
-0.23007728305103303,-0.24674162256183127,0
-0.2008784795004008,-0.23367120264749483,0
0.6709421775418108,-0.1649674577187562,0
-0.18028112469469199,-1.6383998042679089,0
1.5158957481151705,-0.8137097450258479,0
-0.3128136914062901,-0.2772304556853397,0
1.2304903363243698,-0.9793607397754551,0
0.34822625311173,0.11954932339403095,0
1.2135154636593857,1.8737646473838034,1
0.6402328706814238,-0.14414640198297646,0
-0.046445127913829716,-1.8190527765550935,0
0.5881642120681508,0.28643786358392914,0
0.7312287259103512,-1.3086577971051954,0
0.221368390822118,0.03868086109240424,0
0.20358365305698184,-1.6506268390421075,0
-1.434401739904859,-0.887114191309289,1
-0.8949203078744151,-0.6805989480012828,0
0.137290392079336,0.36228121146525843,1
2.0496890180169283,0.723260910671479,1
-0.16707056032617015,-0.21273921978442903,0
1.1028322717115286,-1.0785087754282017,0
-1.9541403006154838,-0.4359530497792689,1
-0.49965440788029486,-1.2681323296898812,0
1.1340843048453486,0.14764544947438585,0
0.7610305438833721,-1.3052141639683232,0
-0.6806175755986729,-0.5442127443194509,0
0.004423840445134726,-0.10883194746030019,0
-0.20774057037236335,-0.2370931977358763,0
0.4988715369413224,0.22771365726773451,0
0.43625656957589404,-1.5032770426053756,0
0.5991274467961965,1.4906120753231913,0
0.3558251680801752,0.12722656944063748,0
3.6982105024661647,-0.2003643957320883,1
-0.4583260515131676,-0.40651799583986215,0
-0.9245948752844716,-0.695478536953444,0
1.1024481603829837,-1.0799383630616464,0
0.09050034978924475,-0.883249187221884,0
1.2695413563422235,-0.9762446187284406,0
1.5278387331330912,-0.806284697801187,0
0.30032481807647704,-0.7469968475614539,0
-0.43118544791544655,-0.3855963701628125,0
-0.38180741537302204,-1.1734954149075003,0
-1.3015174557841291,-0.36154168330246633,1
1.4197194904285992,0.3200337661607569,0
1.4003789801829165,-0.861105227948207,0
-0.11569977438018544,-0.18114945262617121,0
-0.3735052102763553,-1.1901139686405895,0
1.422537670215529,0.32009751518175295,0
-0.15421320774972377,-0.19600462991303863,0
1.7664544633875685,0.5378635089699675,0
0.36923922082661426,0.14496001990302781,0
-0.058643150023591335,-1.824658798772735,0
-0.2731507354379434,-0.24063072780493167,0
-0.9854561112144911,-0.7326274290496627,0
1.2007855694238827,-1.0231266955444163,0
1.4909613738373884,-0.8395966934882114,0
1.9092014841764509,0.6286777340731524,1
-0.5706830145523604,-0.3212714240965033,0
0.45639017368700097,-0.30733292527586314,0
1.1324068394777518,-1.068854472693729,0
0.32607854704558886,-1.5838893411111143,0
-1.5587909859802975,-2.097695429376779,1
1.0092550304051715,-1.1401708710716851,0
-0.7519922440639244,-0.5934133158165381,0
0.8665697978807748,0.8113389951574129,0
0.4297166124313426,1.3657568396058122,0
-0.6419828222606786,-0.5246476654375128,0
-0.18455944476686534,-0.21107795616054895,0
0.7382751981948101,-1.3127028710166835,0
0.07537119658965281,-1.7361804973897637,0
0.7444747785490902,-1.18995617873713,0
0.17187749080270304,-1.6693807251793553,0
0.029430749819061082,-0.09180017442185888,0
-0.7989808344296382,-0.6276259874845969,0
-0.9994675818653386,-0.7366816530862673,0
-0.7160771788957934,-0.5716118702227074,0
0.6445950090661475,0.29780735975564926,0
0.7840409666577076,-0.10231224031759524,0
0.4264192186120492,-1.5092546375815217,0
-0.2998839790216897,-1.14706083205326,0
0.6271435482099176,-1.391723776833905,0
0.9080729541393007,-1.2183157303759486,0
0.1158748138474666,-1.722484574001618,0
-0.9585851341499879,-0.7138491837420456,0
1.0530255493789331,0.0774407254870305,0
0.4789829449638722,1.3975744070370535,0
0.7473133122058989,-1.3216843505084328,0
0.756956593733679,0.36620014108837656,0
-2.2396310104785084,-0.4912470959123147,1
1.704340283343831,1.3287877561327406,1
1.1635855953381142,-1.0582245270889823,0
-0.25539928199051604,-1.9454240654900117,0
0.49946326261866547,0.5611581391784994,0
1.202867342682821,0.17786628425738338,0
1.1801128141678587,-1.0299324898447177,0
-1.1640946639108722,-0.7201170135219792,0
0.7321755209691333,-1.3336179391442038,0
1.1034094789456024,0.11878160759137112,0
-0.2672841051325415,-1.1636856061191714,1
-0.9490140713284727,-0.7138534452167615,0
0.16146717151287632,-1.5254929357712492,0
0.8822813297717609,-1.206646904625656,0
-0.4313340740402385,-0.3912860869055767,0
0.4387619383883324,-1.5183724713270346,0
1.1341707424427605,-1.0639857181141763,0
-0.09222861555421365,1.0298960474144825,0
1.3384750486449348,-0.902343370084118,0
2.146156508082964,-0.806599860459139,0
0.7060166720807682,-0.482377090631867,0
0.6044596110783494,-1.406543749663897,0
-0.6672481110303917,-0.5325187773849546,0
0.007489775958249685,-0.09870778504372878,0
0.5578803267226036,-1.4226278077789998,0
-0.3159690659569565,-0.3224357159817449,0
1.3855212149169733,-0.8959068393511757,0
0.5102424309234017,0.20406747609677134,0
0.31476282374191517,-0.5949974664690261,0
1.2541499728801675,0.21833864042374895,0
1.3970433668124376,-0.8945169879174323,0
0.19324382492208336,-1.6530864244358567,0
1.7446162782148027,0.5541862519047642,0
1.4164694518223446,-0.9974706278041562,1
0.15776856455764748,-0.007111667481950485,0
0.6944500762791864,-1.3592599784404902,0
0.6032680231441288,0.2871235342154332,0
0.2971148858415621,-0.5026635513802302,1
0.5023934686659024,-0.2716867010300145,0
1.2287770580635002,-1.01682133394366,0
1.5414275352485693,-0.8124407580036018,0
1.045250309283622,-0.28448770987269256,0
1.0974296422974257,0.9537509348879408,0
0.352287344706026,0.10012069849205589,0
0.0675596654380886,-1.5775780939875392,0
-0.6163680520467087,-0.518155984773165,0
0.8900691584680783,-0.03908899171110449,0
-0.2125429670382387,-1.9254900195414875,0
0.8888368598237706,-1.2262737067218865,0
0.64637015713417,-1.3765781156513341,0
0.5887998693950689,-1.1937500511150547,0
-0.01529545169512995,-1.817384892387454,0
0.23126049644492874,-1.6492138486152264,0
1.0767580845668843,-0.26335774135589335,0
1.2565642774845935,0.48653091366052054,1
0.9268408404901438,-0.34737382133924544,0
-0.8530846208824755,-0.6423587364506862,0
0.06390554906151659,-0.08450704152245826,0
-1.0374068774804954,-0.6009184576190103,0
1.426179165797824,-0.8840154902637991,0
0.5846436039764963,-1.4044143975706755,0
0.6833360419269536,-1.3371901488376754,0
-0.026764878757888903,-0.13363109269073362,0
0.1389980040676896,1.1654787442344654,0
0.8047681622172351,1.5979234492413452,0
-0.4408953375680185,-0.12729487772107861,0
-0.06508894671561775,-1.0048719823991028,0
0.7018851836385436,1.5209819176207822,0
-0.7592089439085898,-0.5855870098196081,0
1.1979401352137231,0.1625525018886308,0
-0.22740358010582948,-0.2694893739782724,0
0.12861078844092844,-1.7101558878865373,0
-0.37737187387235627,-0.35351323168838555,0
0.37522677919416964,-1.5420671006594178,0
-0.1977041541252954,-1.9082707334948865,0
2.232610866516184,-0.7636938210392564,0
-0.7895046598503971,-1.7895008322507282,0
0.47939434929901087,-1.2041733464836097,0
-0.08286082725103625,-0.17849296271032247,0
0.9266074302993772,-1.2059262473104624,0
-0.7543422336286361,-0.3855385308442219,0
0.19797524040110864,-1.6656489960359155,0
0.4366890337667746,1.374648090638547,0
0.21618861059967306,1.2364035875586263,0
1.0664075127115982,-1.1066649858977846,0
1.5275783085119952,0.3768634006362827,0
-0.4025783977935183,0.00732161482425479,0
-0.8867492082351485,-0.49348347193481645,0
0.29492456837317094,1.2566556727680513,0
-0.25122257792600894,-1.9526484977533827,0
-0.8363493696574932,-0.6429167699650034,0
-0.3466204797193528,0.8623890362252682,0
-0.8556133473218336,-0.6721741952367517,0
1.0920643157709917,0.9308454483506207,0
1.7936922686230607,0.5385697785139468,0
-0.7780503043617074,-0.6257783680355584,0
0.732595447634328,0.3449091363548132,0
-0.29152171441520325,-0.29915249800998683,0
0.5522499860351813,-0.6174924467926078,0
0.8878406764445304,-1.196234260445253,0
-0.4854838378916198,-0.4335365405813156,0
1.1608361146428712,0.14526132956967264,0
0.9108080861407493,-1.20172246213631,0
0.6140882787877222,-1.377719079858323,0
0.37421512112317085,0.10659906989979671,0
0.6704850525197277,0.3171971826040902,0
-0.3993727252646151,-0.3686861542932124,0
-0.2737515759519769,-0.29735915469379387,0
-0.2098006492362181,-0.2615676176095875,0
-0.997050052679076,-0.3293219279500645,1
-0.8247556982247702,-0.6604049150047463,0
-0.049539118784922544,-0.15900612293422317,0
0.8768797080786526,-1.2339453320413507,0
-0.36038928679397225,0.8384255020058087,1
-0.4426436974088886,-0.2278853903028774,0
0.3369363519261865,-1.595305918220757,0
0.5469870379764691,-0.26330893474246037,0
0.05612111123210007,-1.7776839953831034,0
-0.6002247038097018,-1.3438392836741015,0
1.6406572273155071,0.4432631709836234,0
0.43804358959214945,0.14971409503887417,0
0.1840218302983514,-1.6975706915672992,0
-0.9315948732835913,-0.7213454139528175,0
-0.137396317524936,-0.21705460381500216,0
0.5562057891916239,0.5849743098871724,0
0.9035768651387279,1.650967936505788,0
0.3513385056545651,0.10110278342270539,0
1.1942887986961421,-1.0475458368812358,0
-0.8185061032534162,-0.6436716083048176,0
0.7216967026659582,-1.3288479596183318,0
1.0022033602812455,-0.9551004621887962,1
-0.11511252123233205,0.15156410451891672,1
-0.9385774297338015,-0.7146100810611905,0
0.35673614870099063,0.10128531596614203,0
0.610678983870937,-0.5857413626501701,0
-2.575941341300568,-0.8685011935746749,1
1.0160001114264736,1.7106569010863528,0
-0.4070790137932583,-0.3901202124926923,0
3.1529869317334667,-1.853933965096759,0
1.2314545812640334,-1.0255538369817612,0
-0.0033909638350885724,-0.1284862681601615,0
1.400604677729183,-0.9128335002358124,0
-0.55640516043115,-0.3087694342906896,0
0.37463437982089737,0.27736240037254684,1
0.31886681723669974,0.07708382501976661,0
1.270868259898843,0.4803924110730962,1
0.45089905533464003,1.3535367687506523,0
0.6056033313567363,-1.4265996623983674,0
-0.7355744747457349,0.7979195089813795,1
-0.831225823597771,-1.8112430343633221,1
1.1394703812912093,-1.0841396868827233,0
-0.5972797581015729,-1.355120159908732,0
0.9237545779319153,1.6515742134654774,0
-0.7249027955816062,-0.5968428472132601,0
1.38229685501814,-0.9342374866642638,0
0.6029785545415098,-0.5801208503772828,0
0.5035035796676782,-0.2735900766171279,0
1.6817774536878962,1.302377876240113,1
-0.08278663559730502,-1.8548742725973941,0
1.9709727816321676,0.6467703559805411,1
-0.7078295928021798,-0.5687418392292004,0
0.3923501334411962,1.3171057891729163,0
0.12895980179433436,-0.04934025219008422,0
0.609837597946804,-1.4187038055528889,0
-0.2140216808835266,-1.814424667227458,0
0.4520037282097887,1.360681600009135,0
1.5194708379900748,0.35079800006398204,0
-2.596035901594364,-0.3604081962745043,1
0.9181958123646783,1.6579780430606408,0
-0.16425459947418708,-1.9118579107855935,0
-0.8420729023156962,-0.677240770162179,0
0.6753304049288604,-0.45728833539308045,0
1.7052527613879738,1.3307230481675791,1
0.25285397614727695,1.2250501690854585,0
2.146469951904176,0.7505562390903103,1
0.5229779718064174,-1.4853135115285458,0
-0.46305531151339346,-0.42835294287649556,0
1.9211825327975807,0.6375392334512697,1
1.3752891262408955,1.0969252440621688,0
1.5273409878953292,0.37694844129750044,0
-0.8017812486887144,-0.6371632937019373,0
1.0767065694195703,0.07285206876747573,0
1.3633114321055038,-0.9396893529777044,0
-0.8407427348156392,-1.763521474832482,1
-0.24419846743936546,-0.09077762930422544,0
2.0932325601654647,0.732726543155596,1
1.4647534989480768,-0.8723203949663936,0
0.8236690324288942,-1.2750472616157194,0
1.080385972485189,-1.114041340984773,0
-0.655729941694668,-0.5547416608209185,0
-0.17514061696838198,-0.22892926911554476,0
0.07033817655286022,-1.7735686542796822,0
0.5652200272332921,0.22350155118397863,0
1.1227426216532386,-1.1080450731470588,0
-0.4193626523311111,-1.709040348782545,0
0.5131060588333456,0.18914782818187514,0
-0.3926207135051,0.8283567401010277,0
-3.512487391868496,-0.8194923048381567,1
2.9546365765082956,-0.6679710933536521,1
0.9805192078126381,-0.34364462177716265,0
0.3371165927804162,0.08345885289903131,0
-0.7671955789696943,-2.0414973751112306,0
-0.16994125863750745,-1.907027441309396,0
0.878776795780245,1.6139203201949175,0
1.1169372014333068,-0.262325064439731,0
0.5613181125095368,-1.4647878702752943,0
1.4913770967252198,-0.8700922179415929,0
0.8230325009348816,-0.42936238125470494,0
0.24630216794930881,-1.6611812456938797,0
-1.0371020566939602,-0.693092981833727,0
-1.3355203589437517,-1.2760935750214093,1
-0.13438638240914477,-0.21592639785869117,0
0.21245467135340346,0.011089740256866468,0
-0.7987342036010132,-0.6484286144830456,0
1.061661516924955,1.7366237811693217,1
1.4472590882408778,-1.2708115803199367,0
-0.15467912468837022,-1.9059818251309364,0
-4.306757599946102,-0.8608738430364495,1
-0.35344179083241706,-0.3719255931929223,0
0.39147249673532797,0.10743004022372991,0
0.2575758623280341,0.025946200715195582,0
-0.08886084207955897,-1.8789846140253228,0
0.23148193184922394,0.021787824933213944,0
1.1225317382862021,-1.093392911886143,0
0.9946274428705797,-0.3350670461281937,0
0.9589820297013261,-1.2056256135026224,0
1.126719266773961,-1.093029129970731,0
1.3457440862961736,0.24904832789642206,0
0.7865731480228663,-0.12377209834367887,0
-0.7360989982091746,-0.5967821788683408,0
-0.26619406524909683,-0.31616367475297874,0
0.4283304726630796,-1.0343388640038729,1
0.0296650394728687,-1.7922262425088757,0
0.05964311409878865,-0.10124362308560848,0
0.5840458819272385,0.24867043228970975,0
1.5298018356028842,-0.8494622832507438,0
0.17100501345915062,1.1893950885686442,0
0.10499604937737637,-1.5895154848768231,0
-2.2875811460072026,-0.5464464674454989,1
0.16240493387770133,-0.03385640158563127,0
0.9377530056173916,1.671803004784421,0
1.986648640245956,0.6503767178193468,1
1.5122356265271844,-0.8527784314619556,0
0.49351732740394966,-0.6658339914725342,0
0.14215400162576303,0.18914471832893665,0
-0.10595936503717057,-1.8837833822099554,0
1.1359944504714283,0.9409800178311066,0
1.2116352586116796,-1.440333395321984,0
-0.030682568946380405,1.035584963822626,0
-0.9738706268617787,-0.7742475824451114,0
0.3705085183596419,1.5583262234073927,1
-0.9264315294572465,-1.38826921459307,0
-0.03808240248964744,-0.1527222209577673,0
2.686667766909089,-0.4755288044335058,1
0.16336221724878974,-1.7215883038341433,0
0.8695914518890795,-1.2568397817812398,0
0.3068520527776084,0.04758958842511327,0
0.6433951719685533,-1.4134699097759005,0
0.025436214922485635,-1.812673466202501,0
1.115223932146062,1.784237195190347,1
0.032892636250031006,-1.7855806106267784,0
0.4775917380349876,-1.5262287887769825,0
-0.25941057690653846,-1.1482386354717125,0
1.2138199319398373,1.8337461152574022,1
1.0193226375317639,-1.1564310747522022,0
-0.035771167973960634,-1.8487782430945048,0
0.0016495494303059364,-0.14794848108521,0
0.35017313930699917,0.08803721278017705,0
1.3889183939497556,-0.9349355455225391,0
-0.1423029045813237,-0.2311471938849836,0
-0.5052525303074703,-0.12969835018756587,0
0.14871957243079628,1.1566609800857413,0
1.4557806069086199,-0.8989746696919454,0
0.6807529890974566,0.2946924143028193,0
-0.13235931759269784,-1.907882723572423,0
1.321042621903386,-0.9807695028113618,0
-0.6351976383583333,-0.5334259899169062,0
0.7649038759863859,-1.1179626564407246,0
0.2734222542884689,-1.6460212230023545,0
0.4238851430926748,-0.34052922076314623,0
0.5269796156666539,0.19220538532947062,0
0.08685674134747741,-0.0927716633946943,0
1.2863045690134651,1.0564354325648437,0
-0.01219020332021708,-1.8294043981592223,0
0.9715327104775551,-1.2003930901239896,0
0.19596907092363747,-0.006807672260214965,0
-0.5093213316542424,0.8110635156835082,0
0.6074289046667583,0.2386753318540077,0
-0.019874590976023433,-1.6741943798829828,0
0.12427162649964325,-0.05294967108932893,0
-0.3387899168138216,-1.8623772337846098,0
0.840659801140478,1.6000693801907464,0
2.0488200433442123,0.6813269139081862,1
0.5086582672271153,-1.506994134706497,0
0.1121072069761108,-0.05526001543234429,0
3.5821978868819038,-1.6024877301619669,1
1.4246986762472038,-0.9233303165425218,0
0.7840541038153779,-0.13046279329846933,0
-0.7254621353663077,-0.6101817036611016,0
0.7412978062904788,0.3189666889357499,0
0.6434061491255851,-1.1298626545251869,1
-0.30772691243532224,-0.3464075881815069,0
0.5106110254965084,-1.5075192598387523,0
0.7583011471745049,-1.1736244037833972,0
0.5385894221180759,-1.4772997581051148,0
0.07794027152084014,-1.7828305308084227,0
0.16765854816534323,0.3087373451236984,0
-0.8967339711797926,-0.724230748511717,0
-0.1757167809461303,-0.04811212214574403,0
0.7022062884643216,-1.3831230779251555,0
0.10007954495942224,-0.923591342574762,0
0.05640522772855284,-0.10886647753981234,0
1.0893524466711821,-0.3025390762245494,0
3.4798560960236515,-1.6720046632797663,1
-0.41187908950577207,-0.3983168999797788,0
-0.13830375270365894,-1.912535974261844,0
0.6918660913827671,1.4879825424481505,0
-0.25821188239315346,-1.1443700377709531,0
-0.23794469874031984,0.8930504907814718,0
0.20890350496767962,0.08790054087904324,0
0.4259459885563074,1.4645288230449733,1
1.3388131909069074,-0.9822666522186209,0
-0.27627473842222333,-1.173718678142807,0
0.7056779895587736,-0.06636147781515346,0
1.59381670050728,1.2301459365679186,1
1.0131861773863766,1.7103791727059134,0
-0.8036163460763035,-0.6507879238784663,0
-0.8757449594911824,-0.7141478232394941,0
1.1649577362694392,0.10771406254349346,0
0.36465584378949534,-1.601930017044212,0
0.965875679166839,-1.2228859976479738,0
2.3004120042365264,-0.7506238026155417,0
3.0407399229305154,-1.1195768777461632,1
0.861720420105315,-0.06092794310027263,0
0.29703481934074055,-1.473278127806594,0
0.10745129678036834,1.1096707839630175,0
1.5714559423746732,0.36931912904956393,0
2.1115841183060464,0.7129158335005478,1
1.3270243112700724,0.21862394708015598,0
0.4945639343364943,0.15573416836480913,0
1.0748824125811856,-1.1461997323795046,0
-0.05082551808978298,-1.0191218615146886,0
0.05289992667683691,-0.12094727880258753,0
1.2978905100989062,-0.9905123651057196,0
0.16123622319177222,-1.7301386075911476,0
-1.2193864293684904,-0.23664305620613063,1
0.9187177273703004,-1.2489596876631628,0
-0.08446648729106772,1.0183416255465407,0
1.2246025016516766,-1.0369881003118806,0
-1.8757895025785731,-1.5791485326678458,1
2.5701767499738035,-0.5369959819830008,1
2.2401907612565677,-2.4568468539521233,0
0.4542742027256596,-1.5468123667539682,0
-0.8470806735695957,-0.6947307389687974,0
-0.2206234826140394,-1.1333119708156805,0
-0.9311926701767805,-0.7425813605692978,0
0.1376697977909931,-1.7522523693163172,0
0.8210776237616446,-1.3171204597135178,0
-0.0998467039963849,-1.8931807785428951,0
1.3999121294389838,-1.326040252139218,0
0.6507792288363374,-1.4217595573431863,0
0.9248233312774277,-1.240687316943452,0
-0.5072508677209218,-0.4869404642936124,0
1.6996188493528672,0.46479650016036006,0
-0.6257065899749441,-0.5574499812498951,0
-2.9477024120394635,-0.5540697292195275,1
0.2554124327916013,-1.6655219257172091,0
-0.5371401415306678,-0.48323808534376533,0
1.4967727593400613,-1.2685395368136339,0
-0.3980413894727268,-0.40994909643911026,0
0.7438524316451907,1.525819981135902,0
2.737270119249854,0.716922418235553,1
-0.10360407032734555,-0.21723942455097223,0
0.46766231272476727,0.1398145839909281,0
-0.7702065861514346,-0.6500851574406035,0
-0.8888878990843381,0.7625257012122744,1
-0.4069230883690073,-1.9241845661262924,0
0.184050203843575,-1.7122526832400171,0
0.04798427420325583,-0.3284301091371988,1
0.2219840064362653,-0.0201493652894927,0
0.2684900420103631,-1.6735223462683955,0
-0.446148207820803,-1.274698470820587,0
1.1297302280520773,-1.1068294779893895,0
-0.47850812948944615,-0.44962798281323196,0
1.9654939886466158,0.6166564282093402,1
-0.7736811422791019,-0.6516199753044358,0
0.5660992298775303,1.662826757318352,1
-0.0023701896153984986,-1.846127528743948,0
-0.43023181995500304,-0.4340166079045267,0
1.1596764609392385,-1.0767671865737687,0
1.2716059650129357,1.8483682283925242,1
0.6283132690131129,-1.419302706276439,0
-0.533884266536315,-0.4937403544527329,0
0.9920568671088636,-0.3596192432695147,0
0.9486778310116475,-0.3837461268216537,0
1.2811692158856218,-1.0239526171737388,0
0.024263367257400838,1.0478548787940052,0
0.363655806517428,0.06949559510762592,0
-0.6487220305300917,-0.564064271335431,0
-0.6330216626302955,-0.5704768416828087,0
-0.04159309747851559,-1.7225934623834507,0
1.334538263461218,-0.9902303149029571,0
0.6145138662829802,-1.4398369990550113,0
2.624760016200049,-0.4028261576613012,1
2.7729882493378475,-0.9497323169170214,1
0.5836089403403717,-1.4622461858212092,0
1.91205553187294,0.5716510166233453,1
0.6665538437828453,0.29770732249952153,0
0.9940270410686793,-1.199586877844022,0
-0.028998957283284645,-1.8521954781379717,0
1.0117766909091552,-0.3494554731995342,0
0.33124522833868414,-1.631941908074036,0
0.4431999737031059,-1.553983855904257,0
-2.311075166805929,-0.6618670161595582,1
-0.014778790394385672,-1.0028760246067738,0
0.5109477242952508,-1.2749073152771466,1
1.4150680041301251,-0.9444793462655819,0
1.21667850127325,-1.0706419066034862,0
0.18738270950849478,-0.028985852148086206,0
-0.3899002567084592,-0.41327896586725976,0
1.0219233811969632,1.6856004978416625,0
-0.9495769062538252,-0.7688414221134058,0
0.3149712879218533,0.2514837543806125,0
0.1978247942785849,-0.027851959823779932,0
0.10593144263484432,-0.09422313572910156,0
0.2875853146577614,-1.666013053453489,0
-1.920202863662084,-2.072179933393669,1
1.0679910788718836,1.8662435828113253,1
0.4476511546315433,-1.563481373397375,0
-0.8761038298629499,-0.6886729027845375,0
-0.7895060547806535,-0.6755706161819865,0
-0.19134279615764327,-0.28827907333689684,0
1.2935581891224488,-1.0254470454295217,0
0.964300515477158,-1.232540636261812,0
1.5838638668287663,0.3709651311332666,0
0.131740288232354,-0.08258324024099974,0
1.3968019080220018,-0.949090383639272,0
2.1681595956767437,0.7559610637556302,1
-1.1164991525004233,-1.4454614463493896,1
-1.938545033587696,-0.8166033983760801,0
0.9052776573110872,-1.25959937642417,0
0.9251644770139571,1.616659937837409,0
1.018842623285675,-0.0033864550264005758,0
3.63996854475316,0.44463665394483104,1
0.4563980383721656,-1.1453770625321174,1
-0.10515123186183574,-0.2241476649359555,0
2.105691233676643,0.308879858485334,1
0.642943128954244,-0.5832956691040599,0
-0.09533834203000309,-1.8920070870542545,0
2.3727896795149737,-0.7155295030563781,0
-0.8974665495294424,-0.7286999788293854,0
-0.7665426371118811,-0.6652782827013354,0
-0.20300387742953205,-0.3006884127092133,0
0.2862205430029693,-1.668780307746597,0
0.30736281399829574,0.03828254648045452,0
0.7961751917335721,-1.1033286327096117,1
0.4145104319742968,1.302230957648644,0
-0.7564467099116573,-0.6381489001482805,0
-0.40608363262850194,-1.2582061083127936,0
-0.035379357614372504,-1.8664510015963378,0
0.4142418319373515,-1.588922847580673,0
1.0782869125645964,-1.16545417976259,0
0.8601905030420913,1.5961280591510394,0
0.49146841170761446,-0.33833770190859264,0
0.6596038672767696,-1.4037814942450892,0
0.6602126472119314,-1.4212065699048482,0
-0.14411409538814443,-1.9446497014574784,0
1.3843012496374998,-0.9538284703330567,0
0.5133141304207288,-1.5309937668691165,0
-1.0412406152079887,-0.6390697580545863,0
0.5944820965018452,-1.4752440923171006,0
0.9631196692289075,-0.38858396468130757,0
2.437969744883413,-1.5030319099689196,0
0.9732795267798775,-0.3872188581751978,0
1.314336647607493,-1.0174070959525139,0
0.13536875987338115,-1.685061168158962,0
0.5282309216052353,-1.520739128077702,0
1.487858381823956,-0.8953989070736534,0
0.11078780853316746,-0.9373158131440541,0
0.7437606168099002,1.5158429132401547,0
0.33805851110445534,1.4278007232352228,0
0.7970192218060281,1.5412007952415552,0
0.15714116685186968,-0.07429605929043771,0
1.588758991574472,-0.837008463367169,0
1.008413449044986,-0.3741582312654232,0
0.023594341274978677,-0.1559094121187644,0
0.36661517658519854,0.07052469277751304,0
1.0874587252695145,-1.1490068908267952,0
0.5303361792204861,-1.5128020209419464,0
1.3019197224038876,-1.0119567437592465,0
1.40333729136568,1.9290035373155119,1
0.17535114766934684,-0.06363108768260285,0
-2.396689470226615,-0.5775732815260787,1
-0.16279150746858956,-1.9238236022627455,0
1.0426172563064446,-1.0954861097613524,0
1.3181844373407703,1.8632936991039881,1
2.061729376140724,-2.593135479171465,0
0.16286600173439786,-0.0747949122881514,0
0.9312288654466236,-1.0779695724378067,1
1.4695889540153269,-0.9176196833878967,0
0.8385191122164672,1.5632132917102797,0
0.3725912399919495,0.15719622865636235,0
-0.5336543856766581,-0.49504660320527316,0
-0.7036793812245068,-0.6081744492729411,0
0.18134263807428322,1.1403340753432345,0
0.5290918781412713,-1.4012737259311572,0
1.134323445479726,-0.2959935051550235,0
0.7157818743608554,-0.5602560902136521,0
-0.01953360348248833,-0.15586930333732488,0
0.45899872705144457,0.1260636366006435,0
1.4882168099162543,-0.9070738547975067,0
1.3431594136578584,-0.9989713146578262,0
-0.8904320823088556,-0.7420085194411552,0
-0.6574234221741794,-0.5671882750694579,0
0.095898746219176,-0.942874809506126,0
-0.12943617317495024,-0.2603855632141193,0
0.30418873044762645,-1.645661589748724,0
-0.8848077885907204,-0.732895435241251,0
1.1044865102033274,-0.2842097716293387,0
1.1671224554892363,-1.113654950113137,0
0.5247617467254007,-1.5165762599314871,0
1.2611719599597189,-1.0559426958417664,0
-0.08359087571747906,-1.9144076379988921,0
1.1448837458728096,-1.11740876864399,0
0.03784938973313493,-0.9787726553057309,0
-0.00010387140692232816,-1.8409696259054804,0
-1.4805758846370247,-0.5195245270170279,0
0.46895363182988664,0.12593504695730923,0
0.7770662811075537,-1.3568824265830062,0
0.3117060512101646,-0.8242342240640502,0
-0.2675907753434657,-0.3350845799757593,0
-0.2556255430796879,-0.3420662206644823,0
0.7775893285029051,-1.3658815660329717,0
-0.047557179248279256,-1.8924967138162898,0
1.4282918045256778,-0.9358239172680382,0
0.2765356949640931,1.2042830404276326,0
0.11214599947276578,0.0010449320151294892,0
0.4161858145879129,0.09955508664418304,0
0.34038087921158117,0.4096921330458469,0
-0.1290360746156197,-1.9490249954939682,0
-0.1578679590861441,-1.9273694767978482,0
1.8693434221193033,0.5440907652764311,1
-0.25288054533507887,-0.34265345215126825,0
1.0409841823514265,1.703401418233948,0
0.0467102041881386,-0.14035400853389093,0
-0.32812642784097446,-0.38924467243060756,0
-0.27027374171941776,-0.32824260510639386,0
-0.6969748486088803,-0.6286011895136482,0
1.3105182595192857,-1.0247527757380237,0
-0.45958393879246273,-0.4532046874879626,0
2.2136379721754658,0.7612744818099189,1
0.008932120180091712,-1.0117859275024648,0
1.1533975738333984,-1.1187623633685109,0
-0.03145823216226611,-1.857019185437383,0
0.20563505896040157,-1.4376067074421734,0
-0.10244377030741421,0.953024507454094,0
1.759299996311343,-1.1324542162091398,0
0.5033600326214066,-1.540645324836475,0
-0.814024446266692,-0.691005903254253,0
3.347401189799302,-1.7930893468311568,0
0.34627499906907483,-1.6432712875228423,0
-0.18985206176487276,-0.17227583728489482,1
1.8967056213913134,0.5550532795463201,1
-0.09734080223240942,-0.20760378420835884,0
0.13494375012791615,-1.7629666025069277,0
2.87733020016179,-0.4140059311215342,1
1.1366391202615784,1.742012355036347,1
1.5134736868681038,-0.8822962348026292,0
1.3191064975739044,-0.9991327602474922,0
-0.09887659985750524,-1.9123193052768335,0
1.9291879017572753,-0.9161597873649194,0
-1.1288500911164077,-0.7401597377526457,0
0.256320932990848,1.1978212373471686,0
-0.11271945559874282,0.9411004546711065,0
3.70536084435668,-1.5656588846925727,1
-0.4563980907752453,-1.9760514887720715,0
0.08949530295363721,0.08106989918949435,0
1.361037567578668,-0.9848537382713874,0
2.4941609564472698,-1.47802007384375,0
0.9658790034501888,-0.032691394283804874,0
0.7751218621249986,-1.3445052766323415,0
0.9350678979317444,-1.137250505422025,0
0.5788041307351617,-0.301055858968124,0
0.06586351414233034,-1.8013677086116646,0
0.6542183947849111,-0.2374695841977953,0
-0.2672195814835297,-0.35748169077891384,0
0.605733109924267,-1.4754196317350392,0
0.02349062566569888,-0.16524846238466473,0
1.3267462989376115,1.8560975411366276,1
0.22381645321287852,-1.7168585774285545,0
1.0038937423534475,1.6586016152198946,0
0.8581833398922836,-0.4765326511552188,0
0.5802948685121382,0.18923653466963897,0
2.510812500758802,0.5488567175066476,1
0.1373746413640904,-1.765338373563462,0
0.47018974601467917,-1.5578855955528152,0
1.1186688785547498,-1.1542149159302666,0
-0.143155134096813,-1.9651907853217203,0
-0.4302746859719804,-0.4532180623262283,0
0.7176561470285844,0.27923020959954,0
-0.02797898800829738,-1.8694983196640973,0
1.336627894142553,0.2047609652574821,0
-0.052483689916734876,0.9824798527979165,0
-0.17747853025515997,-1.1407850620333144,0
1.768058912671734,-2.6128967674675065,1
0.15878121452359623,-0.07657571783266871,0
0.015905429197507516,-1.8459342690497824,0
-0.12805869971452397,-1.9550915856059683,0
-0.5853803020447601,-0.5648954909288619,0
0.5833150391195328,0.18814280103426728,0
0.38330896275276355,0.06173394601559854,0
0.5031139382645498,-1.5456186562676646,0
-0.16917388783035278,-0.27530606922381473,0
1.3538910415489054,-0.989233112741377,0
0.04932983657828153,-1.841573095074229,0
1.4189506331672592,-0.9620772795703959,0
0.9792540186024602,1.809308893882979,1
-0.18869457381639534,-1.9913835028947964,0
-0.14321905275984798,-1.8364218470128524,0
1.0034649890792215,-1.226148488990148,0
1.2513327908687004,-1.4509526557420234,0
0.04057236475814333,-1.643143320057917,0
0.1984848882263589,-0.054654076969046415,0
-0.48981633404739594,-0.48200112240571547,0
-0.14653044850708827,-1.9594597422077136,0
1.2240088095893804,0.10699016453921605,0
3.4312122671472385,-0.5560641061432273,1
-0.4957574770428236,-0.5006983313454558,0
-0.6228623990597657,-0.5898606239614963,0
-0.12260694464942413,-1.9388454521972802,0
0.24361807831738674,-1.7175892612548533,0
-0.7811385920404406,-0.6926680669389534,0
-1.1726529975964932,-0.7262694080162361,0
-0.08947935189472984,-0.24765719796940755,0
0.2873675910688041,-1.6677233215379637,0
-0.012174145674096743,-0.19249603807563925,0
0.6341311677524696,0.2282698696930019,0
-0.875296930686799,-0.7424149266622256,0
0.33776197808760594,-1.6516978404090146,0
-1.3252366264139328,-1.9574363351103448,1
0.7772191695300933,0.31069704722019836,0
0.14542713373795457,-1.7596943234238407,0
1.0969950260828347,0.8727024460397993,0
1.3143568904456444,-1.024138143783384,0
0.14261693098158865,1.104210943118645,0
-0.15755303141603902,0.9102622510190382,0
0.07737033130783345,-0.13629279137178846,0
1.3108870171985905,0.16178174071961682,0
0.7486053945550566,0.28817990907213636,0
-1.090923318286233,-0.149012542832658,1
-0.3029313709006926,-0.36886388217748495,0
0.07354962226626462,-1.823838605475823,0
-1.6676582434431224,-1.0760525212537122,1
-0.5207380004912666,-0.5243072009674205,0
0.5600173466225123,-0.6758430991858351,0
-0.1005830421434591,0.9441675607878173,0
0.930728888151853,1.6065689750400243,0
1.197176821504627,-1.1042633713411076,0
-0.17823074095871114,-1.9761104328971273,0
0.8781104224122436,0.733241652398243,0
0.29196012816160444,1.2039207069915412,0
-0.9865545964925653,-0.8051254619788701,0
0.9108432636061012,-1.2964696217271399,0
0.31235985689988327,-1.6578531160397634,0
0.8670307897874685,-1.3207539465164102,0
-0.3487923412334873,-0.4120749874218337,0
1.216799554313465,1.7886508950550035,1
-0.23993842672502874,-0.3521071923897781,0
0.48089627445543975,-0.3499731207658187,0
1.0291395866362265,-1.2180938185091827,0
0.847790068237489,-1.3329470236299952,0
-0.18185035577654385,-0.30876989850756276,0
-0.023523589576010646,-1.010364259347196,0
2.235729639091032,-0.8353049097036732,0
0.8628683426325037,-0.10934837238250895,0
-0.16816069571396638,-0.2983366029197605,0
-0.9209500751839379,0.7475545349887842,1
0.38686605968153326,0.08229143025263568,0
0.5262702201617899,-0.6918915933490588,0
0.4930695976187071,0.12442900195968597,0
-0.10152772171737413,-0.26250205741925414,0
0.30094907931686277,0.007843365932643157,0
0.8851944574368207,-1.171507290253655,0
-1.6133331593234244,-1.9269324638106657,1
0.5868943232452143,-1.495960676250286,0
1.0643121625719265,-1.1793446906586038,0
1.2098527774610282,-1.49815792017891,0
1.740260380934076,0.4326602453843175,0
-0.5911394093596261,-0.3813946293825231,0
0.09430702197218772,-1.8067230355690336,0
-0.13866152461912576,-0.26907365923449833,0
-3.1805468758179596,-1.7022094670370518,1
0.30749351495098837,0.1442068983151411,1
0.23012335675335627,-0.03889705601883744,0
0.15314248625133928,1.0925311435059577,0
0.4748377934052859,0.1463284405637662,0
-0.16757056790001287,-1.969246447367936,0
1.7074678128510474,-1.1532391806619435,0
0.7792122589005974,1.4925134094014463,0
1.1547191006640243,0.05481669082808347,0
-0.5874814371899354,-0.3906473794017849,0
-0.6242585151736945,-0.5880326403994797,0
-0.7361442856592638,-2.0825601274020986,0
0.5353037171446844,0.1809491857349984,0
1.1284483552708944,0.8979671107500283,0
1.3933272461347705,1.8991132900347998,1
1.6834808303898119,-1.2012824373979507,0
-0.8694362806896623,-0.49523720245073377,0
-1.1279965386140034,-0.7002728287735737,1
0.30571376127117184,-1.6717835021810763,0
-3.856526110977431,-1.4671204063718866,1
-0.09244707690157009,-0.24652568044750234,0
1.1426117116131986,0.043070588967808555,0
0.7475031911640898,0.2907839071842288,0
0.5684841317829813,-1.5189341339343225,0
0.4475744236884655,0.22747872723510754,0
1.26427366413322,-1.440329435641287,0
0.5968522903525445,-1.4800334427551298,0
0.8476665587716837,0.7057840649683901,0
0.8587193290861691,-1.3270474893354978,0
1.516257338692264,0.3083835790699037,0
0.5579831180335851,-1.076800082433044,1
1.3240116112029439,0.9958227580311579,0
0.34651995401187397,-1.6407064614585933,0
0.947291331352182,1.6115900749324281,0
0.6966967388155477,-1.413273509087648,0
-0.9490760436708892,-0.8140698765444959,0
0.45663406348525454,-1.5807294769524263,0
0.9693378503846075,-1.2674506766478284,0
0.3395949232795757,-1.6684495916684225,0
-0.7556380411632376,-0.6804055177340043,0
1.4129213265970775,-0.9648855794969277,0
0.43940793285409246,0.0765560469659226,0
-0.7522266470562571,0.7593373004029488,1
3.3310160725194007,-1.8202946987070947,0
-0.04908995788674112,-0.22468724603811013,0
0.6199682928817797,-0.6219251055482913,0
-0.9497513751419506,-0.8151782157242677,0
1.537430798866645,-0.8942763769564349,0
-1.2637782204543417,-0.03544982926861142,1
0.22330758013378998,-0.05294469847568325,0
-0.20757950763169186,-0.3190881971226762,0
-0.07493945888212068,0.9401223320677765,0
-0.8731099799702723,-0.751770597750327,0
-0.1676061466038592,-0.31327222874781546,0
-0.4299737200284178,-0.46660865482625247,0
0.5058368625698353,0.128963288055853,0
1.1109675936993806,-1.1779035282493402,0
1.503108503292065,0.26896810682814004,0
0.9761018745736882,-1.1202150377073483,0
-1.1881759213782621,-0.48673701075700304,0
1.1845811749756816,-1.1234876183772757,0
0.4147415053106444,0.07968309193823968,0
-0.11105979536177635,-0.9265461468743725,0
-0.15668108637662467,-0.4201197930746369,1
0.11311119140480906,-0.12338411354789157,0
-0.6715550159947745,-0.635118633243033,0
1.4389118147512838,-0.9720154981813337,0
1.4393632383194934,-0.9720381254879412,0
0.7680105485782881,-0.03572457670525533,0
0.5987300389928195,-1.4923909568483698,0
1.3306418521337362,1.84087809124643,1
1.4060998993580605,-0.9861848237658839,0
0.5585787145660881,-1.5249220992128165,0
1.1794233256092146,1.7565723486710099,1
1.9311672242743736,0.6898732105180478,1
-0.304581514840774,-1.2447545719048887,0
0.513842721131273,0.13697674759553624,0
-0.2832375020766294,0.8101650361710815,0
-0.5544275432710114,-0.4616240138012875,0
-0.08587815102060832,0.9446096447737011,0
0.563596544156735,1.3832848494227512,0
0.10354984384388018,-1.4817993729031003,0
0.9693256261375298,-1.2715657369838338,0
-0.5467445264574982,-0.5567558060193426,0
-0.456577641755432,0.15962088512337502,1
-1.0013564260660948,-0.8091789040608345,0
0.7553184757801936,-1.4090951641563048,0
0.4531146948505357,-0.3816867175224962,0
0.50539259839075,-1.569340638807029,0
2.591365664599342,-2.3031443551471096,0
1.1346420234087593,1.1184161076798813,1
0.43127841102822323,-1.5809065934551714,0
0.4405982841675817,0.07207577985082307,0
-1.7668337312188038,-2.1686681122738345,1
0.9521962310660546,-1.1010081305425825,1
0.7540828257731939,-1.3839664286231768,0
1.5071713746531097,-0.9295050312249188,0
0.4647845827572062,-0.3111170938449172,0
-1.5545560859488385,-2.145496571678906,1
0.33415017050375717,0.0029386721728503025,0
0.289883640378176,-1.6032715753322666,0
-0.2403968516838365,-0.3636025859030459,0
1.4850336300509892,-0.9247130646548587,0
0.4221015935142974,-1.6095412232882547,0
1.4709635722569492,0.2510614156100533,0
0.4400026938499703,0.09693641472981156,0
-0.03965266441144041,-1.915423174524043,0
1.4230807563850763,-0.9781750352867983,0
1.0206538706753594,-1.2399824512645437,0
1.0502117864810752,-0.01390352651353623,0
0.6209998759195947,0.2024743016386027,0
1.220040781050126,-1.1140335474934515,0
1.0590902894507548,-1.0689410355333764,0
0.29406722594262946,-1.7083809733652633,0
1.8607094157436803,0.1254694822538177,1
-0.7010268926724532,-0.6528922817729504,0
0.28463801298598856,-0.03229831088751758,0
-0.20848586141088535,-2.011857064363816,0
-0.34095702824759294,0.7714839056702857,0
0.8540179139855149,-1.3447947896203116,0
0.437750157710924,-1.6174241566047936,0
1.160681121358884,0.8842930799747224,0
0.4014569012053168,-1.6318496722178955,0
-0.3637920352443483,-0.2362888881871479,0
1.275591341215622,-1.0806187094651754,0
2.1567442897075373,0.6934399727929038,1
2.1115701644547467,-1.505876461666592,1
-0.04218986029036364,-0.20508290594062858,0
1.0922100784916957,-1.0914971409836367,0
1.257566819297113,-1.0925350868646275,0
1.2835818927960008,1.8456503825508759,1
-0.16539022444861073,-0.3200641627263876,0
0.9676826122667351,1.6056477736400512,0
0.4521979257797856,0.07009547459159308,0
0.9771103803568257,-1.275132711618636,0
0.5294534694966015,-1.5438311935066118,0
0.5195715381807147,-1.5628545920157526,0
0.27353053213877454,0.16449376457471498,0
-0.18184228153930612,0.8636035949247477,0
0.8764171967760774,-1.3257837898076514,0
0.7366714769788708,-0.5779752474249671,0
1.3419476312113905,1.8448240936034637,1
1.447613946301217,0.2266041702406919,0
-0.0990790534139941,1.154578808331075,1
1.714962515740459,0.4065649015872807,0
-0.6642905162135597,-0.6151845610914424,0
0.0430588041175139,-1.871624916490899,0
1.0110737314502598,-0.3886836555291665,0
0.9430010596499454,-1.2903223442725573,0
-2.755120485032184,-1.0822252701772401,1
0.09265771364703691,-1.838294208593311,0
1.3158593042748894,-1.0508119284370943,0
0.39010298901326795,0.032758620765317194,0
-0.10954253009700486,-1.965220166982028,0
-0.9355773899725816,-0.8141771876639402,0
-0.2921287555252409,-0.4025597233606311,0
0.48552970074270946,0.09921110330662557,0
-0.6557119978072408,-0.38843093205014656,0
0.10798930698266636,-1.8192631609332983,0
-0.36255206135337925,-0.43979438825400363,0
-0.36425963767065184,-0.4488591634268764,0
-0.060266009142595924,-0.12381255257538475,0
-0.9685133720161767,-0.8373528400110987,0
0.989965629284475,-1.2496852309805286,0
0.6805777070456855,0.23275513827143646,0
0.07145813235247385,-1.2253377300165496,1
0.7713890470495152,-1.3878194341384447,0
1.4878911108049362,-0.7077955589056683,1
-2.8910533728529786,-0.6951512156861073,1
1.0406077257541075,-1.2338048186248938,0
0.5303382766847573,-1.5468955417398773,0
0.6415885054139421,-0.2909438800622763,0
-0.27109014807214116,-0.3921950286826587,0
1.6024437464780923,0.3257787850576562,0
0.24975061278924537,0.08778309819945172,0
-0.7734054881817527,-0.6955434930633309,0
-1.775544290124132,-1.4868096383908684,1
-0.3811353810090771,-0.19158782090737692,0
0.5264499453700792,1.3163884434545197,0
-0.031197577582616078,-0.24301403943194436,0
2.6412495543863357,0.5868852195991447,1
0.056700439268637944,-0.18623900123527226,0
1.8400570667740348,0.4744297080603875,0
0.6850189198197207,-1.4635247952749038,0
0.9023105864466614,-1.3172387630457405,0
0.5280469230848948,0.12046455242614694,0
0.43703341528391565,-1.623566046868374,0
0.9853724602298357,1.6033156863178908,0
2.3874613440975927,-2.4478179733156438,0
-0.27857770527905745,-0.39488967774299927,0
-0.4890213395582924,-0.5316019686510063,0
0.3836857359195211,-1.2313431896972002,0
2.1648447153408292,0.6798368153570065,1
-0.28122604959683717,-0.3782323639519944,0
1.0272192982293864,-1.2381297358912247,0
0.8875982610245532,-0.14238477569010055,0
1.0273504004608152,-0.3993958340337868,0
1.0986949935850676,-1.0706763948649625,0
-0.9315337521722246,-0.8088696973960673,0
-0.8593680326984937,-0.7544001647699083,0
0.5865989621516038,-1.532352809160238,0
0.5225817486155989,0.12688264118703885,0
1.2080035007753462,1.7578487539250132,1
2.134411622022051,0.6567682799421475,1
-0.14491408504664113,0.8806235596808265,0
1.577698391041736,-0.8938700510799777,0
-0.44264546036333474,-0.4824327390096744,0
-2.100233994860774,-1.1383038823689353,1
0.03068028645417898,-0.2013844577609892,0
1.1164041586522817,-1.1649204739799184,0
1.4224436073236046,-0.996399973010069,0
-0.2376311281523633,-0.2251111034744763,0
-0.8785756296136279,-0.7846544484711878,0
0.6171160541098392,-1.4940387590537132,0
-0.2132818859971529,-1.9081822475749162,0
0.3092444499950823,0.3538850701885969,0
1.519081567976979,-0.938658969488127,0
0.6890662194840538,-1.4573027031226082,0
-2.221017123266886,-2.0924534259988423,1
2.7499321426294614,-1.3822659452290451,0
0.19530801336000947,-1.7854870705709671,0
0.9863887358187522,-0.4166349108055591,0
-1.3353142739883488,-0.7767364659222897,0
0.6878349935894894,-0.2712245560492436,0
-0.17076106008800415,0.8748575298831304,0
0.2532795566562223,-1.750972146044241,0
0.5772979082496063,0.15036028924108674,0
1.1193545503131535,-1.1922558770652456,0
2.3271808089461414,-2.31253365910931,1
0.08824836638872553,-1.8200473127347356,0
0.5964954844535612,-0.32934656583924843,0
0.8320676739166312,-1.3496631217698245,0
0.30984412467925265,-0.3034967402999628,0
-0.49741261841444445,-0.3712598053376879,0
1.4849805904699946,-0.9454997373261896,0
-0.7872704335792813,-0.7031401646098866,0
-0.6037546350651397,-0.6055661450422859,0
1.2356787831707898,1.7675793067201875,1
-0.15446469016881706,-0.29332701745556833,0
0.5349910510636237,0.3400907039366046,1
2.998367096840221,-2.0545334479953676,0
1.6915159630732217,0.3679868181141874,0
-0.29342239190771485,-0.41070899923488396,0
0.601217570155338,-0.30367575108932415,0
0.11892369031100115,-1.8341712314553498,0
-0.29234679084811277,-0.4195325494186091,0
1.7097495301685297,0.37902100082405416,0
0.43020150121404815,-0.7651462280093577,0
0.5906107864518277,-1.422857248218205,0
0.7799651824407607,-1.4028125847003061,0
0.9693538926155467,-1.2782041579672474,0
0.7590003585994868,0.2628907513224032,0
-0.17754307058430002,-0.32426244266255166,0
1.322383540056175,-1.0591411705118603,0
0.00808675725086625,-1.9042512153137559,0
-0.04860563595010065,-1.939119680029435,0
-0.42195671584210814,-0.47513769317569854,0
-0.9333769802668861,-0.8145433837307487,0
-0.2761279130140296,-0.4008233406263873,0
-0.43834651332219504,-0.49533541296619055,0
-0.00973867575029574,-0.22972198056718046,0
0.6712668731683162,0.5529613493793905,0
0.6609660539241792,-1.4569839186982305,0
-0.6619127649352048,-0.6517476491519865,0
-0.38581606297224147,-0.4790758941607366,0
-0.7526327140193529,0.9654357459919142,1
1.9551766804123725,0.5365701706316409,1
0.4496011628118189,-1.6116286087478144,0
-0.22200819808784195,-0.3673522872684298,0
-0.47437405223902784,-0.43203277865895634,0
0.35535490023788463,0.007965610595179232,0
0.31507244574570065,1.1711246679612723,0
0.1601790986812328,-1.8043054116028858,0
0.7760140582518733,-1.4143214790107028,0
1.002797071269632,-0.43640585799864573,0
0.40783179217461957,-0.8146797669859891,0
0.9358267534255216,-1.3205415783551109,0
1.1088140990255748,-0.3246824164733917,0
0.3062974230776663,-0.8739894073139518,0
1.005264949546681,-1.066266549868736,0
1.4236499487040835,1.8881327773103027,1
0.8495721237726158,-1.3689928561585616,0
-0.5520827710595938,-0.5844718060590247,0
-0.7431891848403153,-0.7095247440456954,0
0.9394058732712549,-0.10777372120980146,0
-0.8047499341412576,-0.7365131251722009,0
0.5889918408716646,0.14665766622619641,0
0.9730452983766735,-1.2723105015812675,0
0.6078421448026728,-1.5284466584624625,0
0.8423103334684834,-0.5232205209849328,0
0.6014533945813071,-1.5296028317147048,0
0.1699813390320819,-1.804548664986166,0
-0.2685728772673166,-1.714618634621764,0
0.8901050822175942,-1.3377746355261448,0
-0.11409629618251417,-1.970088769399651,0
1.4884410947637874,-0.959261388251565,0
1.8873674058004324,0.5060704660185602,1
0.4235594199671718,1.2462692744319384,0
-0.4555675882130298,-0.5276635524506141,0
0.7893424969309351,1.4673667278494404,0
1.014163992801329,1.6147999747758488,0
0.191368401024206,-0.07213152114991818,0
1.6145795169002575,0.3158365752401125,0
-0.6046304465525749,-0.6205368861003225,0
-0.21085761762687236,-0.35151756516117283,0
-0.36592505406738607,-0.4623665372878726,0
0.026099276139920254,-0.21104003316761752,0
0.965812246208744,-1.3013802222747366,0
0.45223168839895783,0.05410484892382187,0
1.029242548737979,-1.2570461985388794,0
0.2784530838835125,-0.03658613622555342,1
0.841895553671749,1.5091294939007858,0
0.811930209631275,0.28280568621636487,0
0.2391843548588955,-0.07465653752092978,0
-0.8530177120186474,-0.5461138792692675,0
1.2649507573585161,-1.082271683734958,0
-0.7362537613607945,-0.6853448019505137,0
1.0213443358856813,-1.2676939851430586,0
0.1270662197878237,1.0510526711780703,0
0.6410803098923779,-0.669893001785111,0
-0.7064367003098382,-0.6898808225274686,0
3.142322331724225,-1.1488287557531023,1
-0.6259697774420723,-0.3031359278491282,0
0.2752125492394648,-1.7304485200983872,0
0.28008689206983606,-0.06071702748716403,0
0.4717169585212329,-1.5438548993870214,0
1.0070824130151455,-1.2794027255764366,0
0.6907066549998319,1.3975003743251835,0
1.1676582652450234,-1.17670193769305,0
1.5618884377300042,-0.8988997264463343,0
2.91617167431602,-2.1188488662983525,0
0.7428729897671498,-0.5944886496848529,0
0.7982446269667476,-0.21208679719495394,0
0.6443972215061972,0.17694263575785707,0
-0.3107562649704855,-1.9252883709446065,0
-0.7746255052912289,-0.7277804961752367,0
0.35710694666984133,-1.6668804064734988,0
1.251300893566872,0.0830255163840664,0
-0.03397920848348523,-0.2231182917623011,0
1.0337370261722265,-1.137118612064174,1
0.9673427135173265,-1.3041633915163704,0
-1.03660263867154,-0.5504124300880963,1
0.5722198688713461,0.2753556060063002,1
1.117136953913669,-1.1944834400602906,0
3.011835059715951,-2.0619875803499657,0
0.9155934668622476,-1.3299311444959623,0
1.4314625219012265,-0.9464644064228599,0
-0.19614127708002216,-1.2095289904006041,0
-0.7826744440040575,-0.7389082687580135,0
-0.8516211569801552,-1.4775575632855182,1
-0.19665204895561197,-1.0617564311618382,0
0.5154896337638059,0.4512956656502975,0
0.28580239791802264,-1.7314858206012949,0
0.5111663201640051,-1.5752567204893853,0
0.7715800617457569,-1.4311139924894956,0
0.7106424132515221,1.415404806200426,0
0.16817193582554335,0.0064392289229257375,0
-0.4076785048777288,-0.0029675463123765193,1
0.5806537758045833,-1.5564137001114917,0
-2.4370105405818046,-1.56074894178338,1
0.2770282092983415,1.139766986166352,0
-0.05588118790679517,-0.24598391352403098,0
1.1754360603391214,0.03432909849542418,0
-0.026434784801325918,-0.09355579440469868,0
-0.5464726146899385,-1.4300089621065044,0
0.9675807509425425,-0.4413758647775063,0
0.9088080360395692,-0.49398770153602645,0
0.15848131915520533,1.0687865572460262,0
0.4697721976874965,-1.6177872746421482,0
0.4792573126990533,-1.6077203535453448,0
1.554769859753962,-0.903731864851258,0
0.973760266182621,-1.288592752623983,0
0.38905248389985386,0.012489602499560196,0
1.134908276930574,-1.1945180042251495,0
0.019765123321900925,-1.9047272625806717,0
-0.5064991787509404,-0.5598878472489344,0
0.03764280246147773,-0.20696640419270296,0
-0.34683371265558205,-0.457325762159452,0
0.24333095108499753,-1.7664727486934066,0
0.30849921787909346,-1.486525826972097,0
0.7441619624532478,-1.4376678188869663,0
0.08180038722367887,-1.8523495920745452,0
1.5596696081331223,0.2740187353087297,0
-0.15752847223754965,-2.0284069699557996,0
0.30069970117644435,-0.03692117230652466,0
-0.5735758220474947,-0.5971610543974398,0
0.25338530616059707,-1.739532508698645,0
-0.743268509969968,-0.7103296758008241,0
0.6318822367705141,1.356822818930181,0
-0.5933514309749625,-0.6179660272894065,0
-0.041192792847938205,-1.7586392346236035,0
-0.844134541160342,-0.7870553177739911,0
-0.6934607097419412,-0.6944849690892893,0
0.28062637641614796,1.2070045335678619,1
1.1796507919259631,-1.1721942832264285,0
0.8073759628170583,0.27452525435585434,0
0.9383762954251289,-1.1132913862964777,0
0.30783839478658936,0.03835761115958545,1
1.1915817464143519,-0.32313220055201863,0
1.4660488846481072,-1.121384197017422,1
2.1402322673763603,-2.6268474977185634,0
0.9666474678386652,-0.418668980570298,0
-0.07759868366214301,-1.9569733914024698,0
0.8593285874785709,-1.3699445255861336,0
-0.31528884191690754,-0.42013478535298826,0
0.6452459969518214,-1.516015848996137,0
-0.9049977156574235,-0.8238388876315582,0
0.7457022374904624,-1.4573274900162634,0
0.10479085040196802,-0.17352130282327888,0
0.07976417778286395,-0.1948520936048446,0
-0.09381749718850066,-1.086426078687449,0
0.08692491290212058,-0.17651749886861173,0
0.7070756749084859,0.20541076086815757,0
0.4844418703872379,0.09298085814001376,0
0.7260940408233175,-1.4609547472979145,0
0.9186563122124506,0.6985612963700962,0
0.6393090565980231,0.15986764699963918,0
1.774340185274473,0.41679767929337,0
1.3694168822121007,1.8324033920240594,1
-0.06237342989827068,-1.9736340298754007,0
0.6335820078293399,-1.527877205010476,0
-0.19596290428447047,0.8268715774315242,0
1.2594338968566978,-1.1103189036570646,0
0.2993678890747625,-0.04940206465926147,0
-0.7095385993961639,-1.3906316176905025,0
1.4276458442784066,-1.4084344057935927,0
1.2092223444404397,1.7201334444402405,1
0.5504410850373928,0.12789620701904175,0
0.2245475797846781,-1.7913311505214087,0
-0.36307424211349215,-0.4732663442898071,0
1.444136116250521,1.8688300970107476,1
0.563152386398846,0.17303328886525382,0
-0.03655721038439592,-1.953462608452114,0
0.07096261660146698,-1.8674670314560298,0
1.3907779424848024,-1.0391254348167083,0
1.180210984965139,-1.1584300922203898,0
1.3760122167839208,-1.4434461811565638,0
-0.059108869511475974,-0.05301854520986129,0
1.3321300984339968,-1.0745660374038806,0
0.5608907695974352,0.11096500389227347,0
1.2234479431040572,0.6869247272170089,1
0.5020582649019826,-1.602114396938959,0
0.8812648219889343,-1.3701671800569386,0
0.6853576337195202,-1.4872383335924246,0
0.3646656960278702,-1.6843136718499465,0
0.11524225947732154,-1.4958627414145726,0
-0.045401141944738065,-1.947376484825915,0
-0.42274690690573136,-0.5014295347685563,0
0.3148225362792024,-0.049332566305637,0
1.4711694469988161,-0.9846823160173118,0
1.501814658426722,-0.9713915271780811,0
0.7750644177759405,-1.4394493565082256,0
-0.4405374979226088,-0.5307366939310183,0
0.10064068748414635,-1.8647734871133637,0
-0.5439356653385211,-0.5902388907260937,0
0.5804123146296507,0.1299031806693835,0
1.3594206738788654,-1.0546270109906335,0
3.1445592141721854,-0.7955751071571514,1
0.6913001930896888,0.1900894579244221,0
0.3991833660990441,0.014794131898691257,0
0.03598395969237068,-0.22361031952980423,0
0.4502123683991851,1.2266264786595946,0
0.9382358554562102,-0.4721393849247759,0
0.2375897089833658,0.01594838418609316,0
0.6042973192950187,0.1414327762354809,0
2.0385948198227335,0.5659427949751001,1
0.6548843238590062,0.16638362386972327,0
-0.1396833260238459,-0.3207198062291041,0
0.6422990358868247,-0.6746133655560462,0
0.16907674868773664,-0.99077294238486,0
1.2827102933590206,-1.111160015981257,0
-0.04778124022488709,-0.2809439554222483,0
1.1095401991388685,1.6484624011556575,0
1.4379285164519175,-1.0180801107341535,0
-0.18392139312507794,-1.2192755762208871,0
0.19954401083605694,-0.12164312819431168,0
1.412660373933082,-1.0222040771598289,0
0.11186874279963581,-1.026359794573583,0
0.34033175537408306,1.1560523651164198,0
1.3156800391575219,-1.0895330942849877,0
-0.28376715981036005,-0.4397054245848648,0
0.991083284838999,-1.2872947591993877,0
-1.260421320707735,-0.632253415353313,0
-0.5297106767547204,-0.5994355671078951,0
0.7584786498432824,-1.4362794316954977,0
0.8295790140185073,1.4739222073830853,0
1.5379409135501154,0.2524889695857167,0
1.275920415245848,-1.1137483694425308,0
0.0764731873123116,-1.7496697470132647,0
0.2832783803146609,-0.9142092471589865,0
1.2989371482236678,1.7715182083744463,1
2.4651705897366325,-0.7336012951601684,0
-0.7479631400859057,-0.7293556039209187,0
2.7088205873489706,-2.278610712759571,0
0.05555246870048303,-0.22373668920888698,0
0.8118522242765029,-1.4117266729897477,0
1.5590552396029922,-0.9320223381566451,0
-1.5349124403588437,-0.6580184290086274,1
0.8162354154077511,0.6230910251328922,0
-0.6878890819432997,-0.6947031574285245,0
1.3022730337430886,1.7885388291263022,1
0.137764736424789,1.0359556496382478,0
0.6330865368606257,0.15977204181933158,0
-0.7601584341549036,-1.335859110717031,0
0.8265312682171062,-1.4015996608162145,0
-0.5801817532015239,-0.6004228241325807,0
-0.41857233182155523,-1.0836867709892357,0
3.3840093089741736,-1.8546325014954184,0
-0.7693426944147591,-1.9849214983976466,0
-0.017903114459839796,1.028933905224555,1
-0.6347409301300797,-0.6527583206719715,0
-0.6950297543799564,-0.5226237091177077,0
0.1900872076791883,-1.8042593645357248,0
-0.740818721617998,-0.7127601786816617,0
0.622374021355522,0.14832986171685314,0
-1.326119462295658,-0.802117069691243,0
0.10783519304869106,-1.8694358380500027,0
0.7195486534751514,0.19771363228205718,0
0.5621091987201873,-0.7349670449776621,0
1.4803838078022709,-0.9896767606645326,0
0.12259755240187843,-1.6148691947175866,0
1.0383725796027732,-1.2750329158385172,0
0.2332574806090802,-0.1120894740695028,0
1.1564537723832955,-1.1962328670170828,0
-0.39757191825416,-0.5220585352540446,0
1.3062432271538356,-1.1038886628225677,0
1.3354650189919046,0.10471262888326548,0
0.3861212661596844,-1.688631351925736,0
0.8045812324692081,-0.5856672722045068,0
0.7073145427440639,-1.4830406336006696,0
-0.5779596812685616,-0.6285090218857893,0
1.865476157611705,0.07065366759826196,1
1.3708756206018717,-1.059828515306142,0
-0.01772197572478857,-1.9598247915300269,0
-0.3618492118630362,-0.4826771653389106,0
0.5711298773786676,1.3254171744573042,0
1.036227253976607,-1.2767308350452156,0
0.531376193120248,0.08008422742947095,0
0.20395377174980125,1.068797617688692,0
1.3907922601861968,0.14680665419562777,0
-0.9228640240414479,-0.856235538828515,0
0.7544558994588895,-0.2552882144245891,0
0.9399524568529212,-1.3355133611957857,0
0.6119093359980452,0.5007154094810884,0
1.2061762979002868,-0.9727465522979117,1
0.7584907635190552,-0.2550390962491231,0
0.7040776355178922,0.19270580226766798,0
1.3402062339644865,-1.0832986690178705,0
1.0677286246270352,-1.264315053582927,0
2.021271327959751,-2.7195836452819697,0
1.2891133530467054,-1.0826439781300927,0
-0.07928486622508353,-0.3191957076337203,0
2.2292140788205583,-0.9145377349586905,0
-0.30046797600433395,-1.2965323629566448,0
0.7807251615480051,-0.2437609805149642,0
1.1300577546424735,1.6527150201893,1
0.4370156550736592,0.011691881702309151,0
3.6180693985380836,1.1717635387024208,1
-0.3092430892543561,-1.6667096539858777,1
0.9796735243595575,1.5684449832579797,0
1.0408333574597297,-1.278222773068637,0
1.7069461734197546,0.5763450003272979,1
0.24134912189874103,-0.10579962857327359,0
-0.05061746982061328,-1.9675787495051613,0
1.3509753454889442,-1.0744985937066491,0
-0.41824418886841835,-0.528955660114009,0
0.45310721918456126,1.2436096986059613,0
-0.556024416041729,-0.6285490152372685,0
1.3113034503647243,1.7662727457335161,1
-0.17796137476627769,1.0861959170528892,1
0.1644269945629053,1.0424241125818698,0
-0.11702933278468172,-2.013281075853165,0
0.07366965276128161,-1.888473020799908,0
-0.027235356315679117,-0.2871369152133311,0
1.5926710219607452,-0.9166038923559849,0
-0.12557951075632187,-0.31101625770440755,0
1.5931054806987988,0.27009364936355645,0
-0.46234750247768497,-0.5629115513393981,0
-0.2169235608691875,-1.2425229232702837,0
2.122967233633858,0.6032301825617464,1
-0.9380383257150352,-0.8709168219809347,0
-1.3906624803782444,-0.5478737269110607,1
1.1886500754455516,-1.188007215123265,0
0.5010876864877265,0.05383856674331248,0
0.368000726021349,-1.6966021756900518,0
1.373719651484107,-1.072952854475346,0
-0.659331365380115,-0.6808779779019615,0
0.7347694257066081,-1.3621742146174642,0
-0.9624447085803104,-0.8753665161377813,0
0.2078460759194634,-0.0698058811813786,0
1.986244199047991,-1.059587557384352,0
-1.3231291315582014,-0.39037406810533826,1
1.5987822870907626,-0.9260312948486973,0
1.1832590523021076,-1.1811208069739172,0
-0.15775932930817008,-0.3437953636487475,0
1.1463340793070076,-1.1869293571170207,0
-3.398848657049911,-1.1340267754668434,1
-0.9056283530188544,-0.8413932089896222,0
2.2573235971917396,-2.583539944962063,0
1.678965282802849,0.31592544968235753,0
2.3474755772943463,-0.6133713247522684,1
0.08468352833542121,-0.22036545664792861,0
1.5378890608911637,-0.9536492100046131,0
-2.4071557778381916,0.4907738884397806,1
0.9830901376097813,1.5648523269027539,0
-0.44434705039450145,-0.4233170171958592,0
1.122481662077943,-0.03960755143954144,0
-0.4755612375121612,-0.5763800864148907,0
0.5552553898590835,0.1992176119759964,0
-0.6453730413774688,-0.6895668558473839,0
-0.6122412143780649,-0.6497575823845071,0
0.7773119495149386,1.4283024183476059,0
2.870831484289634,-2.1863856017341985,0
-0.2425948929120526,-0.42816294486842005,0
2.7029493617804072,-1.4429552136442727,0
-0.9383552898856502,-0.865451056026366,0
0.23900358562781893,-0.11980603385617376,0
0.7767898804618644,0.23214708221831526,0
0.9962695626539468,-1.2903137898548047,0
0.6716857557357111,0.1549585500433126,0
0.09404682887622355,-1.8984690580284,0
-0.636786576808177,-0.6719290866462662,0
1.3760156990577461,-1.0672717892874997,0
-0.5079002714308937,-1.439092761753669,0
0.37644541415547556,-1.7076849639277234,0
-0.08742837517991728,-2.0137070297047663,0
-0.48428362992084173,-0.570732467557897,0
0.5839832583327603,-1.5804942164504612,0
-0.10272265683900712,-1.2146959816792395,1
-0.7839527380675051,-0.7560744490302962,0
1.3945272860745805,-1.0390430392260017,0
0.17715524272214345,-0.9782100139364204,0
-1.1869332343298462,-0.8003187379392559,0
0.2810058825569263,-1.7666144455535195,0
0.7790712177533293,-1.4381394787203028,0
0.3671788218858801,-1.7188154445456445,0
1.023800942065496,-1.1047870613767474,1
1.2828447591130498,1.746916778529636,1
-0.8822276310979813,-0.8067227037246099,0
1.1690916357115737,-1.1961971115246819,0
1.668914107118003,0.5459032167045939,1
0.0391827971308075,-1.9261738375828121,0
0.3182999390727833,-1.7530419004248707,0
0.5999441343456151,-1.5446721064375988,0
0.12483300862444054,-1.861119459156569,0
-0.05745380793967821,-0.30703520566945386,0
-1.1659417355993391,-1.0622250112398162,1
3.5629368099198055,1.1551373619919296,1
3.8914401650880937,-0.09802997204596776,1
-0.3238231207895572,-0.4786819565110513,0
1.252174119637965,-1.123551965722661,0
0.26629738253583574,-1.7792138642769193,0
0.4063039324377334,-1.69698195125198,0
0.48931422015625,0.03693328934281718,0
-2.1106705414427687,-0.7862287570397432,1
-0.3766607199551995,0.9260771427561588,1
1.3153425103172571,-1.1144763085017158,0
-0.8958126469884548,-0.8540952023735927,0
0.8419182734273709,-0.21780426604789238,0
1.276726977568147,-1.129347041242105,0
-0.5740403226114001,-0.6485076670382312,0
0.4376869305552708,-1.6581703575518667,0
0.3353010475658531,1.129754286120041,0
-0.8215855001511894,-0.799768620899722,0
-0.8648624368688335,-0.8238799489983392,0
1.140826482644897,-0.03349225607353703,0
-0.31728092666155544,-1.3268490364264933,0
0.1833368651901299,1.0364389183327503,0
0.6418815714326571,0.13722567684911147,0
-0.34701381338788023,-1.340366444710472,0
0.43173119420540845,-1.6773268118655087,0
0.09872428215890507,-0.1984849375282916,0
1.086765041383472,-1.0026393371310518,0
0.4444043351144756,1.3370620266465063,1
0.1146162645388568,0.15157950989251,0
0.5781758116627975,-0.3902390575247105,0
-0.2663790407660551,-0.4375450796611822,0
-0.052758708982565704,1.0518335636424647,0
0.8142700514036638,0.6150520098020515,0
0.5495310824410399,1.2653981787344282,0
-0.13480355418447368,-2.052091798371744,0
-0.3078886173214219,-0.47917917995863135,0
-0.7280488655989834,-0.7349751689313072,0
1.5004577508847081,-1.0016086961345325,0
-0.6916260463018489,-0.7208955312399548,0
1.1329218028232195,-1.2146256163094298,0
-0.03975874584489717,-1.9858803099004692,0
-0.48053777028985933,-0.46246568510087377,0
-2.456379954163418,-0.9814187916878926,1
0.5301898228379385,-1.6292098870858869,0
0.11597337258569447,-0.20630682985897889,0
0.09888731143645917,-0.13058249683194317,0
1.3109781923808386,-1.1184317968632316,0
0.8626601442768274,-0.548334270539239,0
2.6145511679017663,-0.6771180922589435,0
0.1703799458785097,-0.17233504991772805,0
-0.7239219686560556,-0.7443392842412525,0
-0.34014216334920844,-0.49426888299289606,0
-0.5914628833458953,-0.9794527373887412,0
-0.19012094198356036,-1.8269997138105354,0
1.4275694199830997,1.8242004514296914,1
0.0866371311344898,-1.889575303646972,0
0.7933515252006338,-1.3550471744805153,0
1.1382567106760173,-1.215458090224633,0
0.22583846721376832,-1.8163620898484578,0
0.25331940802420544,-0.10833350121525094,0
0.33944640750517063,-1.7469567791731202,0
0.3106509130352726,0.40497371355941997,0
