Transaction_ID,Amount,Distance_from_Home,Device_Type,IP_Risk_Score,Is_Night_Transaction,Is_Fraud
0,1985.97,0.0123,0,0.89,0,1
1,30.45,0.0123,0,0.85,0,0
2,10.08,0.0123,1,0.8,0,0
3,8.2,0.0123,0,0.42,0,0
4,181.07,0.0123,0,0.94,0,0
5,19.98,0.0123,0,0.41,0,0
6,57.35,0.0123,2,0.96,1,1
7,9.21,0.0123,0,0.06,0,0
8,94.45,0.0123,0,0.59,1,0
9,27.19,0.0123,2,0.13,0,0
10,26.3,0.0123,2,0.89,0,0
11,10.14,0.0123,0,0.56,0,0
12,73.07,0.0123,0,0.6,0,0
13,26.65,0.0123,2,0.44,0,0
14,14.21,0.0123,2,0.57,1,0
15,26.51,0.0123,0,0.91,0,0
16,57.22,0.0123,2,0.27,1,0
17,15.81,0.0123,1,0.07,1,0
18,25.66,0.0123,0,0.63,1,0
19,15.05,0.0123,2,0.06,0,0
20,9.46,0.0123,0,0.53,0,0
21,31.34,0.0123,0,0.6,0,0
22,32.58,0.0123,0,0.35,0,0
23,17.52,0.0123,0,0.43,0,0
24,31.88,0.0123,2,0.06,0,0
25,61.53,0.0123,2,0.86,0,0
26,13.95,0.0123,2,0.65,0,0
27,38.24,0.0123,2,0.84,0,0
28,45.13,0.0123,0,0.05,1,0
29,26.37,0.0123,2,0.02,0,0
30,127.25,0.0123,2,0.32,0,0
31,163.52,0.0123,0,0.5,0,0
32,24.14,0.0123,2,0.19,0,0
33,48.7,0.0123,2,0.7,1,0
34,56.11,4.8088,2,0.2,0,0
35,10.63,0.0123,1,0.55,0,0
36,24.29,0.0123,1,0.27,0,0
37,15.9,0.0123,2,0.41,0,0
38,827.71,0.0123,2,0.57,1,1
39,53.37,0.0123,0,0.27,0,0
40,66.67,0.0123,0,0.97,1,1
41,88.85,0.0123,2,0.07,0,0
42,411.48,0.0123,0,0.1,1,0
43,44.33,0.0123,2,0.88,0,0
44,19.61,0.0123,0,0.61,0,0
45,30.05,0.0123,2,0.53,0,0
46,1005.79,0.0123,2,0.62,1,1
47,30.08,0.0123,2,0.58,0,0
48,87.11,0.0123,2,0.59,0,0
49,17.01,0.0123,0,0.8,0,0
50,59.22,0.0123,2,0.74,0,0
51,29.35,0.0123,1,0.64,0,0
52,20.45,0.0123,2,0.71,0,0
53,12.74,0.0123,0,0.29,0,0
54,46.23,0.0123,0,0.51,1,0
55,69.88,0.0123,0,0.98,0,0
56,45.89,0.0123,2,0.13,0,0
57,310.54,0.0123,0,0.95,0,0
58,33.48,0.0123,2,0.47,0,0
59,68.65,0.0123,2,0.14,0,0
60,39.93,0.0123,0,0.88,1,1
61,14.14,0.0123,2,0.91,0,0
62,50.94,0.0123,2,0.72,0,0
63,16.06,0.0123,0,0.88,1,1
64,13.29,0.0123,1,0.36,0,0
65,52.53,0.0123,0,0.84,0,0
66,102.47,0.0123,0,0.29,0,0
67,6.48,0.0123,0,0.99,0,0
68,21.55,0.0123,0,0.56,1,0
69,42.9,0.0123,2,0.07,1,0
70,12.08,0.0123,0,0.82,0,0
71,61.89,0.0123,2,0.8,0,0
72,57.58,0.0123,2,0.27,0,0
73,113.11,0.0123,0,0.1,0,0
74,870.69,4.8088,2,0.12,1,1
75,55.56,0.0123,2,0.4,0,0
76,27.16,0.0123,2,0.56,0,0
77,114.98,0.0123,2,0.69,1,0
78,28.15,0.0123,0,0.1,0,0
79,33.59,0.0123,0,0.91,0,0
80,48.28,0.0123,2,0.53,0,0
81,17.26,0.0123,2,0.99,1,1
82,65.84,0.0123,2,0.86,1,1
83,15.49,0.0123,2,0.63,0,0
84,2165.79,0.0123,0,0.09,0,1
85,57.44,0.0123,2,0.22,0,0
86,502.6,0.0123,1,0.89,0,0
87,426.51,0.0123,2,0.71,0,0
88,645.45,0.0123,0,0.04,0,0
89,663.63,4.8088,0,0.7,0,1
90,11.26,0.0123,2,0.1,1,0
91,19.23,0.0123,0,0.11,0,0
92,21.61,0.0123,0,0.63,0,0
93,12.06,0.0123,0,0.36,0,0
94,56.1,4.8088,1,0.0,0,0
95,411.21,0.0123,2,0.89,1,1
96,44.91,0.0123,0,0.42,1,0
97,79.18,0.0123,0,0.24,0,0
98,16.23,0.0123,2,0.81,0,0
99,74.3,0.0123,2,0.12,0,0
100,74.95,0.0123,1,0.77,0,0
101,25.17,0.0123,0,0.03,0,0
102,39.01,0.0123,2,0.53,0,0
103,317.88,0.0123,2,0.47,0,0
104,34.1,0.0123,2,0.64,0,0
105,8.78,0.0123,0,0.21,0,0
106,12.06,0.0123,2,0.48,0,0
107,8.61,0.0123,0,0.4,0,0
108,85.44,0.0123,0,0.13,1,0
109,30.4,0.0123,0,0.92,1,1
110,26.93,0.0123,0,0.59,1,0
111,49.58,4.8088,0,0.62,0,0
112,90.63,0.0123,2,0.77,0,0
113,48.69,0.0123,0,0.46,0,0
114,16.04,0.0123,0,0.64,0,0
115,9.04,0.0123,1,0.62,0,0
116,38.98,0.0123,0,0.06,0,0
117,1949.83,0.0123,0,0.22,0,1
118,45.57,0.0123,2,0.98,1,1
119,63.85,0.0123,2,0.3,0,0
120,23.54,0.0123,2,0.54,0,0
121,26.25,0.0123,2,0.43,0,0
122,2703.64,0.0123,2,0.05,0,1
123,315.48,0.0123,0,0.51,0,0
124,19.56,0.0123,0,0.55,1,0
125,28.93,0.0123,2,0.01,1,0
126,44.79,0.0123,0,0.11,0,0
127,26.5,0.0123,2,0.34,1,0
128,56.94,0.0123,0,0.47,0,0
129,22.77,0.0123,0,0.44,0,0
130,119.08,0.0123,0,0.65,0,0
131,36.96,0.0123,1,0.84,0,0
132,37.11,0.0123,0,0.44,0,0
133,373.84,0.0123,0,0.39,0,0
134,12.86,0.0123,0,0.48,1,0
135,59.07,0.0123,0,0.61,0,0
136,8.71,0.0123,0,0.56,0,0
137,45.28,0.0123,0,0.36,0,0
138,14.22,0.0123,2,0.2,1,0
139,787.96,0.0123,1,0.86,0,1
140,13.37,0.0123,1,0.91,1,1
141,26.94,0.0123,2,0.58,1,0
142,14.24,0.0123,0,0.21,1,0
143,29.98,0.0123,2,0.13,0,0
144,1002.09,0.0123,2,0.54,0,0
145,555.83,0.0123,2,0.49,0,0
146,23.29,0.0123,0,0.68,0,0
147,313.56,0.0123,0,0.21,0,0
148,17.75,0.0123,0,0.58,0,0
149,7.98,0.0123,2,0.55,1,0
150,46.42,0.0123,0,0.53,1,0
151,40.48,0.0123,1,0.88,0,0
152,88.0,0.0123,0,0.4,0,0
153,385.57,0.0123,0,0.73,1,1
154,54.64,0.0123,2,0.1,0,0
155,17.83,4.8088,2,0.23,0,0
156,39.76,0.0123,2,0.26,0,0
157,99.68,0.0123,0,0.57,0,0
158,42.74,0.0123,1,0.66,0,0
159,124.4,0.0123,0,0.81,1,1
160,52.19,0.0123,2,0.61,0,0
161,50.66,0.0123,0,0.9,0,0
162,17.66,0.0123,0,0.84,0,0
163,26.43,0.0123,0,0.84,0,0
164,62.85,0.0123,0,0.85,0,0
165,14.47,0.0123,2,0.71,1,0
166,45.95,0.0123,0,0.97,0,0
167,29.56,0.0123,2,0.71,0,0
168,1803.6,0.0123,0,0.35,0,1
169,10.93,0.0123,0,0.88,0,0
170,3259.16,0.0123,0,0.56,0,1
171,63.24,0.0123,0,0.17,0,0
172,11.82,0.0123,2,0.31,0,0
173,8.52,0.0123,0,0.25,0,0
174,1193.79,0.0123,0,0.45,0,1
175,29.6,0.0123,2,0.86,1,1
176,101.29,0.0123,2,0.07,0,0
177,5.34,0.0123,2,0.53,0,0
178,38.95,0.0123,0,0.5,0,0
179,20.46,0.0123,2,0.26,0,0
180,37.67,0.0123,0,0.17,0,0
181,26.88,0.0123,0,0.02,1,0
182,44.26,0.0123,2,0.44,0,0
183,28.36,0.0123,0,0.78,0,0
184,101.26,0.0123,2,0.73,0,0
185,65.47,4.8088,1,0.43,0,0
186,8.13,0.0123,0,0.66,1,0
187,4129.59,0.0123,2,0.43,0,1
188,47.56,0.0123,0,0.31,0,0
189,30.98,0.0123,0,0.53,0,0
190,37.43,4.8088,0,0.05,0,0
191,9.23,0.0123,2,0.32,1,0
192,65.17,0.0123,2,0.09,1,0
193,303.43,0.0123,2,0.47,0,0
194,29.3,0.0123,2,0.63,1,0
195,69.62,0.0123,1,0.06,0,0
196,22.93,0.0123,0,0.73,0,0
197,12.78,0.0123,2,0.64,0,0
198,33.84,0.0123,2,0.47,0,0
199,4465.26,0.0123,0,0.57,0,1
200,23.66,0.0123,2,0.24,1,0
201,27.25,0.0123,0,0.56,0,0
202,93.18,0.0123,1,0.72,0,0
203,1733.16,0.0123,2,0.16,0,1
204,49.36,0.0123,1,0.41,0,0
205,30.83,0.0123,2,0.86,0,0
206,21.7,0.0123,1,0.48,0,0
207,14.34,0.0123,0,0.83,0,0
208,105.49,0.0123,0,0.26,0,0
209,587.92,0.0123,0,0.14,0,0
210,45.3,0.0123,0,0.77,0,0
211,58.49,0.0123,0,0.18,0,0
212,18.6,0.0123,0,0.72,1,0
213,53.83,0.0123,2,0.99,1,1
214,14.11,0.0123,0,0.48,0,0
215,24.96,0.0123,2,0.53,0,0
216,76.56,0.0123,0,0.68,0,0
217,31.0,0.0123,2,0.24,0,0
218,10.36,0.0123,0,0.56,0,0
219,32.34,0.0123,0,0.14,0,0
220,2499.13,0.0123,2,0.73,0,1
221,25.23,0.0123,2,0.12,0,0
222,25.81,0.0123,0,0.34,0,0
223,882.8,0.0123,0,0.69,1,1
224,26.17,0.0123,0,0.25,1,0
225,15.4,0.0123,0,0.95,0,0
226,449.21,0.0123,0,0.62,0,0
227,7.67,0.0123,2,0.17,0,0
228,76.01,0.0123,0,0.96,0,0
229,34.04,0.0123,2,0.9,0,0
230,13.2,0.0123,2,0.65,1,0
231,2067.02,0.0123,0,0.4,1,1
232,23.42,0.0123,2,0.32,0,0
233,42.94,0.0123,0,0.48,0,0
234,33.35,0.0123,0,0.43,0,0
235,13.42,0.0123,0,0.62,0,0
236,38.97,0.0123,0,0.19,0,0
237,21.31,0.0123,0,0.52,0,0
238,60.94,0.0123,2,0.48,0,0
239,14.42,0.0123,0,0.05,0,0
240,62.46,0.0123,0,0.11,0,0
241,65.48,0.0123,2,0.28,1,0
242,21.83,0.0123,0,0.91,0,0
243,14.88,0.0123,0,0.38,1,0
244,448.49,0.0123,1,0.61,0,0
245,101.7,0.0123,2,0.41,0,0
246,18.16,0.0123,0,0.18,1,0
247,866.13,0.0123,0,0.36,1,1
248,37.79,0.0123,1,0.84,0,0
249,62.55,0.0123,2,0.77,0,0
250,34.69,0.0123,1,0.38,0,0
251,32.76,0.0123,0,0.87,0,0
252,14.3,0.0123,0,0.39,1,0
253,18.17,0.0123,1,0.3,0,0
254,22.98,0.0123,2,0.1,0,0
255,673.97,0.0123,1,0.43,0,0
256,317.37,4.8088,2,0.49,0,0
257,25.45,0.0123,2,0.8,0,0
258,13.66,0.0123,0,0.21,0,0
259,59.01,0.0123,2,0.35,0,0
260,60.79,0.0123,1,0.83,0,0
261,799.12,0.0123,0,0.7,0,0
262,30.9,0.0123,2,0.82,0,0
263,50.31,0.0123,2,0.67,0,0
264,39.2,0.0123,0,0.17,0,0
265,15.51,0.0123,2,0.96,0,0
266,32.59,0.0123,0,0.62,0,0
267,41.82,0.0123,0,0.44,0,0
268,40.78,0.0123,2,0.76,0,0
269,1231.21,0.0123,0,0.93,0,1
270,14.4,0.0123,0,0.99,0,0
271,39.25,0.0123,2,0.05,0,0
272,12.89,0.0123,0,0.22,0,0
273,68.95,0.0123,2,0.77,0,0
274,35.17,0.0123,0,0.89,0,0
275,115.35,0.0123,2,0.82,0,0
276,113.65,0.0123,0,0.21,0,0
277,22.44,0.0123,0,0.34,0,0
278,12.29,0.0123,0,0.79,0,0
279,12.42,0.0123,0,0.51,1,0
280,13.45,0.0123,0,0.1,0,0
281,66.62,0.0123,2,0.04,1,0
282,406.3,0.0123,2,0.34,1,0
283,51.18,0.0123,0,0.91,0,0
284,23.08,4.8088,2,0.01,0,0
285,51.36,0.0123,0,0.21,0,0
286,9.16,0.0123,0,0.17,0,0
287,31.27,0.0123,1,0.48,0,0
288,13.6,0.0123,1,0.38,0,0
289,54.52,0.0123,2,0.67,0,0
290,63.94,0.0123,0,0.97,0,0
291,39.33,0.0123,2,0.27,0,0
292,59.78,0.0123,0,0.43,1,0
293,23.02,0.0123,0,0.92,0,0
294,1210.51,0.0123,0,0.04,0,0
295,47.55,0.0123,1,0.45,0,0
296,18.52,0.0123,0,0.8,0,0
297,23.97,0.0123,2,0.91,1,1
298,30.25,0.0123,2,0.09,0,0
299,9.0,0.0123,2,0.69,0,0
300,52.54,0.0123,0,0.65,0,0
301,21.92,0.0123,2,0.84,0,0
302,28.59,0.0123,2,0.35,1,0
303,12.27,0.0123,2,0.28,0,0
304,50.82,0.0123,2,0.98,0,0
305,10.0,0.0123,0,0.49,0,0
306,15.58,0.0123,0,0.79,0,0
307,194.72,0.0123,2,0.67,0,0
308,14.55,0.0123,0,0.43,0,0
309,29.7,0.0123,2,0.83,0,0
310,8.95,0.0123,0,0.25,0,0
311,20.86,0.0123,0,0.17,0,0
312,41.47,0.0123,2,0.58,0,0
313,77.49,0.0123,0,0.14,0,0
314,13.99,0.0123,1,0.62,0,0
315,32.83,0.0123,0,0.84,0,0
316,18.7,0.0123,2,1.0,0,0
317,61.21,0.0123,0,0.77,0,0
318,4586.46,0.0123,2,0.16,0,1
319,17.28,0.0123,2,0.95,0,0
320,46.69,0.0123,2,0.23,0,0
321,35.79,0.0123,1,0.57,0,0
322,129.26,0.0123,0,0.42,0,0
323,31.07,0.0123,0,0.9,1,1
324,39.5,0.0123,2,0.75,0,0
325,71.48,0.0123,2,0.19,0,0
326,11.34,0.0123,2,0.69,0,0
327,23.23,0.0123,2,0.25,0,0
328,21.32,0.0123,2,0.27,1,0
329,29.33,0.0123,2,0.73,0,0
330,910.26,0.0123,2,0.41,0,0
331,57.03,0.0123,0,0.8,0,0
332,391.47,0.0123,0,0.02,0,0
333,17.99,0.0123,0,0.91,0,0
334,42.07,0.0123,0,0.63,1,0
335,31.31,0.0123,0,0.11,0,0
336,28.65,0.0123,0,0.95,0,0
337,14.27,0.0123,0,0.21,0,0
338,784.09,0.0123,0,0.32,0,0
339,22.82,0.0123,0,0.88,0,0
340,928.38,0.0123,0,0.94,0,1
341,53.45,0.0123,2,0.34,0,0
342,33.57,0.0123,0,0.79,1,0
343,19.37,0.0123,0,0.98,0,0
344,43.98,0.0123,0,0.6,0,0
345,11.68,0.0123,2,0.45,0,0
346,46.42,0.0123,1,0.36,1,0
347,45.5,0.0123,0,0.09,0,0
348,36.23,0.0123,1,0.41,1,0
349,29.19,0.0123,2,0.59,0,0
350,47.43,0.0123,2,0.61,1,0
351,76.43,0.0123,2,0.05,0,0
352,78.64,0.0123,2,0.15,1,0
353,775.98,0.0123,1,0.69,0,0
354,736.24,4.8088,0,0.68,0,1
355,58.91,0.0123,0,0.53,0,0
356,282.3,0.0123,2,0.75,0,0
357,56.84,0.0123,0,0.26,0,0
358,45.51,0.0123,0,0.52,0,0
359,54.97,0.0123,2,0.85,1,1
360,6.75,0.0123,0,0.55,0,0
361,758.89,4.8088,2,0.58,0,1
362,8.21,0.0123,2,0.15,1,0
363,39.63,0.0123,0,0.31,0,0
364,21.28,0.0123,2,0.6,0,0
365,78.21,0.0123,2,0.77,1,0
366,30.06,0.0123,0,0.23,0,0
367,51.12,0.0123,2,0.94,0,0
368,12.6,4.8088,0,0.41,0,0
369,47.16,0.0123,0,0.93,0,0
370,753.75,0.0123,2,0.24,0,1
371,38.74,0.0123,0,0.61,0,0
372,16.41,0.0123,2,0.48,0,0
373,23.85,0.0123,0,0.12,0,0
374,275.58,0.0123,0,0.68,0,0
375,27.94,0.0123,0,0.04,0,0
376,1710.35,0.0123,2,0.98,0,1
377,20.87,0.0123,2,0.4,0,0
378,20.53,0.0123,2,0.62,0,0
379,56.94,0.0123,0,0.99,0,0
380,29.57,0.0123,2,0.05,0,0
381,41.24,0.0123,0,0.27,0,0
382,63.01,0.0123,0,0.94,1,1
383,36.0,0.0123,0,0.45,0,0
384,42.4,0.0123,1,0.79,0,0
385,14.63,0.0123,0,0.15,0,0
386,11.6,0.0123,2,0.87,0,0
387,5.99,0.0123,2,0.7,1,0
388,30.72,0.0123,0,0.68,0,0
389,18.92,0.0123,2,0.75,0,0
390,62.32,0.0123,0,0.43,1,0
391,91.1,0.0123,0,0.6,0,0
392,729.42,0.0123,2,0.74,0,0
393,20.43,0.0123,0,0.31,0,0
394,57.09,4.8088,0,0.48,0,0
395,71.92,0.0123,2,0.65,1,0
396,42.83,0.0123,0,0.36,1,0
397,47.14,0.0123,0,0.82,0,0
398,56.84,0.0123,2,0.39,0,0
399,42.92,0.0123,0,0.1,0,0
400,437.59,0.0123,0,0.82,1,1
401,6.58,0.0123,0,0.79,0,0
402,70.27,4.8088,0,0.6,0,0
403,503.93,0.0123,2,0.05,0,0
404,27.59,0.0123,0,0.35,0,0
405,2915.89,0.0123,0,0.04,1,1
406,32.93,0.0123,2,0.66,1,0
407,68.02,0.0123,2,0.88,0,0
408,14.83,0.0123,2,0.39,1,0
409,36.31,0.0123,2,0.43,0,0
410,26.04,0.0123,1,0.51,1,0
411,509.97,0.0123,1,0.5,0,0
412,48.44,0.0123,0,0.19,0,0
413,19.45,0.0123,2,0.27,0,0
414,23.57,0.0123,0,0.89,0,0
415,14.55,0.0123,0,0.19,0,0
416,6.17,0.0123,0,0.94,0,0
417,11.1,0.0123,2,0.4,0,0
418,19.17,0.0123,1,0.43,0,0
419,1010.03,0.0123,0,0.8,0,1
420,40.73,0.0123,0,0.16,0,0
421,62.28,0.0123,0,0.51,1,0
422,18.51,0.0123,0,0.26,1,0
423,17.3,0.0123,2,0.25,0,0
424,23.78,0.0123,2,0.2,0,0
425,37.33,0.0123,1,0.6,0,0
426,31.63,0.0123,0,0.69,0,0
427,42.28,0.0123,0,0.19,0,0
428,51.8,0.0123,0,0.73,1,0
429,87.46,0.0123,2,0.81,0,0
430,66.36,0.0123,0,0.05,0,0
431,15.17,0.0123,2,0.18,0,0
432,69.06,0.0123,0,0.06,0,0
433,30.09,0.0123,0,0.79,0,0
434,360.43,0.0123,2,0.02,0,0
435,111.19,0.0123,2,0.82,0,0
436,10.09,0.0123,0,0.54,1,0
437,29.75,0.0123,2,0.83,0,0
438,44.14,0.0123,2,0.45,0,0
439,58.66,0.0123,2,0.78,0,0
440,480.44,0.0123,0,0.87,0,1
441,1330.57,0.0123,2,0.42,1,1
442,53.69,0.0123,2,0.65,1,0
443,32.46,0.0123,2,0.33,0,0
444,25.05,0.0123,2,0.36,1,0
445,449.57,0.0123,2,0.24,0,0
446,26.53,0.0123,0,0.41,0,0
447,378.21,0.0123,0,0.01,0,0
448,10.66,0.0123,2,0.02,0,0
449,464.48,0.0123,2,0.71,1,0
450,24.33,0.0123,2,0.27,1,0
451,23.91,0.0123,2,0.57,0,0
452,23.39,0.0123,2,0.65,0,0
453,26.21,0.0123,2,0.77,0,0
454,20.36,0.0123,0,0.56,0,0
455,54.78,0.0123,2,0.26,0,0
456,14.82,0.0123,0,0.39,0,0
457,46.4,0.0123,0,0.16,0,0
458,41.95,0.0123,1,0.39,0,0
459,39.63,0.0123,0,0.97,0,0
460,13.98,0.0123,0,0.19,0,0
461,18.31,4.8088,1,0.83,0,1
462,35.0,0.0123,2,0.98,0,0
463,54.09,0.0123,1,0.11,0,0
464,12.65,0.0123,2,0.87,0,0
465,21.81,4.8088,0,0.66,0,0
466,86.84,0.0123,2,0.82,0,0
467,933.15,0.0123,0,0.23,0,0
468,71.9,0.0123,0,0.8,0,0
469,48.31,0.0123,0,0.65,0,0
470,13.18,0.0123,0,0.28,0,0
471,30.49,0.0123,0,0.68,0,0
472,376.39,0.0123,0,0.4,0,0
473,411.78,0.0123,1,0.64,0,0
474,59.96,0.0123,0,0.88,0,0
475,56.45,0.0123,2,0.66,0,0
476,13.73,0.0123,0,0.12,0,0
477,40.31,0.0123,1,0.89,0,0
478,49.5,0.0123,0,0.24,0,0
479,7.85,0.0123,2,0.12,1,0
480,53.44,0.0123,2,0.59,0,0
481,24.21,0.0123,1,0.62,1,0
482,12.96,0.0123,1,0.92,0,0
483,33.89,0.0123,2,0.3,1,0
484,476.7,0.0123,0,0.66,0,0
485,28.5,0.0123,1,0.07,0,0
486,32.82,0.0123,2,0.6,0,0
487,43.22,0.0123,0,0.02,0,0
488,27.82,0.0123,2,0.14,0,0
489,47.52,0.0123,2,0.98,0,0
490,49.2,0.0123,0,0.55,1,0
491,39.56,0.0123,0,0.29,0,0
492,60.78,0.0123,1,0.28,0,0
493,6.67,4.8088,0,0.39,0,0
494,17.13,0.0123,2,0.1,0,0
495,25.74,0.0123,2,0.57,1,0
496,5.05,0.0123,2,0.78,0,0
497,1600.75,0.0123,0,0.09,0,1
498,50.47,0.0123,2,0.77,0,0
499,605.75,0.0123,0,0.5,0,0
500,33.79,0.0123,0,0.35,1,0
501,31.16,0.0123,2,0.64,0,0
502,19.59,0.0123,0,0.2,0,0
503,37.67,0.0123,2,0.85,0,0
504,43.43,0.0123,0,0.04,0,0
505,12.58,0.0123,2,0.74,1,0
506,30.23,0.0123,0,0.03,0,0
507,26.59,0.0123,0,0.95,0,0
508,15.72,0.0123,0,0.73,0,0
509,35.02,0.0123,2,0.06,0,0
510,298.82,0.0123,1,0.13,0,0
511,40.7,0.0123,2,0.9,0,0
512,18.3,0.0123,0,0.28,0,0
513,738.74,0.0123,2,0.24,0,0
514,84.13,0.0123,2,0.77,0,0
515,2541.58,0.0123,0,0.56,0,1
516,77.74,0.0123,0,0.34,0,0
517,16.47,0.0123,0,0.37,1,0
518,38.13,0.0123,2,0.72,1,0
519,47.51,0.0123,0,0.57,0,0
520,16.27,0.0123,2,0.02,0,0
521,150.26,0.0123,0,0.32,1,0
522,37.61,0.0123,0,0.92,0,0
523,66.11,0.0123,0,0.84,1,1
524,31.55,0.0123,2,0.84,0,0
525,66.09,0.0123,2,0.75,0,0
526,6.95,0.0123,0,0.06,0,0
527,19.49,0.0123,2,0.45,0,0
528,21.0,0.0123,0,0.45,1,0
529,15.37,0.0123,0,0.28,1,0
530,59.93,0.0123,2,0.48,1,0
531,26.84,0.0123,2,0.65,0,0
532,2102.13,0.0123,2,0.6,0,1
533,18.29,0.0123,2,0.27,0,0
534,72.38,0.0123,2,0.9,0,0
535,46.49,0.0123,0,0.99,0,0
536,30.14,0.0123,0,0.06,0,0
537,50.58,0.0123,1,0.95,0,0
538,83.64,0.0123,2,0.63,0,0
539,1876.21,0.0123,0,0.37,0,1
540,78.24,0.0123,2,0.82,1,1
541,83.97,0.0123,2,0.14,0,0
542,35.29,0.0123,2,0.85,0,0
543,2273.59,0.0123,0,0.43,0,1
544,32.75,0.0123,0,0.12,0,0
545,70.2,0.0123,0,0.45,0,0
546,83.88,0.0123,0,0.95,0,0
547,54.35,0.0123,2,0.25,0,0
548,53.76,4.8088,0,0.39,1,1
549,41.17,0.0123,1,0.53,1,0
550,24.75,0.0123,0,0.59,0,0
551,21.33,4.8088,2,0.37,0,0
552,63.19,4.8088,1,0.31,0,0
553,58.06,4.8088,0,0.22,0,0
554,72.36,0.0123,0,0.72,0,0
555,67.41,0.0123,0,0.29,0,0
556,14.05,0.0123,0,0.57,0,0
557,18.94,0.0123,2,0.92,0,0
558,12.08,0.0123,0,0.63,0,0
559,17.41,0.0123,1,0.84,1,1
560,30.31,0.0123,2,0.05,1,0
561,61.67,4.8088,0,0.95,1,1
562,30.35,0.0123,1,0.91,0,0
563,2490.97,0.0123,2,0.69,0,1
564,19.67,0.0123,2,0.5,0,0
565,115.2,0.0123,2,0.75,1,0
566,42.68,0.0123,0,0.94,0,0
567,28.83,0.0123,2,0.89,0,0
568,44.99,0.0123,0,0.55,1,0
569,32.63,0.0123,1,0.56,0,0
570,82.61,0.0123,2,0.29,1,0
571,18.0,0.0123,2,0.33,0,0
572,76.75,0.0123,1,0.74,0,0
573,79.86,0.0123,0,0.91,0,0
574,5.47,0.0123,0,0.33,0,0
575,11.91,0.0123,0,0.64,0,0
576,251.7,0.0123,0,0.15,0,0
577,28.85,0.0123,0,0.84,0,0
578,22.38,0.0123,0,0.29,0,0
579,654.19,0.0123,2,0.19,0,0
580,45.98,0.0123,0,0.56,1,0
581,27.1,0.0123,0,0.64,0,0
582,19.08,0.0123,0,0.28,0,0
583,16.5,0.0123,0,0.31,0,0
584,45.58,0.0123,1,0.22,0,0
585,318.14,0.0123,2,0.57,0,0
586,14.43,0.0123,0,0.01,0,0
587,18.99,4.8088,0,0.62,0,0
588,17.34,0.0123,0,0.91,0,0
589,16.19,0.0123,0,0.1,1,0
590,37.54,0.0123,0,0.17,1,0
591,70.78,0.0123,0,0.17,0,0
592,16.98,4.8088,2,0.96,0,1
593,70.27,0.0123,0,0.74,0,0
594,361.65,0.0123,2,0.27,0,0
595,93.75,0.0123,2,0.2,0,0
596,7.05,0.0123,0,0.29,0,0
597,57.54,0.0123,2,0.49,0,0
598,40.4,0.0123,0,0.95,0,0
599,53.29,0.0123,2,0.06,1,0
600,22.38,0.0123,0,1.0,1,1
601,47.08,0.0123,2,0.38,0,0
602,76.29,0.0123,2,0.1,0,0
603,16.05,0.0123,2,0.69,0,0
604,15.07,0.0123,0,0.22,0,0
605,31.81,0.0123,2,0.2,0,0
606,30.63,0.0123,2,0.54,1,0
607,18.18,0.0123,0,0.85,1,1
608,8.56,0.0123,0,0.64,0,0
609,30.71,0.0123,0,0.23,1,0
610,44.0,0.0123,0,0.79,1,0
611,17.68,0.0123,2,0.36,1,0
612,23.7,0.0123,0,0.59,0,0
613,51.45,0.0123,0,0.54,0,0
614,42.46,0.0123,0,0.14,0,0
615,65.21,0.0123,0,0.7,1,0
616,27.37,0.0123,0,0.57,0,0
617,25.1,0.0123,0,0.51,0,0
618,39.75,0.0123,1,0.56,0,0
619,43.58,0.0123,2,0.23,0,0
620,43.12,0.0123,0,0.37,1,0
621,258.48,0.0123,0,0.73,1,0
622,69.35,0.0123,0,0.9,0,0
623,9.98,0.0123,0,0.16,0,0
624,29.89,0.0123,2,0.2,0,0
625,50.47,0.0123,0,0.14,1,0
626,73.93,0.0123,0,0.75,0,0
627,510.43,0.0123,0,0.94,1,1
628,22.28,0.0123,0,0.72,0,0
629,19.21,0.0123,0,0.3,1,0
630,415.0,0.0123,2,0.92,1,1
631,41.93,0.0123,0,0.66,0,0
632,27.72,0.0123,0,0.2,0,0
633,48.06,0.0123,0,0.92,0,0
634,5.96,0.0123,1,0.79,0,0
635,21.65,0.0123,2,0.86,1,1
636,49.35,0.0123,2,0.38,1,0
637,15.13,0.0123,2,0.66,0,0
638,1359.58,0.0123,0,0.64,0,0
639,52.57,4.8088,0,0.24,0,0
640,49.28,0.0123,2,0.29,0,0
641,1238.54,0.0123,2,0.62,1,1
642,773.97,0.0123,2,0.79,1,1
643,64.41,0.0123,2,0.01,0,0
644,20.92,0.0123,2,0.12,0,0
645,19.66,0.0123,0,0.08,0,0
646,22.56,0.0123,2,0.64,1,0
647,54.6,0.0123,0,0.06,0,0
648,14.53,0.0123,0,0.94,1,1
649,45.99,0.0123,2,0.09,0,0
650,37.96,0.0123,0,0.22,0,0
651,86.82,0.0123,0,0.47,0,0
652,4.51,0.0123,2,0.87,0,0
653,78.84,0.0123,0,0.19,0,0
654,41.19,0.0123,0,0.98,0,0
655,52.64,0.0123,0,0.87,0,0
656,40.18,0.0123,2,0.97,0,0
657,92.12,0.0123,2,0.81,0,0
658,25.82,0.0123,0,0.2,0,0
659,29.9,0.0123,0,0.09,0,0
660,103.95,0.0123,2,0.61,0,0
661,187.61,0.0123,0,0.2,0,0
662,68.66,4.8088,0,0.06,0,0
663,153.6,4.8088,2,0.65,0,0
664,51.5,0.0123,0,0.71,1,0
665,95.66,0.0123,2,0.79,0,0
666,590.51,0.0123,0,0.15,0,0
667,1046.44,0.0123,1,0.91,0,1
668,12.28,0.0123,0,0.46,1,0
669,724.77,0.0123,2,0.66,0,1
670,14.01,0.0123,2,0.97,0,0
671,12.53,0.0123,1,0.04,0,0
672,13.38,0.0123,0,0.07,0,0
673,39.54,0.0123,0,0.8,0,0
674,29.68,0.0123,0,0.54,0,0
675,413.07,0.0123,0,0.24,0,0
676,49.32,0.0123,0,0.98,1,1
677,72.49,0.0123,1,0.85,0,0
678,49.16,0.0123,0,0.9,0,0
679,1115.09,0.0123,2,0.05,0,0
680,30.48,0.0123,2,0.56,0,0
681,14.2,0.0123,2,0.32,1,0
682,16.71,0.0123,1,0.15,0,0
683,14.8,0.0123,2,0.7,0,0
684,40.16,4.8088,2,0.45,0,0
685,328.63,4.8088,0,0.03,0,0
686,42.24,0.0123,2,0.69,0,0
687,1001.24,4.8088,1,0.03,0,1
688,47.1,0.0123,0,0.91,1,1
689,797.43,0.0123,2,0.32,0,0
690,531.63,0.0123,0,0.79,0,0
691,42.36,0.0123,0,0.72,0,0
692,34.46,0.0123,0,0.12,1,0
693,20.05,0.0123,0,0.44,0,0
694,34.94,0.0123,2,0.23,0,0
695,58.91,0.0123,0,0.3,1,0
696,43.88,0.0123,2,0.41,0,0
697,80.51,0.0123,0,0.67,0,0
698,15.81,0.0123,1,0.59,0,0
699,74.48,4.8088,2,0.17,0,0
700,482.27,0.0123,2,0.59,0,0
701,1619.33,0.0123,0,0.7,0,1
702,426.76,0.0123,0,0.56,0,0
703,62.48,0.0123,2,0.53,0,0
704,12.2,0.0123,2,0.97,0,0
705,258.77,0.0123,0,0.31,0,0
706,42.52,0.0123,0,0.87,0,0
707,17.35,0.0123,0,0.25,0,0
708,52.83,0.0123,2,0.32,0,0
709,47.6,0.0123,2,0.76,0,0
710,47.69,0.0123,2,0.5,0,0
711,714.67,0.0123,0,0.11,1,1
712,36.23,0.0123,2,0.11,0,0
713,23.9,0.0123,2,0.12,0,0
714,26.72,0.0123,0,0.26,0,0
715,4390.7,0.0123,2,0.53,1,1
716,44.8,0.0123,2,0.61,1,0
717,20.14,4.8088,0,0.39,0,0
718,190.31,0.0123,2,0.24,0,0
719,93.15,0.0123,1,0.95,0,0
720,19.04,0.0123,1,0.15,1,0
721,262.03,0.0123,1,0.85,0,0
722,39.08,0.0123,1,0.42,0,0
723,32.78,0.0123,2,0.92,0,0
724,673.32,0.0123,0,0.35,1,1
725,222.41,0.0123,2,0.19,0,0
726,49.9,0.0123,1,0.85,1,1
727,26.57,0.0123,2,0.19,0,0
728,24.27,0.0123,0,0.05,1,0
729,33.6,0.0123,2,0.37,0,0
730,23.39,0.0123,2,0.14,0,0
731,39.15,0.0123,2,0.5,0,0
732,669.97,0.0123,0,0.39,0,0
733,17.52,0.0123,2,0.8,0,0
734,14.48,0.0123,0,0.78,0,0
735,830.27,0.0123,0,0.85,0,1
736,6.52,0.0123,0,0.03,0,0
737,28.72,0.0123,2,0.23,0,0
738,28.18,0.0123,2,0.34,1,0
739,28.69,0.0123,0,0.45,1,0
740,1358.96,0.0123,0,0.5,1,1
741,62.01,0.0123,0,0.73,0,0
742,98.08,0.0123,1,0.46,1,0
743,43.71,0.0123,0,0.8,0,0
744,84.77,0.0123,2,0.81,0,0
745,45.4,0.0123,2,0.43,0,0
746,2551.07,0.0123,1,0.59,1,1
747,22.55,0.0123,0,0.34,0,0
748,554.65,0.0123,0,0.01,0,0
749,36.39,0.0123,0,0.99,0,0
750,394.4,0.0123,0,0.69,1,0
751,1104.0,0.0123,0,0.23,0,0
752,57.09,0.0123,0,0.82,1,1
753,17.17,0.0123,2,0.88,1,1
754,35.04,0.0123,0,0.37,0,0
755,21.74,0.0123,0,0.91,1,1
756,29.55,0.0123,0,0.98,0,0
757,14.27,0.0123,2,0.95,1,1
758,54.13,0.0123,2,0.09,0,0
759,15.91,0.0123,0,0.49,0,0
760,280.26,0.0123,1,0.33,0,0
761,58.13,0.0123,0,0.92,0,0
762,8.45,0.0123,0,0.49,1,0
763,35.52,0.0123,2,0.01,0,0
764,23.01,4.8088,2,0.27,0,0
765,36.86,0.0123,2,0.57,0,0
766,65.8,0.0123,2,0.42,0,0
767,23.75,4.8088,2,0.63,0,0
768,40.27,0.0123,1,0.13,0,0
769,17.42,0.0123,0,0.15,0,0
770,21.93,0.0123,2,0.93,0,0
771,24.29,0.0123,2,0.78,0,0
772,34.72,0.0123,0,0.07,0,0
773,497.67,0.0123,0,0.9,0,0
774,40.46,0.0123,0,0.3,0,0
775,120.64,0.0123,2,0.42,0,0
776,21.28,0.0123,2,0.88,0,0
777,8.12,0.0123,1,0.9,1,1
778,28.38,4.8088,0,0.94,0,1
779,83.08,0.0123,0,0.48,0,0
780,25.86,0.0123,1,0.29,0,0
781,24.19,0.0123,2,0.75,0,0
782,80.34,0.0123,2,0.58,0,0
783,12.58,0.0123,2,0.7,0,0
784,60.16,0.0123,2,0.61,0,0
785,19.67,0.0123,0,0.33,0,0
786,2215.56,0.0123,0,0.56,0,1
787,452.58,0.0123,0,0.44,0,0
788,3848.94,0.0123,2,0.77,0,1
789,40.05,0.0123,2,0.21,0,0
790,22.9,0.0123,0,0.4,0,0
791,25.12,0.0123,0,0.19,0,0
792,4913.71,0.0123,2,0.92,1,1
793,46.4,0.0123,0,0.92,1,1
794,28.5,0.0123,0,0.95,0,0
795,59.23,4.8088,2,0.05,0,0
796,76.25,0.0123,0,0.61,0,0
797,20.49,0.0123,2,0.08,1,0
798,56.23,0.0123,0,0.02,0,0
799,32.48,0.0123,2,0.68,0,0
800,18.7,0.0123,0,0.03,0,0
801,29.68,0.0123,0,0.58,0,0
802,47.6,0.0123,0,0.79,1,0
803,77.13,0.0123,2,0.59,0,0
804,22.86,0.0123,2,0.01,0,0
805,14.6,0.0123,0,0.61,0,0
806,40.54,0.0123,0,0.22,0,0
807,361.63,0.0123,1,0.77,1,0
808,17.73,4.8088,0,0.55,0,0
809,76.9,0.0123,2,0.99,0,0
810,1871.71,0.0123,1,0.55,0,1
811,1316.87,0.0123,2,0.14,0,1
812,113.86,0.0123,0,0.59,0,0
813,16.93,0.0123,0,0.66,0,0
814,53.82,0.0123,2,0.48,0,0
815,492.52,0.0123,0,0.34,1,0
816,49.87,0.0123,0,0.91,0,0
817,79.49,0.0123,0,0.87,0,0
818,90.18,0.0123,0,0.63,0,0
819,49.56,0.0123,2,0.95,0,0
820,48.64,0.0123,0,0.16,0,0
821,44.3,0.0123,0,0.36,1,0
822,51.1,0.0123,0,0.33,0,0
823,81.25,0.0123,0,0.27,0,0
824,88.08,0.0123,1,0.63,0,0
825,15.39,0.0123,2,0.48,0,0
826,64.15,0.0123,1,0.1,0,0
827,29.8,0.0123,2,0.49,0,0
828,11.32,0.0123,2,0.03,1,0
829,33.9,0.0123,2,0.12,0,0
830,28.75,0.0123,2,0.11,0,0
831,35.87,0.0123,2,0.73,0,0
832,57.06,0.0123,2,0.68,0,0
833,57.2,0.0123,2,0.84,0,0
834,28.85,0.0123,2,0.26,1,0
835,1050.23,0.0123,0,0.54,0,0
836,272.36,0.0123,0,1.0,0,0
837,30.07,0.0123,2,0.93,0,0
838,10.24,0.0123,0,0.56,0,0
839,45.21,0.0123,2,0.95,0,0
840,1286.71,0.0123,0,0.06,0,0
841,24.5,0.0123,2,0.58,0,0
842,32.1,0.0123,1,0.65,0,0
843,34.48,0.0123,0,0.57,0,0
844,54.93,0.0123,2,0.39,0,0
845,24.57,0.0123,1,0.18,0,0
846,20.99,0.0123,2,0.9,0,0
847,73.72,0.0123,0,0.33,1,0
848,16.52,0.0123,0,0.76,0,0
849,28.13,0.0123,2,0.48,0,0
850,12.26,0.0123,2,0.36,1,0
851,37.95,0.0123,2,0.48,0,0
852,241.67,0.0123,0,0.25,0,0
853,665.45,4.8088,0,0.5,0,1
854,18.82,0.0123,2,0.96,0,0
855,55.7,0.0123,0,0.33,0,0
856,55.44,0.0123,2,0.63,0,0
857,73.76,0.0123,0,0.38,0,0
858,13.75,0.0123,0,0.21,1,0
859,79.82,4.8088,2,0.41,0,0
860,24.16,0.0123,2,0.4,0,0
861,2162.78,0.0123,2,0.11,0,1
862,29.13,0.0123,1,0.44,0,0
863,11.15,0.0123,0,0.44,0,0
864,20.46,0.0123,2,0.15,0,0
865,1937.05,0.0123,1,0.68,0,1
866,19.81,0.0123,2,0.9,0,0
867,87.18,4.8088,1,0.49,0,0
868,81.24,0.0123,2,0.13,0,0
869,261.55,0.0123,1,0.25,0,0
870,27.06,0.0123,2,0.2,0,0
871,114.1,4.8088,0,0.67,1,1
872,23.3,0.0123,0,0.14,0,0
873,100.41,4.8088,2,0.34,1,1
874,13.09,0.0123,2,0.92,0,0
875,674.43,0.0123,2,0.74,0,0
876,15.41,0.0123,0,0.5,0,0
877,65.19,0.0123,2,0.45,0,0
878,91.63,0.0123,0,0.43,0,0
879,1070.26,0.0123,0,0.41,0,1
880,55.12,0.0123,0,0.5,0,0
881,12.68,0.0123,1,0.0,0,0
882,133.38,0.0123,0,0.11,0,0
883,100.78,0.0123,0,0.31,0,0
884,30.88,0.0123,0,0.78,0,0
885,32.1,0.0123,0,0.89,0,0
886,109.03,0.0123,2,0.44,1,0
887,40.38,0.0123,0,0.15,0,0
888,49.63,0.0123,0,0.54,0,0
889,39.83,0.0123,2,0.16,0,0
890,7.91,0.0123,1,0.22,0,0
891,82.86,0.0123,0,0.92,0,0
892,22.48,0.0123,0,0.98,1,1
893,21.73,0.0123,0,0.56,0,0
894,31.57,0.0123,0,0.0,0,0
895,423.28,0.0123,0,0.96,0,0
896,31.48,0.0123,2,0.93,0,0
897,12.13,0.0123,2,0.94,0,0
898,56.65,0.0123,2,0.29,1,0
899,38.38,0.0123,0,0.41,0,0
900,37.73,0.0123,2,0.15,0,0
901,32.56,0.0123,2,0.76,1,0
902,17.97,0.0123,2,0.41,0,0
903,10.19,4.8088,0,0.74,0,0
904,1993.12,0.0123,0,0.62,0,1
905,50.78,0.0123,2,0.08,0,0
906,32.8,0.0123,0,0.94,0,0
907,101.79,0.0123,2,0.3,1,0
908,274.5,0.0123,0,0.21,0,0
909,59.48,0.0123,0,0.31,0,0
910,40.49,0.0123,2,0.75,0,0
911,514.77,0.0123,0,0.78,0,0
912,34.33,0.0123,0,0.48,0,0
913,31.93,0.0123,1,0.42,0,0
914,17.08,0.0123,2,0.18,1,0
915,92.86,0.0123,2,0.74,0,0
916,22.1,0.0123,2,0.94,0,0
917,14.88,0.0123,0,0.08,0,0
918,937.86,0.0123,2,0.45,0,1
919,20.37,0.0123,1,0.89,0,0
920,804.24,0.0123,2,0.48,0,0
921,29.11,0.0123,0,0.1,0,0
922,33.24,0.0123,2,0.55,1,0
923,47.34,0.0123,0,0.51,0,0
924,114.2,0.0123,2,0.1,0,0
925,13.95,0.0123,2,0.86,0,0
926,38.85,0.0123,1,0.53,0,0
927,53.95,0.0123,0,0.29,0,0
928,197.76,0.0123,0,0.42,0,0
929,49.86,0.0123,0,0.21,0,0
930,12.1,0.0123,2,0.11,0,0
931,21.11,0.0123,2,0.48,1,0
932,947.43,0.0123,2,0.38,0,1
933,94.17,0.0123,0,0.79,0,0
934,54.12,0.0123,0,0.26,0,0
935,580.26,0.0123,2,0.38,0,0
936,25.3,0.0123,2,0.74,0,0
937,2017.44,0.0123,2,0.87,0,1
938,13.85,0.0123,2,0.24,0,0
939,42.87,0.0123,0,0.26,0,0
940,505.75,0.0123,0,0.5,0,0
941,447.24,0.0123,2,0.41,0,0
942,17.77,0.0123,0,0.4,0,0
943,46.16,0.0123,2,0.51,0,0
944,50.44,0.0123,0,0.09,0,0
945,9.71,0.0123,0,0.46,0,0
946,44.26,0.0123,2,0.52,0,0
947,18.04,0.0123,2,0.29,0,0
948,21.14,0.0123,0,0.75,0,0
949,8.64,0.0123,2,0.68,0,0
950,9.01,4.8088,0,0.22,0,0
951,63.18,0.0123,1,0.05,0,0
952,1093.24,0.0123,2,0.57,0,0
953,71.13,0.0123,0,0.93,0,0
954,293.83,0.0123,2,0.21,0,0
955,7.67,0.0123,0,0.04,0,0
956,29.86,0.0123,0,0.65,0,0
957,33.27,0.0123,2,0.67,0,0
958,31.46,0.0123,0,0.36,0,0
959,17.09,0.0123,0,0.64,0,0
960,60.05,4.8088,0,0.13,0,0
961,21.86,0.0123,0,0.87,0,0
962,76.84,0.0123,0,0.23,0,0
963,34.66,4.8088,1,0.7,0,0
964,48.88,0.0123,0,0.59,0,0
965,5.55,0.0123,0,0.36,0,0
966,15.8,0.0123,2,0.27,1,0
967,52.34,4.8088,0,0.31,0,0
968,478.93,0.0123,0,0.63,1,1
969,37.53,0.0123,2,0.93,0,0
970,19.01,0.0123,2,0.59,0,0
971,13.97,0.0123,0,1.0,0,0
972,57.33,0.0123,0,0.04,0,0
973,67.32,0.0123,0,0.43,1,0
974,21.86,0.0123,0,1.0,0,0
975,41.84,0.0123,2,0.65,0,0
976,29.89,0.0123,0,0.75,0,0
977,58.78,0.0123,2,0.13,0,0
978,98.93,0.0123,2,0.02,0,0
979,891.08,0.0123,0,0.3,0,0
980,34.65,0.0123,1,0.7,0,0
981,77.18,0.0123,0,0.5,0,0
982,96.38,0.0123,1,0.07,0,0
983,23.37,0.0123,0,1.0,0,0
984,9.74,0.0123,2,0.53,1,0
985,19.77,0.0123,0,0.05,0,0
986,83.84,0.0123,0,0.27,0,0
987,266.93,0.0123,0,0.02,0,0
988,11.91,0.0123,2,0.61,0,0
989,58.03,0.0123,2,0.76,0,0
990,2469.06,0.0123,0,0.34,0,1
991,50.09,0.0123,1,0.08,1,0
992,32.1,4.8088,2,0.41,1,1
993,452.28,0.0123,0,0.52,0,0
994,34.07,0.0123,0,0.86,0,0
995,104.63,0.0123,0,0.11,0,0
996,23.77,4.8088,2,0.32,0,0
997,34.89,0.0123,1,0.51,0,0
998,34.78,0.0123,2,0.02,0,0
999,52.1,0.0123,2,0.79,0,0
1000,31.61,0.0123,2,0.86,0,0
1001,16.53,0.0123,2,0.98,0,0
1002,33.01,0.0123,2,0.47,0,0
1003,4106.24,0.0123,2,0.5,0,1
1004,32.71,0.0123,1,0.57,0,0
1005,45.67,0.0123,0,0.77,0,0
1006,6.94,0.0123,0,0.9,0,0
1007,64.4,0.0123,2,0.79,0,0
1008,38.93,0.0123,0,0.14,0,0
1009,10.63,0.0123,2,0.85,0,0
1010,1823.54,0.0123,2,0.13,0,1
1011,21.6,0.0123,1,0.93,0,0
1012,641.01,0.0123,0,0.61,1,1
1013,12.27,0.0123,2,0.87,0,0
1014,15.88,0.0123,2,0.73,0,0
1015,32.88,0.0123,2,0.29,0,0
1016,44.95,0.0123,2,0.69,0,0
1017,2092.45,0.0123,2,0.98,0,1
1018,22.99,0.0123,1,0.56,0,0
1019,32.24,0.0123,1,0.29,0,0
1020,1017.22,0.0123,2,0.28,0,1
1021,22.67,0.0123,2,0.09,0,0
1022,452.03,0.0123,0,0.61,1,0
1023,65.89,0.0123,2,0.47,0,0
1024,41.76,4.8088,1,0.13,0,0
1025,274.08,0.0123,0,0.4,0,0
1026,22.94,0.0123,0,0.55,0,0
1027,19.95,4.8088,0,0.2,0,0
1028,59.18,0.0123,2,0.52,0,0
1029,18.56,0.0123,1,0.61,0,0
1030,30.94,0.0123,2,0.43,1,0
1031,53.79,0.0123,0,0.24,0,0
1032,33.44,0.0123,1,0.02,0,0
1033,60.14,0.0123,0,0.1,0,0
1034,94.42,0.0123,0,0.12,0,0
1035,46.88,0.0123,1,0.22,1,0
1036,63.34,0.0123,2,0.5,0,0
1037,61.14,0.0123,0,0.28,1,0
1038,32.23,0.0123,2,0.98,1,1
1039,25.08,0.0123,0,0.23,0,0
1040,177.25,0.0123,2,0.04,0,0
1041,34.37,0.0123,0,0.98,0,0
1042,11.88,0.0123,0,0.47,0,0
1043,70.19,0.0123,0,0.43,0,0
1044,52.63,0.0123,2,0.03,0,0
1045,277.54,0.0123,0,0.3,0,0
1046,12.69,0.0123,2,0.23,0,0
1047,251.91,0.0123,1,0.37,0,0
1048,25.47,0.0123,1,0.22,0,0
1049,38.84,0.0123,2,0.49,0,0
1050,7.43,0.0123,2,0.3,0,0
1051,38.34,0.0123,2,0.45,0,0
1052,75.37,0.0123,0,0.56,1,0
1053,37.69,0.0123,2,0.56,1,0
1054,52.0,0.0123,1,0.55,0,0
1055,2774.64,0.0123,0,0.15,0,1
1056,29.16,0.0123,0,0.31,1,0
1057,14.67,0.0123,2,0.75,0,0
1058,17.11,0.0123,0,0.34,0,0
1059,78.1,0.0123,2,0.58,1,0
1060,376.0,4.8088,1,0.35,0,1
1061,27.94,0.0123,2,0.41,1,0
1062,43.9,4.8088,0,0.92,0,1
1063,37.69,0.0123,2,0.24,0,0
1064,284.94,0.0123,2,0.76,0,0
1065,35.75,0.0123,2,0.72,0,0
1066,1055.25,0.0123,2,0.83,0,1
1067,96.4,0.0123,2,0.23,0,0
1068,22.08,0.0123,0,0.93,1,1
1069,29.61,0.0123,0,0.21,0,0
1070,14.0,0.0123,1,0.34,0,0
1071,30.21,0.0123,2,0.55,0,0
1072,9.92,0.0123,0,0.81,0,0
1073,48.97,0.0123,1,0.5,0,0
1074,43.87,0.0123,0,0.81,1,1
1075,29.07,0.0123,2,0.83,0,0
1076,87.78,0.0123,2,0.52,0,0
1077,596.07,0.0123,2,0.76,0,0
1078,33.63,0.0123,0,0.17,0,0
1079,45.26,0.0123,2,0.85,0,0
1080,534.16,0.0123,2,0.64,0,0
1081,32.97,0.0123,0,0.28,0,0
1082,39.07,0.0123,2,0.25,0,0
1083,3224.33,0.0123,0,0.86,0,1
1084,12.54,0.0123,0,0.56,0,0
1085,146.92,0.0123,2,0.95,0,0
1086,684.76,0.0123,0,0.7,0,0
1087,27.45,0.0123,2,0.46,0,0
1088,19.4,0.0123,2,0.64,0,0
1089,25.97,0.0123,0,0.15,0,0
1090,35.79,0.0123,0,0.2,0,0
1091,1490.39,0.0123,2,0.44,0,0
1092,8.81,0.0123,0,0.44,0,0
1093,22.12,0.0123,2,0.45,0,0
1094,34.76,0.0123,2,0.27,1,0
1095,58.89,0.0123,0,0.93,0,0
1096,14.35,4.8088,2,0.95,1,1
1097,44.44,4.8088,2,0.79,1,1
1098,52.6,0.0123,2,0.98,0,0
1099,29.87,0.0123,0,0.35,0,0
1100,26.7,0.0123,0,0.15,0,0
1101,12.33,0.0123,2,0.44,0,0
1102,140.04,0.0123,2,0.32,0,0
1103,6.37,0.0123,1,0.2,0,0
1104,68.2,4.8088,2,0.5,1,1
1105,15.42,0.0123,0,0.06,1,0
1106,85.23,0.0123,1,0.71,1,0
1107,84.54,0.0123,0,0.17,0,0
1108,48.35,0.0123,0,0.2,1,0
1109,22.57,0.0123,2,0.86,0,0
1110,11.72,0.0123,2,0.32,1,0
1111,19.81,0.0123,0,0.48,1,0
1112,331.65,0.0123,2,0.67,0,0
1113,8.58,0.0123,0,0.09,1,0
1114,95.63,0.0123,2,0.96,0,0
1115,50.41,0.0123,0,0.25,0,0
1116,38.19,4.8088,2,0.37,0,0
1117,59.14,0.0123,0,0.8,0,0
1118,25.3,0.0123,2,0.67,0,0
1119,193.97,0.0123,2,0.33,0,0
1120,17.65,0.0123,2,0.59,1,0
1121,35.02,0.0123,0,0.46,0,0
1122,17.9,0.0123,0,0.45,1,0
1123,37.1,0.0123,2,0.01,0,0
1124,19.3,0.0123,1,0.39,1,0
1125,51.35,0.0123,2,0.24,0,0
1126,127.23,0.0123,2,0.95,0,0
1127,72.23,0.0123,1,0.89,0,0
1128,50.92,0.0123,2,0.23,0,0
1129,326.32,0.0123,2,0.54,0,0
1130,64.93,0.0123,2,0.27,1,0
1131,40.38,4.8088,0,0.89,0,1
1132,124.67,0.0123,1,0.82,0,0
1133,2064.83,0.0123,2,0.47,0,1
1134,37.66,0.0123,0,0.21,0,0
1135,18.38,0.0123,2,0.87,1,1
1136,19.97,0.0123,0,0.87,0,0
1137,5.37,0.0123,2,0.05,0,0
1138,33.21,0.0123,2,0.74,0,0
1139,35.04,0.0123,2,0.76,0,0
1140,82.5,0.0123,0,0.23,0,0
1141,8.48,0.0123,0,0.43,0,0
1142,25.72,0.0123,2,0.75,0,0
1143,57.34,0.0123,2,0.85,0,0
1144,45.61,0.0123,0,0.65,0,0
1145,89.71,0.0123,2,0.21,0,0
1146,15.49,0.0123,2,0.31,0,0
1147,23.4,0.0123,0,0.0,0,0
1148,113.37,0.0123,2,0.55,1,0
1149,87.46,0.0123,1,0.93,1,1
1150,170.74,0.0123,2,0.37,0,0
1151,36.28,0.0123,0,0.28,1,0
1152,20.3,0.0123,0,0.17,0,0
1153,76.37,0.0123,0,0.39,0,0
1154,28.01,0.0123,2,0.7,0,0
1155,357.96,0.0123,2,0.87,0,0
1156,58.03,4.8088,2,0.88,0,1
1157,31.11,0.0123,2,0.07,0,0
1158,27.44,0.0123,2,0.92,0,0
1159,2012.6,0.0123,2,0.59,0,0
1160,39.75,0.0123,2,0.76,1,0
1161,406.63,0.0123,0,0.98,0,0
1162,19.32,0.0123,0,0.46,0,0
1163,69.49,0.0123,2,0.24,1,0
1164,25.95,0.0123,0,0.07,0,0
1165,14.03,0.0123,0,0.18,0,0
1166,25.91,0.0123,2,0.37,0,0
1167,45.83,0.0123,0,0.87,1,1
1168,19.23,0.0123,0,0.23,1,0
1169,50.63,0.0123,0,0.04,1,0
1170,302.88,0.0123,0,0.9,0,0
1171,75.9,0.0123,1,0.26,0,0
1172,35.18,0.0123,2,0.97,0,0
1173,72.9,0.0123,0,0.92,0,0
1174,25.42,0.0123,0,0.25,0,0
1175,34.74,0.0123,2,0.07,1,0
1176,39.68,0.0123,2,0.75,0,0
1177,52.33,0.0123,2,0.57,0,0
1178,739.92,0.0123,2,0.74,0,0
1179,9.22,0.0123,2,0.91,0,0
1180,15.56,0.0123,0,0.0,0,0
1181,532.89,0.0123,2,0.79,0,0
1182,63.42,4.8088,2,0.23,1,1
1183,9.81,4.8088,1,0.28,1,1
1184,23.83,0.0123,0,0.25,0,0
1185,55.81,4.8088,2,0.64,0,0
1186,71.71,0.0123,0,0.37,0,0
1187,26.8,0.0123,1,0.37,0,0
1188,15.2,0.0123,0,0.28,0,0
1189,23.25,0.0123,2,0.08,0,0
1190,63.78,0.0123,2,0.74,1,0
1191,25.91,0.0123,2,0.56,0,0
1192,34.96,0.0123,2,0.82,0,0
1193,244.17,0.0123,0,0.64,0,0
1194,24.19,0.0123,2,0.3,0,0
1195,27.11,0.0123,0,0.25,0,0
1196,22.69,0.0123,0,0.04,0,0
1197,29.2,0.0123,0,1.0,0,0
1198,61.58,0.0123,2,0.51,0,0
1199,15.42,0.0123,0,0.09,1,0
1200,91.76,0.0123,2,0.37,0,0
1201,992.41,0.0123,2,0.5,0,1
1202,37.81,0.0123,0,0.94,1,1
1203,59.94,0.0123,1,0.31,0,0
1204,29.49,4.8088,0,0.54,0,0
1205,29.12,0.0123,0,0.23,0,0
1206,11.18,0.0123,2,0.07,0,0
1207,61.53,4.8088,2,0.08,1,1
1208,9.13,0.0123,2,0.6,1,0
1209,43.73,0.0123,0,0.11,0,0
1210,11.92,0.0123,0,0.83,0,0
1211,8.15,0.0123,0,0.66,1,0
1212,1467.14,0.0123,2,0.89,0,1
1213,30.01,0.0123,0,0.52,0,0
1214,40.32,0.0123,2,0.84,1,1
1215,19.85,0.0123,0,0.13,0,0
1216,19.36,0.0123,2,0.44,1,0
1217,30.95,0.0123,0,0.92,0,0
1218,23.52,0.0123,0,0.93,0,0
1219,80.42,0.0123,0,0.29,0,0
1220,64.3,0.0123,1,0.99,0,0
1221,59.75,0.0123,0,0.38,0,0
1222,41.75,0.0123,1,0.9,0,0
1223,758.78,0.0123,2,0.77,1,1
1224,33.41,0.0123,2,0.16,0,0
1225,44.91,0.0123,1,0.05,0,0
1226,14.83,0.0123,0,0.66,1,0
1227,10.16,0.0123,2,0.07,0,0
1228,10.01,0.0123,2,0.25,1,0
1229,15.79,0.0123,2,0.31,1,0
1230,11.23,0.0123,2,0.74,0,0
1231,32.86,0.0123,2,0.29,0,0
1232,30.09,0.0123,0,0.41,0,0
1233,715.79,0.0123,1,0.46,0,0
1234,47.27,0.0123,2,0.24,0,0
1235,448.79,0.0123,0,0.56,0,0
1236,2319.84,0.0123,2,0.23,1,1
1237,1355.03,0.0123,0,0.66,0,0
1238,36.15,0.0123,0,0.69,0,0
1239,76.52,0.0123,2,0.45,1,0
1240,6.42,0.0123,0,0.38,0,0
1241,20.56,0.0123,0,0.91,1,1
1242,970.89,4.8088,0,0.25,0,1
1243,24.39,0.0123,0,0.26,0,0
1244,73.88,0.0123,2,0.18,0,0
1245,85.84,0.0123,2,0.96,0,0
1246,1699.7,0.0123,0,0.2,0,1
1247,24.63,0.0123,2,0.34,0,0
1248,474.19,0.0123,2,0.64,0,0
1249,5.28,0.0123,0,0.9,1,1
1250,9.15,0.0123,0,0.58,0,0
1251,14.02,0.0123,0,0.2,1,0
1252,530.08,0.0123,2,0.46,0,0
1253,34.09,0.0123,1,0.86,0,0
1254,29.31,0.0123,0,0.67,1,0
1255,80.33,0.0123,0,0.79,0,0
1256,42.83,4.8088,0,0.74,1,1
1257,19.86,0.0123,0,0.13,0,0
1258,67.64,0.0123,0,0.57,1,0
1259,23.11,0.0123,2,0.76,0,0
1260,9.53,0.0123,0,0.64,0,0
1261,86.43,0.0123,2,0.75,1,0
1262,1091.41,0.0123,0,0.63,0,0
1263,11.06,0.0123,0,0.76,0,0
1264,13.22,0.0123,0,0.66,1,0
1265,28.2,0.0123,2,0.52,1,0
1266,51.52,0.0123,0,0.94,0,0
1267,1938.05,0.0123,2,0.14,1,1
1268,27.07,0.0123,2,0.61,0,0
1269,16.21,0.0123,2,0.08,0,0
1270,8.57,0.0123,0,0.52,0,0
1271,10.39,0.0123,2,0.66,0,0
1272,28.06,4.8088,0,0.06,0,0
1273,25.96,0.0123,0,0.75,1,0
1274,23.7,0.0123,0,0.0,1,0
1275,34.14,0.0123,2,0.45,0,0
1276,26.17,0.0123,1,0.69,0,0
1277,499.33,0.0123,0,0.56,1,0
1278,56.74,0.0123,2,0.32,0,0
1279,51.36,0.0123,2,0.13,0,0
1280,1763.68,0.0123,0,0.3,0,0
1281,55.78,0.0123,2,0.11,0,0
1282,93.28,0.0123,0,0.41,1,0
1283,13.19,4.8088,2,0.97,0,1
1284,24.57,0.0123,2,0.13,0,0
1285,18.59,0.0123,2,0.76,1,0
1286,76.99,0.0123,0,0.66,1,0
1287,137.21,0.0123,0,0.1,0,0
1288,13.62,0.0123,1,0.66,0,0
1289,19.88,0.0123,2,0.67,0,0
1290,42.74,0.0123,0,0.12,0,0
1291,37.6,0.0123,0,0.1,0,0
1292,28.96,0.0123,0,0.08,0,0
1293,17.62,4.8088,1,0.72,0,0
1294,65.81,0.0123,2,0.44,0,0
1295,10.28,0.0123,2,0.83,0,0
1296,29.92,0.0123,0,0.61,0,0
1297,32.84,0.0123,2,0.42,0,0
1298,71.14,0.0123,2,0.7,0,0
1299,45.18,4.8088,0,0.58,0,0
1300,58.02,0.0123,0,0.77,0,0
1301,559.81,0.0123,0,0.16,0,0
1302,46.95,0.0123,2,0.0,0,0
1303,115.75,0.0123,2,0.71,1,0
1304,14.86,0.0123,0,0.34,0,0
1305,300.47,0.0123,2,0.79,0,0
1306,26.99,0.0123,2,0.45,0,0
1307,102.18,0.0123,2,0.47,0,0
1308,11.47,0.0123,2,0.02,0,0
1309,23.94,0.0123,2,0.14,0,0
1310,46.1,0.0123,2,0.72,0,0
1311,22.31,0.0123,0,0.81,0,0
1312,53.72,0.0123,2,0.03,0,0
1313,277.65,0.0123,0,0.42,0,0
1314,210.63,4.8088,1,0.54,0,0
1315,757.67,0.0123,0,0.89,1,1
1316,37.59,0.0123,2,0.54,0,0
1317,36.26,0.0123,2,0.89,0,0
1318,37.57,0.0123,2,0.24,0,0
1319,149.56,0.0123,1,0.17,0,0
1320,785.5,0.0123,2,0.78,0,0
1321,37.37,0.0123,2,0.79,0,0
1322,22.45,0.0123,2,0.82,0,0
1323,33.49,0.0123,2,0.03,0,0
1324,14.96,0.0123,2,0.69,0,0
1325,644.11,0.0123,2,0.65,0,0
1326,46.72,0.0123,1,0.15,0,0
1327,22.69,0.0123,0,0.35,0,0
1328,86.26,0.0123,0,0.39,0,0
1329,37.78,0.0123,0,0.86,0,0
1330,24.18,0.0123,1,0.28,0,0
1331,506.51,0.0123,0,0.35,1,0
1332,18.75,0.0123,0,0.44,0,0
1333,24.07,0.0123,1,0.47,0,0
1334,34.56,0.0123,1,0.67,0,0
1335,17.13,0.0123,1,0.07,0,0
1336,1413.37,0.0123,2,0.64,0,1
1337,295.68,0.0123,2,0.32,0,0
1338,91.02,0.0123,2,0.89,0,0
1339,22.22,0.0123,0,0.44,0,0
1340,56.22,0.0123,0,0.46,0,0
1341,17.62,0.0123,0,0.0,0,0
1342,20.98,0.0123,2,0.59,0,0
1343,582.25,4.8088,2,0.78,0,0
1344,29.22,0.0123,0,0.23,0,0
1345,38.22,0.0123,1,0.28,0,0
1346,37.65,0.0123,2,0.39,0,0
1347,560.58,0.0123,2,0.54,0,1
1348,34.01,0.0123,0,0.28,0,0
1349,49.84,0.0123,0,0.99,0,0
1350,17.09,0.0123,2,0.08,0,0
1351,94.75,0.0123,2,0.68,0,0
1352,71.72,0.0123,2,0.57,1,0
1353,12.95,0.0123,0,0.49,0,0
1354,2351.04,0.0123,0,0.86,0,1
1355,86.13,0.0123,0,0.43,0,0
1356,54.79,0.0123,2,0.42,0,0
1357,19.53,0.0123,0,0.19,0,0
1358,35.46,0.0123,2,0.13,0,0
1359,709.57,0.0123,1,0.58,0,0
1360,16.89,4.8088,1,0.37,1,1
1361,4735.51,0.0123,0,0.69,0,1
1362,15.06,0.0123,2,0.6,1,0
1363,2275.44,0.0123,2,0.03,0,1
1364,57.54,0.0123,0,0.39,1,0
1365,15.96,0.0123,0,0.57,0,0
1366,6.75,0.0123,2,0.64,1,0
1367,24.68,0.0123,0,0.04,0,0
1368,58.69,0.0123,2,0.19,0,0
1369,10.18,0.0123,0,0.85,0,0
1370,33.17,0.0123,2,0.38,0,0
1371,21.33,0.0123,2,0.84,0,0
1372,68.28,0.0123,0,0.46,0,0
1373,49.79,0.0123,2,0.49,0,0
1374,27.15,0.0123,2,0.26,1,0
1375,126.08,0.0123,0,0.76,1,0
1376,23.62,0.0123,0,0.67,1,0
1377,447.54,0.0123,1,0.1,1,0
1378,91.23,0.0123,0,0.25,0,0
1379,21.04,0.0123,2,0.54,0,0
1380,57.11,0.0123,2,0.07,1,0
1381,327.88,0.0123,2,0.79,1,0
1382,294.23,0.0123,0,0.9,0,1
1383,18.66,0.0123,0,0.45,0,0
1384,50.01,4.8088,2,0.93,1,1
1385,37.89,0.0123,0,0.97,0,0
1386,63.47,0.0123,2,0.04,0,0
1387,36.34,0.0123,2,0.11,0,0
1388,14.74,0.0123,0,0.08,1,0
1389,17.63,0.0123,0,0.99,1,1
1390,960.31,0.0123,0,0.26,0,0
1391,28.06,0.0123,0,0.33,1,0
1392,380.85,0.0123,0,0.74,0,0
1393,4.17,0.0123,0,0.84,1,1
1394,58.17,0.0123,0,0.07,1,0
1395,417.64,0.0123,0,0.04,1,0
1396,16.29,0.0123,0,0.58,1,0
1397,1187.78,0.0123,2,0.45,0,1
1398,28.79,0.0123,0,0.51,1,0
1399,55.12,0.0123,0,0.14,0,0
1400,204.02,0.0123,0,0.42,0,0
1401,27.04,0.0123,0,0.99,1,1
1402,33.61,0.0123,0,0.18,1,0
1403,30.94,0.0123,2,0.45,0,0
1404,36.72,0.0123,0,0.8,1,0
1405,30.21,0.0123,2,0.1,1,0
1406,2381.63,0.0123,2,0.69,1,1
1407,109.26,0.0123,2,0.66,0,0
1408,52.67,0.0123,0,0.6,0,0
1409,44.15,0.0123,2,0.58,0,0
1410,22.88,0.0123,0,0.5,0,0
1411,79.96,0.0123,2,0.38,0,0
1412,726.03,0.0123,0,0.63,1,0
1413,2271.42,0.0123,1,0.08,0,1
1414,29.19,0.0123,0,0.57,0,0
1415,13.32,0.0123,0,0.64,0,0
1416,23.09,0.0123,2,0.06,0,0
1417,48.47,0.0123,1,0.42,1,0
1418,63.12,4.8088,1,0.96,0,1
1419,79.4,0.0123,2,0.39,0,0
1420,72.71,0.0123,0,0.92,1,1
1421,15.41,0.0123,0,0.61,0,0
1422,23.49,0.0123,0,0.92,0,0
1423,83.27,0.0123,2,0.46,1,0
1424,22.87,0.0123,0,0.61,0,0
1425,31.24,0.0123,2,0.6,0,0
1426,5204.84,0.0123,1,0.56,0,1
1427,55.68,4.8088,2,0.04,0,0
1428,6.46,0.0123,0,0.7,0,0
1429,826.54,0.0123,1,0.54,0,1
1430,38.22,0.0123,0,0.44,0,0
1431,11.17,0.0123,2,0.56,0,0
1432,17.6,0.0123,2,0.03,1,0
1433,1782.91,0.0123,2,0.6,0,1
1434,711.67,0.0123,0,0.8,0,0
1435,64.84,0.0123,2,0.18,1,0
1436,27.08,0.0123,2,0.02,0,0
1437,22.14,0.0123,2,0.54,0,0
1438,39.1,0.0123,2,0.19,0,0
1439,45.91,0.0123,2,0.58,0,0
1440,2896.59,0.0123,0,0.07,0,1
1441,29.17,0.0123,0,0.1,0,0
1442,15.67,0.0123,2,0.81,0,0
1443,34.02,0.0123,1,0.5,0,0
1444,28.24,4.8088,1,0.11,1,1
1445,24.07,0.0123,2,0.43,1,0
1446,6.59,0.0123,2,0.14,1,0
1447,732.09,0.0123,1,0.25,0,0
1448,25.44,0.0123,0,0.29,0,0
1449,674.43,0.0123,0,0.83,0,1
1450,26.34,0.0123,2,0.98,0,0
1451,28.6,0.0123,1,0.43,0,0
1452,606.7,0.0123,0,0.51,0,0
1453,74.01,0.0123,0,0.13,0,0
1454,11.28,0.0123,2,0.9,0,0
1455,39.06,0.0123,0,0.25,1,0
1456,562.31,0.0123,1,0.32,0,0
1457,56.73,0.0123,0,0.71,0,0
1458,58.87,0.0123,0,0.83,0,0
1459,42.64,0.0123,2,0.06,0,0
1460,71.32,0.0123,2,0.99,1,1
1461,10.68,4.8088,0,0.17,1,1
1462,28.76,0.0123,2,0.78,0,0
1463,3299.29,0.0123,0,0.36,0,1
1464,47.22,0.0123,2,0.34,0,0
1465,55.33,0.0123,2,0.07,0,0
1466,18.81,0.0123,2,0.21,0,0
1467,68.22,0.0123,2,0.31,0,0
1468,23.16,0.0123,0,0.22,0,0
1469,23.31,0.0123,0,0.71,1,0
1470,14.65,0.0123,0,0.26,0,0
1471,7.3,0.0123,2,0.88,0,0
1472,24.5,0.0123,2,0.59,0,0
1473,24.54,0.0123,2,0.75,0,0
1474,97.75,0.0123,1,0.15,0,0
1475,44.98,0.0123,0,0.32,0,0
1476,17.13,0.0123,2,0.19,1,0
1477,29.35,0.0123,2,0.53,0,0
1478,47.41,0.0123,2,0.13,0,0
1479,706.17,0.0123,2,0.13,1,1
1480,667.01,0.0123,0,0.9,0,1
1481,18.21,0.0123,2,1.0,1,1
1482,15.27,0.0123,2,0.87,0,0
1483,15.69,0.0123,0,0.72,1,0
1484,25.25,0.0123,2,0.44,0,0
1485,102.99,0.0123,0,0.23,0,0
1486,35.92,0.0123,2,0.56,1,0
1487,25.98,0.0123,1,0.7,0,0
1488,60.31,0.0123,2,0.26,0,0
1489,7.82,0.0123,2,0.28,0,0
1490,48.0,0.0123,2,0.05,0,0
1491,21.21,0.0123,1,0.31,0,0
1492,101.6,0.0123,0,0.9,0,0
1493,44.72,0.0123,0,0.85,0,0
1494,43.34,0.0123,0,0.05,0,0
1495,65.18,0.0123,0,0.37,0,0
1496,29.33,0.0123,0,0.69,1,0
1497,55.59,0.0123,0,0.81,1,1
1498,16.85,0.0123,2,0.76,0,0
1499,57.88,0.0123,0,1.0,0,0
1500,34.37,0.0123,2,0.97,1,1
1501,42.24,0.0123,2,0.83,0,0
1502,41.97,0.0123,2,0.46,1,0
1503,4146.78,0.0123,2,0.84,0,1
1504,176.04,0.0123,0,0.62,1,0
1505,35.18,0.0123,2,0.51,0,0
1506,62.18,0.0123,0,0.06,0,0
1507,38.19,0.0123,2,0.96,0,0
1508,34.15,0.0123,2,0.93,1,1
1509,30.13,0.0123,0,0.1,1,0
1510,53.33,0.0123,1,0.73,1,0
1511,62.92,0.0123,2,0.82,0,0
1512,25.67,0.0123,0,0.19,0,0
1513,25.68,0.0123,0,0.56,0,0
1514,10.16,0.0123,0,0.98,1,1
1515,52.96,0.0123,0,0.62,0,0
1516,15.87,4.8088,2,0.6,0,0
1517,48.98,0.0123,1,0.88,0,0
1518,528.15,4.8088,2,0.89,0,1
1519,59.95,0.0123,2,0.3,0,0
1520,32.51,0.0123,2,0.09,0,0
1521,24.76,0.0123,0,0.75,0,0
1522,16.07,0.0123,2,0.74,0,0
1523,20.42,0.0123,0,0.63,0,0
1524,13.23,0.0123,1,0.34,1,0
1525,14.86,0.0123,0,0.77,0,0
1526,26.08,0.0123,2,0.71,0,0
1527,3235.37,0.0123,0,0.41,0,1
1528,16.61,0.0123,2,0.16,0,0
1529,41.11,0.0123,2,0.17,0,0
1530,324.24,0.0123,0,0.18,0,0
1531,8.97,0.0123,2,0.53,0,0
1532,16.52,0.0123,2,0.26,0,0
1533,47.41,0.0123,0,0.41,1,0
1534,1270.94,0.0123,0,0.96,0,1
1535,29.41,0.0123,0,0.5,0,0
1536,1347.3,0.0123,0,0.48,0,1
1537,279.44,0.0123,0,0.51,1,0
1538,44.02,0.0123,0,0.63,0,0
1539,52.53,0.0123,2,0.6,1,0
1540,16.09,0.0123,0,0.54,1,0
1541,63.02,0.0123,0,0.05,0,0
1542,51.7,0.0123,2,0.12,0,0
1543,59.27,0.0123,0,0.14,0,0
1544,20.62,0.0123,0,0.98,0,0
1545,64.56,0.0123,2,0.15,0,0
1546,37.91,0.0123,0,0.31,0,0
1547,145.81,0.0123,2,0.81,0,0
1548,266.14,0.0123,2,0.97,1,1
1549,19.28,0.0123,0,0.32,0,0
1550,26.58,4.8088,2,0.34,1,1
1551,39.96,0.0123,0,0.01,1,0
1552,79.58,0.0123,0,0.84,0,0
1553,44.93,0.0123,0,0.15,0,0
1554,14.4,0.0123,2,0.94,1,1
1555,55.61,0.0123,0,0.92,0,0
1556,81.68,0.0123,2,0.85,0,0
1557,20.42,0.0123,2,0.83,0,0
1558,43.54,0.0123,2,0.83,0,0
1559,47.98,0.0123,1,0.21,0,0
1560,34.2,0.0123,2,0.19,0,0
1561,316.08,0.0123,1,0.79,0,0
1562,2486.26,0.0123,2,0.6,0,1
1563,76.12,0.0123,2,0.37,0,0
1564,305.12,0.0123,0,0.07,0,0
1565,22.25,0.0123,1,0.36,0,0
1566,24.35,0.0123,0,0.91,1,1
1567,25.15,0.0123,2,0.42,0,0
1568,46.67,0.0123,0,0.34,0,0
1569,8.3,4.8088,2,0.0,1,1
1570,181.77,0.0123,2,0.53,1,0
1571,33.07,0.0123,1,0.4,0,0
1572,52.41,0.0123,0,0.69,0,0
1573,48.61,0.0123,0,0.06,0,0
1574,79.66,0.0123,0,0.87,0,0
1575,23.76,0.0123,0,0.39,1,0
1576,13.53,0.0123,0,0.25,0,0
1577,32.96,0.0123,0,0.95,0,0
1578,82.79,0.0123,2,0.84,0,0
1579,454.52,0.0123,2,0.29,0,0
1580,42.73,0.0123,0,0.59,0,0
1581,33.4,0.0123,2,0.16,0,0
1582,17.32,4.8088,0,0.91,1,1
1583,34.61,0.0123,1,0.68,0,0
1584,28.92,0.0123,0,0.86,0,0
1585,11.7,0.0123,0,0.98,1,1
1586,14.91,0.0123,2,0.68,0,0
1587,27.21,0.0123,0,0.86,0,0
1588,9.15,0.0123,2,0.98,0,0
1589,29.71,4.8088,0,0.05,0,0
1590,43.79,0.0123,0,0.6,1,0
1591,62.75,0.0123,2,0.7,0,0
1592,15.48,0.0123,0,0.38,0,0
1593,64.52,0.0123,2,0.94,0,0
1594,196.15,0.0123,0,0.16,0,0
1595,40.4,0.0123,2,0.05,0,0
1596,54.68,0.0123,1,0.71,0,0
1597,101.7,0.0123,0,0.96,0,0
1598,26.85,0.0123,2,0.49,0,0
1599,181.49,0.0123,0,0.48,0,0
1600,22.31,0.0123,0,0.58,0,0
1601,33.71,0.0123,1,0.08,0,0
1602,1183.88,0.0123,2,0.65,0,0
1603,8.27,0.0123,1,0.16,0,0
1604,2355.77,0.0123,2,0.59,0,1
1605,30.14,0.0123,0,0.8,0,0
1606,24.91,0.0123,0,0.68,0,0
1607,1382.54,0.0123,1,0.65,0,0
1608,31.0,0.0123,0,0.09,0,0
1609,64.93,0.0123,1,0.18,0,0
1610,42.8,0.0123,2,0.87,0,0
1611,866.13,0.0123,1,0.88,1,1
1612,23.52,0.0123,2,0.4,0,0
1613,60.21,4.8088,0,0.71,1,1
1614,68.06,0.0123,2,0.72,1,0
1615,83.35,0.0123,0,0.45,0,0
1616,22.62,0.0123,2,0.64,0,0
1617,119.54,0.0123,0,0.68,0,0
1618,22.67,0.0123,0,0.68,0,0
1619,18.79,0.0123,0,0.63,0,0
1620,40.48,4.8088,2,0.55,0,0
1621,8.56,0.0123,2,0.29,0,0
1622,33.04,0.0123,2,0.24,0,0
1623,32.77,0.0123,0,0.82,1,1
1624,40.54,0.0123,2,0.76,1,0
1625,27.11,0.0123,2,0.52,0,0
1626,36.59,0.0123,0,0.26,1,0
1627,347.51,0.0123,2,0.4,1,0
1628,21.62,0.0123,2,0.53,0,0
1629,47.79,0.0123,0,0.04,0,0
1630,19.91,0.0123,0,0.56,0,0
1631,104.66,0.0123,2,0.87,0,0
1632,30.43,0.0123,0,0.11,0,0
1633,12.79,0.0123,2,0.31,0,0
1634,20.12,0.0123,2,0.49,0,0
1635,14.48,0.0123,2,0.68,1,0
1636,21.17,0.0123,0,0.94,1,1
1637,52.17,0.0123,2,0.38,0,0
1638,57.05,0.0123,2,0.17,0,0
1639,4941.59,0.0123,0,0.17,0,1
1640,25.66,0.0123,2,0.31,0,0
1641,19.32,0.0123,2,0.2,0,0
1642,29.72,0.0123,0,0.21,0,0
1643,41.31,0.0123,2,0.02,0,0
1644,12.36,0.0123,0,0.67,0,0
1645,32.34,0.0123,0,0.57,0,0
1646,18.03,0.0123,2,0.4,0,0
1647,45.82,0.0123,2,0.66,1,0
1648,1232.3,0.0123,0,0.87,0,1
1649,71.46,0.0123,2,0.38,0,0
1650,65.04,0.0123,2,0.37,1,0
1651,39.51,0.0123,0,0.64,0,0
1652,17.83,0.0123,2,0.35,1,0
1653,15.44,0.0123,1,0.25,0,0
1654,19.24,0.0123,1,0.75,0,0
1655,12.11,0.0123,1,0.53,0,0
1656,21.93,0.0123,0,0.33,0,0
1657,386.17,0.0123,0,0.52,0,0
1658,18.08,0.0123,2,0.67,0,0
1659,67.23,0.0123,2,0.24,1,0
1660,68.79,0.0123,0,0.47,0,0
1661,15.09,0.0123,2,0.09,1,0
1662,536.86,4.8088,0,0.89,0,1
1663,20.08,0.0123,2,0.34,0,0
1664,696.36,0.0123,0,0.34,1,1
1665,24.07,0.0123,0,0.61,0,0
1666,27.84,0.0123,2,0.66,0,0
1667,115.33,0.0123,0,0.25,1,0
1668,27.99,0.0123,0,0.1,0,0
1669,27.19,4.8088,0,0.33,1,1
1670,73.69,0.0123,0,0.89,1,1
1671,39.08,0.0123,0,0.35,0,0
1672,31.16,0.0123,0,0.41,0,0
1673,2472.18,0.0123,1,0.92,1,1
1674,24.01,0.0123,0,0.34,1,0
1675,202.24,0.0123,0,0.33,0,0
1676,39.25,0.0123,2,0.05,0,0
1677,30.06,0.0123,0,0.01,1,0
1678,19.95,0.0123,2,0.36,0,0
1679,636.15,0.0123,0,0.01,0,0
1680,76.68,0.0123,0,0.19,0,0
1681,812.93,0.0123,0,0.87,0,1
1682,10.73,0.0123,0,0.64,1,0
1683,52.25,0.0123,2,0.87,1,1
1684,11.25,0.0123,2,0.2,0,0
1685,15.84,0.0123,1,0.03,0,0
1686,7.34,0.0123,1,0.93,0,0
1687,22.26,0.0123,2,0.36,0,0
1688,18.34,0.0123,0,0.93,0,0
1689,18.45,0.0123,2,0.91,0,0
1690,25.67,0.0123,0,0.55,1,0
1691,14.94,4.8088,2,0.07,0,0
1692,17.98,0.0123,1,0.15,0,0
1693,18.11,0.0123,1,0.18,0,0
1694,9.04,0.0123,2,0.98,1,1
1695,27.86,0.0123,0,0.17,0,0
1696,48.89,0.0123,2,0.21,0,0
1697,61.63,0.0123,0,0.05,1,0
1698,26.17,0.0123,2,0.16,0,0
1699,40.77,0.0123,2,0.82,0,0
1700,84.77,0.0123,0,0.58,0,0
1701,44.16,0.0123,0,0.86,0,0
1702,36.92,0.0123,0,0.11,0,0
1703,2673.11,0.0123,2,0.13,0,1
1704,39.31,0.0123,0,0.42,1,0
1705,12.16,4.8088,2,0.21,0,0
1706,3417.13,0.0123,0,0.91,1,1
1707,25.22,0.0123,2,0.78,0,0
1708,30.04,0.0123,0,0.75,0,0
1709,8.14,0.0123,2,0.23,0,0
1710,78.06,0.0123,2,0.24,1,0
1711,24.36,0.0123,1,0.99,0,0
1712,31.94,0.0123,2,0.55,0,0
1713,51.76,0.0123,2,0.66,0,0
1714,29.39,0.0123,0,0.88,0,0
1715,22.12,0.0123,2,0.54,0,0
1716,31.48,0.0123,2,0.85,1,1
1717,17.23,0.0123,1,0.68,0,0
1718,32.91,0.0123,2,0.75,0,0
1719,15.91,0.0123,2,0.48,0,0
1720,11.32,0.0123,2,0.74,1,0
1721,34.47,0.0123,2,0.13,0,0
1722,10.36,0.0123,0,0.42,0,0
1723,40.11,0.0123,1,1.0,0,0
1724,26.03,0.0123,2,0.74,0,0
1725,33.36,0.0123,2,0.41,0,0
1726,36.02,0.0123,2,0.89,0,0
1727,26.19,0.0123,0,0.73,0,0
1728,65.47,0.0123,0,0.04,0,0
1729,18.38,0.0123,2,0.97,0,0
1730,37.78,0.0123,0,0.21,0,0
1731,41.34,0.0123,0,0.47,0,0
1732,11.4,0.0123,2,0.78,0,0
1733,28.82,0.0123,0,0.09,1,0
1734,13.87,0.0123,1,0.17,0,0
1735,76.1,0.0123,0,0.75,1,0
1736,39.07,0.0123,0,0.56,1,0
1737,920.66,0.0123,1,0.1,0,0
1738,45.42,0.0123,0,0.87,0,0
1739,51.61,0.0123,0,0.7,0,0
1740,24.3,0.0123,2,0.16,0,0
1741,31.78,0.0123,2,0.83,0,0
1742,61.2,0.0123,0,0.89,1,1
1743,22.3,0.0123,0,0.0,1,0
1744,31.7,0.0123,1,0.88,0,0
1745,62.53,0.0123,0,0.57,0,0
1746,19.55,0.0123,1,0.47,1,0
1747,5.78,0.0123,2,0.33,0,0
1748,229.7,0.0123,2,0.39,0,0
1749,6.04,0.0123,2,0.34,0,0
1750,59.49,0.0123,1,0.82,1,1
1751,94.74,0.0123,1,0.45,0,0
1752,20.15,0.0123,2,0.58,0,0
1753,246.87,0.0123,0,0.6,0,0
1754,1960.03,0.0123,0,0.35,0,1
1755,34.2,0.0123,0,0.34,0,0
1756,51.21,0.0123,0,0.77,0,0
1757,70.73,0.0123,2,0.12,0,0
1758,43.94,4.8088,0,0.64,0,0
1759,17.69,0.0123,0,0.16,0,0
1760,21.52,0.0123,0,0.8,0,0
1761,17.05,0.0123,2,0.67,0,0
1762,312.64,0.0123,2,0.03,1,1
1763,30.65,4.8088,2,0.56,0,0
1764,60.12,0.0123,2,0.15,0,0
1765,1233.02,0.0123,2,0.25,0,1
1766,40.74,0.0123,0,0.9,0,0
1767,38.2,0.0123,2,0.6,0,0
1768,563.72,0.0123,2,0.23,0,0
1769,34.47,0.0123,0,0.28,0,0
1770,12.06,0.0123,0,0.58,0,0
1771,9.66,0.0123,2,0.16,0,0
1772,29.27,0.0123,2,0.15,0,0
1773,29.3,0.0123,0,0.48,0,0
1774,12.89,0.0123,1,0.44,0,0
1775,90.3,4.8088,2,0.67,0,0
1776,20.47,4.8088,0,0.91,0,1
1777,41.83,0.0123,2,0.23,0,0
1778,76.43,0.0123,2,0.69,1,0
1779,17.06,0.0123,2,0.66,0,0
1780,29.26,0.0123,2,0.9,0,0
1781,45.24,0.0123,2,0.64,0,0
1782,29.85,0.0123,2,0.42,0,0
1783,8.41,0.0123,0,0.78,1,0
1784,41.62,0.0123,1,0.55,0,0
1785,22.65,0.0123,0,0.03,1,0
1786,28.27,0.0123,0,0.55,0,0
1787,74.66,4.8088,2,0.58,0,0
1788,43.29,0.0123,0,0.01,0,0
1789,40.02,0.0123,2,0.4,0,0
1790,21.11,0.0123,0,0.69,0,0
1791,42.46,0.0123,2,0.27,0,0
1792,13.83,0.0123,0,0.08,0,0
1793,41.4,0.0123,0,0.43,0,0
1794,21.25,0.0123,0,0.02,1,0
1795,36.73,0.0123,2,0.47,0,0
1796,10.4,0.0123,2,0.7,1,0
1797,505.31,0.0123,2,0.03,0,0
1798,29.17,0.0123,0,0.06,0,0
1799,64.52,0.0123,0,0.05,0,0
1800,11.87,0.0123,0,0.33,0,0
1801,9.44,4.8088,0,0.97,0,1
1802,33.0,0.0123,2,0.51,0,0
1803,32.26,0.0123,0,0.04,0,0
1804,15.93,0.0123,0,0.75,1,0
1805,26.11,0.0123,2,0.36,0,0
1806,37.9,0.0123,0,0.65,0,0
1807,31.74,0.0123,0,0.47,1,0
1808,55.34,0.0123,2,0.4,0,0
1809,37.62,0.0123,0,0.87,0,0
1810,360.03,0.0123,0,0.3,0,0
1811,134.34,0.0123,0,0.1,0,0
1812,40.87,0.0123,2,0.06,0,0
1813,13.7,0.0123,0,0.69,1,0
1814,9.07,0.0123,0,0.81,0,0
1815,17.55,0.0123,0,0.51,1,0
1816,35.31,0.0123,0,0.73,0,0
1817,81.46,0.0123,2,0.23,0,0
1818,51.54,0.0123,2,0.34,1,0
1819,28.78,0.0123,0,0.47,0,0
1820,14.07,0.0123,0,0.76,0,0
1821,85.01,0.0123,2,0.05,0,0
1822,5.82,0.0123,0,0.61,0,0
1823,13.2,0.0123,2,0.07,0,0
1824,28.34,0.0123,1,0.64,0,0
1825,30.36,0.0123,2,1.0,0,0
1826,732.86,0.0123,2,0.95,0,1
1827,26.97,0.0123,0,0.39,0,0
1828,13.33,0.0123,0,0.75,1,0
1829,35.63,0.0123,0,0.23,0,0
1830,36.08,0.0123,2,0.52,1,0
1831,55.23,0.0123,0,0.39,0,0
1832,12.0,0.0123,2,0.05,0,0
1833,17.79,0.0123,0,0.29,0,0
1834,65.16,0.0123,2,0.76,0,0
1835,37.74,0.0123,2,0.66,1,0
1836,67.98,0.0123,2,0.27,0,0
1837,5.02,0.0123,0,0.18,1,0
1838,75.91,0.0123,0,0.2,0,0
1839,17.44,0.0123,2,0.23,0,0
1840,358.97,0.0123,0,0.38,0,0
1841,17.94,0.0123,2,0.99,0,0
1842,43.25,0.0123,2,0.8,0,0
1843,91.83,0.0123,2,0.28,1,0
1844,24.67,0.0123,1,0.71,0,0
1845,28.2,0.0123,2,0.57,1,0
1846,58.58,0.0123,2,0.15,1,0
1847,26.77,0.0123,2,0.19,0,0
1848,142.3,0.0123,2,0.56,1,0
1849,39.39,0.0123,2,0.81,0,0
1850,27.63,4.8088,0,0.92,0,1
1851,26.31,0.0123,0,0.83,1,1
1852,2667.42,0.0123,0,0.39,0,1
1853,363.24,0.0123,2,0.0,1,1
1854,81.11,0.0123,2,0.72,0,0
1855,38.24,0.0123,2,0.53,0,0
1856,18.05,0.0123,2,0.26,0,0
1857,66.41,4.8088,2,0.78,0,0
1858,7452.15,0.0123,2,0.52,0,1
1859,17.42,0.0123,0,0.18,0,0
1860,26.08,4.8088,0,0.67,0,0
1861,20.78,0.0123,0,0.92,1,1
1862,1356.56,0.0123,2,0.98,0,1
1863,32.24,0.0123,2,0.4,0,0
1864,84.34,0.0123,0,0.22,0,0
1865,24.06,0.0123,2,0.47,0,0
1866,5.13,0.0123,2,0.7,1,0
1867,27.2,0.0123,0,0.12,0,0
1868,22.38,0.0123,2,0.15,0,0
1869,65.34,0.0123,2,0.72,0,0
1870,61.4,0.0123,2,0.08,0,0
1871,35.2,0.0123,0,0.17,0,0
1872,34.99,0.0123,2,0.1,0,0
1873,438.1,0.0123,2,0.45,0,0
1874,547.26,0.0123,2,0.08,0,0
1875,22.16,0.0123,0,0.82,0,0
1876,50.07,0.0123,2,0.51,0,0
1877,24.87,0.0123,2,0.01,0,0
1878,15.63,0.0123,0,0.4,0,0
1879,962.27,0.0123,0,0.95,0,1
1880,32.34,0.0123,0,0.44,0,0
1881,1483.12,0.0123,2,0.77,0,1
1882,40.3,0.0123,1,0.04,0,0
1883,99.6,0.0123,2,0.29,1,0
1884,64.8,0.0123,0,0.13,0,0
1885,50.39,0.0123,0,0.17,1,0
1886,50.6,0.0123,2,0.47,1,0
1887,26.92,0.0123,0,0.55,0,0
1888,39.61,0.0123,2,0.29,0,0
1889,10.32,4.8088,0,0.52,1,1
1890,54.65,0.0123,0,0.01,0,0
1891,14.64,0.0123,2,0.74,0,0
1892,577.95,0.0123,0,0.26,1,0
1893,7.96,0.0123,0,0.03,1,0
1894,13.01,0.0123,2,0.94,0,0
1895,30.39,0.0123,2,0.41,0,0
1896,159.76,0.0123,0,0.74,0,0
1897,48.03,4.8088,0,0.25,0,0
1898,1818.98,0.0123,0,0.73,1,1
1899,28.33,0.0123,0,0.31,0,0
1900,26.0,0.0123,0,0.27,0,0
1901,42.11,0.0123,2,0.96,0,0
1902,46.22,0.0123,2,0.34,1,0
1903,69.61,0.0123,2,0.48,0,0
1904,14.87,0.0123,0,0.03,0,0
1905,83.91,0.0123,2,0.01,1,0
1906,63.74,0.0123,0,0.68,0,0
1907,25.24,0.0123,1,0.76,0,0
1908,12.6,0.0123,0,0.09,0,0
1909,36.34,0.0123,1,0.51,0,0
1910,69.32,0.0123,2,0.24,0,0
1911,132.58,0.0123,2,0.23,0,0
1912,40.72,0.0123,2,0.03,0,0
1913,52.58,0.0123,0,0.61,0,0
1914,41.2,0.0123,1,0.81,0,0
1915,39.43,0.0123,2,0.07,0,0
1916,101.23,0.0123,0,0.75,0,0
1917,38.51,0.0123,2,0.73,1,0
1918,28.49,4.8088,2,0.93,0,1
1919,16.81,0.0123,0,0.2,0,0
1920,31.97,0.0123,1,0.15,0,0
1921,2203.92,0.0123,2,0.73,0,1
1922,34.56,0.0123,0,0.11,0,0
1923,137.74,0.0123,0,0.4,0,0
1924,33.76,0.0123,2,0.82,1,1
1925,67.59,0.0123,2,0.43,0,0
1926,26.18,0.0123,1,0.58,0,0
1927,14.02,0.0123,1,0.78,0,0
1928,14.99,0.0123,2,0.17,1,0
1929,29.47,0.0123,2,0.6,0,0
1930,18.02,0.0123,0,0.86,0,0
1931,32.5,0.0123,0,0.27,1,0
1932,449.05,0.0123,2,0.08,0,0
1933,14.59,0.0123,0,0.44,0,0
1934,36.4,0.0123,2,0.45,0,0
1935,2094.85,0.0123,0,0.28,0,1
1936,22.05,0.0123,0,0.9,0,0
1937,48.68,0.0123,0,0.42,0,0
1938,8.28,0.0123,2,0.3,0,0
1939,20.89,0.0123,0,0.36,0,0
1940,18.75,0.0123,0,0.75,1,0
1941,2423.95,0.0123,2,0.17,0,1
1942,34.04,0.0123,2,0.38,0,0
1943,31.45,0.0123,0,0.11,0,0
1944,49.98,0.0123,1,0.15,0,0
1945,21.02,0.0123,2,0.61,0,0
1946,75.37,0.0123,2,0.14,0,0
1947,7.77,0.0123,2,0.74,1,0
1948,23.19,0.0123,0,0.18,1,0
1949,13.46,0.0123,1,1.0,0,0
1950,45.84,0.0123,2,0.57,1,0
1951,623.99,0.0123,0,0.1,0,0
1952,17.41,0.0123,0,0.86,0,0
1953,50.85,0.0123,2,0.97,0,0
1954,1714.99,0.0123,2,0.88,0,1
1955,23.61,0.0123,0,0.95,0,0
1956,17.78,0.0123,2,0.76,0,0
1957,41.43,0.0123,0,0.65,0,0
1958,98.52,0.0123,1,0.64,0,0
1959,26.74,0.0123,0,0.44,0,0
1960,26.44,0.0123,2,0.25,1,0
1961,19.26,0.0123,2,0.84,0,0
1962,4077.85,0.0123,2,0.71,0,1
1963,26.69,0.0123,0,0.57,0,0
1964,8.68,0.0123,0,0.14,0,0
1965,80.57,0.0123,0,0.65,0,0
1966,269.56,0.0123,0,0.28,0,0
1967,20.44,0.0123,1,0.98,0,0
1968,18.18,0.0123,2,0.83,1,1
1969,62.73,0.0123,0,0.75,0,0
1970,50.59,0.0123,0,0.22,0,0
1971,468.32,0.0123,0,0.51,1,0
1972,391.43,0.0123,2,0.43,0,0
1973,42.5,0.0123,0,0.06,0,0
1974,13.54,0.0123,0,0.1,0,0
1975,124.87,0.0123,0,0.09,1,0
1976,53.54,0.0123,0,0.78,0,0
1977,19.55,0.0123,0,0.02,0,0
1978,60.77,0.0123,0,0.32,0,0
1979,54.05,0.0123,0,0.74,0,0
1980,12.57,0.0123,2,0.17,0,0
1981,32.68,0.0123,0,0.89,0,0
1982,31.61,0.0123,2,0.26,0,0
1983,22.3,0.0123,2,0.33,1,0
1984,23.78,4.8088,2,0.63,0,0
1985,34.27,0.0123,2,0.39,0,0
1986,37.33,0.0123,0,0.61,1,0
1987,8.15,4.8088,2,0.1,0,0
1988,31.52,0.0123,0,0.07,0,0
1989,10.61,0.0123,0,0.53,0,0
1990,45.7,0.0123,0,0.81,0,0
1991,34.56,0.0123,0,0.24,0,0
1992,64.54,0.0123,0,0.05,0,0
1993,64.12,0.0123,2,0.18,1,0
1994,32.46,0.0123,0,0.3,0,0
1995,40.83,0.0123,0,0.18,1,0
1996,40.06,0.0123,1,0.55,0,0
1997,71.36,0.0123,2,0.96,0,0
1998,40.21,0.0123,0,0.18,0,0
1999,77.5,0.0123,0,0.89,0,0
2000,150.76,0.0123,2,0.32,0,0
2001,32.61,0.0123,2,0.14,0,0
2002,13.74,0.0123,2,0.77,0,0
2003,34.11,0.0123,2,0.36,1,0
2004,21.55,0.0123,2,0.4,0,0
2005,71.92,0.0123,0,0.04,1,0
2006,29.96,0.0123,0,0.15,0,0
2007,14.04,0.0123,0,0.66,1,0
2008,24.26,0.0123,0,0.88,0,0
2009,8.94,0.0123,2,0.3,0,0
2010,625.66,0.0123,0,0.65,0,0
2011,204.32,0.0123,0,0.39,1,0
2012,46.4,0.0123,2,0.96,1,1
2013,860.55,0.0123,0,0.45,0,0
2014,47.99,0.0123,2,0.84,0,0
2015,33.65,0.0123,0,0.07,0,0
2016,14.23,0.0123,0,0.2,0,0
2017,51.8,0.0123,2,0.47,0,0
2018,20.26,0.0123,0,0.81,0,0
2019,78.54,0.0123,0,0.2,0,0
2020,63.25,0.0123,0,0.92,0,0
2021,35.86,0.0123,2,0.3,0,0
2022,69.61,0.0123,1,0.32,0,0
2023,572.73,0.0123,0,0.04,0,0
2024,22.49,0.0123,0,0.58,0,0
2025,44.92,0.0123,1,0.12,1,0
2026,34.2,0.0123,0,0.66,0,0
2027,1681.28,0.0123,0,0.41,0,1
2028,11.38,0.0123,2,0.32,1,0
2029,37.05,0.0123,0,0.89,1,1
2030,90.35,0.0123,2,0.21,0,0
2031,90.11,0.0123,2,0.64,0,0
2032,28.05,0.0123,0,0.37,0,0
2033,13.93,0.0123,0,0.68,0,0
2034,56.08,0.0123,0,0.77,1,0
2035,45.49,0.0123,0,0.94,0,0
2036,64.48,0.0123,1,0.15,0,0
2037,24.97,0.0123,2,0.72,0,0
2038,39.76,0.0123,0,0.02,0,0
2039,746.02,0.0123,0,0.95,0,1
2040,49.48,0.0123,0,0.32,0,0
2041,118.94,0.0123,2,0.15,0,0
2042,18.75,0.0123,2,0.16,0,0
2043,20.94,0.0123,0,0.07,0,0
2044,36.85,0.0123,0,0.78,0,0
2045,66.41,4.8088,2,0.18,0,0
2046,39.45,0.0123,0,0.5,0,0
2047,38.76,0.0123,0,0.69,0,0
2048,34.65,4.8088,0,0.61,0,0
2049,1553.79,0.0123,0,0.38,1,1
2050,59.75,0.0123,1,0.33,0,0
2051,21.19,0.0123,0,0.52,0,0
2052,24.29,0.0123,2,0.78,0,0
2053,43.87,0.0123,1,0.8,1,0
2054,23.87,0.0123,2,0.98,1,1
2055,749.35,0.0123,1,0.81,0,1
2056,13.1,0.0123,2,0.62,0,0
2057,50.72,0.0123,0,0.87,1,1
2058,40.41,0.0123,0,0.51,0,0
2059,288.92,0.0123,2,0.39,0,0
2060,14.47,0.0123,2,0.15,0,0
2061,87.07,0.0123,2,0.46,0,0
2062,39.97,0.0123,0,0.94,0,0
2063,67.48,0.0123,0,0.75,1,0
2064,460.88,0.0123,0,0.46,1,0
2065,43.59,0.0123,2,0.12,0,0
2066,445.19,0.0123,2,0.21,0,0
2067,39.71,0.0123,0,0.8,1,1
2068,36.6,0.0123,2,0.88,0,0
2069,59.58,0.0123,0,0.35,0,0
2070,60.48,0.0123,2,0.33,0,0
2071,20.85,0.0123,0,0.22,0,0
2072,14.66,0.0123,2,0.88,1,1
2073,2789.04,0.0123,0,0.5,0,1
2074,42.96,0.0123,0,0.42,1,0
2075,54.62,0.0123,0,0.64,0,0
2076,64.01,0.0123,0,0.18,0,0
2077,1827.08,0.0123,2,0.81,0,1
2078,13.63,0.0123,2,0.31,0,0
2079,45.61,0.0123,2,0.46,0,0
2080,75.6,0.0123,0,0.55,0,0
2081,2588.33,0.0123,2,0.11,1,1
2082,931.84,0.0123,2,0.09,0,0
2083,49.95,0.0123,0,0.1,0,0
2084,81.84,0.0123,0,0.79,0,0
2085,10.66,0.0123,0,0.77,0,0
2086,1640.15,0.0123,2,0.12,0,1
2087,28.55,0.0123,1,0.25,1,0
2088,33.1,0.0123,2,0.4,0,0
2089,372.98,0.0123,1,0.72,0,0
2090,27.72,0.0123,2,0.23,0,0
2091,32.25,0.0123,2,0.64,0,0
2092,1992.73,0.0123,1,0.66,0,1
2093,16.58,0.0123,2,0.25,0,0
2094,779.28,0.0123,0,0.19,0,0
2095,33.43,0.0123,0,0.82,0,0
2096,56.41,0.0123,2,0.55,0,0
2097,22.25,0.0123,1,0.57,0,0
2098,34.19,0.0123,2,0.51,0,0
2099,73.35,0.0123,0,0.57,1,0
2100,69.95,0.0123,0,0.14,0,0
2101,22.15,0.0123,0,0.6,0,0
2102,48.73,0.0123,2,0.48,0,0
2103,21.11,0.0123,1,0.55,0,0
2104,9.53,0.0123,0,0.39,1,0
2105,29.2,0.0123,0,0.21,0,0
2106,783.23,0.0123,2,0.37,0,0
2107,11.41,0.0123,1,0.55,0,0
2108,26.44,0.0123,2,0.56,0,0
2109,2118.95,0.0123,0,0.58,0,0
2110,43.78,0.0123,0,0.17,1,0
2111,27.4,0.0123,1,0.16,0,0
2112,4.61,0.0123,0,0.74,0,0
2113,35.19,0.0123,0,0.16,0,0
2114,72.8,0.0123,2,0.94,0,0
2115,71.5,0.0123,2,0.66,0,0
2116,18.39,0.0123,2,0.46,0,0
2117,19.31,0.0123,2,0.33,0,0
2118,31.73,0.0123,2,0.19,1,0
2119,117.18,0.0123,0,0.36,0,0
2120,44.12,4.8088,2,0.4,0,0
2121,15.64,0.0123,2,0.59,0,0
2122,42.03,0.0123,2,0.78,1,0
2123,24.84,0.0123,2,0.01,0,0
2124,51.59,0.0123,2,0.09,1,0
2125,29.92,0.0123,0,0.36,0,0
2126,48.67,0.0123,1,0.96,0,0
2127,33.36,0.0123,2,0.68,0,0
2128,3547.44,0.0123,0,0.23,0,1
2129,62.53,0.0123,2,0.78,0,0
2130,64.27,0.0123,0,0.24,0,0
2131,5.52,0.0123,2,0.93,0,0
2132,56.81,0.0123,0,0.16,0,0
2133,1955.67,0.0123,0,0.39,0,1
2134,114.7,0.0123,0,0.4,0,0
2135,22.98,0.0123,0,0.34,0,0
2136,1566.32,0.0123,2,0.63,0,1
2137,16.47,0.0123,2,0.96,0,0
2138,1015.33,0.0123,1,0.28,0,0
2139,1125.65,0.0123,0,0.83,0,1
2140,15.01,0.0123,0,0.54,1,0
2141,13.71,0.0123,0,0.21,0,0
2142,48.69,0.0123,2,0.02,0,0
2143,178.7,0.0123,0,0.91,1,1
2144,31.0,0.0123,2,0.04,0,0
2145,71.73,0.0123,2,0.68,0,0
2146,15.05,0.0123,2,0.68,1,0
2147,43.97,0.0123,0,0.95,0,0
2148,144.81,4.8088,2,0.82,1,1
2149,22.15,0.0123,2,0.3,1,0
2150,11.23,4.8088,2,0.56,0,0
2151,17.8,0.0123,2,0.76,0,0
2152,48.69,0.0123,2,0.5,0,0
2153,42.19,0.0123,2,0.98,1,1
2154,9.15,0.0123,2,0.52,1,0
2155,37.65,0.0123,0,0.26,0,0
2156,57.84,0.0123,2,0.47,0,0
2157,541.08,0.0123,0,0.03,0,0
2158,524.12,0.0123,2,0.23,1,1
2159,7.05,0.0123,0,0.87,0,0
2160,12.05,0.0123,2,0.71,0,0
2161,44.83,0.0123,2,0.14,0,0
2162,19.44,0.0123,0,0.99,0,0
2163,20.16,0.0123,0,0.71,0,0
2164,32.57,0.0123,0,0.03,0,0
2165,90.08,0.0123,2,0.21,0,0
2166,459.16,0.0123,0,0.79,0,0
2167,9.66,0.0123,2,0.93,0,0
2168,102.45,0.0123,0,0.5,0,0
2169,58.31,0.0123,2,0.49,1,0
2170,36.59,0.0123,0,0.96,0,0
2171,364.52,0.0123,2,0.34,0,0
2172,18.9,0.0123,2,0.11,0,0
2173,69.36,0.0123,1,0.53,1,0
2174,40.81,0.0123,2,0.26,0,0
2175,28.54,0.0123,2,0.04,1,0
2176,36.92,0.0123,1,0.74,0,0
2177,42.32,0.0123,0,0.57,0,0
2178,252.82,0.0123,2,0.58,0,0
2179,55.44,0.0123,0,0.42,1,0
2180,20.08,0.0123,2,0.36,0,0
2181,41.51,0.0123,2,0.04,0,0
2182,16.56,0.0123,0,0.1,0,0
2183,22.46,0.0123,2,0.35,0,0
2184,34.22,0.0123,2,0.81,0,0
2185,69.01,0.0123,2,0.74,1,0
2186,24.8,0.0123,0,0.41,0,0
2187,30.68,0.0123,2,0.19,0,0
2188,11.24,0.0123,0,0.75,0,0
2189,46.83,0.0123,1,0.7,0,0
2190,30.39,0.0123,0,0.02,0,0
2191,2062.15,0.0123,0,0.38,0,1
2192,9.39,0.0123,2,0.39,0,0
2193,39.17,0.0123,0,0.39,0,0
2194,30.24,0.0123,2,0.0,1,0
2195,13.78,0.0123,2,0.68,0,0
2196,37.89,0.0123,2,0.76,0,0
2197,28.76,0.0123,0,0.51,0,0
2198,85.41,0.0123,2,0.46,1,0
2199,22.83,0.0123,0,0.03,0,0
2200,22.87,0.0123,0,0.2,0,0
2201,54.97,4.8088,0,0.66,0,0
2202,39.59,0.0123,0,0.42,0,0
2203,39.14,4.8088,2,0.36,0,0
2204,54.85,0.0123,1,0.73,0,0
2205,814.58,0.0123,0,0.97,0,1
2206,66.39,0.0123,0,0.9,0,0
2207,20.81,0.0123,2,0.29,1,0
2208,9.21,0.0123,1,0.09,0,0
2209,65.51,0.0123,2,0.77,0,0
2210,46.26,0.0123,0,0.18,0,0
2211,40.62,0.0123,0,0.67,0,0
2212,93.67,0.0123,2,0.12,0,0
2213,42.47,0.0123,1,0.48,0,0
2214,12.13,0.0123,0,0.44,0,0
2215,16.24,0.0123,0,0.44,0,0
2216,38.89,0.0123,2,0.99,0,0
2217,77.33,0.0123,2,0.56,0,0
2218,59.52,0.0123,0,0.72,1,0
2219,36.84,0.0123,0,0.94,0,0
2220,38.87,0.0123,2,0.62,0,0
2221,6.88,0.0123,2,0.79,0,0
2222,29.57,0.0123,0,0.19,0,0
2223,21.53,0.0123,2,0.42,0,0
2224,34.86,0.0123,0,0.1,1,0
2225,23.32,0.0123,0,0.9,1,1
2226,47.53,0.0123,0,0.35,0,0
2227,22.73,0.0123,0,0.22,0,0
2228,18.3,0.0123,2,0.63,1,0
2229,77.99,0.0123,0,0.78,0,0
2230,49.52,0.0123,0,0.62,1,0
2231,90.99,4.8088,0,0.17,1,1
2232,38.92,0.0123,0,0.8,0,0
2233,60.39,0.0123,2,0.8,0,0
2234,46.81,0.0123,0,0.78,0,0
2235,9.19,0.0123,2,0.87,0,0
2236,2154.65,0.0123,1,0.13,0,1
2237,14.24,0.0123,0,0.65,0,0
2238,83.84,0.0123,0,0.84,0,0
2239,14.13,0.0123,0,0.49,0,0
2240,30.62,0.0123,2,0.38,0,0
2241,21.2,0.0123,2,0.9,0,0
2242,57.8,0.0123,0,0.52,1,0
2243,6.97,0.0123,2,0.7,0,0
2244,65.99,0.0123,0,0.81,0,0
2245,34.99,0.0123,0,0.84,1,1
2246,34.34,0.0123,0,0.62,1,0
2247,8.87,4.8088,2,0.67,1,1
2248,12.32,0.0123,0,0.82,0,0
2249,69.21,0.0123,0,0.45,0,0
2250,1569.43,0.0123,1,0.44,0,0
2251,46.1,0.0123,2,0.54,1,0
2252,53.37,0.0123,0,0.66,1,0
2253,23.08,0.0123,2,0.49,0,0
2254,43.98,0.0123,0,0.08,0,0
2255,15.5,0.0123,2,0.24,1,0
2256,114.57,0.0123,2,0.75,0,0
2257,38.06,0.0123,2,0.51,0,0
2258,19.84,0.0123,0,0.81,0,0
2259,70.44,0.0123,0,0.2,0,0
2260,20.4,0.0123,2,0.98,0,0
2261,69.19,0.0123,0,0.93,0,0
2262,20.86,0.0123,0,0.7,0,0
2263,519.32,0.0123,0,0.09,0,0
2264,59.08,0.0123,0,0.3,1,0
2265,19.16,0.0123,0,0.45,0,0
2266,15.32,0.0123,1,0.56,0,0
2267,15.44,0.0123,0,0.07,0,0
2268,66.86,0.0123,2,0.59,0,0
2269,95.86,0.0123,2,0.22,0,0
2270,14.16,0.0123,2,0.7,0,0
2271,63.43,0.0123,2,0.12,0,0
2272,24.16,0.0123,2,0.11,1,0
2273,50.54,0.0123,0,0.12,0,0
2274,14.9,0.0123,2,0.59,0,0
2275,31.81,0.0123,0,0.55,0,0
2276,94.17,0.0123,2,0.06,0,0
2277,15.38,0.0123,2,0.18,1,0
2278,61.45,0.0123,0,0.19,0,0
2279,111.04,0.0123,0,0.36,0,0
2280,19.88,0.0123,2,0.38,0,0
2281,36.34,0.0123,0,0.43,0,0
2282,444.64,0.0123,2,0.43,0,0
2283,2208.67,0.0123,0,0.07,0,1
2284,3496.66,0.0123,2,0.07,1,1
2285,50.93,0.0123,0,0.63,0,0
2286,30.7,0.0123,0,0.53,0,0
2287,52.86,0.0123,1,0.84,0,0
2288,65.34,0.0123,0,0.87,0,0
2289,1739.68,4.8088,1,0.05,0,1
2290,43.8,0.0123,0,0.12,0,0
2291,22.82,0.0123,0,0.45,0,0
2292,32.63,0.0123,2,0.46,0,0
2293,2758.07,0.0123,0,0.86,0,1
2294,7.62,0.0123,0,0.13,1,0
2295,104.47,0.0123,2,0.39,0,0
2296,41.15,0.0123,0,0.33,0,0
2297,39.21,0.0123,0,0.66,0,0
2298,9.22,0.0123,2,0.07,0,0
2299,62.53,0.0123,2,0.34,0,0
2300,19.15,0.0123,0,0.55,0,0
2301,17.99,0.0123,2,1.0,0,0
2302,14.48,0.0123,1,0.47,0,0
2303,114.51,0.0123,2,0.84,0,0
2304,78.81,0.0123,2,0.21,0,0
2305,26.44,0.0123,2,0.29,0,0
2306,21.8,0.0123,0,0.74,0,0
2307,190.26,0.0123,0,0.5,0,0
2308,24.2,0.0123,1,0.46,1,0
2309,13.48,0.0123,2,0.02,0,0
2310,34.33,0.0123,0,0.2,1,0
2311,228.27,0.0123,0,0.31,0,0
2312,537.59,0.0123,2,0.3,0,0
2313,34.99,0.0123,0,0.16,0,0
2314,33.05,0.0123,2,0.4,0,0
2315,33.56,0.0123,1,0.93,0,0
2316,315.0,0.0123,2,0.43,0,0
2317,247.03,0.0123,0,0.76,0,0
2318,25.98,0.0123,2,0.45,0,0
2319,68.41,0.0123,2,1.0,0,0
2320,10.36,0.0123,0,0.05,0,0
2321,66.03,0.0123,2,0.89,0,0
2322,45.15,0.0123,2,0.16,1,0
2323,31.55,0.0123,2,0.36,0,0
2324,17.67,4.8088,0,0.17,0,0
2325,55.58,0.0123,2,0.88,0,0
2326,1057.27,0.0123,0,0.5,1,1
2327,4.47,0.0123,2,0.5,0,0
2328,35.74,0.0123,0,0.3,0,0
2329,11.14,0.0123,2,0.19,0,0
2330,1631.59,0.0123,0,0.23,0,1
2331,50.17,0.0123,2,0.18,1,0
2332,238.93,0.0123,0,0.87,0,0
2333,50.1,0.0123,0,0.41,1,0
2334,27.96,0.0123,2,0.95,0,0
2335,31.85,0.0123,0,0.39,1,0
2336,87.44,0.0123,0,0.65,0,0
2337,38.23,0.0123,2,0.46,0,0
2338,24.94,0.0123,0,0.16,0,0
2339,30.19,0.0123,2,0.53,1,0
2340,23.37,0.0123,2,0.35,0,0
2341,34.33,0.0123,1,0.18,0,0
2342,68.31,0.0123,2,0.7,0,0
2343,748.22,0.0123,0,0.68,1,1
2344,55.92,0.0123,0,0.24,0,0
2345,963.62,0.0123,0,0.23,0,0
2346,21.46,0.0123,0,0.44,0,0
2347,34.24,0.0123,2,0.18,0,0
2348,17.77,0.0123,0,0.91,1,1
2349,27.06,0.0123,2,0.23,0,0
2350,10.87,0.0123,2,0.48,0,0
2351,2179.89,0.0123,0,0.72,0,1
2352,67.43,0.0123,0,0.72,0,0
2353,43.88,0.0123,2,0.73,0,0
2354,9.47,0.0123,0,0.76,0,0
2355,78.8,0.0123,2,0.7,1,0
2356,5.69,0.0123,1,0.68,0,0
2357,19.77,4.8088,0,0.39,0,0
2358,52.06,0.0123,0,0.43,0,0
2359,19.44,0.0123,1,0.66,0,0
2360,12.48,0.0123,2,0.66,0,0
2361,19.9,0.0123,2,0.68,0,0
2362,23.13,0.0123,2,0.06,0,0
2363,4036.07,0.0123,0,0.29,0,1
2364,18.47,4.8088,2,0.45,0,0
2365,19.34,0.0123,0,0.13,0,0
2366,26.32,0.0123,0,0.72,0,0
2367,36.68,0.0123,0,0.48,1,0
2368,44.65,0.0123,1,0.7,1,0
2369,501.08,0.0123,2,1.0,0,0
2370,58.77,0.0123,2,0.38,0,0
2371,547.92,0.0123,0,0.16,0,0
2372,29.27,0.0123,1,0.3,0,0
2373,80.8,0.0123,2,0.25,0,0
2374,85.49,0.0123,2,0.45,0,0
2375,38.0,0.0123,0,0.62,0,0
2376,84.22,0.0123,2,0.67,0,0
2377,10.3,0.0123,0,0.82,0,0
2378,594.2,0.0123,2,0.92,0,1
2379,53.63,0.0123,0,0.4,0,0
2380,799.67,0.0123,0,0.63,0,0
2381,52.06,0.0123,0,0.56,0,0
2382,15.67,0.0123,2,0.86,0,0
2383,13.84,0.0123,2,0.75,1,0
2384,10.05,0.0123,0,0.48,1,0
2385,57.45,0.0123,0,0.08,0,0
2386,59.93,0.0123,0,0.1,0,0
2387,18.64,0.0123,2,0.22,1,0
2388,52.1,0.0123,2,0.88,1,1
2389,28.35,0.0123,0,0.21,0,0
2390,3243.71,0.0123,0,0.15,0,1
2391,21.88,0.0123,2,0.86,0,0
2392,8.57,0.0123,2,0.13,0,0
2393,48.05,0.0123,0,0.48,0,0
2394,53.31,0.0123,2,0.94,1,1
2395,39.53,0.0123,0,0.96,0,0
2396,14.3,0.0123,0,0.78,0,0
2397,7.76,0.0123,0,0.8,0,0
2398,716.17,0.0123,0,0.98,0,1
2399,68.28,0.0123,0,0.3,0,0
2400,24.94,0.0123,2,0.38,0,0
2401,34.26,0.0123,0,0.65,0,0
2402,59.48,0.0123,0,0.11,0,0
2403,58.95,0.0123,2,0.09,0,0
2404,36.32,0.0123,0,0.27,0,0
2405,36.78,0.0123,0,0.29,0,0
2406,23.93,0.0123,0,0.27,1,0
2407,29.75,0.0123,2,0.34,0,0
2408,7.95,0.0123,2,0.63,1,0
2409,60.01,0.0123,1,0.56,0,0
2410,29.25,0.0123,0,0.76,1,0
2411,16.53,0.0123,2,0.37,0,0
2412,66.4,0.0123,1,0.14,0,0
2413,75.91,0.0123,2,0.35,0,0
2414,27.23,0.0123,0,0.05,0,0
2415,20.15,0.0123,2,0.27,0,0
2416,18.34,0.0123,0,0.09,1,0
2417,24.56,0.0123,2,0.36,0,0
2418,43.58,0.0123,1,0.84,0,0
2419,68.56,0.0123,0,0.95,0,0
2420,18.13,0.0123,0,0.1,0,0
2421,42.05,0.0123,2,0.59,0,0
2422,16.71,4.8088,2,0.76,0,0
2423,1357.48,0.0123,2,0.2,0,1
2424,23.1,0.0123,1,0.81,0,0
2425,19.04,0.0123,2,0.83,1,1
2426,71.78,0.0123,0,0.41,1,0
2427,560.45,0.0123,1,0.89,0,1
2428,19.16,0.0123,0,0.2,1,0
2429,41.48,0.0123,2,0.87,0,0
2430,903.75,4.8088,2,0.61,1,1
2431,35.17,0.0123,2,0.04,0,0
2432,9.38,0.0123,1,0.33,0,0
2433,19.91,0.0123,2,0.31,0,0
2434,64.95,0.0123,0,0.68,1,0
2435,1559.24,0.0123,0,0.84,1,1
2436,51.73,0.0123,2,0.98,0,0
2437,25.46,0.0123,0,0.28,0,0
2438,36.89,0.0123,0,0.51,0,0
2439,15.25,0.0123,2,0.88,0,0
2440,29.53,0.0123,2,0.54,0,0
2441,33.96,0.0123,1,0.04,0,0
2442,18.94,0.0123,0,0.44,0,0
2443,981.23,4.8088,1,0.85,1,1
2444,109.71,0.0123,2,0.72,1,0
2445,74.32,0.0123,0,0.53,0,0
2446,8.4,0.0123,0,0.73,0,0
2447,43.54,0.0123,2,0.17,0,0
2448,31.34,4.8088,0,0.93,0,1
2449,38.98,0.0123,0,0.92,0,0
2450,15.92,0.0123,0,0.78,1,0
2451,102.31,0.0123,0,0.42,0,0
2452,14.82,0.0123,2,0.68,0,0
2453,511.59,0.0123,0,0.49,0,0
2454,22.98,0.0123,0,0.14,0,0
2455,54.16,0.0123,0,0.66,0,0
2456,41.36,0.0123,2,0.79,0,0
2457,50.56,0.0123,0,0.23,0,0
2458,18.84,0.0123,0,0.86,0,0
2459,54.38,0.0123,2,0.84,1,1
2460,816.36,0.0123,0,0.36,1,1
2461,27.43,0.0123,2,0.92,0,0
2462,71.0,0.0123,2,0.26,0,0
2463,35.05,0.0123,2,0.19,1,0
2464,23.55,0.0123,2,0.11,1,0
2465,34.24,0.0123,2,0.64,0,0
2466,38.18,0.0123,0,0.68,0,0
2467,101.16,0.0123,0,0.54,0,0
2468,16.19,0.0123,0,0.04,0,0
2469,1526.96,0.0123,0,0.84,1,1
2470,13.43,4.8088,0,0.1,0,0
2471,44.47,0.0123,0,0.96,1,1
2472,49.0,0.0123,0,0.11,0,0
2473,10.02,0.0123,2,0.53,0,0
2474,1732.59,0.0123,0,0.78,0,1
2475,23.95,0.0123,2,0.17,0,0
2476,21.83,0.0123,0,0.42,1,0
2477,26.77,0.0123,2,0.63,0,0
2478,40.72,0.0123,2,0.34,0,0
2479,197.82,0.0123,2,0.04,0,0
2480,16.26,0.0123,2,0.34,0,0
2481,52.19,0.0123,1,0.91,0,0
2482,18.79,0.0123,0,0.98,0,0
2483,1923.8,0.0123,2,0.75,0,1
2484,18.06,4.8088,0,0.1,0,0
2485,70.27,4.8088,0,0.83,0,1
2486,2685.08,0.0123,0,0.35,0,1
2487,1565.58,0.0123,0,0.12,0,1
2488,23.87,0.0123,2,0.89,1,1
2489,31.1,4.8088,0,0.56,0,0
2490,6.07,0.0123,2,0.87,0,0
2491,8.53,0.0123,2,0.54,1,0
2492,403.97,0.0123,0,0.08,0,0
2493,661.59,0.0123,0,0.37,1,1
2494,22.78,4.8088,0,0.41,0,0
2495,25.81,0.0123,2,0.86,0,0
2496,22.01,0.0123,2,0.98,0,0
2497,13.82,0.0123,1,0.83,0,0
2498,41.12,0.0123,0,0.93,0,0
2499,39.77,0.0123,2,0.75,0,0
2500,45.44,0.0123,0,0.38,1,0
2501,56.41,0.0123,2,0.66,1,0
2502,32.91,0.0123,2,0.25,0,0
2503,52.84,0.0123,0,0.66,0,0
2504,93.39,0.0123,0,0.98,1,1
2505,20.71,0.0123,2,0.65,0,0
2506,28.93,0.0123,2,0.16,0,0
2507,45.02,0.0123,2,0.22,0,0
2508,28.12,0.0123,0,0.63,0,0
2509,27.08,0.0123,0,0.15,0,0
2510,65.51,0.0123,0,0.4,0,0
2511,20.85,0.0123,1,0.92,0,0
2512,14.03,0.0123,2,0.32,0,0
2513,8.37,0.0123,2,0.01,0,0
2514,31.92,0.0123,2,0.99,0,0
2515,438.26,0.0123,1,0.51,0,0
2516,21.31,0.0123,0,0.37,0,0
2517,98.05,0.0123,2,0.7,0,0
2518,16.78,0.0123,0,0.09,0,0
2519,11.43,0.0123,2,0.52,0,0
2520,1257.0,0.0123,0,0.24,0,1
2521,2705.42,0.0123,2,0.61,0,1
2522,1442.67,0.0123,2,0.07,0,0
2523,40.38,0.0123,1,0.75,0,0
2524,29.99,0.0123,2,0.68,0,0
2525,70.84,0.0123,0,0.24,1,0
2526,58.12,0.0123,0,0.48,1,0
2527,332.11,0.0123,0,0.18,0,0
2528,46.7,0.0123,0,0.14,1,0
2529,62.56,0.0123,0,0.66,1,0
2530,55.25,0.0123,0,0.77,0,0
2531,7.37,0.0123,0,0.72,0,0
2532,65.3,0.0123,0,0.84,0,0
2533,129.83,4.8088,0,0.22,0,0
2534,91.21,0.0123,0,0.25,0,0
2535,970.91,0.0123,2,0.16,0,0
2536,40.59,0.0123,0,0.1,0,0
2537,72.23,0.0123,0,0.92,0,0
2538,38.49,0.0123,2,0.87,0,0
2539,42.39,0.0123,2,0.07,0,0
2540,46.24,0.0123,0,0.19,1,0
2541,33.8,0.0123,0,0.48,0,0
2542,55.25,0.0123,2,0.17,1,0
2543,9.81,0.0123,0,0.18,0,0
2544,17.81,0.0123,0,0.93,0,0
2545,62.02,0.0123,0,0.98,0,0
2546,26.97,0.0123,0,0.49,0,0
2547,30.29,0.0123,0,0.27,0,0
2548,64.54,0.0123,0,0.43,0,0
2549,16.9,0.0123,2,0.03,0,0
2550,585.47,0.0123,0,0.68,1,1
2551,93.75,0.0123,2,0.39,1,0
2552,29.95,0.0123,2,0.88,0,0
2553,16.2,0.0123,2,0.73,0,0
2554,17.46,0.0123,0,0.63,0,0
2555,49.61,0.0123,0,0.91,0,0
2556,14.62,0.0123,1,0.88,0,0
2557,1026.18,0.0123,0,0.35,0,1
2558,45.48,0.0123,2,0.57,0,0
2559,5.8,0.0123,0,0.26,0,0
2560,39.01,0.0123,0,0.98,0,0
2561,746.96,0.0123,0,0.38,0,0
2562,23.39,0.0123,1,0.2,0,0
2563,2198.76,0.0123,2,0.95,0,1
2564,15.47,4.8088,2,0.59,0,0
2565,50.67,4.8088,0,0.21,1,1
2566,22.76,0.0123,2,0.52,0,0
2567,14.23,0.0123,0,0.91,0,0
2568,2099.91,0.0123,2,0.37,1,1
2569,945.03,0.0123,0,0.69,0,0
2570,107.31,0.0123,2,0.85,0,0
2571,34.14,4.8088,2,0.99,0,1
2572,34.25,0.0123,2,0.78,0,0
2573,30.4,0.0123,2,0.32,0,0
2574,66.85,0.0123,0,0.86,0,0
2575,38.45,0.0123,2,0.13,0,0
2576,65.78,0.0123,2,0.08,0,0
2577,28.63,0.0123,2,0.02,0,0
2578,247.43,0.0123,2,0.58,0,0
2579,13.46,0.0123,2,0.66,1,0
2580,7.07,0.0123,2,0.95,0,0
2581,480.87,0.0123,2,0.35,0,0
2582,55.84,0.0123,2,0.12,0,0
2583,57.66,0.0123,0,0.03,1,0
2584,22.92,0.0123,0,0.63,0,0
2585,57.97,0.0123,0,0.14,0,0
2586,24.59,0.0123,0,0.36,1,0
2587,375.98,0.0123,1,0.54,0,0
2588,53.35,0.0123,2,0.75,1,0
2589,10.6,0.0123,0,0.57,0,0
2590,10.77,0.0123,0,0.05,1,0
2591,41.9,0.0123,2,0.63,1,0
2592,43.78,0.0123,0,0.43,1,0
2593,643.72,0.0123,0,0.67,0,0
2594,14.33,0.0123,0,0.15,1,0
2595,29.91,0.0123,2,0.55,0,0
2596,21.76,0.0123,2,0.51,0,0
2597,67.28,0.0123,2,0.25,0,0
2598,101.51,0.0123,2,0.84,0,0
2599,522.18,0.0123,0,0.0,0,0
2600,43.06,0.0123,1,0.31,0,0
2601,54.95,0.0123,0,0.69,0,0
2602,17.92,0.0123,0,0.37,0,0
2603,248.92,0.0123,2,0.29,0,0
2604,1272.35,0.0123,1,0.68,0,1
2605,21.27,0.0123,0,0.45,1,0
2606,17.68,0.0123,1,0.49,0,0
2607,18.95,0.0123,0,0.89,1,1
2608,1742.06,0.0123,0,0.83,0,1
2609,67.08,0.0123,2,0.83,0,0
2610,2846.87,0.0123,2,0.87,0,1
2611,10.62,0.0123,2,0.23,0,0
2612,733.46,0.0123,1,0.05,0,0
2613,18.71,0.0123,0,0.97,0,0
2614,102.91,0.0123,2,0.03,0,0
2615,29.85,0.0123,2,0.48,0,0
2616,14.88,0.0123,2,0.6,0,0
2617,99.6,0.0123,2,0.54,0,0
2618,21.42,0.0123,2,0.42,0,0
2619,49.97,0.0123,2,0.99,0,0
2620,52.31,0.0123,0,0.89,0,0
2621,44.25,0.0123,0,0.12,0,0
2622,92.54,0.0123,0,0.6,0,0
2623,30.66,4.8088,2,0.19,1,1
2624,57.82,0.0123,0,0.08,0,0
2625,43.04,0.0123,2,0.04,0,0
2626,34.65,0.0123,0,0.77,0,0
2627,518.05,0.0123,1,0.77,0,0
2628,511.67,0.0123,2,0.55,1,0
2629,23.31,0.0123,1,0.62,0,0
2630,35.31,0.0123,2,0.98,0,0
2631,20.78,0.0123,0,0.99,0,0
2632,47.2,0.0123,2,0.9,1,1
2633,42.8,0.0123,2,0.02,1,0
2634,493.91,0.0123,2,0.06,0,0
2635,26.92,0.0123,0,0.1,0,0
2636,2224.8,4.8088,1,0.35,0,1
2637,61.6,0.0123,2,0.89,0,0
2638,197.22,0.0123,2,0.82,1,1
2639,31.77,0.0123,0,0.55,0,0
2640,18.47,4.8088,2,0.63,0,0
2641,11.93,0.0123,2,0.28,0,0
2642,64.25,0.0123,0,0.16,0,0
2643,9.84,0.0123,2,0.85,0,0
2644,701.07,0.0123,2,0.04,0,0
2645,65.22,4.8088,0,1.0,1,1
2646,105.95,0.0123,2,0.32,0,0
2647,35.64,0.0123,0,0.39,0,0
2648,61.72,0.0123,2,0.34,1,0
2649,22.33,0.0123,2,0.8,1,1
2650,59.0,0.0123,1,0.57,0,0
2651,31.23,0.0123,2,0.63,0,0
2652,54.3,0.0123,2,0.57,0,0
2653,38.33,0.0123,2,0.08,0,0
2654,52.09,0.0123,2,0.42,0,0
2655,40.97,0.0123,2,0.19,1,0
2656,69.41,0.0123,2,0.31,1,0
2657,45.83,0.0123,1,0.58,1,0
2658,12.73,0.0123,2,0.89,1,1
2659,918.95,0.0123,1,0.35,0,1
2660,28.58,0.0123,0,0.87,0,0
2661,13.02,0.0123,1,0.0,0,0
2662,46.93,0.0123,0,0.96,0,0
2663,51.48,0.0123,0,0.55,1,0
2664,12.96,0.0123,2,0.66,1,0
2665,16.46,0.0123,2,0.36,0,0
2666,17.85,0.0123,0,0.66,1,0
2667,8.29,0.0123,2,0.16,1,0
2668,17.35,0.0123,0,0.76,0,0
2669,87.63,0.0123,0,0.71,0,0
2670,95.14,0.0123,0,0.67,0,0
2671,79.76,0.0123,1,0.35,0,0
2672,27.01,0.0123,2,0.38,1,0
2673,63.2,0.0123,2,0.14,0,0
2674,22.92,0.0123,2,0.31,0,0
2675,95.71,4.8088,2,0.3,0,0
2676,7.92,0.0123,1,0.68,0,0
2677,13.71,0.0123,2,0.15,0,0
2678,25.97,0.0123,2,0.08,0,0
2679,42.51,0.0123,0,0.33,0,0
2680,53.57,0.0123,2,0.88,1,1
2681,81.02,0.0123,1,0.9,0,0
2682,2180.59,0.0123,0,0.58,0,1
2683,54.06,0.0123,2,0.07,1,0
2684,764.49,0.0123,2,0.44,0,0
2685,38.39,0.0123,0,0.88,0,0
2686,71.39,0.0123,0,0.55,1,0
2687,10.19,0.0123,1,0.85,0,0
2688,3317.28,0.0123,0,0.02,0,1
2689,15.52,4.8088,1,0.99,0,1
2690,30.28,0.0123,1,0.0,0,0
2691,37.41,0.0123,2,0.72,0,0
2692,18.93,0.0123,0,0.56,0,0
2693,48.84,0.0123,2,0.57,0,0
2694,16.12,0.0123,2,0.38,0,0
2695,9.78,0.0123,2,0.72,0,0
2696,14.5,0.0123,2,0.4,0,0
2697,37.09,0.0123,0,0.15,0,0
2698,46.4,0.0123,2,0.2,0,0
2699,664.82,0.0123,0,0.81,0,1
2700,17.47,0.0123,1,0.75,1,0
2701,14.6,0.0123,2,0.81,0,0
2702,11.18,0.0123,0,0.26,0,0
2703,30.88,0.0123,2,0.18,1,0
2704,38.32,0.0123,2,0.21,1,0
2705,2687.74,0.0123,0,0.36,0,1
2706,21.99,0.0123,0,0.7,0,0
2707,8.04,0.0123,2,0.19,0,0
2708,35.61,0.0123,2,0.9,0,0
2709,47.0,0.0123,2,0.61,0,0
2710,25.72,0.0123,2,0.73,0,0
2711,17.89,0.0123,2,0.87,0,0
2712,77.91,0.0123,2,0.67,0,0
2713,36.71,0.0123,2,0.59,0,0
2714,12.65,0.0123,0,0.59,0,0
2715,9.49,0.0123,0,0.81,0,0
2716,44.78,0.0123,2,0.25,0,0
2717,100.75,0.0123,0,0.68,0,0
2718,2186.51,0.0123,2,0.55,0,1
2719,25.37,0.0123,0,0.36,0,0
2720,34.29,0.0123,0,0.87,1,1
2721,1427.07,0.0123,2,0.75,0,0
2722,27.54,0.0123,2,0.47,0,0
2723,65.7,0.0123,1,0.09,0,0
2724,676.21,0.0123,2,0.28,0,0
2725,1443.31,0.0123,0,0.51,0,1
2726,40.36,0.0123,0,0.23,0,0
2727,38.66,0.0123,2,0.65,0,0
2728,495.86,0.0123,0,0.18,0,0
2729,40.93,0.0123,0,0.01,0,0
2730,1091.44,0.0123,0,0.22,0,0
2731,18.55,0.0123,2,0.3,0,0
2732,45.28,0.0123,2,0.7,1,0
2733,23.68,0.0123,2,0.15,0,0
2734,14.91,0.0123,2,0.53,0,0
2735,66.25,0.0123,2,0.67,0,0
2736,378.64,0.0123,0,0.94,0,0
2737,9.79,0.0123,1,0.13,0,0
2738,24.16,0.0123,2,0.31,0,0
2739,45.77,0.0123,2,0.33,0,0
2740,45.5,0.0123,2,0.21,0,0
2741,26.64,0.0123,0,0.44,0,0
2742,22.29,0.0123,0,0.24,0,0
2743,27.19,0.0123,0,0.8,1,1
2744,11.1,0.0123,0,0.25,0,0
2745,20.58,0.0123,2,0.23,0,0
2746,52.57,0.0123,1,0.21,0,0
2747,9.05,0.0123,0,0.51,0,0
2748,2456.28,4.8088,1,0.96,0,1
2749,17.1,0.0123,0,0.41,0,0
2750,25.61,0.0123,2,0.99,0,0
2751,36.62,0.0123,2,0.19,0,0
2752,18.31,0.0123,2,0.12,1,0
2753,34.13,0.0123,2,0.02,1,0
2754,14.21,4.8088,2,0.55,1,1
2755,16.09,0.0123,0,0.63,0,0
2756,494.24,0.0123,1,0.8,0,0
2757,22.31,0.0123,2,0.8,0,0
2758,34.1,0.0123,0,0.4,0,0
2759,11.02,0.0123,2,0.82,1,1
2760,24.48,0.0123,0,0.67,0,0
2761,14.45,0.0123,0,0.48,0,0
2762,20.85,0.0123,1,0.96,0,0
2763,435.71,0.0123,2,0.93,0,0
2764,16.61,0.0123,0,0.89,0,0
2765,45.82,0.0123,2,0.16,0,0
2766,31.9,0.0123,0,0.62,1,0
2767,26.99,0.0123,0,0.48,0,0
2768,1221.94,0.0123,0,0.77,1,1
2769,423.64,0.0123,2,0.2,0,0
2770,48.47,4.8088,2,0.3,0,0
2771,44.06,0.0123,0,0.07,0,0
2772,1570.33,0.0123,2,0.46,0,1
2773,97.26,0.0123,2,0.88,0,0
2774,71.37,0.0123,0,0.01,0,0
2775,17.26,0.0123,0,0.42,0,0
2776,20.63,0.0123,0,0.61,0,0
2777,91.17,0.0123,0,0.82,0,0
2778,17.51,0.0123,0,0.1,1,0
2779,24.58,0.0123,0,0.77,0,0
2780,62.34,0.0123,0,0.59,0,0
2781,33.03,0.0123,0,0.28,0,0
2782,22.64,0.0123,0,0.52,0,0
2783,58.06,0.0123,0,0.7,0,0
2784,41.53,0.0123,2,0.09,0,0
2785,494.14,0.0123,0,0.71,0,0
2786,112.69,0.0123,0,0.56,0,0
2787,17.13,0.0123,2,0.11,0,0
2788,16.96,0.0123,2,0.35,1,0
2789,14.83,4.8088,0,0.53,1,1
2790,46.67,0.0123,0,0.72,1,0
2791,761.54,0.0123,2,0.23,1,1
2792,13.36,0.0123,2,0.18,0,0
2793,21.98,0.0123,0,0.11,1,0
2794,80.35,0.0123,2,0.81,0,0
2795,19.91,4.8088,2,0.51,0,0
2796,13.45,0.0123,0,0.77,0,0
2797,1408.12,0.0123,2,0.41,0,1
2798,640.11,0.0123,2,0.18,1,1
2799,76.29,0.0123,2,0.55,0,0
2800,16.43,0.0123,0,0.0,0,0
2801,276.1,0.0123,2,0.31,0,0
2802,30.3,0.0123,0,0.76,1,0
2803,56.65,0.0123,2,0.33,0,0
2804,37.51,0.0123,0,0.61,0,0
2805,14.45,0.0123,2,0.24,0,0
2806,13.93,0.0123,2,0.62,0,0
2807,40.54,0.0123,2,0.3,0,0
2808,33.12,0.0123,2,0.41,0,0
2809,24.64,0.0123,1,0.33,0,0
2810,16.35,0.0123,2,0.7,0,0
2811,66.72,0.0123,0,0.6,0,0
2812,77.86,0.0123,0,0.48,0,0
2813,540.91,0.0123,0,0.23,0,0
2814,22.8,0.0123,2,1.0,0,0
2815,133.47,0.0123,0,0.27,0,0
2816,12.27,0.0123,0,0.27,0,0
2817,16.04,0.0123,2,0.77,1,0
2818,3084.09,0.0123,0,0.08,1,1
2819,312.63,0.0123,0,0.65,0,0
2820,39.01,0.0123,2,0.97,0,0
2821,13.5,0.0123,0,0.07,0,0
2822,38.13,0.0123,0,0.54,0,0
2823,95.59,0.0123,1,0.88,1,1
2824,51.03,0.0123,2,0.94,0,0
2825,69.08,0.0123,0,0.54,1,0
2826,31.16,0.0123,0,0.5,0,0
2827,28.32,0.0123,2,0.15,0,0
2828,104.47,0.0123,2,0.82,1,1
2829,19.9,0.0123,2,0.79,0,0
2830,15.65,0.0123,0,0.72,0,0
2831,25.9,0.0123,2,0.67,0,0
2832,15.37,0.0123,2,0.74,0,0
2833,21.91,0.0123,2,0.73,0,0
2834,43.63,0.0123,0,0.73,0,0
2835,13.18,0.0123,2,0.78,0,0
2836,33.27,0.0123,0,0.23,1,0
2837,70.65,0.0123,0,0.32,0,0
2838,28.88,0.0123,0,0.94,0,0
2839,45.68,0.0123,2,0.05,0,0
2840,21.35,0.0123,2,0.89,1,1
2841,22.33,0.0123,0,0.1,0,0
2842,42.95,0.0123,0,0.98,0,0
2843,42.26,0.0123,2,0.78,0,0
2844,400.34,0.0123,0,0.87,0,0
2845,10.87,0.0123,2,0.11,0,0
2846,73.47,0.0123,2,0.29,0,0
2847,73.22,0.0123,0,0.86,0,0
2848,24.92,0.0123,0,0.49,1,0
2849,35.75,0.0123,0,0.66,0,0
2850,7.05,0.0123,1,0.77,0,0
2851,5.0,0.0123,2,0.69,0,0
2852,11.35,0.0123,2,0.63,0,0
2853,20.92,0.0123,0,0.91,0,0
2854,8.56,0.0123,2,0.22,0,0
2855,969.1,0.0123,0,0.64,1,1
2856,63.26,0.0123,0,0.17,1,0
2857,31.51,0.0123,0,0.28,0,0
2858,3438.06,0.0123,0,0.89,0,1
2859,25.86,0.0123,0,0.37,0,0
2860,10.72,0.0123,2,0.91,0,0
2861,30.12,0.0123,0,0.17,0,0
2862,14.15,0.0123,0,0.41,1,0
2863,26.79,0.0123,2,0.07,0,0
2864,44.81,0.0123,0,0.94,0,0
2865,50.28,0.0123,2,0.66,0,0
2866,23.2,0.0123,0,1.0,0,0
2867,39.89,0.0123,0,0.02,0,0
2868,35.53,0.0123,0,0.01,0,0
2869,34.17,0.0123,2,0.48,0,0
2870,56.26,0.0123,2,0.97,0,0
2871,98.83,4.8088,0,0.72,0,0
2872,48.71,0.0123,0,0.68,0,0
2873,101.67,0.0123,0,0.66,0,0
2874,81.05,0.0123,0,0.69,1,0
2875,35.29,0.0123,0,0.38,1,0
2876,1403.89,0.0123,0,0.23,0,1
2877,38.62,0.0123,0,0.23,0,0
2878,47.26,0.0123,0,0.67,1,0
2879,20.33,0.0123,2,0.63,0,0
2880,61.27,0.0123,2,0.86,0,0
2881,128.66,0.0123,0,0.27,0,0
2882,8.99,0.0123,2,0.55,0,0
2883,9.6,0.0123,2,0.7,0,0
2884,81.83,0.0123,2,0.14,0,0
2885,4058.96,0.0123,2,0.99,0,1
2886,30.85,0.0123,0,0.83,0,0
2887,9.82,0.0123,0,0.21,0,0
2888,55.91,0.0123,2,0.56,0,0
2889,63.3,0.0123,2,0.04,1,0
2890,608.91,0.0123,2,0.24,1,1
2891,44.24,0.0123,0,0.65,0,0
2892,3362.55,0.0123,0,0.88,0,1
2893,26.8,0.0123,2,0.57,0,0
2894,15.34,0.0123,2,0.45,0,0
2895,7.9,0.0123,0,0.09,0,0
2896,42.82,0.0123,2,0.14,1,0
2897,31.62,0.0123,0,0.7,0,0
2898,60.84,0.0123,0,0.83,0,0
2899,37.08,0.0123,2,0.71,0,0
2900,9.14,0.0123,2,0.55,0,0
2901,26.84,0.0123,2,0.56,0,0
2902,908.62,0.0123,0,0.37,1,1
2903,21.45,0.0123,2,0.13,0,0
2904,20.21,0.0123,0,0.46,0,0
2905,591.4,0.0123,0,0.67,1,1
2906,28.4,0.0123,2,0.87,0,0
2907,14.88,0.0123,0,0.09,1,0
2908,24.33,0.0123,0,0.85,0,0
2909,16.59,0.0123,2,0.13,0,0
2910,580.1,0.0123,2,0.07,1,1
2911,9.77,0.0123,2,0.52,0,0
2912,95.25,0.0123,2,0.34,0,0
2913,37.32,0.0123,2,0.13,0,0
2914,45.35,0.0123,0,0.86,1,1
2915,46.69,0.0123,2,0.62,0,0
2916,100.88,0.0123,0,0.84,0,0
2917,1720.72,0.0123,2,0.1,0,1
2918,48.64,0.0123,0,0.55,0,0
2919,10.08,0.0123,2,0.7,1,0
2920,98.93,0.0123,2,0.91,0,0
2921,36.53,0.0123,2,0.4,0,0
2922,25.92,0.0123,2,0.15,0,0
2923,37.26,0.0123,2,0.81,0,0
2924,10.02,4.8088,0,0.97,0,1
2925,7.72,0.0123,2,0.35,1,0
2926,99.65,0.0123,0,0.72,0,0
2927,556.67,0.0123,2,0.32,0,0
2928,32.8,0.0123,0,0.83,1,1
2929,56.07,0.0123,0,0.19,1,0
2930,34.63,0.0123,0,0.38,1,0
2931,11.83,0.0123,0,0.66,0,0
2932,55.91,0.0123,0,0.75,0,0
2933,38.68,0.0123,0,0.86,1,1
2934,3725.75,0.0123,0,0.23,0,1
2935,42.0,0.0123,2,0.34,0,0
2936,25.81,0.0123,0,0.55,0,0
2937,65.84,0.0123,0,0.01,0,0
2938,43.75,0.0123,0,0.32,1,0
2939,103.4,0.0123,2,0.01,1,0
2940,40.84,0.0123,2,0.43,0,0
2941,36.17,0.0123,1,0.63,0,0
2942,59.62,0.0123,2,0.39,0,0
2943,34.34,0.0123,2,0.74,0,0
2944,9.87,0.0123,0,0.33,0,0
2945,23.3,0.0123,2,0.91,1,1
2946,3890.11,0.0123,0,0.51,0,1
2947,49.77,4.8088,2,0.26,1,1
2948,28.44,0.0123,2,0.64,0,0
2949,114.3,0.0123,2,0.16,1,0
2950,17.73,0.0123,2,0.75,0,0
2951,33.96,0.0123,2,0.73,0,0
2952,42.52,0.0123,0,0.24,0,0
2953,63.22,0.0123,0,0.92,0,0
2954,17.33,0.0123,2,0.24,0,0
2955,31.28,0.0123,2,0.98,0,0
2956,77.45,0.0123,2,0.52,0,0
2957,35.77,0.0123,0,0.16,1,0
2958,312.44,0.0123,0,0.18,0,0
2959,16.86,0.0123,2,0.23,0,0
2960,59.36,0.0123,0,0.83,0,0
2961,65.0,0.0123,0,0.81,1,1
2962,24.43,4.8088,2,0.6,1,1
2963,59.66,0.0123,0,0.0,0,0
2964,39.76,0.0123,2,0.64,0,0
2965,105.87,0.0123,2,0.23,0,0
2966,2373.5,0.0123,0,0.41,0,1
2967,20.6,4.8088,1,0.11,0,0
2968,65.87,0.0123,2,0.09,0,0
2969,443.84,0.0123,2,0.45,1,1
2970,39.29,0.0123,1,0.83,0,0
2971,377.32,0.0123,2,0.36,0,0
2972,19.85,0.0123,0,0.35,0,0
2973,29.0,0.0123,0,0.94,1,1
2974,35.43,0.0123,1,0.74,0,0
2975,44.08,0.0123,0,0.34,1,0
2976,115.95,0.0123,2,0.93,1,1
2977,28.94,0.0123,2,0.92,1,1
2978,32.46,0.0123,2,0.42,0,0
2979,10.6,0.0123,2,0.06,0,0
2980,633.78,0.0123,2,0.81,0,1
2981,20.47,0.0123,0,0.49,0,0
2982,22.23,0.0123,0,0.51,0,0
2983,26.5,0.0123,1,0.72,1,0
2984,75.45,0.0123,2,0.54,1,0
2985,38.34,0.0123,0,0.53,0,0
2986,8.46,0.0123,2,0.98,0,0
2987,25.46,0.0123,0,1.0,0,0
2988,11.84,0.0123,2,0.92,0,0
2989,54.47,0.0123,1,0.67,0,0
2990,584.55,0.0123,2,0.75,0,0
2991,94.05,0.0123,0,0.77,0,0
2992,124.77,0.0123,2,0.29,0,0
2993,685.83,0.0123,2,0.52,0,0
2994,31.3,0.0123,2,0.79,0,0
2995,75.18,0.0123,2,0.7,0,0
2996,45.94,0.0123,2,0.33,0,0
2997,31.94,0.0123,0,0.14,0,0
2998,26.62,0.0123,0,0.07,0,0
2999,100.13,0.0123,1,0.75,0,0
3000,37.45,0.0123,2,0.71,0,0
3001,47.48,0.0123,0,0.72,0,0
3002,60.87,0.0123,0,0.55,1,0
3003,38.99,0.0123,0,0.12,0,0
3004,21.71,0.0123,0,0.37,0,0
3005,35.02,0.0123,1,0.88,0,0
3006,26.22,0.0123,2,0.57,0,0
3007,49.13,0.0123,0,0.69,0,0
3008,11.62,0.0123,0,0.2,0,0
3009,35.47,0.0123,1,0.39,0,0
3010,142.2,0.0123,0,0.48,0,0
3011,47.22,0.0123,1,0.35,0,0
3012,39.22,0.0123,2,0.07,0,0
3013,30.88,0.0123,0,0.8,0,0
3014,34.49,0.0123,1,0.74,1,0
3015,115.18,0.0123,0,0.31,0,0
3016,19.41,0.0123,2,0.39,0,0
3017,16.65,0.0123,2,0.98,0,0
3018,1913.19,0.0123,2,0.82,1,1
3019,32.11,0.0123,2,0.75,0,0
3020,64.01,0.0123,2,0.97,1,1
3021,78.89,0.0123,0,0.25,0,0
3022,33.59,0.0123,0,0.4,0,0
3023,19.52,0.0123,2,0.96,0,0
3024,821.22,0.0123,0,0.8,0,1
3025,24.07,0.0123,2,0.27,1,0
3026,14.31,0.0123,0,0.23,0,0
3027,623.44,0.0123,2,0.18,1,1
3028,13.73,0.0123,0,0.29,0,0
3029,19.85,0.0123,0,0.74,0,0
3030,89.43,0.0123,2,0.84,0,0
3031,59.2,0.0123,2,0.29,0,0
3032,69.57,0.0123,2,0.83,0,0
3033,83.48,0.0123,2,0.97,0,0
3034,66.03,0.0123,2,0.0,0,0
3035,53.02,0.0123,1,0.43,0,0
3036,37.32,0.0123,2,0.42,0,0
3037,59.16,0.0123,0,0.28,0,0
3038,33.86,0.0123,2,0.12,1,0
3039,2007.41,0.0123,2,0.27,0,1
3040,63.12,0.0123,2,0.79,0,0
3041,30.11,0.0123,0,0.63,1,0
3042,29.64,0.0123,2,0.29,0,0
3043,526.3,0.0123,0,0.34,1,1
3044,32.09,0.0123,0,0.24,0,0
3045,30.84,0.0123,0,0.97,0,0
3046,38.24,0.0123,0,0.56,0,0
3047,8.88,0.0123,0,0.78,0,0
3048,44.13,0.0123,1,0.08,0,0
3049,8.26,0.0123,2,0.69,0,0
3050,11.91,0.0123,2,0.5,0,0
3051,59.22,0.0123,0,0.9,0,0
3052,71.34,0.0123,2,0.93,0,0
3053,7.17,0.0123,2,0.21,0,0
3054,21.52,0.0123,2,0.94,0,0
3055,432.78,0.0123,2,0.53,1,1
3056,35.68,0.0123,0,0.93,0,0
3057,52.73,0.0123,0,0.38,1,0
3058,20.32,0.0123,2,0.04,0,0
3059,38.84,0.0123,0,0.77,0,0
3060,33.25,0.0123,0,0.29,0,0
3061,47.02,0.0123,2,0.57,1,0
3062,38.85,0.0123,0,0.74,0,0
3063,905.69,0.0123,0,0.31,0,0
3064,29.13,0.0123,2,0.08,0,0
3065,1087.41,0.0123,2,0.11,0,1
3066,33.4,0.0123,0,0.71,0,0
3067,10.12,0.0123,2,0.52,0,0
3068,26.43,0.0123,0,0.03,0,0
3069,68.34,0.0123,0,0.31,0,0
3070,67.31,4.8088,2,0.28,0,0
3071,45.46,0.0123,2,0.54,0,0
3072,73.55,0.0123,1,0.85,0,0
3073,43.02,0.0123,0,0.28,0,0
3074,38.52,0.0123,1,0.6,0,0
3075,34.01,4.8088,2,0.92,1,1
3076,43.8,0.0123,0,0.77,0,0
3077,29.78,4.8088,0,0.51,0,0
3078,43.32,0.0123,0,0.18,0,0
3079,44.61,0.0123,2,0.54,1,0
3080,43.76,4.8088,0,0.4,0,0
3081,16.33,0.0123,2,0.68,0,0
3082,29.59,0.0123,0,0.67,0,0
3083,23.3,0.0123,0,0.4,0,0
3084,48.38,0.0123,2,0.95,0,0
3085,42.74,0.0123,1,0.33,0,0
3086,102.18,0.0123,2,0.39,0,0
3087,208.9,0.0123,0,0.25,1,0
3088,83.75,0.0123,2,0.66,1,0
3089,39.17,0.0123,2,0.16,0,0
3090,24.17,0.0123,2,0.44,0,0
3091,67.39,0.0123,0,0.09,0,0
3092,34.21,0.0123,0,0.03,0,0
3093,10.66,0.0123,1,0.37,0,0
3094,22.34,0.0123,2,0.16,0,0
3095,25.1,0.0123,0,0.06,0,0
3096,25.86,4.8088,2,0.57,0,0
3097,15.93,0.0123,0,0.89,0,0
3098,642.24,0.0123,2,0.24,1,1
3099,26.62,0.0123,0,0.95,0,0
3100,25.55,0.0123,0,0.82,0,0
3101,103.01,0.0123,0,0.36,0,0
3102,51.41,0.0123,2,0.98,0,0
3103,89.86,4.8088,1,0.47,0,0
3104,45.54,0.0123,2,0.74,1,0
3105,43.45,0.0123,2,0.75,0,0
3106,22.28,0.0123,2,0.29,0,0
3107,11.68,0.0123,2,0.03,0,0
3108,48.09,0.0123,2,0.29,0,0
3109,32.64,0.0123,2,0.74,1,0
3110,62.15,0.0123,2,0.27,1,0
3111,548.81,0.0123,0,0.11,0,0
3112,44.29,0.0123,1,0.89,0,0
3113,563.99,0.0123,2,0.79,0,0
3114,2155.14,0.0123,0,0.53,0,1
3115,76.67,0.0123,2,0.06,0,0
3116,36.01,0.0123,0,0.37,0,0
3117,17.17,0.0123,0,0.79,0,0
3118,451.62,0.0123,2,0.19,0,0
3119,37.5,0.0123,0,0.49,0,0
3120,34.27,0.0123,2,0.64,1,0
3121,111.99,0.0123,2,0.22,0,0
3122,7.81,0.0123,2,0.96,0,0
3123,16.06,4.8088,2,0.04,0,0
3124,315.75,0.0123,1,0.39,0,0
3125,15.91,0.0123,2,0.77,0,0
3126,21.95,0.0123,0,0.92,0,0
3127,46.4,0.0123,2,0.97,0,0
3128,46.33,0.0123,2,0.79,0,0
3129,18.82,0.0123,0,0.98,0,0
3130,12.63,4.8088,0,0.78,0,0
3131,154.37,0.0123,1,0.95,0,0
3132,39.67,0.0123,2,0.53,0,0
3133,85.75,0.0123,0,0.72,0,0
3134,41.67,0.0123,1,0.76,0,0
3135,12.91,0.0123,2,0.37,0,0
3136,1450.68,0.0123,2,0.2,0,0
3137,30.87,0.0123,0,0.16,0,0
3138,35.9,0.0123,1,0.89,0,0
3139,59.63,4.8088,0,0.51,0,0
3140,32.74,0.0123,0,0.92,0,0
3141,60.53,0.0123,2,0.74,0,0
3142,169.57,0.0123,2,0.49,0,0
3143,9.0,0.0123,2,0.17,0,0
3144,39.17,0.0123,0,0.09,0,0
3145,18.43,0.0123,2,0.11,0,0
3146,32.41,0.0123,0,0.5,0,0
3147,13.86,0.0123,0,1.0,0,0
3148,17.43,0.0123,2,0.09,0,0
3149,16.42,0.0123,2,0.66,0,0
3150,26.71,0.0123,0,0.97,0,0
3151,24.01,0.0123,2,0.33,1,0
3152,77.81,0.0123,2,0.56,0,0
3153,32.11,0.0123,0,0.25,0,0
3154,3775.61,0.0123,0,0.79,1,1
3155,12.09,0.0123,2,0.84,0,0
3156,12.23,0.0123,2,0.73,0,0
3157,35.58,0.0123,0,0.74,0,0
3158,1515.82,0.0123,2,0.92,0,1
3159,22.65,0.0123,1,0.32,1,0
3160,22.62,0.0123,0,0.43,0,0
3161,27.9,0.0123,2,0.38,0,0
3162,881.93,0.0123,0,0.08,0,0
3163,22.07,0.0123,0,0.34,0,0
3164,334.72,0.0123,0,0.06,0,0
3165,37.05,0.0123,2,0.18,0,0
3166,40.88,0.0123,1,0.13,0,0
3167,64.48,0.0123,2,0.11,0,0
3168,239.42,0.0123,0,0.91,0,0
3169,68.8,0.0123,2,0.91,0,0
3170,32.14,0.0123,2,0.07,0,0
3171,65.8,0.0123,0,0.6,0,0
3172,31.97,0.0123,0,0.82,1,1
3173,49.82,0.0123,0,0.41,0,0
3174,69.31,0.0123,0,0.41,0,0
3175,47.68,0.0123,0,0.07,0,0
3176,580.07,0.0123,2,0.1,0,0
3177,2686.94,0.0123,2,0.82,0,1
3178,34.23,0.0123,2,0.22,0,0
3179,55.07,0.0123,2,0.29,0,0
3180,36.05,0.0123,2,0.06,0,0
3181,16.92,0.0123,2,0.77,0,0
3182,40.95,0.0123,2,0.17,0,0
3183,6.97,0.0123,0,0.27,0,0
3184,29.9,0.0123,2,0.98,0,0
3185,43.7,0.0123,0,0.97,0,0
3186,3272.89,0.0123,2,0.15,0,1
3187,34.78,0.0123,0,0.77,0,0
3188,34.64,0.0123,0,0.11,0,0
3189,22.04,0.0123,0,0.32,0,0
3190,69.37,0.0123,1,0.44,0,0
3191,17.28,0.0123,2,0.52,0,0
3192,64.52,0.0123,2,0.62,0,0
3193,35.92,0.0123,0,0.88,0,0
3194,39.51,0.0123,2,0.03,0,0
3195,44.76,0.0123,2,0.31,0,0
3196,92.5,0.0123,2,0.68,0,0
3197,46.27,0.0123,2,0.63,0,0
3198,3860.13,0.0123,0,0.07,1,1
3199,33.98,0.0123,2,0.44,0,0
3200,14.72,4.8088,2,0.82,1,1
3201,72.39,0.0123,2,0.83,0,0
3202,46.09,4.8088,0,0.96,0,1
3203,13.81,0.0123,2,0.37,0,0
3204,39.99,0.0123,2,0.77,0,0
3205,16.13,0.0123,2,0.08,0,0
3206,38.92,0.0123,0,0.79,1,0
3207,19.72,0.0123,1,0.97,1,1
3208,71.33,0.0123,2,0.73,0,0
3209,20.91,0.0123,1,0.22,0,0
3210,37.34,0.0123,2,0.29,0,0
3211,13.46,0.0123,2,0.67,1,0
3212,54.81,0.0123,2,0.43,0,0
3213,70.28,0.0123,2,0.14,0,0
3214,16.5,0.0123,1,0.46,0,0
3215,54.16,0.0123,2,0.76,0,0
3216,13.92,0.0123,0,0.29,1,0
3217,21.68,0.0123,2,0.96,0,0
3218,22.14,0.0123,0,0.15,0,0
3219,119.31,0.0123,2,0.87,0,0
3220,24.99,0.0123,0,0.75,0,0
3221,63.36,0.0123,0,0.08,0,0
3222,1894.93,0.0123,2,0.62,0,0
3223,394.06,4.8088,2,0.67,0,0
3224,93.9,0.0123,0,0.13,1,0
3225,26.38,0.0123,2,0.2,0,0
3226,37.56,0.0123,2,0.35,0,0
3227,23.46,0.0123,1,0.46,0,0
3228,347.11,0.0123,0,0.24,0,0
3229,111.51,0.0123,1,0.87,0,0
3230,142.25,4.8088,0,0.19,0,0
3231,46.02,0.0123,2,0.33,1,0
3232,61.08,0.0123,0,0.13,0,0
3233,39.1,0.0123,2,0.05,0,0
3234,28.15,0.0123,2,0.84,0,0
3235,27.06,0.0123,2,0.13,0,0
3236,44.25,0.0123,2,0.78,0,0
3237,30.89,0.0123,0,0.07,0,0
3238,11.88,0.0123,2,0.17,0,0
3239,31.6,0.0123,2,0.05,0,0
3240,61.12,0.0123,0,0.56,0,0
3241,40.24,0.0123,2,0.74,1,0
3242,71.28,0.0123,1,0.56,0,0
3243,339.89,0.0123,0,0.66,0,0
3244,44.0,0.0123,0,0.28,0,0
3245,17.64,0.0123,0,0.59,0,0
3246,23.82,0.0123,0,0.81,0,0
3247,53.1,0.0123,0,0.91,0,0
3248,64.93,0.0123,0,0.12,0,0
3249,31.04,0.0123,0,0.02,0,0
3250,10.71,0.0123,0,0.79,0,0
3251,87.59,0.0123,2,0.41,0,0
3252,38.7,0.0123,2,0.13,1,0
3253,612.04,0.0123,0,0.62,0,0
3254,363.58,0.0123,1,0.98,0,0
3255,37.45,0.0123,0,0.75,0,0
3256,77.48,0.0123,2,0.04,0,0
3257,26.45,0.0123,2,0.67,0,0
3258,110.51,0.0123,2,0.06,1,0
3259,68.34,0.0123,2,0.71,1,0
3260,12.2,0.0123,1,0.61,0,0
3261,40.06,0.0123,0,0.79,0,0
3262,321.37,0.0123,2,0.72,0,0
3263,8.47,0.0123,0,0.21,0,0
3264,17.96,4.8088,1,0.27,0,0
3265,1224.64,0.0123,2,0.26,0,0
3266,85.1,0.0123,2,0.07,0,0
3267,35.1,0.0123,1,0.21,0,0
3268,28.72,0.0123,2,0.63,0,0
3269,8.96,0.0123,2,0.9,0,0
3270,33.98,0.0123,2,0.91,0,0
3271,22.4,0.0123,2,0.37,0,0
3272,59.48,0.0123,2,0.38,1,0
3273,600.0,0.0123,2,0.47,0,0
3274,39.55,0.0123,0,0.21,0,0
3275,478.66,0.0123,2,0.19,0,0
3276,8.56,4.8088,2,0.0,0,0
3277,27.23,0.0123,0,0.22,0,0
3278,222.04,0.0123,2,0.86,0,0
3279,49.76,0.0123,0,0.69,1,0
3280,8.56,0.0123,2,0.29,0,0
3281,18.98,0.0123,2,0.82,0,0
3282,4748.52,0.0123,1,0.34,1,1
3283,23.74,0.0123,0,0.22,0,0
3284,732.38,0.0123,0,0.27,0,1
3285,224.51,0.0123,0,0.83,0,0
3286,20.38,0.0123,2,0.79,1,0
3287,37.57,0.0123,2,0.06,1,0
3288,1349.43,0.0123,0,0.33,1,1
3289,19.4,0.0123,0,0.57,0,0
3290,71.75,4.8088,0,0.33,1,1
3291,22.44,0.0123,0,0.76,0,0
3292,23.19,0.0123,2,0.42,1,0
3293,7.06,0.0123,2,0.95,0,0
3294,31.68,0.0123,0,0.25,1,0
3295,39.16,0.0123,0,0.47,0,0
3296,65.14,0.0123,0,0.25,0,0
3297,46.02,0.0123,0,0.71,0,0
3298,43.55,0.0123,2,0.14,0,0
3299,33.55,0.0123,2,0.2,0,0
3300,20.3,0.0123,2,0.01,0,0
3301,12.3,0.0123,1,0.44,0,0
3302,50.69,0.0123,2,0.5,1,0
3303,33.19,0.0123,0,0.88,0,0
3304,77.23,4.8088,2,0.9,0,1
3305,669.47,0.0123,0,0.86,0,1
3306,861.32,0.0123,2,0.35,1,1
3307,9.59,0.0123,2,0.54,0,0
3308,24.87,0.0123,0,0.71,0,0
3309,22.48,0.0123,0,0.54,0,0
3310,1575.63,0.0123,2,0.46,0,1
3311,145.71,0.0123,0,0.25,0,0
3312,32.29,0.0123,0,0.84,0,0
3313,13.37,0.0123,0,0.22,1,0
3314,288.44,0.0123,0,0.99,0,0
3315,23.97,0.0123,2,0.97,1,1
3316,81.8,0.0123,2,0.24,0,0
3317,7.3,0.0123,2,0.02,1,0
3318,22.64,0.0123,0,0.01,0,0
3319,13.84,0.0123,2,0.58,1,0
3320,57.03,0.0123,1,0.66,1,0
3321,1628.88,4.8088,2,0.34,0,1
3322,46.53,0.0123,0,0.08,0,0
3323,22.69,0.0123,2,0.47,1,0
3324,53.91,0.0123,0,0.17,0,0
3325,34.99,0.0123,0,0.24,0,0
3326,1674.12,0.0123,2,0.14,0,1
3327,465.28,0.0123,2,0.26,1,0
3328,33.88,0.0123,0,0.87,0,0
3329,11.65,0.0123,0,0.56,1,0
3330,90.63,0.0123,2,0.44,0,0
3331,584.41,0.0123,2,0.91,0,1
3332,59.58,0.0123,0,0.75,0,0
3333,36.86,0.0123,0,0.49,1,0
3334,41.64,0.0123,0,0.37,1,0
3335,2065.54,0.0123,1,0.51,0,1
3336,97.52,0.0123,2,0.66,0,0
3337,29.78,0.0123,1,0.42,1,0
3338,38.29,0.0123,0,0.59,1,0
3339,39.86,0.0123,1,0.22,0,0
3340,15.59,0.0123,0,0.07,1,0
3341,66.93,0.0123,0,0.35,0,0
3342,52.01,0.0123,2,0.71,0,0
3343,10.6,0.0123,2,0.88,0,0
3344,40.24,0.0123,2,0.87,1,1
3345,46.71,0.0123,1,0.26,1,0
3346,49.91,0.0123,2,0.15,0,0
3347,12.0,0.0123,2,0.26,0,0
3348,1046.55,0.0123,0,0.42,0,1
3349,9.74,0.0123,1,0.05,1,0
3350,854.17,0.0123,2,0.46,0,0
3351,3.44,0.0123,0,0.92,1,1
3352,1912.78,0.0123,1,0.11,0,1
3353,28.34,0.0123,0,0.68,0,0
3354,15.96,0.0123,0,0.02,0,0
3355,36.68,0.0123,0,0.55,0,0
3356,64.65,0.0123,2,0.87,0,0
3357,24.32,0.0123,2,0.7,1,0
3358,25.26,0.0123,0,0.99,1,1
3359,7.73,0.0123,0,0.33,0,0
3360,19.92,0.0123,0,0.08,0,0
3361,41.7,0.0123,1,0.56,1,0
3362,40.11,0.0123,0,0.23,0,0
3363,932.47,0.0123,1,0.32,0,0
3364,37.79,0.0123,2,0.7,0,0
3365,52.85,0.0123,2,0.93,0,0
3366,13.95,0.0123,2,0.36,0,0
3367,609.64,0.0123,0,0.22,0,0
3368,17.88,0.0123,1,0.84,0,0
3369,11.52,0.0123,2,0.76,1,0
3370,78.51,0.0123,2,0.04,0,0
3371,57.51,0.0123,0,0.83,0,0
3372,14.92,0.0123,0,0.66,1,0
3373,2000.29,0.0123,0,0.83,1,1
3374,2665.04,0.0123,0,0.51,0,1
3375,44.96,0.0123,2,0.25,0,0
3376,29.29,0.0123,0,0.64,0,0
3377,29.41,0.0123,2,0.06,1,0
3378,22.77,0.0123,0,0.78,1,0
3379,53.5,0.0123,0,0.24,0,0
3380,800.79,0.0123,2,0.87,0,1
3381,18.91,0.0123,2,0.87,1,1
3382,1864.52,0.0123,0,0.95,0,1
3383,84.9,0.0123,2,0.18,0,0
3384,7.15,4.8088,2,0.14,0,0
3385,84.0,0.0123,1,0.47,0,0
3386,24.23,0.0123,2,0.01,0,0
3387,35.75,0.0123,2,0.44,0,0
3388,31.47,0.0123,0,0.95,0,0
3389,2917.73,0.0123,2,0.04,0,1
3390,17.35,0.0123,2,0.62,0,0
3391,96.36,0.0123,2,0.3,0,0
3392,22.3,0.0123,0,0.44,0,0
3393,93.86,0.0123,2,0.47,0,0
3394,62.44,0.0123,0,0.89,0,0
3395,9.06,0.0123,0,0.75,0,0
3396,17.13,0.0123,2,0.34,0,0
3397,11.19,0.0123,0,0.05,1,0
3398,67.03,0.0123,0,0.51,0,0
3399,39.6,0.0123,0,0.22,0,0
3400,1386.64,0.0123,1,0.92,0,1
3401,34.73,0.0123,2,0.49,0,0
3402,79.58,0.0123,0,0.37,1,0
3403,97.41,0.0123,0,0.72,0,0
3404,40.75,0.0123,2,0.37,0,0
3405,54.79,0.0123,0,0.98,0,0
3406,9.17,0.0123,0,0.19,0,0
3407,37.7,0.0123,2,0.47,0,0
3408,57.96,0.0123,1,0.16,0,0
3409,19.08,0.0123,0,0.55,0,0
3410,267.12,0.0123,0,0.35,0,0
3411,91.29,0.0123,2,0.86,0,0
3412,7.0,0.0123,2,0.46,1,0
3413,15.78,0.0123,2,0.35,1,0
3414,41.73,0.0123,2,0.34,0,0
3415,16.97,0.0123,0,0.97,1,1
3416,49.26,0.0123,2,0.67,0,0
3417,57.08,0.0123,2,0.03,0,0
3418,42.0,0.0123,0,0.75,0,0
3419,28.06,0.0123,2,0.68,1,0
3420,15.09,0.0123,0,0.67,0,0
3421,19.86,0.0123,0,0.17,0,0
3422,26.86,0.0123,2,0.45,1,0
3423,17.26,0.0123,2,0.99,0,0
3424,45.0,0.0123,0,0.82,1,1
3425,6.64,0.0123,2,0.39,1,0
3426,13.8,0.0123,2,0.77,0,0
3427,53.13,0.0123,2,0.12,1,0
3428,43.99,0.0123,0,0.43,1,0
3429,68.98,0.0123,2,0.06,1,0
3430,101.89,0.0123,0,0.34,0,0
3431,16.21,0.0123,0,0.69,1,0
3432,57.97,0.0123,0,0.41,0,0
3433,20.69,0.0123,2,0.76,0,0
3434,215.46,0.0123,0,0.73,0,0
3435,71.05,0.0123,2,0.09,0,0
3436,31.0,0.0123,2,0.3,0,0
3437,45.68,0.0123,2,0.81,0,0
3438,33.4,0.0123,0,0.63,1,0
3439,1157.42,0.0123,2,0.09,1,1
3440,21.44,0.0123,2,0.15,1,0
3441,63.94,0.0123,2,0.77,0,0
3442,47.2,0.0123,2,0.73,0,0
3443,43.61,0.0123,2,0.1,0,0
3444,33.64,0.0123,2,0.77,1,0
3445,108.29,0.0123,0,0.97,0,0
3446,52.58,0.0123,2,0.23,0,0
3447,38.72,0.0123,0,0.35,0,0
3448,58.74,0.0123,2,0.33,0,0
3449,17.39,4.8088,0,0.62,0,0
3450,13.3,0.0123,2,0.75,0,0
3451,22.23,0.0123,0,0.92,0,0
3452,24.86,0.0123,0,0.85,0,0
3453,48.72,0.0123,0,0.13,0,0
3454,37.96,0.0123,2,0.2,0,0
3455,52.25,0.0123,0,0.5,0,0
3456,44.12,4.8088,2,0.89,0,1
3457,102.59,0.0123,0,0.26,0,0
3458,1833.04,0.0123,1,0.01,0,1
3459,31.17,0.0123,2,0.6,0,0
3460,27.75,0.0123,0,0.63,0,0
3461,33.86,0.0123,1,0.2,0,0
3462,30.1,0.0123,2,0.99,0,0
3463,17.48,0.0123,0,0.91,0,0
3464,25.72,0.0123,2,0.37,0,0
3465,66.39,0.0123,2,0.83,0,0
3466,28.39,0.0123,2,0.92,0,0
3467,64.06,0.0123,0,0.21,0,0
3468,35.23,0.0123,0,0.79,1,0
3469,684.18,0.0123,0,0.49,0,0
3470,92.19,4.8088,2,0.85,0,1
3471,42.76,0.0123,0,0.95,0,0
3472,51.28,0.0123,0,0.84,0,0
3473,21.11,0.0123,2,0.37,0,0
3474,110.33,0.0123,2,0.63,0,0
3475,73.36,0.0123,2,0.44,1,0
3476,68.74,0.0123,2,0.39,0,0
3477,9.33,0.0123,1,0.66,0,0
3478,23.75,0.0123,2,0.48,0,0
3479,40.86,0.0123,2,0.55,1,0
3480,35.16,0.0123,0,0.15,1,0
3481,1665.07,0.0123,0,0.05,0,1
3482,67.79,0.0123,2,0.29,0,0
3483,19.8,0.0123,2,0.53,0,0
3484,611.65,0.0123,0,0.25,0,0
3485,87.28,0.0123,2,0.09,0,0
3486,25.36,0.0123,2,0.28,0,0
3487,24.27,0.0123,1,0.75,1,0
3488,14.37,0.0123,1,0.1,0,0
3489,46.54,0.0123,2,0.85,0,0
3490,78.51,0.0123,2,0.74,1,0
3491,11.34,0.0123,0,0.06,0,0
3492,9.43,0.0123,0,0.81,0,0
3493,156.64,0.0123,0,0.6,1,0
3494,2731.64,0.0123,2,0.24,0,1
3495,18.84,0.0123,0,0.33,1,0
3496,2074.41,0.0123,2,0.56,0,1
3497,8.05,0.0123,0,0.14,1,0
3498,25.45,0.0123,0,0.47,0,0
3499,77.53,0.0123,2,0.29,0,0
3500,76.38,0.0123,2,0.98,1,1
3501,27.13,0.0123,0,0.24,1,0
3502,34.66,0.0123,2,0.49,1,0
3503,77.85,0.0123,2,0.15,0,0
3504,39.69,0.0123,0,0.73,0,0
3505,58.76,0.0123,0,0.98,0,0
3506,74.2,0.0123,0,0.55,1,0
3507,11.73,0.0123,0,0.09,0,0
3508,28.84,0.0123,0,0.05,1,0
3509,36.1,0.0123,0,0.96,0,0
3510,32.53,0.0123,2,0.59,0,0
3511,19.13,0.0123,2,0.97,0,0
3512,13.61,0.0123,0,0.56,0,0
3513,27.27,0.0123,2,0.96,0,0
3514,100.4,0.0123,2,0.99,0,0
3515,25.22,0.0123,1,0.2,1,0
3516,14.19,0.0123,2,0.46,0,0
3517,19.42,0.0123,0,0.03,0,0
3518,418.54,0.0123,2,0.9,0,0
3519,30.04,0.0123,0,0.22,0,0
3520,25.67,0.0123,2,0.36,1,0
3521,45.43,0.0123,0,0.17,0,0
3522,5.49,0.0123,0,0.62,0,0
3523,62.88,0.0123,0,0.36,0,0
3524,22.51,0.0123,2,0.96,0,0
3525,77.81,0.0123,0,0.7,0,0
3526,18.01,0.0123,0,0.37,0,0
3527,9.1,0.0123,2,0.22,0,0
3528,62.36,0.0123,2,0.36,0,0
3529,52.62,0.0123,1,0.62,1,0
3530,34.51,0.0123,2,0.23,0,0
3531,42.85,0.0123,0,0.72,0,0
3532,56.04,0.0123,0,0.29,0,0
3533,40.17,0.0123,0,0.73,0,0
3534,87.48,0.0123,1,0.04,0,0
3535,98.86,0.0123,0,0.92,0,0
3536,13.1,0.0123,0,0.15,0,0
3537,19.96,0.0123,0,0.2,0,0
3538,10.79,0.0123,0,0.52,0,0
3539,22.19,0.0123,2,0.12,0,0
3540,16.21,0.0123,2,0.17,0,0
3541,38.97,0.0123,2,0.07,0,0
3542,45.92,4.8088,0,0.0,0,0
3543,81.73,0.0123,2,0.34,1,0
3544,1346.8,0.0123,2,0.57,0,1
3545,72.81,4.8088,2,0.59,0,0
3546,14.6,0.0123,2,0.88,0,0
3547,37.69,0.0123,2,0.95,0,0
3548,19.63,0.0123,0,0.34,0,0
3549,68.66,0.0123,2,0.16,0,0
3550,29.35,0.0123,2,0.04,0,0
3551,61.98,0.0123,0,0.94,0,0
3552,21.81,0.0123,2,0.38,1,0
3553,86.96,0.0123,0,0.88,0,0
3554,49.33,0.0123,0,0.42,0,0
3555,29.08,0.0123,0,0.86,0,0
3556,82.06,0.0123,0,0.46,1,0
3557,14.43,0.0123,1,0.75,0,0
3558,48.99,0.0123,2,0.46,0,0
3559,41.58,0.0123,0,0.49,0,0
3560,44.27,0.0123,2,0.25,0,0
3561,54.01,0.0123,2,0.6,1,0
3562,25.54,0.0123,0,0.63,0,0
3563,6.06,0.0123,0,0.2,0,0
3564,25.6,0.0123,2,0.68,1,0
3565,39.17,0.0123,0,0.1,0,0
3566,624.42,0.0123,0,0.02,0,0
3567,420.44,0.0123,0,0.02,0,0
3568,32.42,0.0123,0,0.33,1,0
3569,19.47,0.0123,0,0.42,0,0
3570,2834.52,0.0123,2,0.9,0,1
3571,626.22,0.0123,1,0.86,1,1
3572,51.96,0.0123,2,0.55,0,0
3573,68.39,0.0123,2,0.63,0,0
3574,18.1,0.0123,2,0.47,0,0
3575,15.77,0.0123,0,0.96,0,0
3576,54.96,0.0123,0,0.97,1,1
3577,15.82,0.0123,2,0.05,0,0
3578,36.39,0.0123,2,0.69,0,0
3579,66.13,0.0123,2,0.23,0,0
3580,32.96,0.0123,0,0.86,0,0
3581,12.17,0.0123,2,0.99,0,0
3582,15.71,0.0123,0,0.12,0,0
3583,12.32,0.0123,0,0.09,0,0
3584,49.21,0.0123,0,0.99,0,0
3585,39.83,0.0123,2,0.45,1,0
3586,21.03,0.0123,1,0.99,0,0
3587,34.85,0.0123,2,0.21,0,0
3588,22.77,0.0123,0,0.44,1,0
3589,55.33,0.0123,2,0.99,0,0
3590,15.8,4.8088,2,0.82,1,1
3591,15.89,0.0123,2,0.26,0,0
3592,31.32,0.0123,0,0.67,0,0
3593,32.98,0.0123,0,0.08,0,0
3594,62.17,0.0123,2,0.28,0,0
3595,36.41,4.8088,2,0.36,0,0
3596,30.0,0.0123,0,0.76,0,0
3597,37.42,0.0123,0,0.04,0,0
3598,283.21,0.0123,0,0.6,1,0
3599,32.1,0.0123,2,0.05,0,0
3600,82.03,0.0123,0,0.02,1,0
3601,443.22,0.0123,1,0.53,0,0
3602,54.12,0.0123,2,0.79,0,0
3603,30.13,0.0123,0,0.94,0,0
3604,440.23,0.0123,0,0.08,0,0
3605,60.43,4.8088,2,0.94,0,1
3606,10.87,0.0123,2,0.12,0,0
3607,467.12,0.0123,2,0.72,0,0
3608,128.34,0.0123,2,0.29,1,0
3609,31.72,0.0123,1,0.75,0,0
3610,11.96,0.0123,2,0.58,0,0
3611,14.64,0.0123,2,0.56,0,0
3612,35.93,4.8088,2,0.79,0,0
3613,71.23,0.0123,2,0.22,0,0
3614,75.58,0.0123,0,0.92,1,1
3615,16.78,0.0123,0,0.9,0,0
3616,34.18,0.0123,0,0.12,0,0
3617,1024.99,0.0123,1,0.48,0,1
3618,634.51,0.0123,0,0.44,0,0
3619,10.44,0.0123,2,0.78,0,0
3620,9.2,0.0123,0,0.21,0,0
3621,60.03,0.0123,0,0.99,0,0
3622,990.76,0.0123,2,0.05,0,1
3623,71.59,0.0123,2,0.3,0,0
3624,991.67,0.0123,2,0.81,0,1
3625,58.97,0.0123,2,0.44,0,0
3626,55.46,4.8088,1,0.83,1,1
3627,23.47,0.0123,1,0.62,0,0
3628,31.44,0.0123,2,0.49,0,0
3629,27.81,0.0123,2,0.66,0,0
3630,9.1,0.0123,1,0.77,0,0
3631,18.87,0.0123,2,0.07,0,0
3632,531.29,0.0123,1,0.78,0,0
3633,10.82,0.0123,2,0.33,0,0
3634,27.58,0.0123,0,0.47,0,0
3635,37.55,0.0123,2,0.72,0,0
3636,13.43,0.0123,2,0.8,0,0
3637,148.6,0.0123,0,0.95,0,0
3638,14.97,0.0123,2,0.51,0,0
3639,28.26,0.0123,2,0.18,1,0
3640,1219.39,0.0123,0,0.08,0,0
3641,43.96,0.0123,2,0.93,0,0
3642,547.67,0.0123,2,0.79,0,0
3643,47.35,0.0123,2,0.73,0,0
3644,2917.91,0.0123,2,0.78,0,1
3645,10.46,0.0123,0,0.7,0,0
3646,19.23,0.0123,2,0.63,0,0
3647,8.83,0.0123,2,0.34,0,0
3648,23.33,0.0123,2,0.03,0,0
3649,15.1,0.0123,1,0.94,1,1
3650,1176.77,0.0123,2,0.14,0,1
3651,21.44,0.0123,2,0.11,0,0
3652,13.77,0.0123,2,0.29,0,0
3653,870.86,0.0123,0,0.63,0,0
3654,33.86,0.0123,0,0.62,0,0
3655,554.14,0.0123,2,0.25,0,0
3656,20.57,0.0123,0,0.29,1,0
3657,25.41,0.0123,0,0.82,0,0
3658,14.92,0.0123,0,0.76,0,0
3659,102.78,0.0123,2,0.16,0,0
3660,27.82,0.0123,1,0.67,0,0
3661,696.75,0.0123,2,0.26,0,0
3662,35.06,0.0123,2,0.4,1,0
3663,26.37,0.0123,0,0.61,0,0
3664,38.59,0.0123,2,0.44,1,0
3665,15.01,0.0123,2,0.04,0,0
3666,29.18,0.0123,2,0.0,0,0
3667,20.85,0.0123,0,0.9,1,1
3668,42.0,0.0123,2,0.82,0,0
3669,16.32,0.0123,2,0.77,0,0
3670,57.51,0.0123,2,0.06,0,0
3671,70.56,0.0123,2,0.88,0,0
3672,27.1,0.0123,0,0.84,0,0
3673,76.62,0.0123,0,0.76,0,0
3674,225.85,0.0123,0,0.63,0,0
3675,21.01,4.8088,2,0.19,1,1
3676,232.67,4.8088,2,0.97,1,1
3677,35.57,0.0123,0,0.34,0,0
3678,23.89,0.0123,2,0.92,1,1
3679,65.33,0.0123,0,0.57,0,0
3680,19.7,0.0123,2,0.32,0,0
3681,34.15,0.0123,2,0.27,0,0
3682,38.2,0.0123,0,0.21,0,0
3683,61.37,0.0123,0,0.86,1,1
3684,8.61,0.0123,2,0.23,1,0
3685,43.0,0.0123,2,0.17,0,0
3686,56.38,0.0123,1,0.79,0,0
3687,20.93,0.0123,0,0.16,1,0
3688,61.24,0.0123,0,0.4,1,0
3689,49.6,4.8088,0,0.9,0,1
3690,45.11,0.0123,0,0.42,0,0
3691,40.04,0.0123,0,0.48,0,0
3692,47.73,0.0123,0,0.16,0,0
3693,39.04,0.0123,2,0.93,0,0
3694,1622.55,4.8088,0,0.52,0,1
3695,316.5,0.0123,0,0.6,0,0
3696,19.53,0.0123,2,0.8,0,0
3697,19.78,0.0123,2,0.72,0,0
3698,86.62,0.0123,1,0.87,0,0
3699,14.52,0.0123,0,0.53,1,0
3700,27.7,0.0123,2,0.52,0,0
3701,21.54,0.0123,2,0.89,0,0
3702,23.34,0.0123,0,0.85,0,0
3703,2259.67,0.0123,0,0.35,0,1
3704,42.44,0.0123,2,0.09,1,0
3705,419.78,0.0123,2,0.08,0,0
3706,41.18,0.0123,2,0.23,1,0
3707,50.35,0.0123,0,0.14,0,0
3708,14.3,0.0123,0,0.41,0,0
3709,22.34,4.8088,1,0.31,1,1
3710,71.18,0.0123,0,0.29,0,0
3711,77.87,0.0123,2,0.88,0,0
3712,90.58,0.0123,0,0.53,0,0
3713,11.46,4.8088,0,0.44,1,1
3714,56.44,0.0123,2,0.85,0,0
3715,23.99,0.0123,0,0.63,1,0
3716,67.16,0.0123,2,0.35,0,0
3717,31.24,4.8088,2,0.75,0,0
3718,21.9,0.0123,0,0.85,0,0
3719,105.4,0.0123,0,0.45,0,0
3720,55.02,0.0123,0,0.04,0,0
3721,631.39,0.0123,2,0.75,0,0
3722,848.8,0.0123,2,0.31,1,1
3723,67.03,0.0123,2,0.16,0,0
3724,88.21,0.0123,1,0.8,0,0
3725,14.89,0.0123,0,0.05,0,0
3726,11.42,0.0123,2,0.02,0,0
3727,1521.24,0.0123,0,0.26,0,1
3728,38.74,0.0123,2,0.65,0,0
3729,31.31,0.0123,2,0.3,0,0
3730,72.73,0.0123,0,0.0,0,0
3731,16.93,0.0123,0,0.35,1,0
3732,35.57,0.0123,2,0.12,0,0
3733,21.77,0.0123,0,0.58,0,0
3734,2.9,0.0123,2,0.65,0,0
3735,33.35,0.0123,0,0.79,0,0
3736,23.45,0.0123,2,0.46,0,0
3737,32.36,0.0123,0,0.08,0,0
3738,51.31,0.0123,0,0.45,0,0
3739,382.66,0.0123,0,0.17,0,0
3740,67.41,0.0123,2,0.4,0,0
3741,568.55,0.0123,2,0.21,0,0
3742,35.32,0.0123,2,0.31,0,0
3743,636.8,0.0123,2,0.08,0,0
3744,23.04,0.0123,0,0.05,0,0
3745,60.9,0.0123,0,0.58,0,0
3746,12.97,0.0123,1,0.32,0,0
3747,20.01,0.0123,2,0.84,1,1
3748,43.51,0.0123,2,0.27,0,0
3749,7.49,0.0123,0,0.51,0,0
3750,16.88,0.0123,1,0.88,1,1
3751,29.05,0.0123,2,0.03,0,0
3752,11.06,0.0123,0,0.29,1,0
3753,46.93,4.8088,0,0.97,0,1
3754,9.15,0.0123,0,0.91,0,0
3755,1387.97,0.0123,2,0.21,0,1
3756,27.96,0.0123,2,0.2,0,0
3757,23.69,0.0123,1,0.18,0,0
3758,41.92,0.0123,1,0.58,0,0
3759,9.11,0.0123,0,0.32,1,0
3760,38.85,0.0123,0,0.02,0,0
3761,34.49,0.0123,2,0.02,0,0
3762,43.0,0.0123,0,0.36,1,0
3763,1102.76,0.0123,2,0.91,0,1
3764,58.05,0.0123,2,0.72,0,0
3765,540.83,0.0123,0,0.99,0,1
3766,42.12,0.0123,2,0.62,0,0
3767,44.04,0.0123,2,0.46,0,0
3768,32.8,0.0123,1,0.45,0,0
3769,69.74,0.0123,2,0.27,0,0
3770,161.48,0.0123,0,0.9,0,0
3771,42.37,0.0123,0,0.47,0,0
3772,56.08,0.0123,0,0.57,0,0
3773,60.72,0.0123,0,0.07,0,0
3774,637.71,0.0123,0,0.94,0,1
3775,51.49,0.0123,0,0.33,0,0
3776,18.44,0.0123,1,0.59,0,0
3777,441.15,0.0123,1,0.91,0,0
3778,283.84,0.0123,2,0.62,0,0
3779,54.39,0.0123,0,0.46,0,0
3780,1081.08,0.0123,0,0.32,0,1
3781,99.15,0.0123,0,0.07,0,0
3782,26.07,0.0123,2,0.51,0,0
3783,16.53,0.0123,2,0.48,0,0
3784,27.74,0.0123,2,0.76,0,0
3785,325.34,0.0123,0,0.72,0,0
3786,3053.91,0.0123,0,0.33,0,1
3787,21.91,0.0123,0,0.64,1,0
3788,23.79,0.0123,0,0.42,1,0
3789,746.1,0.0123,0,0.03,0,0
3790,34.29,0.0123,0,0.5,0,0
3791,15.86,0.0123,2,0.48,0,0
3792,47.17,0.0123,0,0.75,0,0
3793,22.92,0.0123,2,0.59,0,0
3794,8.82,0.0123,1,0.5,0,0
3795,88.54,0.0123,0,0.67,0,0
3796,98.87,0.0123,2,0.43,0,0
3797,34.65,0.0123,2,0.37,1,0
3798,64.92,0.0123,0,0.35,0,0
3799,41.43,0.0123,1,0.28,0,0
3800,20.93,0.0123,1,0.71,1,0
3801,49.0,0.0123,2,0.8,0,0
3802,50.1,0.0123,0,0.2,0,0
3803,46.13,0.0123,0,0.42,0,0
3804,18.95,0.0123,2,0.87,0,0
3805,23.29,0.0123,2,0.48,0,0
3806,288.26,0.0123,0,0.01,0,0
3807,22.54,0.0123,2,0.18,0,0
3808,17.87,0.0123,0,0.84,0,0
3809,24.76,0.0123,0,0.25,0,0
3810,34.27,0.0123,0,0.18,0,0
3811,797.72,0.0123,2,0.82,1,1
3812,15.73,0.0123,2,0.56,1,0
3813,12.14,0.0123,2,0.73,0,0
3814,27.49,0.0123,2,0.58,0,0
3815,93.4,0.0123,0,0.24,0,0
3816,65.12,0.0123,2,0.97,0,0
3817,11.82,0.0123,2,0.98,1,1
3818,32.7,0.0123,2,0.18,0,0
3819,2056.56,0.0123,0,0.59,1,1
3820,8.48,0.0123,2,0.06,0,0
3821,367.23,0.0123,2,0.87,0,0
3822,1137.45,0.0123,2,0.06,1,1
3823,849.19,0.0123,2,0.51,1,1
3824,55.65,0.0123,0,0.5,0,0
3825,10.76,0.0123,2,0.92,0,0
3826,610.66,0.0123,2,0.05,0,0
3827,72.91,0.0123,2,0.6,0,0
3828,40.78,0.0123,2,0.29,0,0
3829,33.83,0.0123,2,0.47,0,0
3830,103.79,0.0123,0,0.25,1,0
3831,19.07,0.0123,0,0.11,0,0
3832,18.27,0.0123,0,0.78,0,0
3833,19.57,0.0123,0,0.66,0,0
3834,20.65,0.0123,2,0.84,0,0
3835,26.84,0.0123,2,0.86,1,1
3836,544.62,0.0123,0,0.55,0,0
3837,415.23,0.0123,0,0.04,0,0
3838,30.8,0.0123,0,0.95,0,0
3839,28.61,0.0123,0,0.81,1,1
3840,30.88,0.0123,1,0.83,0,0
3841,29.47,0.0123,1,0.86,0,0
3842,58.71,0.0123,2,0.26,0,0
3843,1002.23,0.0123,0,0.8,1,1
3844,80.65,0.0123,0,0.05,0,0
3845,15.21,0.0123,0,0.09,1,0
3846,53.09,0.0123,1,0.21,0,0
3847,17.93,0.0123,0,0.27,0,0
3848,92.51,0.0123,0,0.1,0,0
3849,27.21,0.0123,2,0.49,1,0
3850,643.86,0.0123,0,0.98,0,1
3851,27.42,0.0123,2,0.26,0,0
3852,16.51,0.0123,2,0.73,0,0
3853,439.1,0.0123,2,0.78,0,0
3854,20.4,0.0123,2,0.7,0,0
3855,66.21,0.0123,2,0.93,0,0
3856,19.4,0.0123,2,0.14,0,0
3857,35.59,0.0123,0,0.85,0,0
3858,90.49,0.0123,2,0.4,0,0
3859,30.8,0.0123,0,0.13,0,0
3860,34.61,0.0123,0,0.52,1,0
3861,17.42,0.0123,2,0.76,0,0
3862,44.92,0.0123,0,0.16,0,0
3863,584.64,0.0123,0,0.18,0,0
3864,53.51,0.0123,2,0.66,0,0
3865,11.42,0.0123,2,0.21,1,0
3866,22.97,0.0123,1,0.06,0,0
3867,82.94,0.0123,2,0.27,0,0
3868,18.12,0.0123,2,0.74,1,0
3869,64.43,4.8088,1,0.93,0,1
3870,38.82,0.0123,2,0.8,0,0
3871,378.25,0.0123,2,0.22,0,0
3872,27.7,0.0123,0,0.29,0,0
3873,13.28,0.0123,2,0.11,1,0
3874,29.49,0.0123,2,0.66,0,0
3875,25.65,0.0123,2,0.63,0,0
3876,38.25,0.0123,0,0.28,1,0
3877,41.99,0.0123,2,0.98,0,0
3878,24.86,0.0123,0,0.61,0,0
3879,21.1,0.0123,0,0.61,1,0
3880,112.4,0.0123,0,0.39,0,0
3881,29.99,0.0123,2,0.44,0,0
3882,9.66,0.0123,0,0.93,0,0
3883,21.54,0.0123,2,0.64,0,0
3884,36.65,0.0123,2,0.82,1,1
3885,32.54,0.0123,2,0.77,0,0
3886,49.44,4.8088,0,0.41,0,0
3887,50.95,0.0123,0,0.0,1,0
3888,15.54,0.0123,2,0.12,0,0
3889,9.07,4.8088,0,0.42,0,0
3890,34.04,0.0123,2,0.04,0,0
3891,37.63,0.0123,2,0.64,0,0
3892,43.49,0.0123,0,0.65,0,0
3893,1341.8,0.0123,2,0.27,0,1
3894,10.38,0.0123,0,0.58,0,0
3895,71.23,0.0123,0,0.21,1,0
3896,16.56,0.0123,2,0.25,1,0
3897,8.99,0.0123,1,0.07,0,0
3898,40.47,0.0123,2,0.57,0,0
3899,24.76,0.0123,0,0.47,0,0
3900,36.79,0.0123,0,0.7,0,0
3901,9.6,4.8088,2,0.7,0,0
3902,12.38,0.0123,2,0.34,1,0
3903,9.31,0.0123,1,0.97,0,0
3904,29.97,0.0123,1,0.21,0,0
3905,44.49,0.0123,2,0.27,0,0
3906,9.91,0.0123,2,0.45,0,0
3907,45.67,0.0123,0,0.83,1,1
3908,81.64,0.0123,0,0.66,0,0
3909,17.15,0.0123,2,0.58,1,0
3910,252.61,0.0123,2,0.49,0,0
3911,56.07,0.0123,2,0.3,1,0
3912,39.15,0.0123,0,0.36,0,0
3913,507.04,0.0123,0,0.42,0,0
3914,20.21,4.8088,2,0.13,0,0
3915,20.13,0.0123,2,0.73,1,0
3916,48.52,4.8088,0,0.12,0,0
3917,1378.86,0.0123,0,0.7,0,1
3918,100.92,0.0123,1,0.56,0,0
3919,25.26,0.0123,2,0.5,0,0
3920,13.32,0.0123,0,0.99,0,0
3921,15.6,0.0123,2,0.96,0,0
3922,111.8,0.0123,2,0.82,0,0
3923,14.35,0.0123,0,0.5,1,0
3924,27.79,0.0123,2,0.43,0,0
3925,51.07,0.0123,0,0.26,0,0
3926,49.6,0.0123,0,0.54,1,0
3927,39.48,0.0123,0,0.78,0,0
3928,23.93,0.0123,2,0.15,0,0
3929,2010.55,0.0123,2,0.11,1,1
3930,31.15,0.0123,2,0.94,1,1
3931,420.21,0.0123,2,0.24,1,0
3932,58.15,0.0123,1,0.7,1,0
3933,31.94,0.0123,2,0.93,0,0
3934,19.65,0.0123,2,0.3,0,0
3935,26.08,0.0123,2,0.26,0,0
3936,14.83,0.0123,0,0.09,1,0
3937,20.62,0.0123,0,0.75,1,0
3938,10.35,0.0123,2,0.64,0,0
3939,327.75,0.0123,2,0.17,0,0
3940,8.18,0.0123,0,0.74,0,0
3941,25.5,0.0123,2,0.59,0,0
3942,74.07,0.0123,2,0.69,0,0
3943,37.57,0.0123,2,0.2,0,0
3944,65.06,0.0123,0,0.09,1,0
3945,33.78,0.0123,2,0.99,0,0
3946,32.87,0.0123,0,0.45,0,0
3947,582.55,0.0123,0,0.69,1,1
3948,54.95,0.0123,0,0.67,0,0
3949,138.19,0.0123,2,0.54,1,0
3950,61.67,0.0123,0,0.36,1,0
3951,24.71,0.0123,2,0.29,0,0
3952,1109.14,0.0123,2,0.38,0,0
3953,23.15,0.0123,0,0.4,0,0
3954,50.05,0.0123,0,0.26,0,0
3955,30.29,0.0123,0,0.16,0,0
3956,9.87,0.0123,2,0.07,0,0
3957,1098.39,0.0123,2,0.54,0,0
3958,22.41,0.0123,0,0.85,0,0
3959,79.89,0.0123,0,0.9,1,1
3960,115.48,0.0123,0,0.89,1,1
3961,40.37,0.0123,2,0.45,0,0
3962,40.45,0.0123,0,0.96,0,0
3963,37.52,0.0123,2,0.0,0,0
3964,12.44,0.0123,2,0.61,0,0
3965,599.5,0.0123,0,0.92,0,1
3966,18.46,0.0123,0,0.18,1,0
3967,36.89,0.0123,0,0.15,0,0
3968,40.91,0.0123,2,0.92,0,0
3969,37.06,0.0123,1,0.87,0,0
3970,7.68,0.0123,2,0.18,1,0
3971,409.38,4.8088,0,0.36,1,1
3972,13.74,0.0123,0,0.4,0,0
3973,17.91,0.0123,0,0.85,0,0
3974,607.15,0.0123,0,0.35,0,0
3975,47.79,0.0123,2,0.77,0,0
3976,53.06,0.0123,2,0.25,0,0
3977,18.73,0.0123,0,0.67,0,0
3978,58.64,0.0123,2,0.04,0,0
3979,55.23,0.0123,0,0.96,0,0
3980,41.48,0.0123,2,0.45,1,0
3981,15.74,0.0123,0,0.01,0,0
3982,3688.96,0.0123,2,0.61,0,1
3983,15.46,0.0123,0,0.1,0,0
3984,23.51,0.0123,0,0.39,0,0
3985,26.64,0.0123,0,0.27,0,0
3986,17.4,0.0123,2,0.11,1,0
3987,42.67,0.0123,0,0.66,0,0
3988,32.17,0.0123,0,0.01,0,0
3989,386.31,0.0123,2,0.19,0,0
3990,1476.63,0.0123,2,0.44,0,0
3991,12.67,0.0123,1,0.82,1,1
3992,53.87,4.8088,0,0.14,1,1
3993,27.64,0.0123,2,0.76,0,0
3994,14.75,0.0123,2,0.89,0,0
3995,19.05,0.0123,0,0.35,1,0
3996,16.15,0.0123,0,1.0,1,1
3997,35.71,4.8088,1,0.57,0,0
3998,55.44,0.0123,2,0.47,0,0
3999,32.74,0.0123,0,0.13,1,0
4000,35.56,0.0123,2,0.36,1,0
4001,8.0,0.0123,2,0.95,0,0
4002,101.16,0.0123,2,0.16,0,0
4003,7.49,0.0123,0,0.13,1,0
4004,28.34,0.0123,0,0.08,0,0
4005,66.73,0.0123,0,0.91,0,0
4006,47.98,0.0123,0,0.68,0,0
4007,101.52,0.0123,0,0.79,0,0
4008,48.58,0.0123,0,0.42,1,0
4009,613.11,0.0123,1,0.12,0,0
4010,46.08,0.0123,2,0.16,0,0
4011,969.72,0.0123,0,0.09,0,0
4012,83.05,0.0123,0,0.77,0,0
4013,16.65,0.0123,2,0.31,0,0
4014,15.56,0.0123,2,0.68,0,0
4015,39.46,0.0123,0,0.94,0,0
4016,41.8,0.0123,0,0.06,1,0
4017,54.4,0.0123,2,0.01,1,0
4018,20.66,0.0123,0,0.27,0,0
4019,14.2,0.0123,0,0.66,0,0
4020,365.03,0.0123,0,0.71,0,0
4021,24.64,0.0123,2,0.34,1,0
4022,44.28,0.0123,1,0.11,0,0
4023,35.51,0.0123,0,0.92,0,0
4024,526.87,0.0123,0,0.55,0,0
4025,2070.22,0.0123,1,0.4,0,1
4026,59.01,0.0123,0,0.22,0,0
4027,20.18,0.0123,2,0.46,1,0
4028,14.28,0.0123,0,0.49,0,0
4029,405.8,0.0123,0,0.29,1,1
4030,46.96,0.0123,0,0.86,0,0
4031,48.45,0.0123,2,0.59,0,0
4032,5.91,0.0123,2,0.07,0,0
4033,19.15,0.0123,2,0.93,0,0
4034,99.67,0.0123,2,0.56,0,0
4035,53.0,0.0123,0,0.73,0,0
4036,32.12,0.0123,0,0.7,0,0
4037,22.92,0.0123,2,0.06,0,0
4038,125.56,0.0123,2,0.12,0,0
4039,20.35,0.0123,2,0.57,0,0
4040,37.78,0.0123,0,0.85,0,0
4041,41.42,0.0123,2,0.24,0,0
4042,16.4,0.0123,0,0.86,0,0
4043,30.52,0.0123,2,0.99,0,0
4044,19.97,0.0123,1,0.61,1,0
4045,47.0,4.8088,2,0.04,0,0
4046,50.94,0.0123,2,0.34,1,0
4047,42.93,0.0123,0,0.96,0,0
4048,9.19,0.0123,2,0.98,0,0
4049,44.2,0.0123,0,0.91,0,0
4050,26.7,0.0123,0,0.86,0,0
4051,64.25,0.0123,0,0.28,0,0
4052,58.43,0.0123,0,0.14,0,0
4053,16.84,4.8088,2,0.61,0,0
4054,18.05,0.0123,2,0.57,1,0
4055,80.02,0.0123,0,0.8,0,0
4056,654.84,0.0123,0,0.96,0,1
4057,54.9,0.0123,2,0.33,0,0
4058,10.92,0.0123,2,0.53,0,0
4059,19.14,0.0123,2,0.74,0,0
4060,1182.77,0.0123,0,0.96,0,1
4061,667.07,0.0123,1,0.2,0,0
4062,25.27,0.0123,2,0.73,0,0
4063,1405.55,0.0123,0,0.79,1,1
4064,13.02,0.0123,0,0.74,0,0
4065,29.59,0.0123,0,0.39,0,0
4066,1255.89,0.0123,0,0.19,0,0
4067,17.33,0.0123,0,0.99,0,0
4068,30.77,0.0123,2,0.46,0,0
4069,37.0,0.0123,2,0.06,0,0
4070,12.28,0.0123,2,0.03,0,0
4071,14.54,0.0123,2,0.29,0,0
4072,12.79,0.0123,2,0.96,0,0
4073,38.97,0.0123,0,0.88,0,0
4074,96.41,0.0123,2,0.42,0,0
4075,1712.62,0.0123,2,0.15,1,1
4076,35.46,4.8088,0,0.92,0,1
4077,93.05,0.0123,0,0.62,0,0
4078,66.78,0.0123,2,0.48,0,0
4079,31.56,0.0123,2,0.04,1,0
4080,675.27,0.0123,2,0.92,0,1
4081,1440.33,0.0123,0,0.96,0,1
4082,27.21,0.0123,0,0.52,0,0
4083,311.52,4.8088,0,0.56,0,0
4084,20.85,0.0123,0,0.14,0,0
4085,796.29,0.0123,0,0.97,0,1
4086,27.52,0.0123,2,0.81,0,0
4087,99.26,0.0123,0,0.95,1,1
4088,17.29,4.8088,0,0.7,0,0
4089,41.34,0.0123,2,0.57,0,0
4090,29.01,0.0123,2,0.98,0,0
4091,36.88,0.0123,2,0.59,0,0
4092,52.33,0.0123,2,0.05,0,0
4093,99.2,0.0123,2,0.26,0,0
4094,69.7,0.0123,0,0.11,0,0
4095,55.7,0.0123,0,0.63,0,0
4096,42.33,0.0123,0,0.16,0,0
4097,817.74,0.0123,0,0.2,1,1
4098,1909.07,0.0123,0,0.13,0,1
4099,7.77,0.0123,2,0.81,0,0
4100,53.7,0.0123,2,0.29,1,0
4101,268.6,0.0123,0,0.41,0,0
4102,8.91,0.0123,0,0.33,0,0
4103,52.21,0.0123,2,0.34,0,0
4104,1747.63,0.0123,2,0.94,0,1
4105,12.33,0.0123,2,0.56,1,0
4106,12.21,0.0123,2,0.57,0,0
4107,17.47,0.0123,0,0.71,0,0
4108,35.47,0.0123,2,0.64,0,0
4109,70.44,0.0123,1,0.15,0,0
4110,51.42,4.8088,1,0.81,0,1
4111,20.29,4.8088,2,0.6,1,1
4112,15.23,0.0123,2,0.67,0,0
4113,27.65,0.0123,2,0.52,0,0
4114,27.16,0.0123,0,0.04,0,0
4115,64.5,0.0123,2,0.51,0,0
4116,31.52,0.0123,0,0.63,1,0
4117,81.13,0.0123,2,0.09,1,0
4118,17.19,0.0123,2,0.1,0,0
4119,13.79,0.0123,1,0.13,0,0
4120,24.83,0.0123,0,0.08,1,0
4121,24.0,0.0123,2,0.94,0,0
4122,37.24,0.0123,1,0.64,0,0
4123,8.44,4.8088,1,0.11,1,1
4124,22.99,0.0123,0,0.76,1,0
4125,15.76,4.8088,0,0.46,1,1
4126,28.19,0.0123,0,0.62,0,0
4127,7.52,0.0123,0,0.2,0,0
4128,309.08,0.0123,0,0.81,0,0
4129,14.2,0.0123,2,0.84,0,0
4130,31.96,0.0123,2,0.63,0,0
4131,206.26,0.0123,2,0.35,0,0
4132,78.38,0.0123,2,0.97,0,0
4133,28.5,0.0123,0,0.03,0,0
4134,649.01,0.0123,2,0.6,0,0
4135,49.27,0.0123,0,0.52,1,0
4136,24.43,0.0123,0,0.33,0,0
4137,36.32,0.0123,1,0.8,0,0
4138,2637.84,0.0123,0,0.46,0,1
4139,38.02,0.0123,0,0.24,1,0
4140,33.35,0.0123,0,0.89,0,0
4141,680.97,0.0123,2,0.61,0,0
4142,52.62,0.0123,0,0.32,0,0
4143,39.31,0.0123,1,0.75,0,0
4144,203.74,0.0123,2,0.42,0,0
4145,28.56,0.0123,2,0.86,0,0
4146,43.08,0.0123,2,0.46,0,0
4147,34.51,4.8088,0,0.2,0,0
4148,1487.1,0.0123,2,0.93,1,1
4149,31.24,0.0123,0,0.53,0,0
4150,19.29,0.0123,2,0.63,0,0
4151,18.99,0.0123,1,0.98,0,0
4152,36.48,0.0123,2,0.47,0,0
4153,45.08,0.0123,2,0.35,0,0
4154,29.01,0.0123,0,0.03,0,0
4155,18.09,0.0123,1,0.3,0,0
4156,14.84,0.0123,0,0.74,1,0
4157,43.96,4.8088,0,0.34,1,1
4158,18.63,0.0123,2,0.18,0,0
4159,62.84,0.0123,2,0.29,0,0
4160,35.23,0.0123,2,0.48,0,0
4161,37.22,0.0123,2,0.9,0,0
4162,31.54,0.0123,2,0.49,0,0
4163,21.89,0.0123,0,0.65,0,0
4164,38.22,0.0123,0,0.8,0,0
4165,56.03,0.0123,2,0.95,0,0
4166,12.56,0.0123,0,0.0,0,0
4167,1968.88,0.0123,2,0.04,0,1
4168,19.81,0.0123,2,0.1,0,0
4169,48.14,0.0123,0,0.57,0,0
4170,520.33,0.0123,2,0.7,0,0
4171,16.44,0.0123,0,0.08,0,0
4172,38.15,0.0123,2,0.95,1,1
4173,25.24,0.0123,2,0.06,0,0
4174,31.54,0.0123,0,0.47,0,0
4175,1413.56,0.0123,2,0.82,1,1
4176,37.8,0.0123,0,0.98,0,0
4177,47.02,0.0123,2,0.18,1,0
4178,34.51,0.0123,0,0.13,1,0
4179,20.02,0.0123,2,0.9,0,0
4180,52.49,0.0123,0,0.05,1,0
4181,68.44,0.0123,2,0.61,0,0
4182,16.6,0.0123,0,0.34,1,0
4183,19.93,0.0123,0,0.19,0,0
4184,8.82,0.0123,0,0.65,0,0
4185,56.23,0.0123,2,0.87,1,1
4186,44.42,0.0123,0,0.23,1,0
4187,23.0,0.0123,0,0.49,0,0
4188,58.69,0.0123,2,0.98,1,1
4189,4.83,0.0123,1,0.05,0,0
4190,29.16,0.0123,0,0.7,1,0
4191,37.85,0.0123,2,0.53,1,0
4192,15.63,4.8088,2,0.23,0,0
4193,14.68,0.0123,2,0.06,1,0
4194,24.03,0.0123,0,0.43,0,0
4195,39.25,0.0123,0,0.18,0,0
4196,22.97,0.0123,2,0.44,0,0
4197,16.98,0.0123,0,0.47,0,0
4198,24.59,0.0123,0,0.14,0,0
4199,44.63,0.0123,1,0.89,0,0
4200,35.94,0.0123,2,0.06,0,0
4201,24.28,0.0123,2,0.64,0,0
4202,73.35,4.8088,1,0.9,0,1
4203,69.46,0.0123,2,0.6,0,0
4204,27.57,0.0123,2,0.89,0,0
4205,36.95,0.0123,1,0.43,0,0
4206,37.11,0.0123,2,0.84,0,0
4207,78.21,0.0123,2,0.91,0,0
4208,16.62,0.0123,0,0.29,0,0
4209,71.18,0.0123,0,0.46,0,0
4210,13.38,0.0123,0,0.5,0,0
4211,29.68,0.0123,2,0.34,0,0
4212,45.07,0.0123,2,0.8,0,0
4213,33.95,4.8088,0,0.31,1,1
4214,24.91,0.0123,2,0.25,0,0
4215,38.82,0.0123,2,0.15,1,0
4216,473.55,0.0123,2,0.35,1,0
4217,20.59,0.0123,0,0.9,0,0
4218,60.51,0.0123,0,0.51,0,0
4219,20.86,0.0123,2,0.99,0,0
4220,57.45,0.0123,0,0.11,0,0
4221,21.34,0.0123,0,0.09,0,0
4222,43.22,0.0123,2,0.19,0,0
4223,84.99,0.0123,0,0.64,0,0
4224,39.47,0.0123,0,0.87,1,1
4225,51.74,0.0123,2,0.57,0,0
4226,385.59,0.0123,0,0.56,0,0
4227,47.54,0.0123,0,0.56,0,0
4228,12.07,0.0123,2,0.66,1,0
4229,8.69,0.0123,0,0.83,0,0
4230,38.52,0.0123,0,0.06,0,0
4231,14.89,0.0123,2,0.95,0,0
4232,49.65,0.0123,0,0.14,0,0
4233,12.82,0.0123,0,0.53,0,0
4234,27.43,0.0123,2,0.69,0,0
4235,45.79,0.0123,0,0.27,0,0
4236,1148.04,0.0123,0,0.58,0,1
4237,12.72,0.0123,2,0.99,0,0
4238,37.69,0.0123,0,0.71,0,0
4239,100.82,0.0123,0,0.4,0,0
4240,20.53,0.0123,1,0.37,1,0
4241,568.91,0.0123,2,0.92,0,0
4242,55.74,0.0123,1,0.01,0,0
4243,69.28,0.0123,2,0.96,0,0
4244,16.86,0.0123,1,0.41,0,0
4245,449.9,0.0123,0,0.28,1,1
4246,38.02,0.0123,0,0.88,0,0
4247,30.29,0.0123,2,0.03,1,0
4248,369.7,0.0123,2,0.38,0,0
4249,25.89,4.8088,2,0.76,0,0
4250,8.91,0.0123,0,0.17,0,0
4251,46.43,0.0123,0,0.91,1,1
4252,40.44,0.0123,0,0.66,0,0
4253,97.15,0.0123,2,0.49,0,0
4254,48.81,0.0123,0,0.43,0,0
4255,75.44,0.0123,1,0.66,0,0
4256,68.64,0.0123,0,0.28,1,0
4257,46.25,0.0123,0,0.81,1,1
4258,21.7,0.0123,2,0.31,0,0
4259,33.4,0.0123,0,0.39,1,0
4260,33.92,0.0123,1,1.0,0,0
4261,42.49,0.0123,2,0.04,0,0
4262,37.17,0.0123,0,0.46,0,0
4263,26.28,0.0123,2,0.33,0,0
4264,52.55,0.0123,0,0.33,0,0
4265,80.12,0.0123,0,0.05,1,0
4266,86.0,0.0123,1,0.05,0,0
4267,59.74,0.0123,0,0.63,0,0
4268,8.86,0.0123,0,0.09,0,0
4269,18.57,0.0123,2,0.71,0,0
4270,18.85,0.0123,0,0.76,0,0
4271,43.62,0.0123,0,0.34,0,0
4272,31.17,0.0123,2,0.12,0,0
4273,25.34,0.0123,0,0.52,0,0
4274,26.8,0.0123,2,0.28,0,0
4275,22.44,0.0123,2,0.45,0,0
4276,27.02,0.0123,0,0.03,1,0
4277,52.82,0.0123,0,0.65,0,0
4278,39.13,0.0123,0,0.89,1,1
4279,1493.83,0.0123,2,0.6,0,1
4280,56.18,4.8088,0,0.3,1,1
4281,1304.56,0.0123,2,0.91,0,1
4282,21.92,0.0123,0,0.68,0,0
4283,13.66,0.0123,2,0.84,0,0
4284,51.78,0.0123,0,0.61,1,0
4285,38.8,0.0123,0,0.37,1,0
4286,66.92,0.0123,2,0.87,0,0
4287,40.51,0.0123,2,0.02,0,0
4288,50.77,0.0123,0,0.89,0,0
4289,67.52,0.0123,0,0.47,1,0
4290,55.0,0.0123,1,0.07,0,0
4291,67.04,0.0123,2,0.48,0,0
4292,64.47,0.0123,0,0.61,0,0
4293,272.34,0.0123,2,0.7,1,0
4294,24.18,0.0123,0,0.88,1,1
4295,12.11,0.0123,2,0.62,0,0
4296,61.83,0.0123,1,0.18,0,0
4297,24.49,0.0123,2,0.24,0,0
4298,133.9,0.0123,2,0.85,0,0
4299,13.96,0.0123,0,0.56,0,0
4300,27.41,0.0123,0,0.3,0,0
4301,14.2,0.0123,0,0.87,1,1
4302,978.59,0.0123,0,0.8,1,1
4303,910.06,0.0123,2,0.3,1,1
4304,24.21,0.0123,2,0.74,0,0
4305,11.26,0.0123,0,0.97,0,0
4306,25.39,0.0123,0,0.58,0,0
4307,94.48,0.0123,0,0.82,0,0
4308,27.88,0.0123,0,0.8,0,0
4309,38.86,0.0123,0,0.98,0,0
4310,34.71,0.0123,2,0.48,1,0
4311,71.83,0.0123,0,0.82,0,0
4312,12.45,0.0123,2,0.17,0,0
4313,11.85,0.0123,1,0.06,0,0
4314,12.95,0.0123,2,0.47,0,0
4315,9.48,0.0123,0,0.19,0,0
4316,32.97,0.0123,2,0.42,0,0
4317,66.9,0.0123,0,0.31,0,0
4318,45.98,0.0123,2,0.13,0,0
4319,16.94,0.0123,2,0.68,1,0
4320,1909.16,0.0123,0,0.55,0,1
4321,29.26,0.0123,0,0.44,1,0
4322,49.25,0.0123,2,0.08,0,0
4323,62.5,0.0123,0,0.94,1,1
4324,114.61,0.0123,0,0.14,1,0
4325,5.93,0.0123,0,0.14,0,0
4326,301.96,0.0123,0,0.06,0,0
4327,14.13,0.0123,2,0.76,1,0
4328,7.95,0.0123,2,0.5,0,0
4329,1417.27,0.0123,0,0.72,0,1
4330,43.95,0.0123,1,0.95,0,0
4331,212.8,0.0123,2,0.88,0,0
4332,6.79,0.0123,2,0.82,0,0
4333,36.91,0.0123,2,0.29,0,0
4334,44.87,0.0123,0,0.88,0,0
4335,29.01,0.0123,2,0.82,0,0
4336,87.24,0.0123,2,0.34,0,0
4337,163.28,0.0123,0,0.31,0,0
4338,587.71,0.0123,0,0.68,0,0
4339,16.93,0.0123,1,0.39,0,0
4340,9.58,0.0123,2,0.69,0,0
4341,27.72,0.0123,0,0.8,0,0
4342,43.87,0.0123,2,0.95,0,0
4343,33.48,0.0123,2,0.87,0,0
4344,61.45,0.0123,2,0.61,1,0
4345,3295.44,0.0123,0,0.65,0,1
4346,629.2,0.0123,0,0.4,1,1
4347,12.73,0.0123,2,0.84,0,0
4348,27.8,0.0123,2,0.97,0,0
4349,77.34,0.0123,2,0.93,0,0
4350,33.26,0.0123,2,0.49,0,0
4351,257.03,0.0123,2,0.71,1,0
4352,28.46,0.0123,0,0.53,1,0
4353,13.19,0.0123,0,0.63,0,0
4354,629.71,0.0123,0,0.31,0,0
4355,3483.32,0.0123,0,0.02,0,1
4356,40.16,0.0123,0,0.97,0,0
4357,139.29,0.0123,2,0.33,0,0
4358,408.83,4.8088,0,0.64,1,1
4359,58.33,0.0123,0,0.72,0,0
4360,2830.07,0.0123,0,0.58,0,1
4361,51.61,0.0123,0,0.31,0,0
4362,62.97,0.0123,2,0.29,0,0
4363,60.91,0.0123,0,0.4,0,0
4364,119.59,0.0123,0,0.77,1,0
4365,47.25,0.0123,2,0.33,0,0
4366,87.05,0.0123,0,0.35,1,0
4367,10.53,0.0123,2,0.06,1,0
4368,1143.53,0.0123,2,0.41,0,1
4369,114.77,0.0123,2,0.62,0,0
4370,43.89,0.0123,0,0.86,0,0
4371,41.0,0.0123,1,0.89,0,0
4372,8.82,0.0123,2,0.76,0,0
4373,44.03,0.0123,2,0.66,0,0
4374,33.3,0.0123,0,0.42,1,0
4375,63.8,4.8088,2,0.94,0,1
4376,33.57,0.0123,0,0.74,0,0
4377,21.57,0.0123,0,0.92,0,0
4378,25.12,0.0123,2,0.32,0,0
4379,10.96,0.0123,2,0.74,1,0
4380,117.43,0.0123,2,0.94,0,0
4381,8.96,0.0123,2,0.63,0,0
4382,13.28,0.0123,2,0.7,0,0
4383,536.56,0.0123,2,0.25,0,0
4384,37.51,0.0123,0,0.23,0,0
4385,70.47,0.0123,0,0.45,0,0
4386,60.1,0.0123,0,0.82,0,0
4387,393.98,0.0123,0,0.19,0,0
4388,56.24,0.0123,2,0.49,1,0
4389,362.26,0.0123,0,0.92,0,0
4390,36.3,0.0123,0,0.05,0,0
4391,53.05,4.8088,2,0.7,0,0
4392,9.24,0.0123,2,0.05,0,0
4393,45.5,0.0123,0,0.12,0,0
4394,517.46,0.0123,0,0.99,0,1
4395,20.31,0.0123,2,0.06,0,0
4396,271.37,0.0123,2,0.8,0,0
4397,28.76,0.0123,2,0.66,0,0
4398,1325.71,4.8088,2,0.6,0,1
4399,5.21,0.0123,0,0.39,0,0
4400,59.78,0.0123,2,0.22,0,0
4401,13.63,0.0123,1,0.82,1,1
4402,33.41,0.0123,0,0.02,0,0
4403,62.74,0.0123,2,0.44,0,0
4404,29.7,0.0123,0,0.12,0,0
4405,63.8,0.0123,0,0.55,1,0
4406,31.31,0.0123,2,0.49,0,0
4407,29.86,0.0123,0,0.77,0,0
4408,12.89,0.0123,0,0.16,0,0
4409,32.12,0.0123,2,0.76,0,0
4410,29.38,0.0123,2,0.96,0,0
4411,30.38,0.0123,0,0.49,0,0
4412,42.01,0.0123,2,0.13,1,0
4413,18.51,0.0123,2,0.16,0,0
4414,29.85,0.0123,2,0.54,0,0
4415,93.32,0.0123,0,0.19,1,0
4416,26.87,0.0123,2,0.19,1,0
4417,11.86,0.0123,2,0.33,0,0
4418,26.5,4.8088,2,0.98,0,1
4419,9.22,4.8088,2,0.61,0,0
4420,58.47,0.0123,2,0.01,1,0
4421,45.77,0.0123,2,0.87,0,0
4422,20.6,0.0123,1,0.92,0,0
4423,646.72,0.0123,2,0.14,0,0
4424,45.95,0.0123,0,0.31,1,0
4425,39.25,0.0123,0,0.04,0,0
4426,31.73,0.0123,2,0.85,1,1
4427,609.31,4.8088,0,0.78,0,1
4428,11.39,0.0123,2,0.87,0,0
4429,8.44,0.0123,0,0.35,0,0
4430,39.8,0.0123,1,0.29,0,0
4431,10.69,0.0123,0,0.79,0,0
4432,380.37,0.0123,2,0.73,1,0
4433,32.92,0.0123,0,0.71,0,0
4434,19.19,0.0123,0,0.6,0,0
4435,66.5,0.0123,2,0.68,0,0
4436,16.83,0.0123,2,0.48,1,0
4437,44.56,0.0123,0,0.92,0,0
4438,926.6,0.0123,2,0.54,0,0
4439,26.04,0.0123,0,0.44,0,0
4440,32.71,0.0123,0,0.32,0,0
4441,1443.15,0.0123,2,0.8,1,1
4442,33.49,0.0123,2,0.6,0,0
4443,8.79,0.0123,2,0.38,0,0
4444,16.27,0.0123,0,0.85,1,1
4445,35.25,0.0123,1,0.98,0,0
4446,23.79,0.0123,2,0.82,0,0
4447,30.13,0.0123,2,0.36,0,0
4448,1233.17,0.0123,0,0.51,0,1
4449,89.97,0.0123,2,0.71,0,0
4450,60.66,0.0123,0,0.39,1,0
4451,185.9,0.0123,0,0.75,0,0
4452,44.92,0.0123,2,0.65,0,0
4453,19.87,0.0123,2,0.92,0,0
4454,25.11,0.0123,2,0.11,0,0
4455,28.49,0.0123,2,0.05,0,0
4456,36.81,0.0123,2,0.63,0,0
4457,35.28,0.0123,2,0.49,0,0
4458,26.25,0.0123,2,0.42,1,0
4459,75.18,0.0123,1,0.37,0,0
4460,76.62,0.0123,2,0.78,0,0
4461,6326.74,0.0123,0,0.86,0,1
4462,15.55,0.0123,2,0.78,0,0
4463,36.55,0.0123,2,0.21,0,0
4464,36.75,0.0123,2,0.07,0,0
4465,11.14,0.0123,2,0.54,1,0
4466,25.05,0.0123,2,0.61,0,0
4467,1261.13,0.0123,0,0.41,0,1
4468,13.66,0.0123,2,0.79,0,0
4469,24.6,0.0123,0,0.25,0,0
4470,44.26,0.0123,0,0.9,0,0
4471,37.52,0.0123,2,0.38,1,0
4472,22.3,0.0123,1,0.66,0,0
4473,40.28,0.0123,0,0.81,0,0
4474,33.09,0.0123,2,0.46,0,0
4475,29.02,0.0123,0,0.66,0,0
4476,42.3,0.0123,2,0.45,0,0
4477,46.98,0.0123,2,0.9,0,0
4478,11.77,0.0123,2,0.15,1,0
4479,19.84,0.0123,1,0.75,0,0
4480,108.97,0.0123,2,0.91,0,0
4481,74.04,0.0123,2,0.71,0,0
4482,48.32,0.0123,2,0.03,1,0
4483,32.35,0.0123,2,0.27,0,0
4484,48.89,0.0123,0,0.83,1,1
4485,26.68,0.0123,1,0.83,0,0
4486,1027.65,0.0123,2,0.67,0,0
4487,52.64,0.0123,0,0.46,0,0
4488,329.1,0.0123,0,0.31,0,0
4489,64.23,0.0123,0,0.01,0,0
4490,28.54,0.0123,0,0.84,0,0
4491,53.02,0.0123,2,0.63,1,0
4492,368.16,0.0123,0,0.5,0,0
4493,18.97,0.0123,2,0.37,0,0
4494,2657.57,0.0123,2,0.88,0,1
4495,452.99,0.0123,0,0.31,0,0
4496,98.34,0.0123,2,0.91,0,0
4497,18.51,0.0123,0,0.23,1,0
4498,37.48,0.0123,2,0.46,0,0
4499,65.15,0.0123,2,0.2,0,0
4500,5.48,0.0123,0,0.19,0,0
4501,16.5,0.0123,0,0.89,0,0
4502,17.59,0.0123,2,0.57,0,0
4503,17.68,0.0123,0,0.78,0,0
4504,52.89,0.0123,1,0.08,1,0
4505,41.65,0.0123,2,0.53,1,0
4506,70.86,0.0123,1,0.36,0,0
4507,1717.3,0.0123,0,0.04,0,1
4508,8.43,0.0123,2,0.66,1,0
4509,46.56,0.0123,0,0.22,1,0
4510,41.21,0.0123,0,0.35,0,0
4511,22.18,0.0123,0,0.91,0,0
4512,14.87,0.0123,1,0.95,0,0
4513,20.2,0.0123,2,0.13,0,0
4514,48.25,0.0123,2,0.4,0,0
4515,27.88,0.0123,0,0.62,0,0
4516,21.68,0.0123,2,0.71,0,0
4517,68.85,0.0123,2,0.4,0,0
4518,27.74,0.0123,2,0.9,0,0
4519,18.16,0.0123,0,0.77,1,0
4520,12.84,0.0123,0,0.97,0,0
4521,113.95,0.0123,0,0.16,0,0
4522,36.6,0.0123,0,0.64,0,0
4523,25.16,0.0123,2,0.19,1,0
4524,26.21,0.0123,2,0.19,0,0
4525,53.4,0.0123,2,0.89,1,1
4526,149.7,0.0123,1,0.82,0,0
4527,504.47,0.0123,0,0.98,1,1
4528,12.57,0.0123,0,0.66,0,0
4529,312.36,0.0123,1,0.55,0,0
4530,11.88,0.0123,0,0.66,0,0
4531,14.32,0.0123,2,0.89,1,1
4532,765.97,0.0123,0,0.94,0,1
4533,64.22,0.0123,0,0.73,0,0
4534,70.27,0.0123,2,0.44,0,0
4535,157.67,0.0123,0,0.5,1,0
4536,11.64,0.0123,0,0.18,0,0
4537,43.71,0.0123,2,0.34,0,0
4538,48.34,0.0123,0,0.09,0,0
4539,29.24,0.0123,0,0.98,0,0
4540,39.65,0.0123,0,0.54,0,0
4541,35.02,0.0123,2,0.96,0,0
4542,38.06,0.0123,2,0.02,0,0
4543,53.51,0.0123,0,0.47,0,0
4544,54.51,0.0123,0,0.14,1,0
4545,29.67,0.0123,2,0.66,1,0
4546,22.94,0.0123,2,0.75,0,0
4547,18.14,0.0123,2,0.93,0,0
4548,43.71,0.0123,0,0.72,0,0
4549,18.97,0.0123,0,0.44,0,0
4550,34.47,0.0123,0,0.01,0,0
4551,43.41,0.0123,2,0.88,0,0
4552,15.79,0.0123,0,0.88,0,0
4553,44.21,0.0123,2,0.12,0,0
4554,1847.98,4.8088,2,0.14,0,1
4555,9.12,0.0123,2,0.68,0,0
4556,58.14,0.0123,2,0.77,0,0
4557,26.87,0.0123,0,0.39,0,0
4558,60.19,0.0123,0,0.3,1,0
4559,59.49,0.0123,0,0.59,0,0
4560,95.28,0.0123,2,0.52,0,0
4561,7.88,0.0123,0,0.57,0,0
4562,41.38,0.0123,2,0.82,1,1
4563,25.01,0.0123,0,0.79,0,0
4564,708.26,0.0123,2,0.31,0,0
4565,44.58,0.0123,0,0.19,1,0
4566,33.92,0.0123,0,0.85,0,0
4567,63.34,0.0123,0,0.74,0,0
4568,16.16,0.0123,0,0.41,0,0
4569,57.03,0.0123,0,0.66,1,0
4570,12.31,0.0123,2,0.84,0,0
4571,12.25,0.0123,2,0.33,0,0
4572,29.27,0.0123,2,0.13,0,0
4573,1111.83,0.0123,2,0.17,0,0
4574,58.41,0.0123,0,0.25,0,0
4575,62.51,0.0123,2,0.72,0,0
4576,33.27,0.0123,2,0.55,0,0
4577,73.35,0.0123,2,0.39,0,0
4578,27.08,0.0123,2,0.87,0,0
4579,38.53,0.0123,2,0.89,0,0
4580,27.2,0.0123,0,0.42,0,0
4581,12.12,4.8088,2,0.72,0,0
4582,72.5,0.0123,2,0.39,0,0
4583,10.88,0.0123,0,0.39,0,0
4584,502.29,0.0123,0,0.38,0,0
4585,14.11,0.0123,0,0.76,0,0
4586,24.5,0.0123,0,0.32,0,0
4587,51.66,0.0123,0,0.34,0,0
4588,578.42,0.0123,2,0.73,1,0
4589,125.41,0.0123,2,0.42,0,0
4590,26.04,0.0123,2,0.59,1,0
4591,7.83,0.0123,2,0.36,0,0
4592,58.89,0.0123,2,0.23,0,0
4593,12.96,0.0123,2,0.9,1,1
4594,60.1,4.8088,0,0.78,0,0
4595,10.25,0.0123,2,0.93,0,0
4596,23.01,0.0123,2,0.46,0,0
4597,33.57,0.0123,1,0.62,0,0
4598,42.23,0.0123,0,0.1,0,0
4599,68.66,0.0123,0,0.1,0,0
4600,27.2,0.0123,2,0.95,0,0
4601,45.21,0.0123,2,0.41,0,0
4602,21.01,0.0123,2,0.81,0,0
4603,19.81,0.0123,2,0.12,1,0
4604,76.4,0.0123,2,0.7,0,0
4605,65.4,0.0123,2,0.8,1,0
4606,51.43,0.0123,1,0.99,0,0
4607,51.02,0.0123,1,0.0,0,0
4608,49.84,0.0123,0,0.78,1,0
4609,43.47,0.0123,2,0.75,0,0
4610,12.43,0.0123,0,0.93,0,0
4611,45.41,0.0123,0,0.35,0,0
4612,12.34,4.8088,2,0.4,0,0
4613,12.74,0.0123,0,0.45,0,0
4614,739.16,0.0123,0,0.06,1,1
4615,29.68,0.0123,2,0.28,0,0
4616,1153.31,0.0123,2,0.41,0,0
4617,11.48,0.0123,0,0.32,1,0
4618,57.64,0.0123,0,0.4,0,0
4619,19.85,0.0123,2,0.68,1,0
4620,7.27,0.0123,0,0.77,0,0
4621,53.3,0.0123,2,0.3,1,0
4622,26.14,0.0123,0,0.0,0,0
4623,15.4,0.0123,0,0.61,1,0
4624,40.12,0.0123,2,0.37,0,0
4625,1667.82,0.0123,0,0.45,0,1
4626,51.81,0.0123,0,0.93,0,0
4627,18.17,0.0123,2,0.36,0,0
4628,22.17,0.0123,0,0.61,0,0
4629,73.76,0.0123,0,0.33,1,0
4630,12.29,0.0123,2,0.42,0,0
4631,21.57,0.0123,0,0.43,1,0
4632,39.27,0.0123,1,0.21,0,0
4633,33.38,0.0123,2,0.16,1,0
4634,21.72,0.0123,2,0.19,0,0
4635,52.7,0.0123,0,0.51,0,0
4636,523.22,0.0123,2,0.64,0,0
4637,40.9,0.0123,0,0.27,0,0
4638,39.34,4.8088,2,0.25,0,0
4639,88.58,0.0123,0,0.09,0,0
4640,157.74,0.0123,0,0.35,0,0
4641,28.5,4.8088,0,0.28,0,0
4642,54.62,0.0123,1,0.48,1,0
4643,4.47,0.0123,0,0.82,0,0
4644,111.48,0.0123,2,0.99,0,0
4645,44.44,0.0123,2,0.41,0,0
4646,35.9,0.0123,2,0.78,1,0
4647,366.82,0.0123,0,0.46,0,0
4648,23.32,0.0123,2,0.54,0,0
4649,30.29,0.0123,0,0.29,0,0
4650,40.34,0.0123,0,0.92,0,0
4651,32.3,0.0123,0,0.16,1,0
4652,388.49,4.8088,1,0.17,0,0
4653,19.47,0.0123,2,0.39,0,0
4654,29.09,0.0123,0,0.57,0,0
4655,78.64,4.8088,0,0.48,1,1
4656,64.87,0.0123,0,0.61,0,0
4657,16.47,0.0123,0,0.88,0,0
4658,37.52,0.0123,0,0.02,0,0
4659,24.59,0.0123,2,0.33,0,0
4660,19.83,0.0123,2,0.2,0,0
4661,42.29,0.0123,2,0.75,0,0
4662,46.46,0.0123,2,0.27,0,0
4663,20.96,0.0123,0,0.03,1,0
4664,3138.24,0.0123,2,0.48,0,1
4665,30.81,0.0123,0,0.9,1,1
4666,46.75,0.0123,2,0.51,0,0
4667,248.54,0.0123,2,0.3,0,0
4668,14.4,0.0123,2,0.36,0,0
4669,25.14,0.0123,2,0.95,0,0
4670,20.22,0.0123,0,0.39,0,0
4671,20.48,4.8088,0,0.71,0,0
4672,32.1,4.8088,0,0.95,0,1
4673,54.08,0.0123,0,0.28,0,0
4674,23.76,0.0123,0,0.86,0,0
4675,1345.48,0.0123,1,0.52,0,1
4676,34.81,0.0123,0,0.78,0,0
4677,40.42,0.0123,0,0.45,0,0
4678,10.26,0.0123,2,0.94,0,0
4679,20.43,0.0123,0,0.45,0,0
4680,29.66,0.0123,2,0.87,1,1
4681,23.06,0.0123,2,0.8,1,1
4682,20.27,0.0123,0,0.68,0,0
4683,40.26,0.0123,0,0.41,0,0
4684,599.73,0.0123,0,0.67,1,0
4685,26.86,0.0123,2,0.56,0,0
4686,42.02,0.0123,0,0.56,0,0
4687,47.87,0.0123,2,0.36,0,0
4688,1239.49,0.0123,0,0.73,0,1
4689,592.04,0.0123,2,0.71,0,0
4690,15.65,0.0123,0,0.73,0,0
4691,10.85,0.0123,0,0.81,1,1
4692,39.46,0.0123,2,0.0,1,0
4693,15.6,0.0123,1,0.51,0,0
4694,58.86,0.0123,0,0.33,1,0
4695,15.2,0.0123,1,0.61,0,0
4696,423.99,0.0123,2,0.11,0,0
4697,60.75,0.0123,0,0.77,0,0
4698,1648.9,0.0123,0,0.76,0,1
4699,89.36,0.0123,0,0.02,0,0
4700,29.75,0.0123,2,0.64,0,0
4701,61.63,0.0123,0,0.88,0,0
4702,846.86,4.8088,2,0.83,0,1
4703,16.43,0.0123,2,0.61,0,0
4704,42.16,0.0123,0,0.39,0,0
4705,37.76,4.8088,0,0.85,1,1
4706,45.51,0.0123,2,0.98,0,0
4707,13.48,0.0123,0,0.75,1,0
4708,22.64,0.0123,2,0.2,0,0
4709,28.0,0.0123,0,0.88,0,0
4710,41.31,0.0123,2,0.15,1,0
4711,16.76,0.0123,0,0.65,0,0
4712,593.93,0.0123,2,0.1,0,0
4713,45.15,0.0123,0,0.71,0,0
4714,249.24,0.0123,0,0.14,1,1
4715,22.24,0.0123,2,0.1,0,0
4716,65.7,0.0123,0,0.85,1,1
4717,75.8,0.0123,1,0.6,0,0
4718,42.65,0.0123,2,0.03,0,0
4719,34.05,0.0123,0,0.51,0,0
4720,33.22,0.0123,0,0.91,0,0
4721,54.52,0.0123,0,0.6,0,0
4722,15.48,0.0123,1,0.54,0,0
4723,616.1,0.0123,0,0.14,0,0
4724,41.8,0.0123,0,0.99,0,0
4725,17.41,0.0123,0,0.45,0,0
4726,26.97,0.0123,0,0.72,0,0
4727,57.62,0.0123,2,0.73,0,0
4728,31.52,0.0123,2,0.57,0,0
4729,27.91,0.0123,0,0.81,0,0
4730,32.9,0.0123,0,0.85,0,0
4731,53.29,4.8088,2,0.88,0,1
4732,18.25,0.0123,2,0.59,0,0
4733,16.62,0.0123,0,0.34,1,0
4734,19.34,4.8088,0,0.4,0,0
4735,90.88,0.0123,2,0.34,0,0
4736,42.19,0.0123,2,0.51,1,0
4737,31.41,0.0123,0,0.15,1,0
4738,52.1,0.0123,2,0.43,0,0
4739,27.54,0.0123,2,0.96,0,0
4740,26.78,0.0123,2,0.81,1,1
4741,23.24,0.0123,0,0.18,1,0
4742,15.87,0.0123,2,0.3,0,0
4743,13.08,0.0123,1,0.49,1,0
4744,416.34,0.0123,0,0.11,0,0
4745,53.8,0.0123,1,0.68,1,0
4746,31.25,0.0123,0,0.65,0,0
4747,34.34,0.0123,0,0.47,0,0
4748,75.61,0.0123,2,0.25,0,0
4749,17.41,0.0123,2,0.94,0,0
4750,27.52,0.0123,0,0.19,1,0
4751,4573.85,0.0123,2,0.21,0,1
4752,21.9,0.0123,2,0.24,0,0
4753,21.12,0.0123,0,0.99,0,0
4754,32.91,0.0123,2,0.2,1,0
4755,6.48,0.0123,0,0.57,0,0
4756,27.38,0.0123,0,0.42,0,0
4757,37.56,0.0123,0,0.07,0,0
4758,29.92,0.0123,1,0.42,1,0
4759,37.11,0.0123,2,0.89,0,0
4760,31.32,0.0123,0,0.17,0,0
4761,17.56,0.0123,1,0.1,0,0
4762,33.58,0.0123,0,0.66,0,0
4763,96.48,0.0123,2,0.83,0,0
4764,1914.11,0.0123,2,0.57,0,1
4765,44.93,0.0123,1,0.25,0,0
4766,25.27,0.0123,2,0.81,0,0
4767,30.81,0.0123,0,0.74,1,0
4768,15.2,0.0123,0,0.34,0,0
4769,8.01,0.0123,2,0.66,0,0
4770,12.75,0.0123,2,0.56,0,0
4771,35.28,0.0123,2,0.04,0,0
4772,554.38,0.0123,2,0.5,0,0
4773,61.04,0.0123,2,0.52,1,0
4774,51.49,0.0123,0,0.19,1,0
4775,57.94,0.0123,0,0.94,0,0
4776,16.65,0.0123,2,0.1,0,0
4777,14.28,0.0123,0,0.22,0,0
4778,16.5,0.0123,1,0.06,0,0
4779,80.2,0.0123,2,0.77,0,0
4780,381.75,0.0123,2,0.15,0,0
4781,36.43,0.0123,2,0.74,0,0
4782,24.3,0.0123,0,0.43,1,0
4783,53.59,0.0123,2,0.4,0,0
4784,22.44,0.0123,2,0.75,0,0
4785,20.23,0.0123,2,0.85,0,0
4786,40.82,0.0123,0,0.56,0,0
4787,60.58,0.0123,0,0.85,0,0
4788,43.22,0.0123,0,0.69,0,0
4789,33.01,0.0123,2,0.24,0,0
4790,53.94,0.0123,2,0.41,0,0
4791,38.28,0.0123,2,0.96,0,0
4792,65.39,0.0123,2,0.48,0,0
4793,384.04,0.0123,0,0.21,1,1
4794,94.28,0.0123,1,0.9,0,0
4795,32.8,0.0123,2,0.51,0,0
4796,50.23,0.0123,2,0.7,1,0
4797,33.34,0.0123,2,0.83,0,0
4798,570.78,0.0123,2,0.5,1,1
4799,45.2,0.0123,0,0.79,0,0
4800,50.33,0.0123,2,0.51,0,0
4801,19.21,4.8088,0,0.15,1,1
4802,41.03,0.0123,0,0.88,1,1
4803,53.93,0.0123,2,0.29,0,0
4804,25.67,4.8088,2,0.66,0,0
4805,20.43,0.0123,0,0.27,1,0
4806,26.48,0.0123,2,0.13,0,0
4807,17.34,0.0123,0,0.77,0,0
4808,29.23,0.0123,2,0.44,1,0
4809,8.95,0.0123,1,0.43,0,0
4810,45.88,0.0123,2,0.3,0,0
4811,127.64,0.0123,1,0.38,0,0
4812,47.91,0.0123,1,0.08,1,0
4813,24.5,0.0123,2,0.39,0,0
4814,3126.23,0.0123,2,0.16,0,1
4815,44.75,0.0123,2,0.62,1,0
4816,8.66,0.0123,0,0.45,0,0
4817,16.94,0.0123,2,0.98,0,0
4818,13.18,0.0123,0,0.05,0,0
4819,25.41,0.0123,0,0.91,0,0
4820,49.67,0.0123,2,0.4,0,0
4821,952.22,0.0123,0,0.99,0,1
4822,16.62,0.0123,0,0.28,0,0
4823,41.26,0.0123,0,0.41,1,0
4824,263.62,0.0123,0,0.97,0,0
4825,13.88,0.0123,0,0.35,0,0
4826,34.66,0.0123,0,0.69,0,0
4827,3930.82,0.0123,2,0.9,0,1
4828,962.9,0.0123,2,0.03,1,1
4829,36.58,4.8088,0,0.58,0,0
4830,25.17,0.0123,0,0.39,0,0
4831,64.53,0.0123,0,0.17,0,0
4832,31.44,0.0123,2,0.49,0,0
4833,2401.84,0.0123,0,0.91,0,1
4834,25.87,0.0123,2,0.77,0,0
4835,29.36,0.0123,2,0.89,1,1
4836,27.12,0.0123,2,0.01,0,0
4837,15.23,0.0123,2,0.52,0,0
4838,2329.51,4.8088,0,0.96,0,1
4839,21.73,0.0123,0,0.46,0,0
4840,21.89,0.0123,0,0.65,0,0
4841,223.7,0.0123,0,0.45,1,0
4842,66.27,0.0123,2,0.61,0,0
4843,6.76,0.0123,0,0.26,0,0
4844,19.39,0.0123,1,0.68,0,0
4845,90.17,0.0123,0,0.22,0,0
4846,20.07,0.0123,2,0.32,0,0
4847,119.7,4.8088,1,0.69,1,1
4848,319.41,0.0123,0,0.63,0,0
4849,48.88,0.0123,1,0.11,0,0
4850,116.4,0.0123,1,0.01,1,0
4851,41.04,0.0123,0,0.75,0,0
4852,119.05,0.0123,2,0.47,0,0
4853,5918.58,0.0123,2,0.76,0,1
4854,55.18,0.0123,2,0.1,1,0
4855,73.35,0.0123,0,0.1,0,0
4856,21.31,0.0123,0,0.97,0,0
4857,460.4,0.0123,0,0.84,0,0
4858,20.13,4.8088,0,0.91,0,1
4859,959.94,0.0123,2,0.71,0,0
4860,27.85,0.0123,0,0.18,0,0
4861,23.34,0.0123,2,0.03,1,0
4862,654.21,0.0123,2,0.25,0,0
4863,19.31,0.0123,2,0.51,1,0
4864,8.69,0.0123,2,0.28,0,0
4865,27.53,0.0123,2,0.3,0,0
4866,53.0,0.0123,1,0.83,0,0
4867,26.48,0.0123,0,0.65,1,0
4868,23.84,0.0123,2,0.09,0,0
4869,229.56,0.0123,0,0.75,1,0
4870,6.67,0.0123,0,0.4,0,0
4871,579.94,0.0123,2,0.98,0,0
4872,22.97,0.0123,0,0.25,0,0
4873,32.28,4.8088,0,0.11,0,0
4874,34.67,0.0123,0,0.84,0,0
4875,40.21,0.0123,2,0.05,0,0
4876,49.64,0.0123,0,0.0,0,0
4877,24.23,0.0123,0,0.5,0,0
4878,21.62,4.8088,2,0.99,0,1
4879,54.69,0.0123,2,0.07,0,0
4880,77.28,0.0123,2,0.06,0,0
4881,61.45,0.0123,0,0.49,0,0
4882,40.16,0.0123,0,0.58,0,0
4883,35.59,0.0123,2,0.27,0,0
4884,25.86,0.0123,0,0.87,0,0
4885,42.18,0.0123,1,0.65,1,0
4886,42.57,0.0123,1,0.69,1,0
4887,37.2,4.8088,2,0.84,0,1
4888,89.13,0.0123,0,0.56,0,0
4889,952.05,0.0123,2,0.57,0,0
4890,19.34,0.0123,2,0.87,1,1
4891,107.88,0.0123,2,0.38,1,0
4892,14.52,0.0123,2,0.38,1,0
4893,4.69,0.0123,2,0.33,0,0
4894,28.93,0.0123,0,0.88,0,0
4895,23.57,0.0123,1,0.68,0,0
4896,74.18,0.0123,0,0.79,0,0
4897,304.42,0.0123,1,0.85,0,0
4898,96.61,0.0123,0,0.02,1,0
4899,54.7,0.0123,2,0.93,0,0
4900,13.97,0.0123,0,0.94,0,0
4901,46.81,0.0123,0,0.88,1,1
4902,80.76,0.0123,0,0.87,0,0
4903,46.75,0.0123,1,0.54,0,0
4904,23.12,0.0123,0,0.61,0,0
4905,2067.52,0.0123,0,0.83,0,1
4906,19.87,0.0123,0,0.73,0,0
4907,1922.34,0.0123,0,0.11,0,1
4908,343.29,0.0123,0,0.9,0,0
4909,68.66,0.0123,2,0.19,0,0
4910,10.67,0.0123,0,0.03,0,0
4911,64.92,0.0123,2,0.05,0,0
4912,75.63,0.0123,2,0.87,0,0
4913,83.23,0.0123,0,0.86,0,0
4914,11.42,0.0123,2,0.96,0,0
4915,87.27,0.0123,1,0.01,0,0
4916,19.57,4.8088,2,0.82,1,1
4917,38.44,0.0123,2,0.19,0,0
4918,37.76,0.0123,2,0.35,0,0
4919,41.68,0.0123,2,0.9,1,1
4920,52.7,0.0123,2,0.39,1,0
4921,57.89,0.0123,1,0.84,0,0
4922,40.77,0.0123,2,0.6,0,0
4923,81.13,0.0123,0,0.49,0,0
4924,61.95,0.0123,0,0.69,0,0
4925,8.56,0.0123,2,0.38,0,0
4926,81.86,0.0123,2,0.33,0,0
4927,58.98,0.0123,2,0.47,0,0
4928,322.33,0.0123,0,0.26,0,0
4929,16.12,0.0123,1,0.78,0,0
4930,57.53,0.0123,0,0.96,1,1
4931,38.24,0.0123,2,0.73,0,0
4932,20.35,0.0123,2,0.24,1,0
4933,25.71,0.0123,2,0.91,0,0
4934,30.98,0.0123,2,0.56,0,0
4935,37.29,0.0123,2,0.85,0,0
4936,50.31,0.0123,2,0.08,1,0
4937,31.03,0.0123,2,0.66,1,0
4938,50.05,0.0123,2,0.36,0,0
4939,24.93,0.0123,2,0.94,0,0
4940,32.31,0.0123,1,0.31,0,0
4941,14.15,0.0123,1,0.97,0,0
4942,32.72,0.0123,2,0.6,0,0
4943,56.94,0.0123,2,0.04,1,0
4944,43.66,0.0123,2,0.52,0,0
4945,18.24,0.0123,2,0.01,0,0
4946,19.43,0.0123,2,0.92,0,0
4947,52.03,0.0123,1,0.09,1,0
4948,39.08,0.0123,2,0.87,0,0
4949,45.18,0.0123,0,0.8,0,0
4950,165.86,0.0123,2,0.01,0,0
4951,40.38,0.0123,0,0.39,0,0
4952,27.55,0.0123,0,0.4,0,0
4953,26.66,4.8088,2,0.1,0,0
4954,451.11,0.0123,1,0.16,0,0
4955,35.86,0.0123,1,0.76,1,0
4956,40.73,0.0123,2,0.73,0,0
4957,7.21,0.0123,2,0.63,0,0
4958,833.49,0.0123,1,0.97,0,1
4959,38.11,0.0123,2,0.02,0,0
4960,20.96,0.0123,2,0.24,1,0
4961,90.86,0.0123,2,0.99,0,0
4962,10.06,0.0123,0,0.39,0,0
4963,1429.43,0.0123,0,0.45,0,0
4964,34.51,0.0123,0,0.55,0,0
4965,20.61,0.0123,2,0.44,0,0
4966,14.71,0.0123,0,0.49,0,0
4967,25.71,0.0123,0,0.54,1,0
4968,8.16,0.0123,2,0.76,1,0
4969,78.03,0.0123,0,0.42,0,0
4970,474.72,0.0123,2,0.65,0,0
4971,66.27,0.0123,2,0.57,0,0
4972,9.93,0.0123,0,0.1,0,0
4973,325.74,0.0123,1,0.51,0,0
4974,48.81,0.0123,2,0.71,0,0
4975,36.46,0.0123,2,0.65,0,0
4976,185.43,0.0123,2,0.35,0,0
4977,13.46,0.0123,2,0.57,0,0
4978,94.72,4.8088,0,0.58,0,0
4979,72.73,0.0123,2,0.33,1,0
4980,89.07,0.0123,0,0.72,1,0
4981,2212.91,0.0123,2,0.84,0,1
4982,42.4,0.0123,0,0.65,0,0
4983,28.29,0.0123,2,0.42,0,0
4984,54.54,0.0123,2,0.58,0,0
4985,570.45,0.0123,0,0.74,0,0
4986,64.04,0.0123,0,0.49,1,0
4987,33.85,0.0123,2,0.14,0,0
4988,955.39,0.0123,2,0.18,1,1
4989,39.35,0.0123,2,0.45,1,0
4990,57.09,0.0123,1,0.56,0,0
4991,108.63,0.0123,0,0.52,0,0
4992,53.66,0.0123,0,0.53,0,0
4993,59.74,0.0123,0,0.27,0,0
4994,43.29,0.0123,2,0.54,0,0
4995,23.88,0.0123,1,0.74,1,0
4996,22.07,0.0123,0,0.7,0,0
4997,79.62,0.0123,2,0.95,0,0
4998,23.43,0.0123,0,0.65,0,0
4999,55.86,0.0123,2,0.7,1,0
5000,57.13,0.0123,0,0.28,0,0
5001,9.42,0.0123,0,0.27,0,0
5002,417.37,0.0123,0,0.32,0,0
5003,43.56,0.0123,2,0.39,0,0
5004,26.87,0.0123,2,0.68,0,0
5005,41.87,0.0123,0,0.77,0,0
5006,15.67,0.0123,2,0.61,0,0
5007,16.96,0.0123,0,0.07,0,0
5008,9.39,0.0123,2,0.03,0,0
5009,19.1,0.0123,1,0.83,0,0
5010,23.31,0.0123,2,0.16,0,0
5011,17.32,0.0123,1,0.84,0,0
5012,63.22,0.0123,0,0.23,0,0
5013,8.64,0.0123,2,0.04,0,0
5014,26.95,0.0123,1,0.6,1,0
5015,39.1,0.0123,0,0.6,0,0
5016,46.3,0.0123,0,0.36,1,0
5017,24.37,0.0123,1,0.04,1,0
5018,17.49,0.0123,2,0.09,0,0
5019,13.86,0.0123,1,0.68,0,0
5020,52.17,0.0123,2,0.75,0,0
5021,15.38,0.0123,2,0.16,0,0
5022,16.58,0.0123,2,0.46,1,0
5023,23.48,0.0123,0,0.43,1,0
5024,12.46,0.0123,0,0.82,1,1
5025,50.16,0.0123,2,0.12,0,0
5026,38.94,0.0123,0,0.6,1,0
5027,26.93,0.0123,2,0.48,0,0
5028,27.25,0.0123,2,0.04,1,0
5029,16.86,0.0123,2,0.29,0,0
5030,78.02,0.0123,0,0.24,1,0
5031,55.46,0.0123,2,0.18,0,0
5032,24.85,0.0123,2,0.78,1,0
5033,35.2,0.0123,0,0.68,1,0
5034,69.05,0.0123,2,0.7,0,0
5035,36.33,0.0123,0,0.81,0,0
5036,21.78,0.0123,0,0.16,0,0
5037,708.06,0.0123,2,0.69,0,0
5038,10.06,0.0123,0,0.01,0,0
5039,50.02,0.0123,0,0.76,1,0
5040,43.81,0.0123,2,0.07,0,0
5041,398.01,0.0123,2,0.89,0,0
5042,191.25,0.0123,0,0.36,0,0
5043,7.84,0.0123,2,0.26,0,0
5044,44.74,0.0123,2,0.32,0,0
5045,1076.74,0.0123,0,0.04,0,0
5046,28.56,0.0123,0,0.85,0,0
5047,4489.97,0.0123,0,0.11,0,1
5048,22.81,0.0123,0,0.87,0,0
5049,24.65,0.0123,2,0.06,0,0
5050,24.05,0.0123,2,0.92,0,0
5051,61.45,0.0123,0,0.06,0,0
5052,105.42,0.0123,2,0.69,0,0
5053,14.55,0.0123,2,0.94,0,0
5054,77.37,0.0123,0,0.15,0,0
5055,38.08,0.0123,2,0.74,0,0
5056,40.2,0.0123,2,0.73,0,0
5057,51.09,0.0123,2,0.22,1,0
5058,22.25,0.0123,0,0.54,0,0
5059,345.8,0.0123,2,0.89,0,0
5060,2859.65,0.0123,0,0.64,0,1
5061,15.9,0.0123,1,0.64,0,0
5062,9.55,0.0123,0,0.28,0,0
5063,38.36,0.0123,0,0.24,0,0
5064,30.81,0.0123,2,0.29,0,0
5065,34.29,0.0123,0,0.57,0,0
5066,74.8,4.8088,0,0.7,0,0
5067,16.87,0.0123,2,0.66,0,0
5068,34.09,0.0123,2,0.32,0,0
5069,28.99,0.0123,0,0.98,0,0
5070,6.49,0.0123,0,0.92,0,0
5071,33.71,0.0123,0,0.66,0,0
5072,24.75,0.0123,1,0.52,0,0
5073,35.97,0.0123,0,0.13,0,0
5074,44.69,0.0123,1,0.25,0,0
5075,61.11,0.0123,0,0.62,0,0
5076,387.8,0.0123,2,0.9,1,1
5077,7.17,0.0123,0,0.13,0,0
5078,6.26,0.0123,1,0.38,0,0
5079,39.26,4.8088,2,0.54,0,0
5080,26.9,0.0123,0,0.33,0,0
5081,2770.72,0.0123,2,0.15,0,1
5082,16.7,0.0123,2,0.05,0,0
5083,43.75,0.0123,2,0.8,0,0
5084,30.11,0.0123,2,0.7,1,0
5085,22.55,0.0123,2,0.32,0,0
5086,45.78,0.0123,2,0.06,0,0
5087,49.19,0.0123,0,0.54,1,0
5088,21.19,0.0123,2,0.95,0,0
5089,19.12,0.0123,0,0.51,0,0
5090,39.07,0.0123,0,0.83,0,0
5091,57.65,0.0123,0,0.47,0,0
5092,59.92,0.0123,0,0.52,0,0
5093,19.89,0.0123,2,0.67,0,0
5094,16.96,0.0123,0,0.36,0,0
5095,29.39,0.0123,2,0.8,0,0
5096,50.24,0.0123,2,0.78,1,0
5097,94.98,0.0123,0,0.36,1,0
5098,1197.89,0.0123,0,0.92,0,1
5099,13.34,0.0123,0,0.33,0,0
5100,39.68,0.0123,0,0.75,0,0
5101,59.84,0.0123,2,0.77,0,0
5102,17.22,0.0123,2,0.33,0,0
5103,28.71,0.0123,0,0.59,0,0
5104,22.35,0.0123,0,0.09,0,0
5105,31.52,0.0123,2,0.76,0,0
5106,39.7,0.0123,0,0.63,0,0
5107,56.03,4.8088,1,0.27,1,1
5108,1863.77,0.0123,0,0.61,0,1
5109,371.82,0.0123,0,0.53,1,0
5110,8.29,0.0123,0,0.22,0,0
5111,55.23,0.0123,0,0.55,0,0
5112,17.42,0.0123,2,0.07,0,0
5113,46.43,0.0123,0,0.6,0,0
5114,21.7,0.0123,2,0.48,1,0
5115,16.38,0.0123,0,0.4,1,0
5116,11.39,0.0123,0,0.51,0,0
5117,30.1,0.0123,1,0.86,0,0
5118,45.36,0.0123,0,0.46,1,0
5119,5.75,4.8088,2,0.52,0,0
5120,19.77,0.0123,2,0.51,0,0
5121,116.46,0.0123,0,0.49,1,0
5122,21.48,4.8088,0,0.69,0,0
5123,8.88,0.0123,2,0.69,0,0
5124,78.38,0.0123,0,0.65,1,0
5125,11.47,0.0123,2,0.19,0,0
5126,37.39,0.0123,2,0.87,0,0
5127,19.96,0.0123,0,0.87,0,0
5128,29.21,4.8088,1,0.17,0,0
5129,18.24,0.0123,1,0.24,0,0
5130,14.64,0.0123,2,0.02,1,0
5131,16.28,0.0123,0,0.06,0,0
5132,2293.56,0.0123,0,0.83,0,1
5133,18.93,0.0123,2,0.69,0,0
5134,45.39,0.0123,0,0.33,0,0
5135,51.17,0.0123,2,0.82,0,0
5136,38.33,0.0123,2,0.31,1,0
5137,11.8,0.0123,0,0.14,1,0
5138,36.25,0.0123,2,0.35,1,0
5139,41.44,0.0123,2,0.58,0,0
5140,23.93,0.0123,0,0.16,0,0
5141,17.32,0.0123,0,0.79,0,0
5142,296.47,0.0123,2,0.05,0,0
5143,7.37,0.0123,2,0.42,0,0
5144,35.71,0.0123,1,0.59,0,0
5145,48.18,0.0123,0,0.34,1,0
5146,433.59,0.0123,2,0.37,1,0
5147,22.93,0.0123,0,0.15,0,0
5148,56.88,0.0123,0,0.73,1,0
5149,30.28,0.0123,2,0.71,0,0
5150,30.02,0.0123,0,0.13,0,0
5151,51.78,0.0123,0,0.33,0,0
5152,9.17,0.0123,1,0.61,0,0
5153,35.55,0.0123,2,0.5,0,0
5154,14.2,0.0123,0,0.89,0,0
5155,57.51,0.0123,0,0.72,0,0
5156,17.25,0.0123,0,0.42,0,0
5157,17.25,0.0123,0,0.31,0,0
5158,854.17,0.0123,2,0.16,0,0
5159,54.33,0.0123,2,0.48,0,0
5160,54.2,0.0123,2,0.33,0,0
5161,21.14,0.0123,2,0.36,0,0
5162,46.53,0.0123,2,0.13,1,0
5163,33.17,0.0123,0,0.63,0,0
5164,50.06,0.0123,0,0.42,0,0
5165,31.02,0.0123,0,0.67,0,0
5166,59.36,0.0123,2,0.16,0,0
5167,14.2,0.0123,0,0.16,0,0
5168,37.38,4.8088,2,0.76,1,1
5169,42.15,0.0123,2,0.33,1,1
5170,15.28,0.0123,0,0.53,0,0
5171,62.57,0.0123,0,0.54,0,0
5172,89.25,0.0123,2,0.67,0,0
5173,21.83,0.0123,2,0.06,1,0
5174,2366.11,0.0123,0,0.93,0,1
5175,77.23,4.8088,2,0.26,0,0
5176,13.25,0.0123,0,0.06,0,0
5177,21.91,0.0123,2,0.23,0,0
5178,40.46,0.0123,0,0.41,0,0
5179,41.91,0.0123,0,0.93,1,1
5180,77.16,0.0123,0,0.92,0,0
5181,63.21,0.0123,2,0.34,0,0
5182,18.38,0.0123,0,0.54,0,0
5183,68.37,0.0123,2,0.08,0,0
5184,3396.03,0.0123,0,0.49,0,1
5185,18.49,0.0123,2,0.53,0,0
5186,74.39,0.0123,2,0.93,0,0
5187,50.67,0.0123,1,0.74,0,0
5188,13.92,0.0123,0,0.59,0,0
5189,22.94,0.0123,1,0.36,0,0
5190,506.77,0.0123,0,0.28,0,0
5191,21.85,0.0123,2,0.2,0,0
5192,16.92,0.0123,0,0.72,1,0
5193,27.18,0.0123,2,0.2,0,0
5194,86.1,0.0123,0,0.85,0,0
5195,16.76,0.0123,0,0.79,1,0
5196,12.29,0.0123,0,0.93,0,0
5197,28.96,0.0123,1,0.87,0,0
5198,44.97,0.0123,2,0.73,0,0
5199,458.12,0.0123,0,0.85,1,1
5200,1215.03,0.0123,0,0.97,0,1
5201,3041.32,0.0123,1,0.01,0,1
5202,18.5,0.0123,2,0.93,1,1
5203,51.02,0.0123,2,0.91,0,0
5204,13.97,0.0123,1,0.95,0,0
5205,18.67,0.0123,2,0.01,0,0
5206,39.35,0.0123,0,0.17,1,0
5207,43.83,0.0123,2,0.87,0,0
5208,34.45,0.0123,2,0.36,0,0
5209,25.29,0.0123,2,0.85,0,0
5210,27.72,0.0123,2,0.65,1,0
5211,78.26,0.0123,1,0.7,0,0
5212,67.91,0.0123,0,1.0,0,0
5213,36.04,0.0123,2,0.54,0,0
5214,48.64,0.0123,2,0.09,0,0
5215,1336.06,0.0123,1,0.86,0,1
5216,35.83,0.0123,0,0.6,0,0
5217,29.81,0.0123,0,0.36,0,0
5218,12.06,0.0123,2,0.83,0,0
5219,355.73,0.0123,0,0.4,0,0
5220,577.03,0.0123,0,0.49,1,1
5221,26.91,0.0123,2,0.97,0,0
5222,31.46,0.0123,0,0.04,0,0
5223,418.62,0.0123,2,0.61,0,0
5224,63.01,0.0123,1,0.62,0,0
5225,9.99,0.0123,2,0.84,0,0
5226,37.65,0.0123,0,0.49,0,0
5227,36.38,0.0123,0,0.78,0,0
5228,42.81,0.0123,0,0.57,0,0
5229,2536.84,0.0123,2,0.29,0,1
5230,36.81,0.0123,2,0.27,0,0
5231,37.76,4.8088,2,0.6,1,1
5232,24.26,0.0123,2,0.05,1,0
5233,24.25,0.0123,1,0.94,1,1
5234,16.52,0.0123,0,0.75,0,0
5235,27.44,0.0123,2,0.91,0,0
5236,41.05,0.0123,0,0.87,0,0
5237,47.29,0.0123,0,0.84,1,1
5238,156.02,0.0123,2,0.45,0,0
5239,36.27,0.0123,2,0.39,0,0
5240,16.0,0.0123,2,0.56,0,0
5241,26.06,0.0123,0,0.89,0,0
5242,951.24,0.0123,2,0.13,0,0
5243,15.43,4.8088,1,0.08,0,0
5244,32.81,0.0123,2,0.92,0,0
5245,14.57,0.0123,0,0.93,1,1
5246,129.84,0.0123,2,0.74,0,0
5247,57.13,0.0123,0,0.94,0,0
5248,72.89,0.0123,0,0.56,0,0
5249,14.2,0.0123,0,0.44,0,0
5250,103.42,0.0123,2,0.63,0,0
5251,1722.52,0.0123,0,0.62,0,0
5252,36.44,0.0123,0,0.84,0,0
5253,532.41,0.0123,0,0.08,0,0
5254,8.24,0.0123,2,0.82,1,1
5255,47.11,0.0123,0,0.52,0,0
5256,49.26,0.0123,2,0.42,0,0
5257,27.77,0.0123,0,0.52,0,0
5258,171.35,0.0123,0,0.29,0,0
5259,16.87,0.0123,0,0.3,0,0
5260,16.5,0.0123,2,0.23,1,0
5261,413.35,0.0123,0,0.35,0,0
5262,9.2,0.0123,2,0.61,1,0
5263,9.17,0.0123,2,0.62,0,0
5264,39.37,0.0123,0,0.36,0,0
5265,4632.26,4.8088,0,0.91,1,1
5266,73.57,0.0123,0,0.93,0,0
5267,2734.6,0.0123,0,0.34,0,1
5268,424.11,0.0123,0,0.02,0,0
5269,33.58,0.0123,2,0.76,0,0
5270,172.2,0.0123,0,0.83,0,0
5271,19.07,0.0123,2,0.4,0,0
5272,15.14,0.0123,1,0.03,1,0
5273,380.85,0.0123,2,0.06,0,0
5274,78.26,0.0123,2,0.49,0,0
5275,61.5,0.0123,2,0.17,0,0
5276,12.21,0.0123,0,0.87,0,0
5277,58.34,0.0123,0,0.82,0,0
5278,16.22,0.0123,0,0.63,0,0
5279,38.72,0.0123,0,0.36,0,0
5280,58.36,0.0123,2,0.23,1,0
5281,39.94,0.0123,0,0.48,1,0
5282,27.21,0.0123,0,0.77,1,0
5283,44.07,0.0123,0,0.09,1,0
5284,58.9,0.0123,0,0.65,0,0
5285,22.91,0.0123,0,0.49,1,0
5286,88.65,4.8088,0,0.98,0,1
5287,49.76,0.0123,0,0.81,0,0
5288,54.93,0.0123,0,0.39,0,0
5289,440.39,0.0123,0,0.8,0,0
5290,12.16,0.0123,2,0.07,0,0
5291,3748.76,0.0123,2,0.3,0,1
5292,37.57,0.0123,2,0.63,0,0
5293,726.09,0.0123,0,0.05,0,0
5294,25.75,4.8088,2,0.31,0,0
5295,44.26,0.0123,2,0.13,0,0
5296,38.51,0.0123,2,0.59,0,0
5297,291.34,0.0123,0,0.77,0,0
5298,36.2,0.0123,0,0.16,1,0
5299,49.75,4.8088,2,0.2,0,0
5300,8.5,0.0123,2,0.04,0,0
5301,71.33,0.0123,0,0.44,0,0
5302,17.94,0.0123,2,0.44,0,0
5303,12.8,0.0123,2,0.97,0,0
5304,26.08,0.0123,2,0.2,1,0
5305,14.53,0.0123,2,0.74,1,0
5306,10.96,0.0123,2,0.67,0,0
5307,17.04,0.0123,2,0.63,1,0
5308,41.98,0.0123,0,0.38,0,0
5309,65.57,0.0123,1,0.37,0,0
5310,15.17,0.0123,2,0.96,1,1
5311,35.72,0.0123,0,0.23,0,0
5312,48.29,0.0123,2,0.89,0,0
5313,28.29,0.0123,2,0.35,1,0
5314,466.1,4.8088,2,0.97,0,1
5315,52.81,0.0123,1,0.83,0,0
5316,27.93,0.0123,2,0.5,0,0
5317,486.91,0.0123,2,0.98,0,0
5318,7.41,0.0123,0,0.03,0,0
5319,36.59,0.0123,2,0.97,0,0
5320,71.34,0.0123,2,0.22,0,0
5321,25.37,0.0123,2,0.82,0,0
5322,20.71,0.0123,0,0.94,0,0
5323,884.92,0.0123,0,0.52,0,1
5324,20.63,0.0123,1,0.35,1,0
5325,60.85,4.8088,2,0.48,0,0
5326,24.42,0.0123,2,0.25,0,0
5327,22.65,0.0123,2,0.64,0,0
5328,376.62,0.0123,2,0.27,1,0
5329,43.0,0.0123,0,0.43,0,0
5330,49.39,0.0123,2,0.58,0,0
5331,2148.19,0.0123,0,0.06,1,1
5332,41.15,0.0123,0,0.49,0,0
5333,17.55,0.0123,0,0.33,0,0
5334,156.11,0.0123,1,0.96,0,0
5335,68.04,0.0123,2,0.87,0,0
5336,34.74,0.0123,1,0.68,0,0
5337,5.82,0.0123,2,0.22,0,0
5338,89.54,0.0123,0,0.74,1,0
5339,29.15,0.0123,2,0.06,0,0
5340,50.47,0.0123,0,0.48,0,0
5341,13.08,0.0123,2,0.12,0,0
5342,75.66,0.0123,0,0.41,0,0
5343,2635.19,0.0123,0,0.81,0,1
5344,27.37,0.0123,2,0.63,1,0
5345,75.15,0.0123,2,0.37,0,0
5346,13.79,4.8088,0,0.72,0,0
5347,34.93,0.0123,2,0.87,0,0
5348,37.13,0.0123,1,0.52,0,0
5349,45.78,0.0123,0,0.48,0,0
5350,38.3,0.0123,0,0.92,0,0
5351,56.7,0.0123,0,0.27,0,0
5352,23.83,0.0123,0,0.51,0,0
5353,23.52,0.0123,2,0.1,1,0
5354,64.66,0.0123,0,0.52,0,0
5355,18.13,0.0123,0,0.78,1,0
5356,70.84,0.0123,0,0.92,0,0
5357,398.06,0.0123,2,0.59,0,0
5358,11.03,0.0123,2,0.48,0,0
5359,849.41,0.0123,1,0.72,1,1
5360,31.39,0.0123,1,0.3,0,0
5361,322.29,0.0123,2,0.87,0,0
5362,51.84,0.0123,0,0.4,0,0
5363,942.37,0.0123,2,0.83,0,1
5364,59.49,0.0123,2,0.5,0,0
5365,37.12,0.0123,0,0.15,1,0
5366,61.67,0.0123,2,0.3,0,0
5367,646.45,0.0123,0,0.03,0,0
5368,16.99,0.0123,2,0.1,0,0
5369,19.71,0.0123,2,0.66,0,0
5370,26.89,0.0123,2,0.39,1,0
5371,44.04,0.0123,0,0.52,1,0
5372,83.52,0.0123,0,0.05,0,0
5373,37.43,0.0123,0,0.94,0,0
5374,92.39,4.8088,2,0.34,0,0
5375,28.47,0.0123,2,0.77,1,0
5376,42.91,0.0123,0,0.86,1,1
5377,99.72,0.0123,0,0.63,1,0
5378,46.14,0.0123,0,0.15,0,0
5379,39.83,0.0123,2,0.59,0,0
5380,10.95,0.0123,1,0.88,0,0
5381,52.06,0.0123,2,0.6,1,0
5382,50.98,0.0123,0,0.24,1,0
5383,39.88,0.0123,2,0.2,0,0
5384,84.78,0.0123,1,0.71,0,0
5385,1092.36,0.0123,2,0.96,0,1
5386,56.43,0.0123,1,0.01,0,0
5387,6.95,0.0123,0,0.42,0,0
5388,28.1,0.0123,2,0.68,1,0
5389,15.2,0.0123,2,0.51,1,0
5390,856.92,0.0123,0,0.2,0,1
5391,17.51,0.0123,0,0.53,1,0
5392,49.76,0.0123,0,0.55,0,0
5393,11.01,0.0123,0,0.01,0,0
5394,35.53,0.0123,2,0.02,0,0
5395,62.56,0.0123,2,0.12,0,0
5396,49.91,0.0123,1,0.39,1,0
5397,26.72,4.8088,2,0.56,1,1
5398,1694.78,0.0123,2,0.34,0,1
5399,11.83,0.0123,2,0.52,0,0
5400,107.01,0.0123,2,0.5,0,0
5401,69.6,0.0123,0,0.01,1,0
5402,29.73,0.0123,2,0.28,0,0
5403,17.48,0.0123,0,0.36,0,0
5404,766.04,0.0123,2,0.42,0,0
5405,27.32,0.0123,2,0.73,0,0
5406,67.18,0.0123,0,0.91,0,0
5407,56.13,0.0123,0,0.54,0,0
5408,39.29,0.0123,2,0.28,0,0
5409,43.53,0.0123,0,0.4,0,0
5410,40.64,4.8088,2,0.48,0,0
5411,1757.42,0.0123,2,0.33,0,1
5412,21.92,0.0123,2,0.49,0,0
5413,10.34,0.0123,2,0.87,0,0
5414,2525.32,0.0123,0,0.81,1,1
5415,17.08,0.0123,1,0.72,0,0
5416,16.94,0.0123,0,0.3,0,0
5417,20.45,0.0123,0,0.7,0,0
5418,14.79,0.0123,0,0.53,1,0
5419,41.59,0.0123,0,0.11,0,0
5420,15.06,0.0123,0,0.05,1,0
5421,628.04,0.0123,2,0.28,1,0
5422,65.95,0.0123,2,0.8,0,0
5423,18.76,0.0123,2,0.69,0,0
5424,20.18,0.0123,0,0.84,0,0
5425,44.81,0.0123,0,0.25,0,0
5426,11.23,0.0123,2,0.81,0,0
5427,5.67,0.0123,2,0.08,1,0
5428,585.96,0.0123,1,0.19,0,0
5429,189.6,0.0123,0,0.12,0,0
5430,42.0,0.0123,0,0.87,0,0
5431,40.7,0.0123,0,0.93,0,0
5432,586.09,0.0123,0,0.7,1,1
5433,70.56,0.0123,2,0.61,1,0
5434,762.35,0.0123,0,0.97,0,1
5435,32.18,0.0123,0,0.4,0,0
5436,33.65,0.0123,2,0.38,0,0
5437,43.19,0.0123,2,0.99,0,0
5438,37.81,0.0123,0,0.63,0,0
5439,100.07,0.0123,2,0.64,1,0
5440,29.51,0.0123,0,0.3,1,0
5441,21.19,0.0123,0,0.57,0,0
5442,66.14,0.0123,2,0.47,0,0
5443,28.38,0.0123,2,0.86,0,0
5444,52.31,0.0123,0,0.96,0,0
5445,136.28,0.0123,0,0.53,0,0
5446,2007.56,0.0123,0,0.56,1,1
5447,794.04,0.0123,2,0.92,0,1
5448,16.37,0.0123,0,0.8,0,0
5449,52.15,0.0123,0,0.45,0,0
5450,43.03,4.8088,2,0.27,1,1
5451,9.92,0.0123,0,0.35,0,0
5452,66.17,0.0123,2,0.13,0,0
5453,12.72,0.0123,2,0.79,0,0
5454,13.62,0.0123,2,0.03,0,0
5455,31.86,0.0123,2,0.08,0,0
5456,832.61,0.0123,2,0.15,0,1
5457,34.58,0.0123,2,0.74,0,0
5458,28.44,0.0123,0,0.04,0,0
5459,2119.9,0.0123,0,0.97,0,1
5460,9.04,0.0123,1,0.71,0,0
5461,38.65,0.0123,2,0.58,0,0
5462,115.13,0.0123,0,0.78,0,0
5463,1000.01,0.0123,0,0.49,0,1
5464,11.88,0.0123,2,0.36,1,0
5465,33.2,0.0123,2,0.45,0,0
5466,739.79,0.0123,0,0.81,0,0
5467,42.22,0.0123,0,0.58,0,0
5468,28.35,0.0123,2,0.34,0,0
5469,43.58,0.0123,2,0.53,0,0
5470,41.81,0.0123,2,0.74,0,0
5471,8.21,0.0123,0,0.7,0,0
5472,28.89,0.0123,2,0.8,0,0
5473,29.96,0.0123,0,0.54,0,0
5474,9.81,0.0123,0,0.13,0,0
5475,52.71,0.0123,0,0.18,0,0
5476,21.28,0.0123,2,0.65,1,0
5477,25.12,0.0123,0,0.92,1,1
5478,10.36,4.8088,2,0.66,1,1
5479,49.48,0.0123,0,0.71,1,0
5480,59.48,0.0123,2,0.01,0,0
5481,33.77,0.0123,2,0.97,0,0
5482,29.9,0.0123,0,0.66,1,0
5483,30.99,0.0123,2,0.1,0,0
5484,15.25,0.0123,0,0.59,0,0
5485,24.01,0.0123,0,0.53,0,0
5486,10.86,4.8088,0,0.0,0,0
5487,45.34,0.0123,2,0.61,1,0
5488,39.74,4.8088,2,0.24,0,0
5489,31.04,0.0123,0,0.05,1,0
5490,19.35,0.0123,0,0.78,1,0
5491,9.24,0.0123,2,0.62,1,0
5492,3949.95,0.0123,2,0.87,1,1
5493,51.03,0.0123,0,0.08,0,0
5494,307.02,0.0123,0,0.79,0,0
5495,67.46,0.0123,0,0.17,0,0
5496,2752.85,0.0123,0,0.93,1,1
5497,26.82,0.0123,0,0.16,0,0
5498,369.08,0.0123,2,0.48,1,1
5499,44.92,0.0123,2,0.75,1,0
5500,51.8,0.0123,2,0.58,0,0
5501,30.06,0.0123,0,0.82,1,1
5502,24.55,4.8088,1,0.55,0,0
5503,23.83,0.0123,2,0.84,0,0
5504,32.68,0.0123,0,0.21,0,0
5505,150.7,0.0123,2,0.58,0,0
5506,39.91,0.0123,0,0.82,0,0
5507,40.15,0.0123,0,0.45,0,0
5508,21.63,0.0123,0,0.62,0,0
5509,79.02,0.0123,0,0.63,0,0
5510,92.06,0.0123,0,0.8,0,0
5511,26.03,0.0123,0,0.35,0,0
5512,28.13,0.0123,2,0.07,0,0
5513,22.09,0.0123,2,0.65,0,0
5514,15.85,0.0123,2,0.79,0,0
5515,27.02,0.0123,2,0.39,0,0
5516,41.86,0.0123,2,0.82,1,1
5517,290.74,0.0123,2,0.85,0,0
5518,31.76,0.0123,2,0.91,0,0
5519,131.92,0.0123,2,0.17,0,0
5520,24.47,0.0123,0,0.38,0,0
5521,73.27,0.0123,2,0.97,1,1
5522,20.17,0.0123,2,0.43,1,0
5523,17.62,0.0123,2,0.86,0,0
5524,43.54,0.0123,2,0.05,0,0
5525,27.86,4.8088,0,0.49,0,0
5526,23.87,0.0123,2,0.39,0,0
5527,612.6,4.8088,0,0.91,0,1
5528,70.19,0.0123,1,0.29,0,0
5529,36.49,0.0123,1,0.28,0,0
5530,54.23,0.0123,2,0.96,1,1
5531,14.2,0.0123,2,0.66,1,0
5532,79.34,0.0123,2,0.34,1,0
5533,24.99,0.0123,2,0.04,0,0
5534,61.54,0.0123,0,0.15,0,0
5535,3677.0,0.0123,0,0.67,1,1
5536,42.07,0.0123,2,0.36,0,0
5537,90.93,0.0123,2,0.8,0,0
5538,1015.2,0.0123,0,0.73,1,1
5539,61.61,0.0123,2,0.63,1,0
5540,56.57,0.0123,2,0.98,0,0
5541,4373.07,0.0123,0,0.15,0,1
5542,24.71,0.0123,2,0.33,1,0
5543,8.89,0.0123,2,0.55,1,0
5544,30.01,0.0123,2,0.42,0,0
5545,43.31,0.0123,0,0.46,1,0
5546,34.74,0.0123,0,0.5,0,0
5547,31.29,0.0123,2,0.6,0,0
5548,32.11,0.0123,2,0.89,1,1
5549,165.62,0.0123,0,0.17,0,0
5550,18.95,0.0123,0,0.19,0,0
5551,402.97,0.0123,0,0.23,0,0
5552,21.12,0.0123,0,0.88,0,0
5553,566.6,0.0123,0,0.62,1,1
5554,25.23,0.0123,0,0.8,1,1
5555,36.8,0.0123,0,0.36,0,0
5556,77.52,0.0123,2,0.28,0,0
5557,75.94,0.0123,2,0.76,0,0
5558,28.7,0.0123,0,0.74,0,0
5559,326.83,4.8088,0,0.02,0,0
5560,54.69,0.0123,2,0.32,1,0
5561,21.54,0.0123,2,0.97,1,1
5562,20.34,0.0123,0,0.65,0,0
5563,34.19,0.0123,2,0.4,1,0
5564,145.34,0.0123,2,0.16,1,0
5565,1941.59,0.0123,2,0.12,0,1
5566,64.0,0.0123,2,0.32,0,0
5567,32.79,0.0123,2,0.45,0,0
5568,16.49,0.0123,1,0.34,0,0
5569,27.91,0.0123,2,0.92,0,0
5570,31.24,0.0123,0,0.93,0,0
5571,87.38,0.0123,2,0.92,1,1
5572,246.88,0.0123,0,0.91,0,0
5573,326.04,0.0123,2,0.21,0,0
5574,75.25,0.0123,2,0.84,0,0
5575,24.09,0.0123,0,0.01,0,0
5576,20.53,0.0123,2,0.69,0,0
5577,70.0,0.0123,2,0.37,0,0
5578,9.4,0.0123,2,0.95,0,0
5579,7.7,0.0123,0,0.19,0,0
5580,35.56,0.0123,0,0.22,0,0
5581,53.26,0.0123,0,0.96,0,0
5582,17.65,0.0123,2,0.97,1,1
5583,276.7,0.0123,2,0.27,0,0
5584,146.84,0.0123,0,0.27,1,0
5585,18.19,0.0123,0,0.82,0,0
5586,19.74,0.0123,2,1.0,1,1
5587,30.42,0.0123,2,0.18,0,0
5588,23.59,0.0123,0,0.36,0,0
5589,42.98,0.0123,1,0.93,1,1
5590,617.92,0.0123,0,0.42,0,0
5591,368.53,0.0123,0,0.8,1,0
5592,53.87,4.8088,2,0.71,0,0
5593,35.72,0.0123,0,0.14,0,0
5594,35.62,0.0123,0,0.8,0,0
5595,644.09,0.0123,2,0.44,0,0
5596,9.88,0.0123,0,0.59,1,0
5597,124.6,0.0123,0,0.52,0,0
5598,1715.72,0.0123,2,0.49,0,1
5599,67.17,0.0123,1,0.86,0,0
5600,42.77,0.0123,2,0.63,0,0
5601,52.92,0.0123,2,0.76,0,0
5602,9.37,0.0123,0,0.59,0,0
5603,18.65,0.0123,2,0.37,0,0
5604,16.54,0.0123,2,0.57,0,0
5605,43.66,0.0123,0,0.58,0,0
5606,37.16,0.0123,2,0.63,0,0
5607,63.35,0.0123,2,0.11,1,0
5608,47.78,0.0123,1,0.64,0,0
5609,242.14,0.0123,2,0.61,1,0
5610,1111.24,0.0123,0,0.91,0,1
5611,43.66,0.0123,0,0.93,0,0
5612,5338.59,0.0123,2,0.76,0,1
5613,13.2,0.0123,2,0.23,1,0
5614,39.57,4.8088,2,0.83,0,1
5615,1627.31,0.0123,2,0.01,0,1
5616,15.73,0.0123,0,0.2,0,0
5617,19.67,0.0123,1,0.8,0,0
5618,18.18,0.0123,0,0.3,0,0
5619,89.61,0.0123,0,0.02,1,0
5620,39.08,0.0123,0,0.73,0,0
5621,4.61,0.0123,0,0.21,1,0
5622,8.74,0.0123,0,0.05,0,0
5623,646.47,0.0123,0,0.36,0,0
5624,25.13,0.0123,2,0.99,0,0
5625,407.98,4.8088,2,0.37,1,1
5626,67.81,0.0123,2,0.75,0,0
5627,12.37,0.0123,0,0.69,0,0
5628,29.04,0.0123,2,0.78,1,0
5629,39.59,0.0123,2,0.17,1,0
5630,10.12,0.0123,1,0.55,1,0
5631,31.82,0.0123,0,0.1,0,0
5632,28.16,0.0123,0,0.58,0,0
5633,24.21,0.0123,0,0.75,1,0
5634,20.22,0.0123,0,0.86,0,0
5635,48.13,0.0123,0,0.68,0,0
5636,2009.94,0.0123,2,0.5,1,1
5637,8.2,0.0123,0,0.65,1,0
5638,37.92,0.0123,0,0.02,1,0
5639,17.73,0.0123,0,0.72,1,0
5640,3548.44,0.0123,0,0.93,0,1
5641,46.77,0.0123,1,0.51,0,0
5642,7.13,0.0123,2,0.97,0,0
5643,34.34,0.0123,1,0.95,0,0
5644,23.98,0.0123,0,0.79,1,0
5645,97.44,0.0123,0,0.07,0,0
5646,8.01,4.8088,2,0.66,0,0
5647,34.19,0.0123,2,0.35,1,0
5648,39.75,0.0123,2,0.91,0,0
5649,1105.17,0.0123,2,0.03,1,1
5650,19.03,0.0123,2,0.33,0,0
5651,560.81,0.0123,2,0.77,0,0
5652,22.34,0.0123,0,0.04,0,0
5653,17.86,0.0123,2,0.96,0,0
5654,29.45,0.0123,2,0.77,0,0
5655,2645.39,0.0123,0,0.73,0,1
5656,39.74,0.0123,2,0.44,0,0
5657,42.14,0.0123,0,0.14,0,0
5658,56.39,0.0123,2,0.38,0,0
5659,29.64,0.0123,0,0.21,0,0
5660,9.21,0.0123,2,0.3,0,0
5661,329.85,0.0123,0,0.84,0,0
5662,36.63,0.0123,0,0.29,0,0
5663,39.13,0.0123,1,0.66,0,0
5664,1885.59,0.0123,0,0.98,0,1
5665,4213.41,0.0123,1,0.95,1,1
5666,55.9,0.0123,2,0.19,0,0
5667,654.43,0.0123,2,0.05,1,1
5668,43.13,0.0123,2,0.14,0,0
5669,472.38,0.0123,0,0.05,0,0
5670,19.05,0.0123,2,0.82,0,0
5671,37.11,0.0123,2,0.89,0,0
5672,38.17,0.0123,2,0.01,0,0
5673,246.65,4.8088,0,0.65,0,0
5674,13.35,0.0123,0,0.71,1,0
5675,17.51,0.0123,2,0.14,0,0
5676,58.82,0.0123,2,0.68,1,0
5677,51.67,0.0123,0,0.56,0,0
5678,42.86,0.0123,0,0.47,0,0
5679,1403.54,0.0123,0,0.89,0,1
5680,330.26,0.0123,2,0.79,0,0
5681,30.81,0.0123,2,0.67,0,0
5682,42.99,0.0123,0,0.65,1,0
5683,72.5,0.0123,0,0.28,0,0
5684,635.71,0.0123,1,0.78,0,0
5685,15.07,0.0123,2,0.28,0,0
5686,15.09,0.0123,0,0.5,0,0
5687,44.93,0.0123,2,0.64,0,0
5688,156.36,0.0123,2,0.0,1,0
5689,1267.02,0.0123,0,0.69,0,0
5690,36.86,0.0123,2,0.36,0,0
5691,13.28,0.0123,2,0.69,0,0
5692,40.79,0.0123,2,0.77,0,0
5693,19.14,0.0123,0,0.73,0,0
5694,83.53,0.0123,2,0.55,0,0
5695,10.25,0.0123,2,0.82,0,0
5696,65.7,0.0123,0,0.49,0,0
5697,45.07,0.0123,2,0.55,1,0
5698,35.67,0.0123,0,0.84,1,1
5699,17.4,0.0123,2,0.7,1,0
5700,5.13,0.0123,0,0.23,0,0
5701,65.98,0.0123,0,0.94,1,1
5702,43.41,0.0123,2,0.25,0,0
5703,30.39,0.0123,0,0.19,0,0
5704,48.09,0.0123,0,0.71,0,0
5705,31.37,0.0123,2,0.98,0,0
5706,45.68,0.0123,2,0.39,0,0
5707,45.45,0.0123,2,0.13,0,0
5708,17.36,0.0123,2,0.49,1,0
5709,14.41,0.0123,0,0.13,0,0
5710,39.13,0.0123,2,0.59,0,0
5711,34.32,0.0123,0,0.33,0,0
5712,24.73,0.0123,0,0.22,0,0
5713,534.8,0.0123,2,0.23,0,0
5714,2696.13,0.0123,2,0.38,0,1
5715,25.7,4.8088,0,0.99,0,1
5716,29.11,0.0123,0,0.55,0,0
5717,15.34,0.0123,2,0.36,1,0
5718,85.21,0.0123,2,0.32,0,0
5719,26.59,0.0123,2,0.6,1,0
5720,1763.68,0.0123,0,0.43,0,1
5721,60.86,0.0123,2,0.66,1,0
5722,3.66,0.0123,2,0.38,0,0
5723,31.97,4.8088,0,0.11,0,0
5724,20.53,0.0123,2,0.57,0,0
5725,31.5,4.8088,0,1.0,0,1
5726,33.91,0.0123,2,0.21,0,0
5727,66.9,0.0123,0,0.6,1,0
5728,1100.15,4.8088,2,0.36,0,1
5729,49.77,0.0123,0,0.35,0,0
5730,39.39,0.0123,1,0.69,0,0
5731,1148.79,0.0123,0,0.96,0,1
5732,21.51,0.0123,0,0.76,0,0
5733,92.74,0.0123,0,0.68,0,0
5734,863.68,0.0123,1,0.86,0,1
5735,27.96,0.0123,0,0.9,1,1
5736,58.67,0.0123,0,0.29,1,0
5737,46.05,0.0123,0,0.57,0,0
5738,48.92,0.0123,0,0.95,0,0
5739,44.63,0.0123,1,0.2,0,0
5740,29.41,0.0123,2,0.61,0,0
5741,13.02,0.0123,2,0.63,0,0
5742,29.05,0.0123,1,0.68,0,0
5743,84.82,4.8088,1,0.03,1,1
5744,32.58,0.0123,2,0.55,0,0
5745,37.36,0.0123,2,0.88,0,0
5746,48.72,0.0123,0,0.88,1,1
5747,20.16,0.0123,0,0.45,0,0
5748,32.68,4.8088,2,0.34,0,0
5749,347.08,0.0123,2,0.08,0,0
5750,26.48,0.0123,0,0.71,0,0
5751,115.18,0.0123,2,0.42,1,0
5752,32.0,0.0123,0,0.3,1,0
5753,46.75,0.0123,2,0.37,1,0
5754,4091.8,0.0123,0,0.43,1,1
5755,34.23,0.0123,0,0.99,1,1
5756,218.1,0.0123,2,0.2,0,0
5757,21.27,0.0123,2,0.11,0,0
5758,27.66,0.0123,1,0.66,0,0
5759,23.96,0.0123,2,0.68,0,0
5760,39.16,0.0123,1,0.47,0,0
5761,20.19,0.0123,2,0.54,0,0
5762,31.95,0.0123,2,0.98,1,1
5763,15.65,0.0123,2,0.72,0,0
5764,446.87,0.0123,2,1.0,1,1
5765,20.06,0.0123,2,0.43,1,0
5766,12.04,0.0123,0,0.36,0,0
5767,55.1,0.0123,2,0.47,1,0
5768,53.94,0.0123,0,0.47,0,0
5769,17.58,0.0123,0,0.4,0,0
5770,61.45,0.0123,0,0.18,0,0
5771,25.59,0.0123,0,0.2,0,0
5772,18.2,0.0123,0,0.43,0,0
5773,32.28,0.0123,2,0.53,0,0
5774,17.29,0.0123,0,0.82,0,0
5775,41.96,0.0123,1,0.27,0,0
5776,39.97,0.0123,0,0.54,0,0
5777,35.33,0.0123,0,0.35,1,0
5778,21.65,0.0123,2,0.1,0,0
5779,51.88,0.0123,2,0.34,0,0
5780,57.08,0.0123,2,0.54,0,0
5781,678.96,0.0123,1,0.03,0,0
5782,70.16,0.0123,2,0.27,0,0
5783,19.42,0.0123,2,1.0,0,0
5784,46.88,0.0123,2,0.62,0,0
5785,17.91,0.0123,0,0.28,0,0
5786,1951.52,0.0123,0,0.37,0,1
5787,628.96,0.0123,0,0.98,0,1
5788,26.62,0.0123,0,0.44,0,0
5789,55.84,0.0123,0,0.78,1,0
5790,19.69,0.0123,2,0.65,0,0
5791,19.23,0.0123,2,0.92,0,0
5792,15.73,0.0123,0,0.06,0,0
5793,32.63,0.0123,2,0.45,0,0
5794,44.12,0.0123,2,0.77,0,0
5795,35.43,0.0123,2,0.87,0,0
5796,26.97,0.0123,0,0.77,0,0
5797,42.12,0.0123,2,0.07,0,0
5798,15.97,4.8088,0,0.34,0,0
5799,44.61,0.0123,0,0.82,1,1
5800,9.13,0.0123,0,0.15,0,0
5801,54.09,0.0123,0,0.24,0,0
5802,25.37,0.0123,1,0.16,0,0
5803,311.87,0.0123,0,0.65,0,0
5804,1363.17,0.0123,0,0.4,0,1
5805,27.06,0.0123,0,0.89,0,0
5806,899.82,4.8088,1,0.19,0,1
5807,2811.37,0.0123,0,0.55,0,1
5808,10.81,0.0123,0,0.24,0,0
5809,10.25,0.0123,0,0.42,0,0
5810,11.53,0.0123,0,0.08,0,0
5811,24.99,0.0123,2,0.96,0,0
5812,45.68,0.0123,2,0.09,0,0
5813,30.15,0.0123,1,0.89,0,0
5814,56.78,4.8088,0,0.59,0,0
5815,59.0,0.0123,0,0.23,0,0
5816,51.77,0.0123,2,0.83,0,0
5817,48.14,0.0123,1,0.51,0,0
5818,210.24,0.0123,2,0.69,1,0
5819,58.39,0.0123,2,0.1,0,0
5820,16.71,0.0123,2,0.01,0,0
5821,25.14,0.0123,0,0.23,1,0
5822,27.59,0.0123,0,0.94,0,0
5823,30.95,0.0123,0,0.96,0,0
5824,42.24,0.0123,2,0.27,1,0
5825,31.5,0.0123,0,0.71,0,0
5826,779.63,0.0123,0,0.91,0,1
5827,40.03,0.0123,0,0.27,0,0
5828,38.54,0.0123,2,0.56,0,0
5829,15.5,4.8088,0,0.44,0,0
5830,22.97,0.0123,2,0.85,1,1
5831,45.62,0.0123,0,0.84,0,0
5832,534.01,0.0123,0,0.69,0,0
5833,61.47,4.8088,2,0.41,1,1
5834,1262.0,0.0123,2,0.32,1,1
5835,32.31,0.0123,2,0.47,0,0
5836,30.64,0.0123,1,0.9,0,0
5837,112.83,0.0123,0,0.6,0,0
5838,29.49,0.0123,2,0.31,0,0
5839,32.88,0.0123,0,0.96,0,0
5840,8.65,0.0123,0,0.12,0,0
5841,34.32,0.0123,0,0.04,0,0
5842,27.73,4.8088,2,0.86,0,1
5843,91.67,0.0123,0,0.99,1,1
5844,38.19,0.0123,0,0.95,0,0
5845,30.43,0.0123,2,0.07,0,0
5846,22.56,4.8088,1,0.87,1,1
5847,8.32,0.0123,0,0.31,0,0
5848,48.33,0.0123,0,0.71,0,0
5849,662.32,0.0123,1,0.19,0,0
5850,186.38,0.0123,2,0.62,0,0
5851,8.04,0.0123,0,0.85,0,0
5852,168.04,0.0123,0,0.52,0,0
5853,771.62,0.0123,0,0.36,1,1
5854,67.86,0.0123,2,0.66,0,0
5855,20.86,0.0123,0,0.72,0,0
5856,31.37,0.0123,0,0.11,0,0
5857,22.25,0.0123,0,0.46,0,0
5858,74.64,0.0123,1,0.9,0,0
5859,145.02,0.0123,2,0.98,0,0
5860,63.88,0.0123,0,0.19,0,0
5861,27.38,4.8088,2,0.71,0,0
5862,21.89,0.0123,2,0.13,0,0
5863,13.66,0.0123,2,0.73,0,0
5864,26.09,0.0123,2,0.97,0,0
5865,9.89,0.0123,2,0.96,0,0
5866,7.48,0.0123,2,0.48,0,0
5867,38.02,0.0123,2,0.28,0,0
5868,8.99,0.0123,1,0.08,0,0
5869,12.53,0.0123,2,0.63,0,0
5870,29.95,0.0123,0,0.84,0,0
5871,750.3,0.0123,0,0.48,0,0
5872,17.24,0.0123,2,0.81,0,0
5873,97.46,0.0123,2,0.44,0,0
5874,46.71,0.0123,0,0.06,0,0
5875,51.97,0.0123,0,0.09,0,0
5876,63.92,0.0123,2,0.81,0,0
5877,450.88,0.0123,2,0.25,0,0
5878,27.43,0.0123,2,0.46,0,0
5879,31.26,0.0123,0,0.93,0,0
5880,14.34,0.0123,2,0.48,0,0
5881,18.64,0.0123,1,0.19,0,0
5882,32.5,0.0123,0,0.92,0,0
5883,44.61,0.0123,2,0.05,0,0
5884,82.57,0.0123,0,0.21,0,0
5885,26.34,0.0123,2,0.69,0,0
5886,62.26,0.0123,0,0.41,0,0
5887,30.83,0.0123,0,0.7,0,0
5888,7.91,0.0123,0,0.49,0,0
5889,6.24,0.0123,0,0.88,0,0
5890,24.57,0.0123,2,0.02,0,0
5891,22.59,0.0123,0,0.52,1,0
5892,1862.5,0.0123,0,0.84,1,1
5893,37.07,0.0123,0,0.4,0,0
5894,13.25,0.0123,2,0.25,1,0
5895,68.54,0.0123,2,0.57,0,0
5896,52.62,0.0123,2,0.31,0,0
5897,857.85,0.0123,0,0.05,1,1
5898,18.09,0.0123,2,0.94,1,1
5899,62.6,0.0123,2,0.43,0,0
5900,55.13,0.0123,2,0.76,1,0
5901,23.25,0.0123,1,0.42,0,0
5902,14.85,0.0123,0,0.87,1,1
5903,17.42,0.0123,0,0.36,0,0
5904,34.1,0.0123,2,0.78,0,0
5905,213.89,0.0123,0,0.97,0,0
5906,7.21,0.0123,2,0.75,0,0
5907,76.02,0.0123,2,0.32,0,0
5908,45.67,0.0123,0,0.99,1,1
5909,14.83,0.0123,2,0.34,0,0
5910,20.57,0.0123,2,0.12,0,0
5911,31.76,0.0123,2,0.95,1,1
5912,7.31,4.8088,0,0.13,0,0
5913,51.36,0.0123,0,0.09,0,0
5914,16.75,0.0123,0,0.52,0,0
5915,540.35,0.0123,0,0.74,1,1
5916,16.71,0.0123,0,0.25,0,0
5917,38.38,0.0123,0,0.12,0,0
5918,73.57,0.0123,0,0.2,0,0
5919,58.87,0.0123,0,0.53,0,0
5920,49.81,4.8088,2,0.34,0,0
5921,23.53,0.0123,2,0.27,0,0
5922,41.92,0.0123,2,0.21,1,0
5923,28.72,0.0123,0,0.68,0,0
5924,39.06,0.0123,0,0.02,0,0
5925,342.54,0.0123,1,0.29,0,0
5926,24.18,0.0123,1,0.19,0,0
5927,62.91,0.0123,0,0.46,1,0
5928,34.46,0.0123,0,0.34,0,0
5929,471.72,0.0123,2,0.06,0,0
5930,19.29,0.0123,2,0.33,0,0
5931,73.8,0.0123,2,0.94,0,0
5932,113.21,0.0123,2,0.34,0,0
5933,49.01,4.8088,0,0.09,0,0
5934,29.5,0.0123,0,0.62,0,0
5935,21.17,0.0123,1,0.31,0,0
5936,8.84,0.0123,0,0.33,0,0
5937,13.96,0.0123,0,0.24,0,0
5938,27.9,0.0123,1,0.32,0,0
5939,22.69,0.0123,0,0.56,0,0
5940,43.29,0.0123,0,0.77,0,0
5941,14.01,0.0123,1,0.45,1,0
5942,29.19,4.8088,0,0.53,0,0
5943,33.31,0.0123,2,0.33,0,0
5944,1815.14,0.0123,2,0.44,0,1
5945,402.82,0.0123,0,0.54,0,0
5946,66.84,0.0123,2,0.12,0,0
5947,35.53,0.0123,0,0.41,1,0
5948,32.48,0.0123,0,0.78,1,0
5949,283.56,0.0123,2,0.3,0,0
5950,22.07,0.0123,2,0.2,1,0
5951,213.7,0.0123,0,0.74,0,0
5952,44.21,0.0123,2,0.83,0,0
5953,59.82,0.0123,0,0.28,0,0
5954,22.01,0.0123,0,0.66,0,0
5955,126.19,0.0123,0,0.26,1,0
5956,59.45,0.0123,1,0.12,0,0
5957,20.65,0.0123,0,0.19,0,0
5958,68.53,0.0123,1,0.57,0,0
5959,28.44,0.0123,2,0.55,0,0
5960,44.91,4.8088,2,0.92,1,1
5961,22.07,0.0123,0,0.94,0,0
5962,13.11,0.0123,1,0.32,1,0
5963,15.21,0.0123,0,0.77,0,0
5964,22.19,0.0123,0,0.19,0,0
5965,55.54,0.0123,0,0.12,1,0
5966,17.66,0.0123,0,0.12,1,0
5967,12.9,0.0123,2,0.13,0,0
5968,9.11,0.0123,2,0.23,1,0
5969,25.11,0.0123,2,0.07,0,0
5970,24.52,0.0123,0,0.27,0,0
5971,73.19,0.0123,2,0.71,0,0
5972,11.97,0.0123,2,0.54,0,0
5973,2443.78,0.0123,1,0.74,0,1
5974,38.9,0.0123,0,0.05,0,0
5975,10.83,0.0123,0,0.87,0,0
5976,579.22,0.0123,2,0.91,1,1
5977,8.34,0.0123,0,0.9,0,0
5978,53.8,0.0123,0,0.75,0,0
5979,2303.63,0.0123,0,0.94,0,1
5980,29.0,0.0123,0,0.82,0,0
5981,39.37,0.0123,1,0.79,0,0
5982,12.96,0.0123,0,0.97,0,0
5983,2490.63,0.0123,0,0.34,1,1
5984,463.14,0.0123,0,0.44,0,0
5985,20.19,0.0123,0,0.15,0,0
5986,19.86,0.0123,0,0.99,0,0
5987,1035.73,0.0123,0,0.84,0,1
5988,45.85,0.0123,2,0.03,1,0
5989,35.72,0.0123,2,0.18,0,0
5990,41.32,0.0123,2,0.3,1,0
5991,42.01,4.8088,1,0.86,1,1
5992,87.61,4.8088,0,0.04,0,0
5993,72.08,0.0123,0,0.21,0,0
5994,50.99,0.0123,2,0.22,1,0
5995,58.1,0.0123,2,0.35,1,0
5996,1463.02,0.0123,2,0.4,1,1
5997,8.16,0.0123,0,0.51,0,0
5998,17.14,0.0123,0,0.41,0,0
5999,26.0,4.8088,0,0.08,0,0
6000,50.39,0.0123,2,0.17,0,0
6001,538.01,0.0123,2,0.64,0,0
6002,60.55,0.0123,0,0.9,0,0
6003,13.14,0.0123,0,0.4,0,0
6004,14.81,0.0123,1,0.97,0,0
6005,537.79,0.0123,2,0.55,0,0
6006,19.94,0.0123,0,0.73,0,0
6007,3010.21,0.0123,2,0.82,1,1
6008,11.64,0.0123,2,0.95,0,0
6009,1480.48,0.0123,2,0.9,1,1
6010,17.39,0.0123,2,0.53,1,0
6011,65.8,0.0123,2,0.49,0,0
6012,29.52,0.0123,2,0.0,1,0
6013,324.74,0.0123,2,0.85,1,1
6014,100.0,0.0123,0,0.39,0,0
6015,32.66,0.0123,2,0.21,0,0
6016,14.16,0.0123,2,0.01,0,0
6017,17.9,0.0123,1,0.93,0,0
6018,826.39,0.0123,2,0.4,0,0
6019,27.25,4.8088,0,0.75,0,0
6020,61.57,0.0123,0,0.75,0,0
6021,79.87,4.8088,2,0.1,0,0
6022,33.53,0.0123,2,0.29,1,0
6023,27.96,0.0123,2,0.39,1,0
6024,33.68,0.0123,2,0.99,1,1
6025,50.29,0.0123,2,0.97,0,0
6026,35.44,0.0123,2,0.79,0,0
6027,18.93,0.0123,0,0.45,1,0
6028,65.01,0.0123,0,0.3,0,0
6029,22.2,0.0123,2,0.09,0,0
6030,27.97,0.0123,1,0.06,0,0
6031,65.35,0.0123,0,0.56,1,0
6032,37.92,0.0123,2,0.85,0,0
6033,19.22,0.0123,2,0.63,0,0
6034,5657.5,0.0123,0,0.96,0,1
6035,34.36,0.0123,2,0.84,0,0
6036,28.38,0.0123,2,0.78,0,0
6037,16.16,0.0123,2,0.72,0,0
6038,444.72,0.0123,2,0.73,0,0
6039,1449.62,0.0123,2,0.38,0,1
6040,12.31,0.0123,2,0.3,0,0
6041,10.37,0.0123,0,0.06,1,0
6042,28.83,0.0123,0,0.57,0,0
6043,18.82,0.0123,2,0.5,0,0
6044,17.16,0.0123,2,0.97,0,0
6045,74.55,0.0123,2,0.58,0,0
6046,737.05,0.0123,0,0.03,0,0
6047,54.79,0.0123,0,0.15,0,0
6048,29.17,0.0123,2,0.96,0,0
6049,11.25,0.0123,0,0.21,0,0
6050,20.91,0.0123,0,0.41,0,0
6051,42.1,0.0123,0,0.42,0,0
6052,91.12,0.0123,2,0.73,0,0
6053,64.23,0.0123,0,0.68,0,0
6054,26.43,0.0123,0,0.11,0,0
6055,8.79,0.0123,2,0.9,0,0
6056,31.77,0.0123,2,0.67,0,0
6057,29.8,0.0123,2,0.37,1,0
6058,26.09,0.0123,0,0.61,0,0
6059,51.4,0.0123,0,0.45,1,0
6060,23.89,0.0123,1,0.67,0,0
6061,588.33,0.0123,2,0.22,0,0
6062,44.67,0.0123,0,0.75,0,0
6063,19.05,0.0123,0,0.54,0,0
6064,1377.32,0.0123,0,0.91,0,1
6065,18.18,0.0123,2,0.39,0,0
6066,9.17,0.0123,2,0.48,0,0
6067,51.05,0.0123,0,0.06,0,0
6068,548.01,0.0123,2,0.79,0,0
6069,16.39,0.0123,0,0.07,0,0
6070,372.83,0.0123,2,0.37,0,0
6071,75.31,0.0123,0,0.75,0,0
6072,21.69,0.0123,0,0.98,0,0
6073,28.08,0.0123,0,0.18,0,0
6074,41.58,0.0123,2,0.95,0,0
6075,22.46,0.0123,0,0.28,0,0
6076,265.77,0.0123,0,0.31,0,0
6077,21.02,0.0123,2,0.71,0,0
6078,14.06,0.0123,0,0.75,0,0
6079,20.97,0.0123,1,0.98,0,0
6080,63.22,0.0123,0,0.73,0,0
6081,34.08,0.0123,2,0.74,0,0
6082,52.35,0.0123,2,0.78,0,0
6083,8.53,0.0123,2,0.22,0,0
6084,26.63,0.0123,2,0.4,0,0
6085,19.83,0.0123,1,0.7,0,0
6086,30.7,0.0123,0,0.37,0,0
6087,62.8,0.0123,0,0.53,1,0
6088,29.06,0.0123,2,0.36,1,0
6089,30.36,0.0123,2,0.36,0,0
6090,15.85,0.0123,0,0.05,0,0
6091,35.42,0.0123,2,0.36,0,0
6092,73.27,0.0123,0,0.79,0,0
6093,28.71,0.0123,2,1.0,0,0
6094,447.87,4.8088,0,0.55,0,0
6095,49.51,0.0123,0,0.41,1,0
6096,726.42,0.0123,0,0.6,0,1
6097,52.65,0.0123,1,0.98,0,0
6098,19.98,0.0123,0,0.84,0,0
6099,41.42,0.0123,2,0.69,0,0
6100,37.02,4.8088,1,0.66,1,1
6101,14.89,0.0123,2,0.91,0,0
6102,10.02,0.0123,0,0.46,0,0
6103,33.6,0.0123,2,0.32,0,0
6104,61.96,0.0123,0,0.62,0,0
6105,9.23,0.0123,2,0.81,0,0
6106,27.98,4.8088,2,0.9,1,1
6107,68.55,0.0123,0,0.48,0,0
6108,29.63,0.0123,2,0.35,0,0
6109,26.16,0.0123,2,0.75,0,0
6110,53.71,0.0123,2,0.77,0,0
6111,30.65,0.0123,1,0.09,0,0
6112,490.99,0.0123,0,0.47,0,0
6113,24.21,0.0123,2,0.38,0,0
6114,10.18,0.0123,0,0.25,0,0
6115,42.02,0.0123,2,0.97,0,0
6116,33.09,0.0123,0,0.56,0,0
6117,13.33,0.0123,2,0.1,0,0
6118,16.5,0.0123,1,0.44,0,0
6119,29.24,0.0123,1,0.24,1,0
6120,53.25,0.0123,0,0.25,0,0
6121,25.69,0.0123,2,0.14,0,0
6122,26.34,0.0123,0,0.47,1,0
6123,45.45,0.0123,2,0.46,0,0
6124,17.95,0.0123,1,0.27,1,0
6125,405.75,0.0123,2,0.68,0,0
6126,18.77,0.0123,0,0.38,0,0
6127,11.14,0.0123,2,0.97,0,0
6128,40.45,0.0123,2,0.67,0,0
6129,71.97,0.0123,0,0.22,1,0
6130,121.95,0.0123,0,0.82,0,0
6131,18.0,0.0123,2,0.42,0,0
6132,66.52,0.0123,2,0.85,1,1
6133,5038.89,0.0123,0,0.24,0,1
6134,1200.18,0.0123,0,0.92,0,1
6135,20.34,0.0123,2,0.49,1,0
6136,19.37,0.0123,1,0.61,0,0
6137,12.2,0.0123,2,0.3,0,0
6138,58.25,0.0123,0,0.36,1,0
6139,129.45,0.0123,0,0.95,0,0
6140,303.25,0.0123,2,0.36,0,0
6141,38.5,0.0123,0,0.24,1,0
6142,850.0,0.0123,2,0.73,0,0
6143,72.55,0.0123,0,0.03,0,0
6144,5.98,0.0123,1,0.71,0,0
6145,18.34,0.0123,2,0.85,0,0
6146,17.22,0.0123,2,0.05,0,0
6147,13.81,0.0123,0,0.02,0,0
6148,13.01,4.8088,0,0.95,0,1
6149,2640.97,0.0123,2,0.67,0,1
6150,44.88,0.0123,0,0.38,0,0
6151,690.57,0.0123,0,0.66,0,1
6152,21.82,0.0123,0,0.81,0,0
6153,34.9,0.0123,0,0.29,0,0
6154,6.48,0.0123,0,0.88,0,0
6155,60.92,4.8088,2,0.14,1,1
6156,47.6,0.0123,0,0.04,0,0
6157,7.47,0.0123,0,0.78,0,0
6158,117.72,0.0123,0,1.0,0,0
6159,10.73,0.0123,2,0.15,0,0
6160,65.01,0.0123,0,0.18,1,0
6161,3.46,0.0123,0,0.37,1,0
6162,54.16,0.0123,0,0.41,1,0
6163,12.81,0.0123,2,0.85,0,0
6164,15.5,4.8088,0,0.1,0,0
6165,8.24,0.0123,0,0.39,0,0
6166,20.89,0.0123,0,0.04,0,0
6167,21.88,0.0123,0,0.39,1,0
6168,38.15,0.0123,2,0.39,1,0
6169,11.2,0.0123,0,0.42,0,0
6170,286.72,0.0123,2,0.22,0,0
6171,24.54,0.0123,2,0.97,0,0
6172,21.71,0.0123,2,0.24,0,0
6173,892.3,0.0123,0,0.62,0,1
6174,42.96,4.8088,0,0.19,0,0
6175,21.05,4.8088,2,0.51,0,0
6176,44.32,0.0123,0,0.48,0,0
6177,23.85,0.0123,2,0.25,0,0
6178,31.57,0.0123,0,0.09,0,0
6179,2305.95,0.0123,2,0.53,0,1
6180,41.93,0.0123,2,0.5,0,0
6181,42.65,0.0123,0,0.45,0,0
6182,14.26,0.0123,1,0.24,0,0
6183,597.24,0.0123,2,0.4,0,0
6184,48.73,0.0123,0,0.98,0,0
6185,142.12,0.0123,2,0.41,0,0
6186,17.17,0.0123,2,1.0,0,0
6187,15.78,0.0123,2,0.46,0,0
6188,668.96,0.0123,2,0.61,0,0
6189,19.93,0.0123,1,0.95,0,0
6190,37.17,0.0123,1,0.72,0,0
6191,80.04,0.0123,2,0.94,1,1
6192,53.44,0.0123,0,0.1,1,0
6193,15.15,0.0123,0,0.84,0,0
6194,62.32,0.0123,2,0.96,0,0
6195,51.09,0.0123,0,0.76,0,0
6196,86.36,0.0123,2,0.9,0,0
6197,8.58,4.8088,2,0.52,0,0
6198,38.48,0.0123,2,0.88,1,1
6199,38.13,0.0123,2,0.27,1,0
6200,26.21,0.0123,0,0.78,0,0
6201,49.66,0.0123,2,0.58,0,0
6202,10.89,4.8088,2,0.73,0,0
6203,114.7,0.0123,2,0.93,0,0
6204,22.48,0.0123,2,0.2,0,0
6205,82.08,0.0123,2,0.28,0,0
6206,24.84,0.0123,2,0.68,0,0
6207,612.58,0.0123,2,0.58,0,0
6208,45.67,0.0123,0,0.94,0,0
6209,722.68,0.0123,2,0.07,1,1
6210,33.16,0.0123,2,0.45,0,0
6211,37.99,0.0123,2,0.23,1,0
6212,31.11,0.0123,0,0.19,1,0
6213,5.79,0.0123,2,0.67,0,0
6214,57.82,0.0123,1,0.34,0,0
6215,28.08,0.0123,1,0.97,0,0
6216,6.88,0.0123,2,0.7,0,0
6217,48.05,0.0123,1,0.97,0,0
6218,6.72,0.0123,0,0.34,0,0
6219,11.85,0.0123,2,0.69,0,0
6220,34.17,0.0123,2,0.1,0,0
6221,80.23,0.0123,0,0.55,0,0
6222,39.11,0.0123,0,0.37,0,0
6223,19.13,0.0123,2,0.32,0,0
6224,484.29,0.0123,2,0.03,1,0
6225,15.86,0.0123,2,0.09,0,0
6226,34.42,0.0123,0,0.46,0,0
6227,74.5,0.0123,0,0.06,0,0
6228,9.04,0.0123,2,0.16,1,0
6229,14.8,0.0123,1,0.64,0,0
6230,20.3,0.0123,2,0.54,0,0
6231,126.81,0.0123,2,0.69,1,0
6232,56.96,0.0123,0,0.29,0,0
6233,16.7,0.0123,2,0.17,0,0
6234,49.46,0.0123,2,0.19,0,0
6235,14.0,0.0123,2,0.03,0,0
6236,16.05,0.0123,0,0.36,1,0
6237,23.88,4.8088,0,0.42,0,0
6238,28.53,0.0123,0,0.44,0,0
6239,40.59,0.0123,0,0.1,0,0
6240,55.55,0.0123,2,0.65,0,0
6241,39.4,0.0123,2,0.92,1,1
6242,90.69,0.0123,2,0.53,0,0
6243,32.13,0.0123,2,0.64,1,0
6244,44.71,0.0123,0,0.65,0,0
6245,80.81,0.0123,2,0.45,0,0
6246,24.2,0.0123,0,0.79,0,0
6247,42.55,0.0123,2,0.15,0,0
6248,18.26,0.0123,0,0.83,0,0
6249,26.6,0.0123,2,0.18,0,0
6250,37.49,0.0123,2,0.66,0,0
6251,376.36,0.0123,0,0.99,0,0
6252,15.68,0.0123,0,0.14,0,0
6253,17.09,0.0123,1,0.03,0,0
6254,33.39,0.0123,0,0.48,0,0
6255,32.91,0.0123,0,0.48,1,0
6256,27.69,0.0123,0,0.83,0,0
6257,40.38,4.8088,0,0.99,0,1
6258,161.31,4.8088,0,0.98,0,1
6259,27.03,0.0123,0,0.04,0,0
6260,10.97,0.0123,0,0.94,1,1
6261,23.34,0.0123,1,0.81,0,0
6262,48.98,0.0123,0,0.31,0,0
6263,18.61,0.0123,2,0.94,1,1
6264,55.48,0.0123,0,0.27,0,0
6265,33.7,0.0123,2,0.72,0,0
6266,1705.56,0.0123,2,0.96,1,1
6267,20.96,0.0123,0,0.54,1,0
6268,64.97,0.0123,0,0.81,0,0
6269,191.25,0.0123,0,0.5,0,0
6270,12.15,0.0123,2,0.49,0,0
6271,88.4,0.0123,0,0.84,0,0
6272,435.15,0.0123,0,0.07,0,0
6273,23.03,0.0123,0,0.45,1,0
6274,30.98,0.0123,0,0.21,0,0
6275,528.22,0.0123,0,0.27,0,0
6276,6.18,0.0123,0,0.44,0,0
6277,24.22,0.0123,2,0.75,0,0
6278,29.36,0.0123,2,0.56,1,0
6279,28.19,0.0123,2,0.75,1,0
6280,39.8,0.0123,2,0.42,0,0
6281,578.55,0.0123,0,0.35,1,1
6282,6.65,0.0123,1,0.55,0,0
6283,8.39,0.0123,2,0.23,0,0
6284,10.86,0.0123,2,0.7,0,0
6285,296.98,0.0123,1,0.32,1,0
6286,12.08,0.0123,0,0.47,0,0
6287,38.46,0.0123,1,0.05,0,0
6288,26.09,0.0123,2,0.95,1,1
6289,32.19,0.0123,0,0.37,1,0
6290,58.21,0.0123,0,0.47,0,0
6291,120.12,0.0123,1,0.93,0,0
6292,143.84,0.0123,2,0.94,0,0
6293,77.5,0.0123,1,0.4,0,0
6294,37.07,0.0123,2,0.54,1,0
6295,58.51,0.0123,2,0.97,0,0
6296,24.58,0.0123,2,0.2,0,0
6297,24.74,0.0123,1,0.16,0,0
6298,512.85,0.0123,0,0.37,1,1
6299,49.5,0.0123,2,0.54,0,0
6300,13.5,0.0123,2,0.87,0,0
6301,65.87,0.0123,2,0.23,0,0
6302,2947.34,0.0123,2,0.41,0,1
6303,34.41,4.8088,0,0.32,1,1
6304,45.26,0.0123,2,0.45,0,0
6305,64.45,0.0123,0,0.78,0,0
6306,86.31,0.0123,0,0.92,0,0
6307,41.47,0.0123,0,0.4,0,0
6308,789.26,0.0123,0,0.78,0,0
6309,43.31,0.0123,0,0.78,0,0
6310,53.89,0.0123,2,0.7,0,0
6311,24.41,0.0123,2,0.5,0,0
6312,23.57,0.0123,2,0.25,1,0
6313,45.2,0.0123,0,0.51,1,0
6314,35.26,0.0123,0,0.33,0,0
6315,12.56,0.0123,2,0.07,0,0
6316,420.45,0.0123,0,0.27,1,0
6317,50.07,0.0123,2,0.51,0,0
6318,289.09,0.0123,2,0.98,0,0
6319,36.98,0.0123,2,0.83,0,0
6320,58.24,0.0123,2,0.11,0,0
6321,120.5,0.0123,2,0.47,0,0
6322,51.48,0.0123,1,0.96,0,0
6323,75.01,0.0123,2,0.89,0,0
6324,10.17,0.0123,2,0.6,0,0
6325,49.94,4.8088,2,0.38,0,0
6326,12.12,0.0123,2,0.61,0,0
6327,37.71,0.0123,0,0.47,0,0
6328,2294.75,0.0123,2,0.27,0,1
6329,11.9,0.0123,2,0.23,0,0
6330,38.42,0.0123,0,0.48,0,0
6331,2755.22,0.0123,1,0.87,0,1
6332,43.83,0.0123,0,0.48,0,0
6333,42.56,0.0123,0,0.04,0,0
6334,65.98,0.0123,0,0.65,0,0
6335,16.47,0.0123,2,0.95,0,0
6336,121.12,0.0123,2,0.31,0,0
6337,24.45,0.0123,2,0.77,0,0
6338,20.88,0.0123,0,0.97,0,0
6339,16.09,0.0123,1,0.24,0,0
6340,17.11,0.0123,2,0.1,1,0
6341,80.85,0.0123,1,0.39,0,0
6342,29.18,0.0123,0,0.2,0,0
6343,43.97,0.0123,0,0.43,0,0
6344,10.23,0.0123,1,0.94,0,0
6345,17.65,0.0123,2,0.46,0,0
6346,77.76,0.0123,0,0.29,0,0
6347,15.15,0.0123,0,0.02,0,0
6348,31.78,0.0123,2,0.74,0,0
6349,37.74,0.0123,0,0.39,0,0
6350,16.16,0.0123,2,0.74,0,0
6351,43.46,0.0123,1,0.23,0,0
6352,20.67,0.0123,0,0.02,0,0
6353,63.65,0.0123,2,0.67,0,0
6354,42.78,0.0123,0,0.11,1,0
6355,11.83,0.0123,0,0.57,0,0
6356,57.91,0.0123,2,0.85,0,0
6357,14.63,0.0123,0,0.9,0,0
6358,24.7,0.0123,2,0.92,1,1
6359,34.13,0.0123,1,0.98,0,0
6360,24.76,0.0123,0,0.6,0,0
6361,16.89,0.0123,0,0.42,0,0
6362,45.05,0.0123,2,0.14,0,0
6363,19.42,0.0123,2,0.46,1,0
6364,58.24,0.0123,2,0.12,0,0
6365,55.29,0.0123,0,0.23,0,0
6366,35.23,0.0123,0,0.56,0,0
6367,43.15,0.0123,2,0.94,0,0
6368,12.71,0.0123,0,0.6,0,0
6369,11.77,0.0123,0,0.98,1,1
6370,2517.28,0.0123,2,0.54,0,1
6371,18.62,0.0123,1,0.17,0,0
6372,10.5,0.0123,1,0.32,0,0
6373,17.37,0.0123,0,0.95,0,0
6374,39.11,0.0123,2,0.06,0,0
6375,63.59,0.0123,2,0.57,0,0
6376,736.37,0.0123,0,0.19,0,0
6377,29.48,0.0123,0,0.55,0,0
6378,9.79,4.8088,2,0.7,0,0
6379,20.29,0.0123,2,0.56,0,0
6380,39.29,0.0123,2,0.58,0,0
6381,43.49,0.0123,1,0.03,0,0
6382,49.44,0.0123,0,0.28,0,0
6383,79.37,0.0123,0,0.31,0,0
6384,25.58,0.0123,0,0.39,0,0
6385,16.76,0.0123,2,0.65,0,0
6386,33.27,0.0123,0,0.82,0,0
6387,53.97,0.0123,2,0.95,0,0
6388,35.87,0.0123,2,0.91,0,0
6389,25.02,0.0123,1,0.38,1,0
6390,91.59,0.0123,0,0.16,1,0
6391,99.23,0.0123,0,0.0,1,0
6392,83.49,0.0123,2,0.32,0,0
6393,36.76,0.0123,0,0.33,0,0
6394,463.73,0.0123,1,0.54,0,0
6395,41.85,0.0123,2,0.66,0,0
6396,19.89,0.0123,0,0.53,0,0
6397,69.41,0.0123,0,0.85,1,1
6398,1424.87,0.0123,0,0.07,0,1
6399,74.38,0.0123,2,0.31,1,0
6400,17.69,0.0123,0,0.9,0,0
6401,34.55,0.0123,2,0.84,0,0
6402,30.37,0.0123,2,0.35,0,0
6403,103.84,4.8088,2,0.44,0,0
6404,52.49,0.0123,2,0.32,0,0
6405,221.59,0.0123,0,0.75,0,0
6406,67.41,4.8088,2,0.25,0,0
6407,22.4,0.0123,0,0.76,1,0
6408,48.77,0.0123,0,0.83,0,0
6409,2140.11,0.0123,0,0.28,0,1
6410,26.86,0.0123,0,0.84,0,0
6411,24.12,0.0123,0,0.1,0,0
6412,25.24,0.0123,2,0.71,0,0
6413,52.37,0.0123,2,0.84,0,0
6414,38.31,4.8088,1,0.41,0,0
6415,32.3,0.0123,1,0.44,0,0
6416,42.66,0.0123,0,0.44,0,0
6417,23.46,0.0123,2,0.69,0,0
6418,38.71,4.8088,0,0.57,0,0
6419,12.64,0.0123,2,0.74,0,0
6420,11.61,0.0123,0,0.74,0,0
6421,170.68,0.0123,2,0.92,0,0
6422,16.97,0.0123,2,0.63,0,0
6423,1198.93,0.0123,2,0.26,1,1
6424,46.64,0.0123,2,0.78,0,0
6425,41.7,0.0123,2,0.18,1,0
6426,43.42,0.0123,2,0.73,0,0
6427,91.64,0.0123,0,0.3,0,0
6428,57.8,0.0123,0,0.01,0,0
6429,2369.36,0.0123,1,0.25,0,1
6430,40.5,0.0123,2,0.64,0,0
6431,11.91,0.0123,0,0.93,0,0
6432,1927.6,0.0123,2,0.51,0,1
6433,57.79,0.0123,0,0.16,0,0
6434,28.7,0.0123,2,0.17,0,0
6435,37.13,0.0123,2,0.28,0,0
6436,1191.54,0.0123,1,0.27,0,0
6437,29.94,0.0123,0,0.98,0,0
6438,18.58,0.0123,0,0.15,0,0
6439,64.51,4.8088,0,0.67,1,1
6440,59.94,0.0123,0,0.69,0,0
6441,1154.73,0.0123,1,0.19,0,0
6442,23.12,0.0123,0,0.87,0,0
6443,1943.19,0.0123,0,0.17,0,1
6444,27.74,0.0123,2,0.25,0,0
6445,26.65,0.0123,2,0.13,0,0
6446,61.41,0.0123,1,0.66,0,0
6447,47.82,0.0123,2,0.82,1,1
6448,43.03,4.8088,0,0.88,0,1
6449,578.93,0.0123,2,0.5,0,0
6450,23.32,0.0123,0,0.82,0,0
6451,137.42,0.0123,0,0.36,0,0
6452,29.74,0.0123,0,0.72,0,0
6453,22.78,0.0123,0,0.83,0,0
6454,12.37,0.0123,2,0.58,0,0
6455,86.12,0.0123,0,0.89,0,0
6456,44.92,0.0123,0,0.75,0,0
6457,107.72,0.0123,2,0.87,0,0
6458,22.58,0.0123,2,0.8,1,0
6459,20.89,0.0123,2,0.97,1,1
6460,150.5,0.0123,0,0.32,0,0
6461,374.73,4.8088,2,0.63,0,1
6462,67.5,0.0123,0,0.4,1,0
6463,41.6,0.0123,2,0.42,0,0
6464,17.16,0.0123,0,0.42,0,0
6465,46.62,0.0123,0,0.65,0,0
6466,440.2,0.0123,0,0.03,0,0
6467,87.77,0.0123,2,0.47,0,0
6468,17.98,0.0123,0,0.0,1,0
6469,150.37,0.0123,1,0.57,0,0
6470,25.12,0.0123,2,0.8,0,0
6471,36.79,0.0123,0,0.32,0,0
6472,32.63,0.0123,0,0.61,0,0
6473,35.72,0.0123,1,0.36,0,0
6474,83.02,0.0123,0,0.97,0,0
6475,38.25,0.0123,2,0.95,0,0
6476,73.95,0.0123,2,0.53,1,0
6477,19.51,0.0123,0,0.78,1,0
6478,16.53,0.0123,2,0.72,0,0
6479,17.45,0.0123,0,0.91,1,1
6480,25.69,0.0123,0,0.84,0,0
6481,44.83,0.0123,2,0.26,0,0
6482,62.1,0.0123,2,0.97,0,0
6483,56.35,0.0123,2,0.82,1,1
6484,30.52,0.0123,2,0.85,0,0
6485,12.0,0.0123,2,0.33,0,0
6486,3088.79,0.0123,0,0.31,0,1
6487,89.82,4.8088,2,0.33,0,0
6488,17.17,0.0123,0,0.78,0,0
6489,5.2,0.0123,0,0.57,0,0
6490,51.14,0.0123,0,0.41,0,0
6491,14.78,0.0123,0,0.41,0,0
6492,44.23,0.0123,2,0.61,0,0
6493,5.96,4.8088,2,0.43,0,0
6494,61.17,0.0123,2,0.8,0,0
6495,13.4,0.0123,2,0.05,0,0
6496,20.09,0.0123,0,0.86,1,1
6497,2355.98,0.0123,2,0.36,0,1
6498,25.3,0.0123,0,0.81,0,0
6499,33.22,0.0123,1,0.93,0,0
6500,48.93,0.0123,2,0.83,1,1
6501,57.07,0.0123,2,0.45,0,0
6502,3145.15,0.0123,0,0.77,1,1
6503,27.92,0.0123,2,0.08,0,0
6504,46.14,0.0123,2,0.1,0,0
6505,26.8,0.0123,2,0.16,0,0
6506,45.84,0.0123,2,0.75,1,0
6507,31.0,0.0123,0,0.93,0,0
6508,1088.91,0.0123,2,0.93,1,1
6509,100.94,4.8088,2,0.22,0,0
6510,25.32,0.0123,0,0.24,0,0
6511,1035.68,0.0123,0,0.89,0,1
6512,23.08,0.0123,0,0.96,0,0
6513,40.63,0.0123,1,0.47,1,0
6514,7808.17,0.0123,2,0.92,1,1
6515,42.95,0.0123,2,0.71,0,0
6516,32.4,0.0123,2,0.25,0,0
6517,45.38,0.0123,1,0.57,0,0
6518,51.53,0.0123,0,0.96,0,0
6519,10.9,0.0123,0,0.56,0,0
6520,33.71,0.0123,2,0.59,0,0
6521,318.37,0.0123,0,0.87,0,0
6522,35.07,0.0123,2,0.44,0,0
6523,61.27,0.0123,2,0.3,0,0
6524,446.51,0.0123,0,0.9,0,1
6525,32.66,0.0123,2,0.34,0,0
6526,481.67,0.0123,0,0.5,0,0
6527,14.01,0.0123,2,0.87,0,0
6528,14.53,0.0123,2,0.04,0,0
6529,27.18,0.0123,0,0.02,0,0
6530,25.6,0.0123,1,0.2,0,0
6531,32.02,0.0123,0,0.35,1,0
6532,41.38,0.0123,0,0.92,0,0
6533,18.77,0.0123,0,0.49,0,0
6534,15.23,0.0123,2,0.17,0,0
6535,32.6,0.0123,2,0.25,0,0
6536,10.47,0.0123,2,0.08,0,0
6537,37.53,0.0123,2,0.9,1,1
6538,70.8,0.0123,2,0.19,0,0
6539,448.74,0.0123,1,0.85,1,1
6540,1727.83,0.0123,2,0.96,0,1
6541,36.03,0.0123,0,0.52,0,0
6542,8.77,0.0123,2,0.79,0,0
6543,9.02,0.0123,2,0.04,0,0
6544,105.99,0.0123,2,0.94,1,1
6545,19.76,0.0123,2,0.06,0,0
6546,9.45,0.0123,0,0.32,0,0
6547,4.8,0.0123,0,0.12,0,0
6548,118.98,0.0123,1,0.24,0,0
6549,41.42,0.0123,2,0.95,0,0
6550,9.18,0.0123,2,0.36,0,0
6551,51.58,0.0123,2,0.98,0,0
6552,318.33,0.0123,2,0.37,1,0
6553,15.4,0.0123,0,0.86,1,1
6554,29.83,0.0123,2,0.54,0,0
6555,20.06,0.0123,0,0.99,1,1
6556,34.24,0.0123,0,0.86,0,0
6557,308.89,0.0123,2,0.6,1,0
6558,85.51,0.0123,2,0.28,0,0
6559,593.65,0.0123,2,0.05,0,0
6560,7.16,0.0123,0,0.33,0,0
6561,58.25,0.0123,0,0.32,1,0
6562,2194.75,0.0123,0,0.95,0,1
6563,26.62,0.0123,0,0.25,0,0
6564,562.93,0.0123,0,0.79,1,1
6565,21.97,0.0123,0,0.83,0,0
6566,31.29,0.0123,0,0.46,0,0
6567,14.97,4.8088,2,0.67,0,0
6568,33.48,0.0123,2,0.21,0,0
6569,29.72,0.0123,1,0.41,1,0
6570,101.07,0.0123,0,0.73,0,0
6571,715.83,0.0123,1,0.34,0,0
6572,44.07,0.0123,0,0.39,0,0
6573,22.49,0.0123,0,0.3,0,0
6574,12.11,0.0123,0,0.62,0,0
6575,11.15,0.0123,2,0.61,1,0
6576,30.78,0.0123,2,0.76,0,0
6577,20.57,4.8088,2,0.51,1,1
6578,129.75,0.0123,0,0.87,0,0
6579,62.05,0.0123,0,0.22,0,0
6580,72.08,0.0123,2,0.07,0,0
6581,51.63,0.0123,0,0.24,1,0
6582,33.79,0.0123,2,0.19,0,0
6583,675.34,0.0123,0,0.8,0,1
6584,15.46,0.0123,2,0.65,0,0
6585,6.81,0.0123,0,0.12,0,0
6586,34.85,0.0123,2,0.2,1,0
6587,16.62,4.8088,0,0.68,0,0
6588,53.32,0.0123,1,0.77,0,0
6589,51.23,0.0123,2,0.4,0,0
6590,428.09,0.0123,2,0.27,0,0
6591,38.82,0.0123,2,0.38,0,0
6592,9.83,0.0123,0,0.94,0,0
6593,27.15,0.0123,0,0.66,0,0
6594,2077.52,0.0123,0,0.03,0,1
6595,25.99,0.0123,2,0.22,0,0
6596,335.43,0.0123,2,0.5,0,0
6597,80.13,0.0123,0,0.73,0,0
6598,44.59,4.8088,2,0.8,0,1
6599,688.89,0.0123,2,0.83,0,1
6600,35.32,0.0123,2,0.42,0,0
6601,48.38,0.0123,2,0.07,1,0
6602,13.27,0.0123,0,0.58,0,0
6603,458.34,0.0123,2,0.24,0,0
6604,14.85,0.0123,0,0.23,0,0
6605,35.45,0.0123,0,0.36,1,0
6606,33.31,0.0123,1,0.51,0,0
6607,32.15,0.0123,1,0.64,0,0
6608,462.53,0.0123,2,0.47,0,0
6609,55.94,0.0123,2,0.18,0,0
6610,14.9,0.0123,2,0.93,0,0
6611,50.46,0.0123,2,0.74,0,0
6612,12.54,0.0123,2,0.87,1,1
6613,10.84,0.0123,2,0.03,0,0
6614,22.14,0.0123,2,0.35,0,0
6615,35.91,0.0123,0,0.19,0,0
6616,11.09,0.0123,2,0.21,0,0
6617,30.24,0.0123,2,0.16,1,0
6618,16.86,0.0123,2,0.85,0,0
6619,19.99,0.0123,0,0.89,1,1
6620,8.83,0.0123,2,0.98,0,0
6621,48.97,0.0123,2,0.85,1,1
6622,449.68,0.0123,2,0.19,1,0
6623,416.82,0.0123,1,0.66,1,0
6624,514.62,0.0123,1,0.56,0,0
6625,34.47,0.0123,2,0.3,0,0
6626,52.89,0.0123,0,0.63,0,0
6627,87.76,0.0123,2,0.11,1,0
6628,7.36,0.0123,0,0.74,0,0
6629,51.01,0.0123,0,0.33,1,0
6630,10.53,0.0123,1,0.96,0,0
6631,39.43,0.0123,0,0.96,0,0
6632,432.89,0.0123,0,0.12,0,0
6633,15.51,0.0123,2,0.92,0,0
6634,25.75,0.0123,0,0.29,1,0
6635,33.91,0.0123,0,0.24,0,0
6636,48.8,0.0123,2,0.29,0,0
6637,115.62,0.0123,2,0.58,0,0
6638,520.6,0.0123,0,0.98,1,1
6639,44.6,0.0123,2,0.46,0,0
6640,66.44,0.0123,0,0.37,1,0
6641,85.76,0.0123,2,0.29,1,0
6642,28.84,0.0123,0,0.26,0,0
6643,69.14,0.0123,0,0.51,1,0
6644,23.66,0.0123,2,0.82,0,0
6645,19.54,0.0123,2,0.77,0,0
6646,129.2,0.0123,0,0.95,1,1
6647,116.45,0.0123,2,0.61,0,0
6648,74.22,0.0123,2,0.26,1,0
6649,34.01,0.0123,0,0.33,1,0
6650,36.43,0.0123,0,0.67,1,0
6651,69.72,0.0123,0,0.78,0,0
6652,696.81,0.0123,2,0.99,0,1
6653,65.13,0.0123,0,0.42,0,0
6654,20.37,0.0123,2,0.34,0,0
6655,10.87,0.0123,2,0.6,0,0
6656,36.77,0.0123,2,0.21,1,0
6657,43.46,0.0123,2,0.38,0,0
6658,24.78,0.0123,2,0.69,0,0
6659,55.52,0.0123,0,0.97,0,0
6660,34.44,0.0123,1,0.83,0,0
6661,98.62,0.0123,2,0.94,0,0
6662,2775.18,0.0123,2,0.55,1,1
6663,1642.65,0.0123,2,0.41,1,1
6664,23.48,0.0123,2,0.35,1,0
6665,71.34,0.0123,2,0.04,0,0
6666,24.55,0.0123,1,0.77,0,0
6667,66.88,0.0123,0,0.37,0,0
6668,28.16,4.8088,2,0.77,0,0
6669,1640.08,0.0123,2,0.68,0,1
6670,45.64,0.0123,0,0.16,1,0
6671,82.26,0.0123,2,0.35,1,0
6672,82.42,0.0123,0,0.47,0,0
6673,2689.94,4.8088,0,0.28,0,1
6674,7.11,0.0123,2,0.81,0,0
6675,45.38,0.0123,0,0.75,1,0
6676,56.56,0.0123,0,0.6,0,0
6677,63.0,0.0123,0,0.6,0,0
6678,1021.74,0.0123,0,0.07,0,0
6679,6.84,0.0123,0,0.0,1,0
6680,124.44,0.0123,0,0.64,1,0
6681,26.57,0.0123,2,0.39,0,0
6682,22.2,0.0123,2,0.74,0,0
6683,20.14,0.0123,0,0.04,0,0
6684,46.99,0.0123,2,0.38,1,0
6685,56.11,0.0123,2,0.1,0,0
6686,418.1,0.0123,2,0.41,1,0
6687,609.08,0.0123,2,0.35,0,0
6688,24.3,0.0123,0,0.13,0,0
6689,10.91,0.0123,2,0.76,0,0
6690,49.54,4.8088,1,0.07,0,0
6691,41.49,0.0123,0,0.6,0,0
6692,16.7,0.0123,0,0.22,1,0
6693,60.7,0.0123,2,0.83,0,0
6694,71.57,0.0123,0,0.15,0,0
6695,76.58,0.0123,2,0.12,0,0
6696,53.07,0.0123,2,0.26,0,0
6697,36.64,0.0123,2,0.72,0,0
6698,43.77,0.0123,2,0.15,0,0
6699,22.06,0.0123,2,0.15,0,0
6700,71.79,0.0123,0,0.39,0,0
6701,590.89,0.0123,0,0.11,0,0
6702,254.51,0.0123,1,0.35,0,0
6703,397.83,0.0123,0,0.27,0,0
6704,22.74,0.0123,0,0.16,0,0
6705,715.24,4.8088,0,0.24,1,1
6706,33.45,0.0123,0,0.46,0,0
6707,9.85,0.0123,1,0.16,0,0
6708,667.0,0.0123,2,0.35,0,0
6709,16.18,0.0123,0,0.54,0,0
6710,4.32,0.0123,0,0.06,0,0
6711,26.86,0.0123,2,0.46,0,0
6712,18.31,0.0123,0,0.22,1,0
6713,54.59,0.0123,1,0.21,0,0
6714,22.82,0.0123,0,0.88,0,0
6715,83.86,4.8088,2,0.91,0,1
6716,52.08,0.0123,2,0.41,0,0
6717,43.77,0.0123,2,0.62,0,0
6718,828.12,0.0123,2,0.27,1,1
6719,40.43,0.0123,0,0.27,1,0
6720,78.52,0.0123,0,0.01,0,0
6721,48.96,0.0123,2,0.63,0,0
6722,97.48,0.0123,2,0.38,1,0
6723,52.17,0.0123,2,0.63,0,0
6724,64.64,0.0123,0,0.35,1,0
6725,384.43,0.0123,2,0.24,0,0
6726,6.1,0.0123,2,0.23,0,0
6727,19.02,0.0123,2,0.18,0,0
6728,30.25,0.0123,2,0.56,0,0
6729,30.49,0.0123,0,0.9,0,0
6730,39.25,0.0123,2,0.04,1,0
6731,9.53,0.0123,2,0.71,0,0
6732,234.26,0.0123,2,0.8,0,0
6733,18.83,0.0123,2,0.23,0,0
6734,56.32,0.0123,0,0.31,1,0
6735,16.61,0.0123,0,0.22,0,0
6736,22.35,0.0123,2,0.66,1,0
6737,33.71,0.0123,0,0.78,0,0
6738,70.88,0.0123,0,0.19,0,0
6739,133.1,0.0123,1,0.52,0,0
6740,42.23,0.0123,0,0.41,0,0
6741,23.37,0.0123,0,0.95,0,0
6742,29.0,0.0123,0,0.18,0,0
6743,55.29,0.0123,0,0.8,0,0
6744,97.97,0.0123,0,0.29,0,0
6745,24.91,0.0123,0,0.84,0,0
6746,28.9,0.0123,1,0.23,0,0
6747,21.26,0.0123,0,0.46,1,0
6748,73.91,0.0123,1,0.52,0,0
6749,47.27,0.0123,2,0.41,0,0
6750,6764.57,0.0123,0,0.32,0,1
6751,31.75,0.0123,2,0.36,0,0
6752,636.75,0.0123,2,0.99,0,1
6753,34.61,0.0123,0,0.12,0,0
6754,25.96,0.0123,0,0.83,0,0
6755,17.98,0.0123,2,0.98,1,1
6756,52.48,0.0123,0,0.06,1,0
6757,33.86,0.0123,2,0.7,0,0
6758,10.85,0.0123,2,0.6,0,0
6759,25.97,0.0123,2,0.58,0,0
6760,17.43,4.8088,2,0.08,0,0
6761,801.61,0.0123,1,0.74,1,1
6762,412.77,0.0123,2,0.93,0,0
6763,13.08,0.0123,2,0.39,0,0
6764,51.46,0.0123,0,0.47,0,0
6765,22.11,0.0123,0,0.18,0,0
6766,34.08,0.0123,2,0.41,0,0
6767,53.22,0.0123,2,0.04,0,0
6768,369.81,0.0123,0,0.7,1,0
6769,11.47,0.0123,2,0.73,0,0
6770,15.39,0.0123,0,0.61,0,0
6771,30.04,0.0123,0,0.27,0,0
6772,36.2,0.0123,0,0.77,0,0
6773,28.41,0.0123,2,0.57,0,0
6774,105.58,0.0123,0,0.27,0,0
6775,92.38,0.0123,0,0.78,0,0
6776,13.21,0.0123,0,0.42,0,0
6777,12.56,0.0123,0,0.88,1,1
6778,98.65,4.8088,2,0.36,0,0
6779,690.68,0.0123,2,0.28,0,0
6780,22.26,0.0123,0,0.94,0,0
6781,23.77,0.0123,2,0.58,0,0
6782,25.37,0.0123,1,0.06,0,0
6783,738.89,0.0123,2,0.25,1,1
6784,35.61,0.0123,2,0.19,1,0
6785,33.36,0.0123,0,0.18,0,0
6786,39.06,0.0123,0,0.85,0,0
6787,62.54,0.0123,0,0.59,0,0
6788,66.48,4.8088,2,0.42,0,0
6789,37.56,0.0123,1,0.04,1,0
6790,46.18,0.0123,1,0.75,0,0
6791,44.43,0.0123,1,0.06,0,0
6792,45.36,0.0123,2,0.2,0,0
6793,35.84,0.0123,0,0.14,1,0
6794,1245.53,0.0123,2,0.77,1,1
6795,16.79,0.0123,0,0.17,0,0
6796,262.24,0.0123,2,0.31,0,0
6797,35.73,4.8088,2,0.93,0,1
6798,948.16,0.0123,0,0.33,0,0
6799,6.65,0.0123,2,0.29,1,0
6800,65.46,0.0123,0,0.02,0,0
6801,19.73,0.0123,0,0.73,0,0
6802,24.34,0.0123,0,0.91,0,0
6803,12.18,0.0123,0,0.31,0,0
6804,13.61,0.0123,2,0.61,0,0
6805,1402.56,0.0123,0,0.3,0,1
6806,1085.6,0.0123,0,0.76,1,1
6807,56.31,0.0123,2,0.42,0,0
6808,162.59,0.0123,0,0.91,0,0
6809,54.22,0.0123,1,0.38,0,0
6810,51.26,0.0123,0,0.43,0,0
6811,8.23,0.0123,0,0.2,0,0
6812,20.04,0.0123,0,0.51,0,0
6813,883.33,0.0123,0,0.51,0,0
6814,148.14,0.0123,0,0.17,1,0
6815,91.66,0.0123,0,0.67,0,0
6816,22.83,0.0123,2,0.72,0,0
6817,49.75,0.0123,0,0.63,0,0
6818,19.92,0.0123,2,0.82,1,1
6819,14.14,0.0123,0,0.95,1,1
6820,47.2,0.0123,2,0.74,0,0
6821,37.24,0.0123,2,0.66,0,0
6822,27.44,0.0123,0,0.78,0,0
6823,48.6,0.0123,0,0.43,0,0
6824,254.31,0.0123,1,0.22,0,0
6825,13.2,0.0123,0,0.01,1,0
6826,52.05,0.0123,1,0.58,0,0
6827,39.54,0.0123,2,0.4,0,0
6828,29.55,0.0123,0,0.68,0,0
6829,38.6,0.0123,2,0.57,0,0
6830,95.69,0.0123,0,0.5,1,0
6831,12.51,0.0123,2,0.43,1,0
6832,13.71,0.0123,1,0.01,0,0
6833,6.68,0.0123,2,0.72,0,0
6834,48.29,0.0123,2,0.94,0,0
6835,12.83,4.8088,0,0.28,0,0
6836,45.35,0.0123,1,0.38,0,0
6837,12.0,0.0123,0,0.81,0,0
6838,100.77,0.0123,1,0.84,0,0
6839,333.19,0.0123,0,0.33,0,0
6840,13.9,0.0123,1,1.0,0,0
6841,50.68,0.0123,0,0.73,0,0
6842,22.47,0.0123,0,0.57,0,0
6843,54.04,0.0123,0,0.79,0,0
6844,34.73,0.0123,2,0.28,0,0
6845,9.13,0.0123,1,0.33,0,0
6846,94.63,0.0123,0,0.3,1,0
6847,33.87,0.0123,2,0.38,0,0
6848,783.61,0.0123,2,0.04,0,0
6849,19.59,0.0123,2,0.01,0,0
6850,43.0,0.0123,0,0.44,1,0
6851,13.07,0.0123,1,0.98,0,0
6852,32.81,0.0123,0,0.4,1,0
6853,25.54,0.0123,1,0.35,0,0
6854,48.79,0.0123,2,0.76,0,0
6855,52.07,0.0123,2,0.43,0,0
6856,13.0,0.0123,0,0.15,0,0
6857,80.27,0.0123,2,0.41,0,0
6858,12.45,0.0123,0,0.9,0,0
6859,89.1,0.0123,2,0.92,0,0
6860,11.45,0.0123,2,0.41,1,0
6861,64.64,0.0123,0,0.07,0,0
6862,40.74,0.0123,2,0.1,1,0
6863,11.85,0.0123,0,0.54,0,0
6864,16.03,4.8088,0,0.45,1,1
6865,45.32,0.0123,2,0.71,0,0
6866,20.63,0.0123,1,0.67,0,0
6867,86.08,0.0123,2,0.35,0,0
6868,30.2,0.0123,2,0.26,0,0
6869,17.38,0.0123,2,0.92,0,0
6870,88.79,0.0123,2,0.18,0,0
6871,74.11,0.0123,2,0.41,0,0
6872,12.54,0.0123,1,0.15,0,0
6873,577.4,0.0123,2,0.4,0,0
6874,130.28,0.0123,0,0.53,0,0
6875,53.6,0.0123,2,0.78,0,0
6876,65.91,0.0123,2,0.89,0,0
6877,280.82,0.0123,2,0.22,0,0
6878,26.73,4.8088,2,0.68,0,0
6879,40.05,0.0123,0,0.11,0,0
6880,403.67,0.0123,1,0.1,0,0
6881,10.02,0.0123,2,0.66,0,0
6882,3545.52,0.0123,0,0.07,1,1
6883,54.17,4.8088,1,0.64,1,1
6884,14.61,0.0123,0,0.89,0,0
6885,9.39,0.0123,2,0.93,1,1
6886,54.58,0.0123,0,0.63,0,0
6887,25.7,0.0123,0,0.97,0,0
6888,349.69,0.0123,0,0.08,0,0
6889,71.77,0.0123,1,0.08,0,0
6890,393.24,0.0123,0,0.74,0,0
6891,15.73,0.0123,0,0.37,0,0
6892,24.0,0.0123,0,0.55,0,0
6893,24.07,0.0123,2,0.29,0,0
6894,96.2,4.8088,0,0.78,1,1
6895,42.41,0.0123,2,0.6,0,0
6896,81.92,0.0123,2,0.6,0,0
6897,21.64,0.0123,0,0.2,0,0
6898,15.38,0.0123,0,0.29,0,0
6899,323.2,0.0123,2,0.36,0,0
6900,13.84,0.0123,2,0.58,0,0
6901,12.17,0.0123,0,0.6,1,0
6902,1314.51,0.0123,2,0.46,0,1
6903,60.52,0.0123,0,0.88,0,0
6904,73.44,0.0123,0,0.97,0,0
6905,26.76,0.0123,2,0.83,0,0
6906,109.37,0.0123,0,0.34,0,0
6907,2671.21,0.0123,1,0.19,1,1
6908,44.85,0.0123,2,0.63,0,0
6909,41.13,0.0123,2,0.86,0,0
6910,97.0,0.0123,0,0.9,0,0
6911,46.6,0.0123,2,0.67,1,0
6912,42.08,0.0123,0,0.87,0,0
6913,1477.53,0.0123,0,0.66,0,1
6914,10.72,0.0123,0,0.72,0,0
6915,12.62,0.0123,1,0.21,0,0
6916,15.3,0.0123,2,0.63,0,0
6917,629.02,0.0123,2,0.36,1,1
6918,37.53,0.0123,0,0.5,1,0
6919,38.54,0.0123,2,0.07,0,0
6920,92.08,0.0123,0,0.34,0,0
6921,5.48,0.0123,1,0.94,0,0
6922,29.56,0.0123,1,0.08,0,0
6923,28.25,0.0123,0,0.16,0,0
6924,264.47,0.0123,0,0.67,0,0
6925,72.48,0.0123,1,0.46,0,0
6926,25.25,0.0123,2,0.4,0,0
6927,49.19,0.0123,1,0.33,1,0
6928,14.12,0.0123,1,0.5,0,0
6929,24.65,0.0123,2,0.89,0,0
6930,17.31,0.0123,0,0.33,0,0
6931,27.55,0.0123,2,0.15,0,0
6932,37.34,0.0123,0,0.22,0,0
6933,29.6,0.0123,0,0.84,1,1
6934,50.86,0.0123,0,0.08,1,0
6935,26.43,0.0123,0,0.83,0,0
6936,48.6,0.0123,0,0.84,0,0
6937,99.33,0.0123,2,0.16,0,0
6938,29.25,0.0123,0,0.82,0,0
6939,35.31,0.0123,2,0.99,0,0
6940,4.5,0.0123,2,0.82,0,0
6941,22.02,0.0123,2,0.87,0,0
6942,76.9,0.0123,0,0.53,0,0
6943,19.34,0.0123,2,0.23,0,0
6944,42.94,0.0123,2,0.94,0,0
6945,30.97,0.0123,0,0.28,0,0
6946,10.62,0.0123,0,0.51,0,0
6947,29.83,0.0123,0,0.02,0,0
6948,26.88,0.0123,0,0.69,0,0
6949,112.61,0.0123,0,0.21,0,0
6950,13.31,0.0123,0,0.02,1,0
6951,338.99,0.0123,0,0.0,1,0
6952,92.35,0.0123,2,0.8,0,0
6953,46.11,0.0123,2,0.95,0,0
6954,33.54,0.0123,0,0.72,0,0
6955,55.31,4.8088,0,0.64,0,0
6956,30.93,0.0123,2,0.29,0,0
6957,18.49,0.0123,2,0.24,0,0
6958,85.82,0.0123,0,0.53,0,0
6959,62.88,0.0123,0,0.13,0,0
6960,95.78,0.0123,2,0.17,0,0
6961,35.91,0.0123,0,0.86,0,0
6962,45.85,0.0123,2,0.85,0,0
6963,18.77,0.0123,0,0.03,0,0
6964,9.56,0.0123,0,0.96,0,0
6965,35.69,0.0123,1,0.68,0,0
6966,19.19,0.0123,0,0.14,0,0
6967,17.93,0.0123,0,0.12,0,0
6968,11.54,4.8088,1,0.09,0,0
6969,104.9,4.8088,2,0.83,0,1
6970,37.09,0.0123,1,0.6,0,0
6971,14.36,0.0123,1,0.83,0,0
6972,25.42,0.0123,2,0.11,0,0
6973,32.87,0.0123,2,0.95,0,0
6974,27.37,0.0123,2,0.72,0,0
6975,31.35,0.0123,2,0.72,0,0
6976,19.08,4.8088,2,0.93,0,1
6977,58.99,0.0123,0,0.36,1,0
6978,50.05,0.0123,0,0.68,0,0
6979,21.91,0.0123,0,0.16,0,0
6980,27.39,0.0123,0,0.71,0,0
6981,44.27,0.0123,0,0.72,0,0
6982,47.31,0.0123,2,0.34,0,0
6983,76.99,0.0123,2,0.72,0,0
6984,35.4,0.0123,0,0.15,0,0
6985,29.93,0.0123,0,0.23,1,0
6986,779.23,0.0123,2,0.91,0,1
6987,24.05,0.0123,0,0.01,0,0
6988,35.47,0.0123,0,0.78,0,0
6989,1900.57,0.0123,2,0.8,1,1
6990,33.65,0.0123,1,0.22,0,0
6991,89.11,0.0123,0,0.56,0,0
6992,27.12,0.0123,1,0.2,0,0
6993,47.17,0.0123,0,0.2,0,0
6994,16.22,0.0123,2,0.7,0,0
6995,38.12,0.0123,0,0.36,1,0
6996,596.53,0.0123,2,0.23,0,0
6997,32.25,0.0123,1,0.59,0,0
6998,53.5,0.0123,0,0.42,0,0
6999,25.09,0.0123,1,0.61,0,0
7000,80.78,0.0123,2,0.38,0,0
7001,19.98,0.0123,0,0.45,0,0
7002,18.64,0.0123,0,0.69,0,0
7003,16.37,4.8088,1,0.72,0,0
7004,59.63,0.0123,0,0.58,1,0
7005,38.73,0.0123,2,0.26,1,0
7006,14.98,0.0123,2,0.33,0,0
7007,18.64,0.0123,1,0.98,0,0
7008,70.53,0.0123,2,0.16,0,0
7009,7.45,0.0123,0,0.15,0,0
7010,10.64,4.8088,0,0.71,0,0
7011,16.4,0.0123,2,0.85,0,0
7012,26.73,0.0123,2,1.0,0,0
7013,17.19,0.0123,0,0.95,0,0
7014,528.09,4.8088,2,0.66,0,1
7015,103.44,0.0123,0,0.61,0,0
7016,25.03,0.0123,1,0.8,0,0
7017,29.75,0.0123,0,0.73,0,0
7018,29.35,0.0123,0,0.32,0,0
7019,50.62,0.0123,1,0.38,1,0
7020,9.74,0.0123,0,0.63,0,0
7021,991.77,0.0123,0,0.82,1,1
7022,41.83,0.0123,0,0.4,0,0
7023,37.11,0.0123,2,0.48,0,0
7024,22.6,0.0123,0,0.87,0,0
7025,16.46,0.0123,2,0.8,0,0
7026,7.88,0.0123,2,0.65,1,0
7027,42.7,0.0123,0,0.24,0,0
7028,462.22,0.0123,0,0.5,1,0
7029,89.67,0.0123,2,0.22,0,0
7030,49.16,0.0123,0,0.62,0,0
7031,36.32,0.0123,2,0.32,0,0
7032,30.57,0.0123,0,0.2,0,0
7033,17.34,0.0123,0,0.5,0,0
7034,31.13,0.0123,0,0.57,0,0
7035,133.29,0.0123,0,0.57,0,0
7036,473.3,0.0123,2,0.8,0,0
7037,24.78,0.0123,2,0.44,0,0
7038,10.96,0.0123,2,0.39,0,0
7039,26.02,0.0123,2,0.76,0,0
7040,32.73,4.8088,1,0.53,0,0
7041,26.88,0.0123,0,0.41,0,0
7042,12.6,0.0123,2,0.2,0,0
7043,3087.21,0.0123,0,0.38,0,1
7044,12.74,0.0123,0,0.91,0,0
7045,25.18,0.0123,0,0.4,1,0
7046,137.24,0.0123,1,0.84,0,0
7047,70.66,0.0123,0,0.17,1,0
7048,11.09,0.0123,0,0.28,0,0
7049,2908.58,0.0123,2,0.27,0,1
7050,151.71,0.0123,0,0.68,1,0
7051,325.42,0.0123,0,0.48,1,0
7052,33.6,0.0123,2,0.95,0,0
7053,19.98,0.0123,0,0.48,1,0
7054,53.51,0.0123,2,0.07,0,0
7055,330.24,0.0123,2,0.05,0,0
7056,31.89,0.0123,2,0.63,0,0
7057,25.46,0.0123,2,0.02,1,0
7058,16.17,0.0123,2,0.09,0,0
7059,779.89,0.0123,2,0.3,0,0
7060,2093.99,0.0123,2,0.97,0,1
7061,27.46,0.0123,2,0.9,0,0
7062,71.49,0.0123,0,0.82,0,0
7063,653.73,0.0123,2,0.15,1,1
7064,14.64,0.0123,0,0.31,0,0
7065,36.07,0.0123,2,0.46,0,0
7066,1892.81,0.0123,2,0.78,0,1
7067,44.73,0.0123,0,0.21,1,0
7068,12.64,0.0123,2,0.57,0,0
7069,57.05,0.0123,0,0.5,0,0
7070,97.34,0.0123,2,0.69,0,0
7071,18.82,0.0123,0,0.17,0,0
7072,55.39,0.0123,2,0.82,0,0
7073,40.75,0.0123,0,0.81,0,0
7074,189.05,0.0123,0,0.37,1,0
7075,534.98,0.0123,0,0.42,0,0
7076,390.93,0.0123,2,0.52,0,0
7077,1713.66,0.0123,0,0.33,0,1
7078,74.88,0.0123,0,0.78,0,0
7079,70.51,0.0123,2,0.05,0,0
7080,37.34,0.0123,2,0.52,0,0
7081,23.64,0.0123,0,0.39,0,0
7082,51.09,0.0123,2,0.7,0,0
7083,11.57,0.0123,0,0.46,1,0
7084,17.31,0.0123,0,0.42,1,0
7085,220.2,0.0123,2,0.95,0,0
7086,41.19,0.0123,0,0.2,0,0
7087,16.37,0.0123,0,0.54,0,0
7088,28.86,0.0123,0,0.82,0,0
7089,37.17,0.0123,0,0.81,0,0
7090,24.37,0.0123,1,0.7,0,0
7091,14.07,0.0123,2,0.12,0,0
7092,81.64,0.0123,2,0.78,1,0
7093,21.64,0.0123,0,0.16,0,0
7094,18.42,0.0123,0,0.85,1,1
7095,13.21,0.0123,0,0.65,0,0
7096,54.83,0.0123,2,0.94,0,0
7097,30.76,0.0123,1,0.93,0,0
7098,9.36,0.0123,2,0.84,0,0
7099,75.98,0.0123,2,0.66,0,0
7100,27.64,0.0123,2,0.65,0,0
7101,57.02,0.0123,2,0.91,0,0
7102,85.5,4.8088,0,0.58,0,0
7103,692.46,0.0123,0,0.59,0,0
7104,46.98,0.0123,1,0.86,0,0
7105,39.66,0.0123,1,0.77,0,0
7106,12.49,0.0123,0,0.85,1,1
7107,59.94,0.0123,1,0.45,0,0
7108,29.86,0.0123,0,0.28,1,0
7109,35.35,0.0123,2,0.25,1,0
7110,70.21,0.0123,2,0.63,0,0
7111,22.55,0.0123,0,0.63,0,0
7112,12.29,0.0123,0,0.48,0,0
7113,83.93,0.0123,0,0.37,0,0
7114,27.1,0.0123,2,0.73,1,0
7115,22.23,0.0123,0,0.65,0,0
7116,28.31,0.0123,0,0.48,0,0
7117,54.44,0.0123,0,0.18,0,0
7118,58.71,4.8088,0,0.22,0,0
7119,72.73,0.0123,0,0.57,0,0
7120,43.02,0.0123,0,0.1,0,0
7121,10.62,0.0123,0,0.54,0,0
7122,28.55,4.8088,2,0.78,0,0
7123,13.69,0.0123,2,0.6,0,0
7124,39.01,0.0123,2,0.71,0,0
7125,669.15,0.0123,1,0.43,0,0
7126,64.96,0.0123,2,0.97,0,0
7127,42.94,0.0123,0,0.97,0,0
7128,37.06,0.0123,0,0.14,1,0
7129,77.02,0.0123,2,0.96,0,0
7130,27.86,0.0123,0,0.85,0,0
7131,2330.85,0.0123,0,0.46,1,1
7132,32.78,0.0123,1,0.46,1,0
7133,65.51,0.0123,1,0.64,0,0
7134,50.23,0.0123,0,0.04,0,0
7135,93.95,0.0123,0,0.27,0,0
7136,26.38,0.0123,0,0.52,0,0
7137,330.56,0.0123,0,0.31,0,0
7138,36.75,0.0123,1,0.47,0,0
7139,3321.86,0.0123,2,0.47,0,1
7140,33.14,0.0123,1,0.71,0,0
7141,22.46,0.0123,0,0.72,0,0
7142,38.62,0.0123,0,0.32,0,0
7143,57.35,0.0123,2,0.01,0,0
7144,25.1,0.0123,0,0.2,0,0
7145,38.45,0.0123,1,0.78,0,0
7146,39.18,0.0123,1,0.24,0,0
7147,40.18,0.0123,2,0.75,0,0
7148,23.26,0.0123,2,0.99,0,0
7149,30.54,0.0123,2,0.23,0,0
7150,60.98,0.0123,0,0.14,1,0
7151,9.37,0.0123,2,0.61,0,0
7152,34.37,0.0123,2,0.39,0,0
7153,34.64,0.0123,0,0.25,1,0
7154,7.12,0.0123,0,0.86,0,0
7155,36.1,0.0123,2,0.98,0,0
7156,1988.72,0.0123,2,0.95,0,1
7157,13.74,0.0123,2,0.4,1,0
7158,68.85,0.0123,2,0.05,1,0
7159,56.17,4.8088,0,0.81,0,1
7160,128.14,0.0123,0,0.33,0,0
7161,14.03,0.0123,0,0.92,0,0
7162,47.16,0.0123,2,0.61,0,0
7163,37.69,0.0123,2,0.52,0,0
7164,16.73,0.0123,2,0.68,0,0
7165,2140.78,0.0123,1,0.05,0,1
7166,20.32,4.8088,0,0.97,0,1
7167,3535.39,0.0123,0,0.04,0,1
7168,8.32,0.0123,0,0.87,0,0
7169,19.66,0.0123,0,0.17,0,0
7170,88.12,0.0123,2,0.24,0,0
7171,59.75,4.8088,0,0.59,1,1
7172,55.77,0.0123,2,0.53,0,0
7173,75.39,4.8088,0,0.56,0,0
7174,59.72,0.0123,2,0.61,0,0
7175,17.47,0.0123,2,0.44,0,0
7176,22.98,0.0123,0,0.33,0,0
7177,895.96,0.0123,0,0.97,0,1
7178,29.96,0.0123,2,0.64,0,0
7179,27.93,0.0123,1,0.51,0,0
7180,103.41,0.0123,0,0.59,1,0
7181,32.21,0.0123,0,0.77,1,0
7182,72.97,0.0123,1,0.62,0,0
7183,433.9,0.0123,2,0.05,0,0
7184,53.46,0.0123,2,0.48,0,0
7185,26.62,0.0123,2,0.92,0,0
7186,25.14,0.0123,2,0.4,0,0
7187,23.17,0.0123,2,0.68,1,0
7188,87.69,0.0123,2,0.86,0,0
7189,52.25,0.0123,2,0.0,0,0
7190,5.6,0.0123,2,0.92,0,0
7191,45.6,0.0123,0,0.34,1,0
7192,45.01,0.0123,2,0.4,0,0
7193,28.66,0.0123,0,0.14,1,0
7194,54.32,0.0123,1,0.83,0,0
7195,437.52,0.0123,1,0.35,0,0
7196,22.69,0.0123,0,0.54,0,0
7197,504.49,0.0123,2,0.06,1,1
7198,89.47,0.0123,0,0.81,0,0
7199,18.24,0.0123,2,0.29,0,0
7200,40.49,0.0123,2,0.81,0,0
7201,364.99,0.0123,2,0.74,0,0
7202,32.66,0.0123,0,0.84,0,0
7203,15.94,4.8088,1,0.2,0,0
7204,2212.41,0.0123,1,0.27,0,1
7205,31.56,0.0123,0,0.58,0,0
7206,372.52,0.0123,0,0.21,0,0
7207,22.83,0.0123,0,0.72,0,0
7208,77.99,0.0123,0,0.73,0,0
7209,41.12,0.0123,2,0.09,0,0
7210,18.02,0.0123,0,0.4,1,0
7211,668.95,4.8088,2,0.35,1,1
7212,78.43,0.0123,1,0.89,0,0
7213,419.14,0.0123,0,0.32,0,0
7214,98.1,0.0123,2,0.48,0,0
7215,63.12,0.0123,0,0.63,0,0
7216,45.64,0.0123,2,0.23,0,0
7217,784.26,0.0123,2,0.96,0,1
7218,52.23,0.0123,2,0.51,0,0
7219,544.74,0.0123,0,0.36,0,0
7220,47.0,0.0123,0,0.13,0,0
7221,16.86,0.0123,0,0.79,0,0
7222,360.19,0.0123,2,0.18,1,1
7223,774.72,0.0123,0,0.03,0,0
7224,81.79,0.0123,2,0.69,0,0
7225,459.32,0.0123,0,0.43,1,0
7226,20.63,0.0123,2,0.46,0,0
7227,7.77,0.0123,0,0.61,0,0
7228,147.6,0.0123,0,0.19,0,0
7229,47.41,0.0123,0,0.03,1,0
7230,29.11,0.0123,2,0.9,0,0
7231,352.5,0.0123,1,0.91,0,0
7232,59.19,0.0123,2,0.8,0,0
7233,24.58,0.0123,1,0.39,0,0
7234,45.51,0.0123,1,0.0,0,0
7235,13.46,0.0123,0,0.25,0,0
7236,66.13,0.0123,2,0.3,1,0
7237,17.34,0.0123,1,0.4,0,0
7238,1176.44,0.0123,2,0.37,1,1
7239,252.18,0.0123,2,0.54,0,0
7240,4204.99,4.8088,2,0.74,1,1
7241,34.19,0.0123,2,0.63,0,0
7242,43.01,0.0123,0,0.55,0,0
7243,20.43,0.0123,2,0.0,1,0
7244,30.98,0.0123,0,0.74,0,0
7245,225.86,0.0123,2,0.6,0,0
7246,77.57,0.0123,0,0.02,0,0
7247,607.7,0.0123,2,0.85,0,1
7248,113.74,0.0123,0,0.58,0,0
7249,112.2,0.0123,2,0.98,0,0
7250,20.12,0.0123,0,0.95,1,1
7251,93.31,0.0123,2,0.86,0,0
7252,1931.48,0.0123,0,0.96,0,1
7253,44.23,0.0123,2,0.63,1,0
7254,29.96,0.0123,0,0.6,1,0
7255,21.84,0.0123,0,0.85,1,1
7256,6.64,0.0123,0,0.83,0,0
7257,33.71,0.0123,2,0.56,1,0
7258,33.86,0.0123,0,0.86,0,0
7259,94.93,4.8088,1,0.14,0,0
7260,18.26,4.8088,0,0.79,1,1
7261,49.58,0.0123,1,0.94,0,0
7262,34.46,0.0123,2,0.27,1,0
7263,103.15,0.0123,0,0.66,1,0
7264,804.85,0.0123,0,0.28,0,1
7265,926.02,0.0123,0,0.0,1,1
7266,39.9,0.0123,1,0.18,0,0
7267,40.67,0.0123,2,0.14,0,0
7268,51.02,0.0123,0,0.25,1,0
7269,35.41,0.0123,0,0.28,0,0
7270,49.19,0.0123,1,0.03,0,0
7271,6.57,0.0123,2,0.17,0,0
7272,394.11,0.0123,0,0.18,0,0
7273,5190.66,0.0123,1,0.72,1,1
7274,15.37,0.0123,0,0.36,0,0
7275,1719.32,0.0123,0,0.68,0,1
7276,6.84,0.0123,0,0.92,1,1
7277,47.36,0.0123,0,0.53,0,0
7278,56.62,0.0123,2,0.79,0,0
7279,7.37,0.0123,0,0.36,0,0
7280,30.13,0.0123,1,0.6,0,0
7281,37.75,0.0123,2,0.99,0,0
7282,23.75,0.0123,0,0.85,0,0
7283,42.76,4.8088,0,0.48,0,0
7284,27.51,0.0123,0,0.48,0,0
7285,20.56,0.0123,2,0.26,0,0
7286,24.54,0.0123,0,0.79,1,0
7287,28.17,0.0123,2,0.34,0,0
7288,12.84,0.0123,2,0.51,0,0
7289,48.52,0.0123,0,0.19,0,0
7290,49.74,0.0123,0,0.27,0,0
7291,500.79,0.0123,0,0.03,0,0
7292,1841.86,0.0123,2,0.51,1,1
7293,39.79,0.0123,0,0.87,0,0
7294,42.13,0.0123,2,0.95,0,0
7295,14.13,0.0123,0,0.28,0,0
7296,29.95,0.0123,1,0.44,0,0
7297,44.06,4.8088,0,0.22,0,0
7298,844.35,0.0123,0,0.33,0,0
7299,762.75,0.0123,1,0.12,0,0
7300,30.11,0.0123,0,0.4,1,0
7301,12.05,0.0123,2,0.78,0,0
7302,4375.81,0.0123,0,0.81,1,1
7303,27.55,0.0123,0,0.34,0,0
7304,36.22,0.0123,0,0.85,1,1
7305,438.75,0.0123,0,0.5,0,0
7306,23.54,0.0123,2,0.05,0,0
7307,28.81,0.0123,0,0.66,0,0
7308,15.79,0.0123,2,0.31,0,0
7309,66.92,0.0123,0,0.15,0,0
7310,1536.57,4.8088,0,0.12,0,1
7311,473.41,0.0123,2,0.34,0,0
7312,499.21,0.0123,2,0.45,1,0
7313,958.16,0.0123,0,0.71,0,0
7314,8.87,0.0123,0,0.87,0,0
7315,34.19,0.0123,2,0.6,0,0
7316,49.35,0.0123,0,0.83,0,0
7317,1142.54,0.0123,0,0.07,0,0
7318,29.28,0.0123,2,0.04,0,0
7319,39.38,0.0123,2,0.43,0,0
7320,4859.41,0.0123,1,0.75,1,1
7321,69.51,0.0123,2,0.06,1,0
7322,49.0,0.0123,2,0.7,1,0
7323,26.81,0.0123,0,0.66,0,0
7324,89.56,0.0123,2,0.49,0,0
7325,18.6,0.0123,2,0.65,0,0
7326,30.49,0.0123,2,0.89,0,0
7327,21.71,4.8088,2,0.63,0,0
7328,85.82,0.0123,0,0.98,0,0
7329,58.5,0.0123,0,0.82,0,0
7330,6.5,0.0123,1,0.45,0,0
7331,58.64,0.0123,0,0.93,0,0
7332,38.98,0.0123,0,0.95,0,0
7333,1182.48,0.0123,0,0.04,0,1
7334,55.76,0.0123,0,0.59,0,0
7335,24.56,0.0123,0,0.15,1,0
7336,46.75,0.0123,0,0.15,0,0
7337,61.61,0.0123,0,0.1,0,0
7338,51.38,0.0123,0,0.77,0,0
7339,34.73,0.0123,2,0.45,1,0
7340,926.11,0.0123,0,0.29,0,1
7341,16.6,0.0123,2,0.61,0,0
7342,23.72,0.0123,0,0.37,0,0
7343,111.91,0.0123,0,0.96,0,0
7344,167.93,4.8088,2,0.53,0,0
7345,45.56,0.0123,2,0.3,0,0
7346,50.82,0.0123,1,0.16,0,0
7347,1538.6,0.0123,2,0.63,0,1
7348,32.24,0.0123,0,0.31,0,0
7349,17.43,0.0123,2,0.19,0,0
7350,34.22,0.0123,0,0.2,0,0
7351,100.61,0.0123,0,0.05,0,0
7352,32.64,0.0123,0,0.44,0,0
7353,17.47,0.0123,2,0.23,0,0
7354,23.16,0.0123,0,0.5,1,0
7355,464.25,0.0123,2,0.81,0,0
7356,41.82,0.0123,1,0.43,0,0
7357,39.97,0.0123,0,0.16,0,0
7358,29.57,0.0123,0,0.78,0,0
7359,15.21,0.0123,0,0.73,1,0
7360,44.18,0.0123,0,0.65,1,0
7361,47.22,0.0123,1,0.63,0,0
7362,18.24,0.0123,2,0.38,0,0
7363,625.45,0.0123,2,0.21,0,0
7364,48.53,0.0123,0,0.51,0,0
7365,95.64,0.0123,2,0.32,0,0
7366,898.67,0.0123,2,0.94,1,1
7367,53.9,0.0123,0,0.62,0,0
7368,17.77,0.0123,2,0.91,0,0
7369,51.35,0.0123,0,0.93,0,0
7370,33.97,0.0123,0,0.02,0,0
7371,13.93,0.0123,2,0.86,0,0
7372,28.68,0.0123,2,0.13,0,0
7373,34.77,0.0123,2,0.4,0,0
7374,18.2,0.0123,0,0.73,1,0
7375,34.3,0.0123,0,0.26,0,0
7376,27.23,0.0123,0,0.19,0,0
7377,2566.74,0.0123,2,0.42,0,1
7378,32.49,0.0123,0,0.07,0,0
7379,3000.52,0.0123,0,0.19,0,1
7380,22.79,0.0123,0,0.57,0,0
7381,23.4,0.0123,2,0.79,0,0
7382,40.51,0.0123,0,0.46,0,0
7383,57.29,0.0123,1,0.29,0,0
7384,21.13,0.0123,0,0.4,0,0
7385,43.54,0.0123,0,0.97,0,0
7386,23.5,0.0123,2,0.67,0,0
7387,352.52,0.0123,2,0.9,0,1
7388,103.42,0.0123,0,0.18,0,0
7389,11.66,0.0123,0,0.09,0,0
7390,23.2,4.8088,0,0.82,0,1
7391,1338.32,0.0123,0,0.11,1,1
7392,50.84,0.0123,0,0.74,0,0
7393,10.19,0.0123,2,0.94,0,0
7394,1842.51,0.0123,2,0.83,0,1
7395,6.31,0.0123,2,0.95,0,0
7396,51.19,0.0123,0,0.47,0,0
7397,16.09,0.0123,2,0.18,1,0
7398,17.46,0.0123,0,0.74,0,0
7399,607.85,0.0123,1,0.6,0,0
7400,14.89,0.0123,0,0.4,1,0
7401,35.94,0.0123,0,0.48,0,0
7402,56.96,0.0123,2,0.78,0,0
7403,24.82,0.0123,0,0.44,1,0
7404,22.45,0.0123,0,0.76,0,0
7405,11.48,0.0123,0,0.33,1,0
7406,21.72,0.0123,0,0.08,1,0
7407,41.5,0.0123,2,0.84,0,0
7408,22.65,0.0123,0,0.75,1,0
7409,34.34,0.0123,0,0.95,0,0
7410,13.72,0.0123,1,0.01,0,0
7411,25.54,4.8088,2,0.43,0,0
7412,27.95,0.0123,0,0.63,0,0
7413,29.1,4.8088,0,1.0,0,1
7414,41.38,0.0123,2,0.57,0,0
7415,43.54,0.0123,0,0.92,0,0
7416,48.96,0.0123,0,0.9,0,0
7417,81.01,0.0123,2,0.97,0,0
7418,29.75,0.0123,1,0.13,0,0
7419,38.33,0.0123,0,0.52,0,0
7420,676.12,0.0123,2,0.49,1,1
7421,61.24,4.8088,2,0.57,1,1
7422,58.21,0.0123,2,0.5,0,0
7423,23.28,0.0123,0,0.36,0,0
7424,407.95,0.0123,0,0.62,0,0
7425,74.38,0.0123,2,0.82,0,0
7426,45.11,0.0123,2,0.72,1,0
7427,2792.59,0.0123,0,0.18,1,1
7428,28.62,0.0123,0,0.92,0,0
7429,20.45,0.0123,2,0.39,0,0
7430,59.11,0.0123,0,0.11,0,0
7431,9.51,0.0123,0,0.63,0,0
7432,49.66,0.0123,0,0.25,1,0
7433,22.12,0.0123,0,0.19,0,0
7434,5.3,0.0123,2,0.89,0,0
7435,49.72,0.0123,0,0.18,0,0
7436,88.51,0.0123,2,0.89,0,0
7437,1082.76,0.0123,0,0.98,0,1
7438,12.24,0.0123,1,0.27,0,0
7439,13.23,0.0123,2,0.07,0,0
7440,40.42,0.0123,2,0.34,0,0
7441,84.74,0.0123,2,0.9,1,1
7442,36.77,4.8088,2,0.15,0,0
7443,41.63,0.0123,0,0.66,1,0
7444,19.57,0.0123,0,0.78,0,0
7445,425.54,0.0123,0,0.39,0,0
7446,78.17,0.0123,2,0.35,0,0
7447,242.47,0.0123,0,0.22,0,0
7448,23.49,0.0123,2,0.46,0,0
7449,22.33,0.0123,0,0.88,0,0
7450,23.76,0.0123,2,0.08,0,0
7451,16.5,0.0123,1,0.48,0,0
7452,585.81,0.0123,0,0.96,0,1
7453,13.27,0.0123,0,0.45,0,0
7454,28.76,0.0123,2,0.91,0,0
7455,78.8,0.0123,0,0.19,1,0
7456,43.75,0.0123,2,0.84,0,0
7457,33.31,0.0123,1,0.42,0,0
7458,29.63,0.0123,0,0.7,1,0
7459,45.54,0.0123,1,0.55,1,0
7460,19.05,0.0123,2,0.04,0,0
7461,74.83,0.0123,2,0.02,0,0
7462,30.58,4.8088,2,0.31,0,0
7463,62.16,0.0123,1,0.49,0,0
7464,26.16,0.0123,1,0.49,0,0
7465,30.7,0.0123,2,0.24,1,0
7466,31.17,0.0123,0,0.51,0,0
7467,22.5,0.0123,2,0.59,0,0
7468,43.85,0.0123,0,0.71,0,0
7469,41.66,0.0123,1,0.54,0,0
7470,79.96,0.0123,0,0.7,0,0
7471,15.7,0.0123,2,0.04,0,0
7472,44.35,4.8088,2,0.2,1,1
7473,35.96,0.0123,2,0.04,0,0
7474,55.36,4.8088,2,0.14,0,0
7475,32.61,0.0123,2,0.86,0,0
7476,55.98,0.0123,0,0.22,0,0
7477,17.67,0.0123,0,0.04,0,0
7478,8.37,0.0123,2,0.62,0,0
7479,78.12,0.0123,0,0.76,0,0
7480,11.19,0.0123,1,0.77,0,0
7481,2294.36,0.0123,0,0.33,0,1
7482,178.27,0.0123,0,0.93,1,1
7483,28.14,0.0123,1,0.9,0,0
7484,12.06,0.0123,1,0.85,0,0
7485,41.04,0.0123,0,0.36,1,0
7486,68.45,0.0123,2,0.02,0,0
7487,22.39,0.0123,2,0.34,1,0
7488,2806.2,0.0123,2,0.81,0,1
7489,37.59,0.0123,0,0.93,0,0
7490,56.3,0.0123,0,0.12,0,0
7491,1399.64,0.0123,0,0.49,0,1
7492,628.48,0.0123,2,0.57,0,0
7493,1315.27,0.0123,1,0.36,0,1
7494,68.24,0.0123,0,0.02,0,0
7495,13.19,0.0123,0,0.55,0,0
7496,76.92,0.0123,2,0.59,0,0
7497,46.6,0.0123,2,0.84,1,1
7498,29.46,0.0123,2,0.87,0,0
7499,33.4,0.0123,0,0.87,0,0
7500,48.92,0.0123,2,0.91,0,0
7501,29.56,4.8088,2,0.45,0,0
7502,18.04,0.0123,1,0.96,0,0
7503,28.24,0.0123,1,0.06,0,0
7504,17.44,0.0123,0,0.41,0,0
7505,20.47,0.0123,2,0.44,0,0
7506,78.28,0.0123,0,0.25,1,0
7507,79.36,0.0123,0,0.52,0,0
7508,20.03,0.0123,1,0.22,0,0
7509,1166.84,0.0123,2,0.46,0,0
7510,26.37,0.0123,0,0.18,0,0
7511,7.45,0.0123,0,0.8,0,0
7512,27.65,0.0123,2,0.21,0,0
7513,541.04,0.0123,0,0.59,0,0
7514,49.51,0.0123,0,0.31,0,0
7515,30.85,0.0123,2,0.44,0,0
7516,26.63,4.8088,2,0.6,0,0
7517,10.71,0.0123,2,0.31,0,0
7518,53.54,0.0123,1,0.5,0,0
7519,60.61,0.0123,1,0.57,0,0
7520,116.04,0.0123,0,0.86,0,0
7521,10.73,4.8088,2,0.33,1,1
7522,12.58,4.8088,2,0.3,0,0
7523,36.26,0.0123,0,0.65,1,0
7524,15.65,0.0123,0,0.33,0,0
7525,31.22,0.0123,2,0.78,0,0
7526,55.53,0.0123,0,0.61,0,0
7527,310.42,4.8088,1,0.96,1,1
7528,42.84,0.0123,2,0.07,1,0
7529,263.22,0.0123,1,0.2,0,0
7530,53.62,0.0123,0,0.33,1,0
7531,51.05,0.0123,2,0.4,1,0
7532,38.86,0.0123,1,0.75,1,0
7533,25.44,0.0123,0,0.43,0,0
7534,15.61,0.0123,1,0.86,0,0
7535,42.57,0.0123,0,0.88,0,0
7536,26.52,0.0123,0,0.71,1,0
7537,5.74,0.0123,1,0.73,0,0
7538,19.97,0.0123,2,0.61,0,0
7539,1344.11,0.0123,1,0.14,0,1
7540,3511.05,0.0123,0,0.74,0,1
7541,803.37,0.0123,0,0.88,0,1
7542,341.92,0.0123,0,0.61,0,0
7543,25.72,0.0123,2,0.47,0,0
7544,28.84,4.8088,2,0.01,0,0
7545,73.23,0.0123,1,0.87,0,0
7546,21.42,0.0123,0,0.72,0,0
7547,1208.14,0.0123,2,0.26,1,1
7548,36.08,0.0123,2,0.84,0,0
7549,73.64,0.0123,2,0.15,0,0
7550,18.22,0.0123,2,0.59,0,0
7551,22.97,0.0123,2,0.37,0,0
7552,63.17,0.0123,2,0.42,1,0
7553,32.66,0.0123,0,1.0,1,1
7554,35.28,0.0123,2,0.88,0,0
7555,18.05,0.0123,0,0.86,0,0
7556,46.14,0.0123,2,0.35,0,0
7557,45.5,0.0123,2,0.93,0,0
7558,65.79,0.0123,2,0.32,0,0
7559,28.55,0.0123,0,0.2,1,0
7560,22.48,0.0123,2,0.08,1,0
7561,46.43,0.0123,2,0.11,1,0
7562,47.7,0.0123,2,0.54,0,0
7563,40.21,0.0123,2,0.45,0,0
7564,59.06,0.0123,0,0.45,0,0
7565,68.15,0.0123,0,0.35,1,0
7566,2133.56,0.0123,0,0.0,1,1
7567,930.51,0.0123,2,0.22,0,1
7568,10.77,4.8088,0,0.77,0,0
7569,52.97,0.0123,0,0.59,0,0
7570,1095.67,0.0123,1,0.6,0,0
7571,7.87,0.0123,2,0.89,0,0
7572,70.39,0.0123,0,0.25,0,0
7573,24.23,0.0123,2,0.54,0,0
7574,18.07,0.0123,0,0.49,0,0
7575,18.56,0.0123,2,0.56,0,0
7576,17.25,0.0123,1,0.21,0,0
7577,23.1,4.8088,2,0.16,0,0
7578,80.22,0.0123,2,0.76,0,0
7579,302.99,0.0123,2,0.87,0,0
7580,34.62,0.0123,1,0.86,0,0
7581,61.54,0.0123,0,0.76,0,0
7582,147.26,0.0123,0,0.19,0,0
7583,2191.56,0.0123,1,0.59,0,1
7584,8.88,0.0123,0,0.8,0,0
7585,50.91,0.0123,0,0.19,0,0
7586,28.76,0.0123,2,0.3,0,0
7587,75.57,0.0123,1,0.14,1,0
7588,5.24,0.0123,2,0.42,0,0
7589,30.85,0.0123,0,0.3,1,0
7590,15.33,0.0123,0,0.09,0,0
7591,1641.57,0.0123,2,0.1,0,1
7592,68.98,0.0123,0,0.68,0,0
7593,730.06,0.0123,2,0.59,0,0
7594,7.44,0.0123,2,0.23,0,0
7595,103.88,0.0123,0,0.74,0,0
7596,121.79,0.0123,0,0.36,0,0
7597,1793.97,0.0123,0,0.66,1,1
7598,490.6,0.0123,0,0.27,0,0
7599,26.31,0.0123,2,0.02,0,0
7600,36.01,0.0123,1,0.29,0,0
7601,34.89,0.0123,0,0.99,0,0
7602,26.0,0.0123,0,0.72,0,0
7603,2050.99,0.0123,0,0.3,0,1
7604,134.7,0.0123,1,0.17,0,0
7605,9.64,0.0123,2,0.57,1,0
7606,37.91,0.0123,0,0.61,0,0
7607,40.46,0.0123,2,0.32,1,0
7608,74.04,0.0123,0,0.87,0,0
7609,28.88,0.0123,2,0.09,0,0
7610,12.78,4.8088,2,0.04,0,0
7611,86.95,0.0123,1,0.78,0,0
7612,16.1,0.0123,2,0.84,0,0
7613,1706.13,0.0123,2,0.24,0,0
7614,1888.85,0.0123,2,0.64,1,1
7615,16.0,0.0123,2,0.62,0,0
7616,10.8,0.0123,1,0.54,0,0
7617,750.93,0.0123,1,0.5,0,0
7618,24.34,0.0123,2,0.12,1,0
7619,37.89,0.0123,0,0.34,0,0
7620,16.32,0.0123,0,0.57,1,0
7621,64.57,0.0123,2,0.26,0,0
7622,89.26,0.0123,2,0.0,0,0
7623,31.02,0.0123,0,0.12,0,0
7624,56.21,0.0123,2,0.11,1,0
7625,29.65,0.0123,0,0.11,0,0
7626,58.49,0.0123,2,0.51,0,0
7627,712.57,0.0123,0,0.34,0,0
7628,10.94,0.0123,0,0.07,0,0
7629,1475.41,0.0123,2,0.16,0,0
7630,7.61,0.0123,2,0.56,0,0
7631,31.94,4.8088,0,0.72,0,0
7632,27.65,0.0123,2,0.89,1,1
7633,23.66,0.0123,0,0.19,0,0
7634,496.45,0.0123,2,0.25,0,0
7635,56.11,0.0123,2,0.24,0,0
7636,88.5,0.0123,0,0.27,0,0
7637,22.53,0.0123,0,0.7,1,0
7638,518.54,0.0123,0,0.07,0,0
7639,13.61,0.0123,1,0.97,1,1
7640,72.23,0.0123,0,0.13,0,0
7641,47.61,0.0123,2,0.73,0,0
7642,32.73,0.0123,1,0.99,0,0
7643,97.46,0.0123,2,0.09,0,0
7644,707.15,0.0123,0,0.6,0,0
7645,141.32,0.0123,0,0.24,0,0
7646,53.55,0.0123,0,0.81,1,1
7647,30.32,0.0123,2,0.52,0,0
7648,75.13,0.0123,0,0.86,1,1
7649,97.08,0.0123,2,0.54,0,0
7650,17.16,0.0123,2,0.91,1,1
7651,16.8,4.8088,2,0.65,0,0
7652,54.97,0.0123,2,0.3,1,0
7653,39.44,0.0123,2,0.96,0,0
7654,35.96,0.0123,0,0.99,1,1
7655,25.83,0.0123,2,0.74,1,0
7656,16.42,0.0123,2,0.32,0,0
7657,30.29,4.8088,1,0.13,0,0
7658,33.21,0.0123,0,0.47,0,0
7659,21.92,0.0123,2,0.28,0,0
7660,734.3,0.0123,0,0.33,0,0
7661,28.48,4.8088,2,0.61,0,0
7662,50.39,0.0123,0,0.21,0,0
7663,86.64,0.0123,2,0.63,0,0
7664,18.16,0.0123,2,0.7,0,0
7665,91.44,0.0123,2,0.48,1,0
7666,141.77,0.0123,2,0.36,0,0
7667,19.74,0.0123,0,0.88,0,0
7668,13.38,0.0123,0,0.82,1,1
7669,50.21,0.0123,0,0.57,0,0
7670,30.21,0.0123,2,0.15,0,0
7671,33.62,0.0123,2,0.96,0,0
7672,3958.8,0.0123,0,0.79,0,1
7673,19.09,0.0123,0,0.69,0,0
7674,15.66,0.0123,2,0.61,0,0
7675,13.24,4.8088,2,0.06,0,0
7676,33.16,0.0123,0,0.67,0,0
7677,24.51,0.0123,0,0.9,0,0
7678,368.0,0.0123,2,0.56,0,0
7679,20.9,0.0123,0,0.78,1,0
7680,46.43,0.0123,2,0.66,0,0
7681,1359.35,0.0123,0,0.87,0,1
7682,33.82,0.0123,0,0.27,1,0
7683,21.95,0.0123,2,0.34,0,0
7684,23.24,0.0123,2,0.88,1,1
7685,93.44,0.0123,0,0.98,0,0
7686,560.81,0.0123,0,0.36,0,0
7687,42.86,0.0123,2,0.86,0,0
7688,79.34,0.0123,0,0.12,0,0
7689,22.58,0.0123,0,0.63,1,0
7690,86.78,0.0123,2,0.65,1,0
7691,11.92,0.0123,2,0.86,0,0
7692,31.53,0.0123,0,0.99,1,1
7693,9.96,0.0123,0,0.4,0,0
7694,74.37,0.0123,0,0.43,0,0
7695,53.24,0.0123,0,0.6,0,0
7696,389.14,0.0123,0,0.88,0,1
7697,44.91,0.0123,0,0.64,0,0
7698,606.66,0.0123,0,0.27,0,0
7699,37.84,0.0123,2,0.67,0,0
7700,27.36,0.0123,0,0.46,1,0
7701,19.85,0.0123,0,0.52,1,0
7702,15.81,0.0123,0,0.15,1,0
7703,19.35,0.0123,0,0.92,0,0
7704,27.17,0.0123,2,0.47,0,0
7705,53.93,0.0123,0,0.17,1,0
7706,13.55,0.0123,2,0.45,0,0
7707,103.64,0.0123,2,0.83,0,0
7708,42.85,0.0123,1,0.21,0,0
7709,47.71,0.0123,2,0.78,0,0
7710,12.47,0.0123,0,0.97,0,0
7711,38.51,0.0123,0,0.63,0,0
7712,39.64,0.0123,2,0.25,1,0
7713,37.82,0.0123,0,0.39,0,0
7714,815.5,0.0123,0,0.54,1,1
7715,8.27,0.0123,2,0.15,0,0
7716,25.66,0.0123,0,1.0,0,0
7717,27.92,0.0123,0,0.61,1,0
7718,5.32,0.0123,0,0.67,0,0
7719,22.76,0.0123,0,0.39,1,0
7720,9.69,0.0123,0,0.68,0,0
7721,56.24,0.0123,2,0.96,0,0
7722,453.23,0.0123,2,0.94,1,1
7723,55.76,0.0123,2,0.42,1,0
7724,27.28,0.0123,2,0.14,0,0
7725,18.28,0.0123,0,0.77,0,0
7726,81.99,0.0123,1,0.46,0,0
7727,62.95,0.0123,2,0.44,0,0
7728,56.0,0.0123,2,0.04,0,0
7729,262.56,0.0123,2,0.87,1,1
7730,46.97,0.0123,2,0.61,1,0
7731,26.0,0.0123,1,0.37,0,0
7732,32.11,0.0123,2,0.28,0,0
7733,217.19,0.0123,2,0.22,0,0
7734,31.36,0.0123,2,0.06,0,0
7735,997.32,0.0123,2,0.3,0,1
7736,38.65,0.0123,2,0.57,0,0
7737,1366.2,0.0123,0,0.55,0,1
7738,27.48,4.8088,2,0.42,0,0
7739,912.7,0.0123,0,0.17,0,0
7740,15.36,0.0123,0,0.71,0,0
7741,454.06,0.0123,2,0.33,0,0
7742,48.56,0.0123,0,0.29,0,0
7743,27.41,0.0123,2,0.19,0,0
7744,749.27,0.0123,0,0.39,0,0
7745,62.85,0.0123,2,0.32,0,0
7746,24.84,0.0123,2,0.91,1,1
7747,19.5,0.0123,0,0.69,1,0
7748,19.19,0.0123,0,0.51,0,0
7749,259.17,0.0123,0,0.31,1,0
7750,19.42,0.0123,0,0.74,0,0
7751,6.09,0.0123,0,0.13,0,0
7752,30.77,0.0123,1,0.65,0,0
7753,10.01,0.0123,0,0.17,0,0
7754,12.32,0.0123,0,0.6,0,0
7755,53.28,0.0123,2,0.03,1,0
7756,27.26,0.0123,2,0.69,0,0
7757,71.65,0.0123,2,0.15,0,0
7758,43.76,0.0123,0,0.13,1,0
7759,497.6,0.0123,0,0.44,1,1
7760,101.97,0.0123,2,0.56,0,0
7761,37.6,0.0123,2,0.43,0,0
7762,17.85,0.0123,0,0.28,0,0
7763,53.17,0.0123,0,0.4,1,0
7764,24.18,0.0123,0,0.83,1,1
7765,92.14,0.0123,2,0.89,0,0
7766,138.35,0.0123,1,0.04,1,0
7767,15.74,0.0123,0,0.25,0,0
7768,22.79,0.0123,1,0.87,0,0
7769,6.45,0.0123,0,0.75,0,0
7770,67.18,0.0123,2,0.47,0,0
7771,23.05,0.0123,2,0.18,0,0
7772,12.59,0.0123,1,0.03,0,0
7773,48.77,0.0123,0,0.42,0,0
7774,904.77,4.8088,0,0.5,0,1
7775,10.88,0.0123,2,0.09,0,0
7776,27.16,0.0123,0,0.8,1,1
7777,27.83,0.0123,2,0.61,0,0
7778,32.41,0.0123,0,0.64,0,0
7779,58.07,0.0123,0,0.49,1,0
7780,41.16,0.0123,1,0.12,0,0
7781,76.0,0.0123,0,0.75,0,0
7782,17.02,4.8088,0,0.64,0,0
7783,19.29,0.0123,0,0.56,0,0
7784,13.4,4.8088,2,0.61,0,0
7785,46.28,0.0123,0,0.55,0,0
7786,48.55,0.0123,0,0.4,0,0
7787,20.16,0.0123,0,0.19,0,0
7788,26.99,0.0123,0,0.01,1,0
7789,9.19,0.0123,2,0.73,0,0
7790,568.97,0.0123,2,0.11,0,0
7791,92.19,0.0123,0,0.73,0,0
7792,51.77,0.0123,2,0.2,0,0
7793,93.52,0.0123,0,0.88,1,1
7794,41.49,0.0123,0,0.96,0,0
7795,550.4,0.0123,2,0.32,0,0
7796,58.58,4.8088,0,0.82,0,1
7797,260.13,0.0123,0,0.21,0,0
7798,682.88,0.0123,2,0.62,0,0
7799,78.52,0.0123,1,0.29,0,0
7800,87.5,0.0123,1,0.27,0,0
7801,6.66,0.0123,0,0.67,0,0
7802,23.06,0.0123,2,0.57,0,0
7803,13.21,0.0123,0,0.17,1,0
7804,30.02,0.0123,0,0.75,1,0
7805,62.65,0.0123,2,0.96,0,0
7806,925.61,0.0123,0,0.76,0,0
7807,117.27,0.0123,1,0.12,1,0
7808,32.65,0.0123,2,0.48,0,0
7809,23.73,4.8088,2,0.12,0,0
7810,82.88,0.0123,0,0.07,0,0
7811,11.84,0.0123,2,0.08,0,0
7812,30.5,0.0123,2,0.21,0,0
7813,164.07,4.8088,2,0.6,0,0
7814,13.77,0.0123,1,0.77,0,0
7815,66.09,0.0123,0,0.01,0,0
7816,56.1,0.0123,2,0.89,1,1
7817,5.39,0.0123,0,0.37,0,0
7818,3.75,0.0123,2,0.4,0,0
7819,43.17,0.0123,0,0.51,0,0
7820,15.29,0.0123,2,0.18,0,0
7821,11.45,0.0123,2,0.37,0,0
7822,406.33,0.0123,0,0.57,0,0
7823,868.87,0.0123,2,0.91,0,1
7824,21.65,0.0123,0,0.71,1,0
7825,20.57,0.0123,2,0.81,0,0
7826,44.89,0.0123,2,0.94,0,0
7827,11.16,0.0123,1,0.26,0,0
7828,14.39,0.0123,0,0.29,0,0
7829,50.67,0.0123,0,0.96,0,0
7830,587.11,0.0123,0,0.3,0,0
7831,26.69,0.0123,0,0.14,0,0
7832,147.59,0.0123,0,0.91,0,0
7833,24.82,0.0123,2,0.82,0,0
7834,58.69,0.0123,0,0.19,0,0
7835,11.44,0.0123,2,0.63,0,0
7836,83.51,0.0123,2,0.2,0,0
7837,8.47,0.0123,2,0.81,1,1
7838,40.7,0.0123,1,0.83,0,0
7839,37.34,0.0123,2,0.81,1,1
7840,27.47,0.0123,1,0.01,0,0
7841,13.44,0.0123,0,0.14,0,0
7842,59.13,0.0123,2,0.82,0,0
7843,118.2,0.0123,2,0.85,0,0
7844,62.7,0.0123,2,0.76,0,0
7845,16.61,0.0123,2,0.36,0,0
7846,92.03,0.0123,0,0.94,0,0
7847,11.18,0.0123,0,0.04,0,0
7848,25.42,0.0123,0,0.47,1,0
7849,493.73,0.0123,0,0.23,1,1
7850,911.11,0.0123,0,0.37,0,1
7851,21.21,0.0123,2,0.19,0,0
7852,22.7,0.0123,0,0.53,1,0
7853,32.24,0.0123,2,0.9,0,0
7854,7.69,0.0123,2,0.07,1,0
7855,18.27,0.0123,0,0.76,0,0
7856,25.13,0.0123,0,0.46,0,0
7857,30.52,0.0123,2,0.87,0,0
7858,16.15,0.0123,0,0.8,0,0
7859,16.79,0.0123,0,0.56,0,0
7860,23.29,0.0123,0,0.49,1,0
7861,41.26,0.0123,2,0.4,0,0
7862,27.36,0.0123,2,0.55,0,0
7863,90.04,0.0123,2,0.72,0,0
7864,36.62,0.0123,0,0.63,1,0
7865,32.32,0.0123,0,0.58,0,0
7866,75.41,0.0123,2,0.65,0,0
7867,60.75,0.0123,1,0.22,0,0
7868,101.13,0.0123,1,0.17,0,0
7869,34.76,0.0123,2,0.23,0,0
7870,21.82,0.0123,2,0.97,1,1
7871,52.42,0.0123,0,0.46,0,0
7872,18.16,0.0123,2,0.88,0,0
7873,98.24,0.0123,2,0.63,0,0
7874,58.42,0.0123,0,0.14,1,0
7875,248.67,0.0123,2,0.98,0,0
7876,73.17,0.0123,2,0.13,0,0
7877,22.37,0.0123,1,0.96,1,1
7878,8.91,0.0123,2,0.6,1,0
7879,28.29,0.0123,2,0.98,0,0
7880,40.67,0.0123,0,0.72,0,0
7881,11.4,0.0123,2,0.7,0,0
7882,49.46,0.0123,0,0.04,0,0
7883,927.95,0.0123,2,0.39,0,0
7884,43.12,0.0123,2,0.01,0,0
7885,50.14,0.0123,2,0.65,0,0
7886,34.74,0.0123,1,0.18,0,0
7887,22.9,0.0123,2,0.78,0,0
7888,8.52,0.0123,2,0.82,0,0
7889,47.25,0.0123,0,0.96,1,1
7890,37.23,0.0123,2,0.72,0,0
7891,19.96,0.0123,0,0.2,0,0
7892,83.42,0.0123,2,0.53,0,0
7893,44.93,0.0123,2,0.51,0,0
7894,1454.33,0.0123,0,0.67,0,1
7895,1319.45,0.0123,2,0.98,0,1
7896,14.27,0.0123,2,0.59,1,0
7897,44.68,0.0123,2,0.42,0,0
7898,7.99,0.0123,2,0.08,0,0
7899,12.57,0.0123,0,0.83,0,0
7900,43.89,0.0123,2,0.03,1,0
7901,351.74,0.0123,0,0.8,0,0
7902,37.74,0.0123,2,0.08,0,0
7903,35.36,0.0123,2,0.76,0,0
7904,34.8,0.0123,0,0.45,0,0
7905,2830.77,0.0123,0,0.09,0,1
7906,60.82,0.0123,2,0.86,0,0
7907,31.93,0.0123,2,0.87,0,0
7908,49.79,0.0123,0,0.37,0,0
7909,25.12,0.0123,1,0.9,0,0
7910,36.42,0.0123,0,0.06,0,0
7911,2234.93,0.0123,0,0.06,1,1
7912,13.59,0.0123,0,0.65,0,0
7913,4.85,0.0123,2,0.58,0,0
7914,24.87,0.0123,1,0.18,0,0
7915,10.62,4.8088,2,0.45,0,0
7916,12.76,0.0123,2,0.95,0,0
7917,23.46,0.0123,2,0.99,0,0
7918,36.3,4.8088,2,0.56,0,0
7919,1197.21,0.0123,2,0.82,0,1
7920,531.65,0.0123,0,0.35,1,0
7921,21.56,0.0123,0,0.73,0,0
7922,13.52,4.8088,2,0.66,1,1
7923,32.64,0.0123,2,0.0,0,0
7924,55.61,0.0123,0,0.86,0,0
7925,37.92,0.0123,0,0.42,0,0
7926,24.79,0.0123,0,0.62,0,0
7927,2057.48,0.0123,0,0.04,0,1
7928,258.0,0.0123,1,0.91,0,0
7929,29.73,0.0123,2,0.37,1,0
7930,47.21,0.0123,2,0.94,0,0
7931,17.78,0.0123,2,0.12,0,0
7932,54.89,0.0123,0,0.9,0,0
7933,16.89,0.0123,0,0.13,0,0
7934,1162.77,0.0123,2,0.15,0,1
7935,118.23,0.0123,2,0.36,0,0
7936,32.37,4.8088,0,0.21,0,0
7937,13.98,0.0123,0,0.4,1,0
7938,313.18,0.0123,0,0.97,0,0
7939,30.78,0.0123,2,0.2,0,0
7940,17.24,0.0123,2,0.18,0,0
7941,996.38,0.0123,2,0.05,0,0
7942,39.1,0.0123,1,0.86,1,1
7943,618.08,0.0123,2,0.46,0,0
7944,23.06,0.0123,0,0.85,1,1
7945,276.44,0.0123,2,0.25,1,0
7946,506.54,0.0123,0,0.47,0,0
7947,10.24,0.0123,2,0.03,0,0
7948,60.34,0.0123,0,0.42,0,0
7949,28.39,0.0123,2,0.85,0,0
7950,10.24,0.0123,0,0.53,0,0
7951,51.93,0.0123,2,0.48,0,0
7952,25.68,0.0123,1,0.78,0,0
7953,17.89,0.0123,2,0.05,0,0
7954,33.12,0.0123,0,0.06,0,0
7955,101.79,0.0123,2,0.32,0,0
7956,63.8,0.0123,0,0.68,0,0
7957,55.25,0.0123,1,0.53,0,0
7958,50.75,0.0123,0,0.25,0,0
7959,92.53,0.0123,0,0.15,0,0
7960,82.66,4.8088,0,0.62,0,0
7961,24.98,4.8088,0,0.36,1,1
7962,29.74,0.0123,2,0.86,0,0
7963,37.89,0.0123,0,0.98,0,0
7964,48.83,0.0123,2,1.0,0,0
7965,110.26,0.0123,0,0.35,0,0
7966,71.46,0.0123,0,0.46,0,0
7967,10.09,0.0123,2,0.67,0,0
7968,27.0,0.0123,1,0.93,0,0
7969,54.99,0.0123,2,0.37,0,0
7970,40.88,0.0123,2,0.8,0,0
7971,970.61,0.0123,0,0.23,1,1
7972,74.1,0.0123,0,0.98,0,0
7973,43.45,0.0123,2,0.22,0,0
7974,16.13,0.0123,0,0.42,1,0
7975,29.44,0.0123,2,0.54,0,0
7976,13.34,0.0123,0,0.06,0,0
7977,12.71,0.0123,0,0.74,0,0
7978,152.15,0.0123,2,0.1,0,0
7979,37.65,0.0123,0,0.15,0,0
7980,27.36,4.8088,0,0.81,0,1
7981,32.27,0.0123,0,0.07,1,0
7982,36.04,0.0123,2,0.26,1,0
7983,23.49,0.0123,1,0.18,0,0
7984,77.92,0.0123,2,0.29,0,0
7985,15.61,0.0123,0,0.01,0,0
7986,29.55,0.0123,1,0.23,0,0
7987,27.2,0.0123,0,1.0,0,0
7988,43.66,0.0123,0,0.38,0,0
7989,29.99,0.0123,1,0.17,0,0
7990,37.81,0.0123,0,0.83,1,1
7991,34.84,0.0123,2,0.52,0,0
7992,25.26,0.0123,2,0.34,0,0
7993,21.5,0.0123,2,0.82,0,0
7994,54.68,0.0123,2,0.69,0,0
7995,25.57,0.0123,0,0.59,0,0
7996,24.04,0.0123,0,0.59,1,0
7997,30.55,0.0123,2,0.97,0,0
7998,10.6,0.0123,0,0.02,0,0
7999,59.33,0.0123,2,0.09,0,0
8000,6.32,0.0123,0,0.94,1,1
8001,1601.79,0.0123,2,0.99,1,1
8002,14.71,0.0123,0,0.14,0,0
8003,269.36,0.0123,0,0.28,1,0
8004,29.38,0.0123,0,0.03,1,0
8005,55.99,0.0123,1,0.35,0,0
8006,1136.26,0.0123,0,0.99,1,1
8007,28.01,0.0123,0,0.58,1,0
8008,38.49,0.0123,0,0.1,1,0
8009,46.53,0.0123,1,0.36,0,0
8010,56.93,0.0123,0,0.03,1,0
8011,29.11,0.0123,2,0.32,0,0
8012,53.24,0.0123,1,0.19,1,0
8013,47.64,0.0123,0,0.77,0,0
8014,30.91,0.0123,0,0.76,1,0
8015,60.75,0.0123,0,0.58,0,0
8016,13.22,0.0123,0,0.83,0,0
8017,46.49,0.0123,0,0.91,1,1
8018,35.41,0.0123,0,0.02,1,0
8019,59.09,0.0123,0,0.64,1,0
8020,31.65,0.0123,0,0.74,0,0
8021,87.91,0.0123,2,0.98,0,0
8022,11.21,0.0123,0,0.57,0,0
8023,46.65,0.0123,2,0.8,1,0
8024,87.51,0.0123,2,0.57,0,0
8025,11.36,0.0123,0,0.21,0,0
8026,1862.57,0.0123,2,0.45,0,1
8027,41.43,0.0123,0,0.94,0,0
8028,54.14,0.0123,2,0.95,0,0
8029,7.28,0.0123,2,0.12,0,0
8030,5.82,0.0123,0,0.41,0,0
8031,99.05,0.0123,0,0.0,1,0
8032,36.47,0.0123,0,0.32,0,0
8033,62.92,0.0123,1,0.51,1,0
8034,72.8,4.8088,0,0.98,1,1
8035,79.28,0.0123,0,0.43,0,0
8036,18.33,0.0123,2,0.84,0,0
8037,256.86,0.0123,0,0.05,0,0
8038,24.69,0.0123,2,0.25,1,0
8039,21.73,0.0123,2,0.86,1,1
8040,42.97,4.8088,2,0.98,1,1
8041,12.43,0.0123,2,0.81,0,0
8042,27.81,0.0123,2,0.99,1,1
8043,631.79,0.0123,2,0.48,1,0
8044,330.41,0.0123,0,0.66,1,0
8045,27.84,0.0123,2,0.67,0,0
8046,57.57,0.0123,0,0.85,0,0
8047,332.24,0.0123,2,0.0,1,1
8048,18.53,0.0123,2,0.63,0,0
8049,481.18,0.0123,0,0.98,0,0
8050,16.49,0.0123,2,0.21,0,0
8051,3624.97,0.0123,2,1.0,0,1
8052,58.86,0.0123,0,0.68,0,0
8053,52.75,0.0123,2,0.08,0,0
8054,23.64,0.0123,0,0.65,0,0
8055,20.53,0.0123,2,0.39,0,0
8056,10.98,0.0123,0,0.39,1,0
8057,287.88,0.0123,2,0.23,0,0
8058,56.08,0.0123,0,0.31,0,0
8059,17.21,0.0123,2,0.36,0,0
8060,17.85,0.0123,2,0.45,1,0
8061,23.93,0.0123,0,0.09,1,0
8062,33.45,0.0123,0,0.55,0,0
8063,423.52,0.0123,0,0.07,0,0
8064,37.37,0.0123,0,0.98,0,0
8065,31.03,0.0123,0,0.97,0,0
8066,15.9,4.8088,2,0.46,0,0
8067,29.06,0.0123,0,0.39,0,0
8068,24.14,0.0123,0,0.4,1,0
8069,71.42,0.0123,0,0.07,0,0
8070,71.99,0.0123,2,0.63,0,0
8071,24.25,0.0123,2,0.98,0,0
8072,38.73,0.0123,0,0.17,1,0
8073,13.89,0.0123,0,0.0,1,0
8074,16.7,0.0123,2,0.85,0,0
8075,52.83,0.0123,0,0.85,0,0
8076,31.82,0.0123,0,0.26,0,0
8077,24.04,0.0123,0,0.38,0,0
8078,21.22,0.0123,2,0.73,1,0
8079,101.4,0.0123,2,0.54,0,0
8080,8.84,0.0123,0,1.0,0,0
8081,42.69,0.0123,0,0.94,1,1
8082,12.74,0.0123,2,0.56,0,0
8083,32.15,0.0123,0,0.48,0,0
8084,707.15,0.0123,0,0.71,0,0
8085,572.26,0.0123,2,0.43,0,0
8086,14.55,0.0123,1,0.67,0,0
8087,31.01,0.0123,2,0.11,0,0
8088,916.76,0.0123,1,0.1,0,0
8089,640.54,0.0123,1,0.58,0,1
8090,12.74,0.0123,2,0.93,0,0
8091,1907.9,0.0123,2,0.65,0,1
8092,29.28,0.0123,1,0.06,0,0
8093,8.37,0.0123,1,0.95,0,0
8094,20.55,0.0123,0,0.25,1,0
8095,40.63,0.0123,1,0.62,0,0
8096,100.35,0.0123,0,0.68,0,0
8097,428.06,0.0123,0,0.94,0,0
8098,92.45,0.0123,0,0.99,1,1
8099,81.13,0.0123,0,0.05,0,0
8100,24.58,0.0123,2,0.38,0,0
8101,25.47,0.0123,2,0.36,0,0
8102,28.92,0.0123,2,0.9,1,1
8103,6.71,0.0123,0,0.93,0,0
8104,53.13,0.0123,0,0.24,0,0
8105,105.7,0.0123,0,0.58,0,0
8106,36.49,0.0123,0,0.22,0,0
8107,20.39,0.0123,0,0.37,0,0
8108,50.25,0.0123,2,0.8,0,0
8109,545.63,0.0123,2,0.12,0,0
8110,24.29,0.0123,2,0.47,1,0
8111,69.56,0.0123,2,0.54,0,0
8112,634.47,0.0123,0,0.35,1,1
8113,12.16,4.8088,1,0.04,0,0
8114,1295.49,0.0123,0,0.37,0,1
8115,52.77,0.0123,0,0.21,0,0
8116,49.16,0.0123,1,0.58,0,0
8117,22.36,0.0123,1,0.46,1,0
8118,15.69,0.0123,2,0.81,0,0
8119,107.24,0.0123,0,0.22,1,0
8120,30.07,0.0123,1,0.24,0,0
8121,36.73,4.8088,1,0.82,1,1
8122,23.5,0.0123,0,0.54,0,0
8123,659.39,0.0123,0,0.4,0,1
8124,22.82,0.0123,0,0.43,0,0
8125,47.4,0.0123,0,0.88,0,0
8126,44.27,0.0123,0,0.74,0,0
8127,252.49,0.0123,2,0.84,0,0
8128,51.69,0.0123,2,0.95,0,0
8129,527.55,0.0123,2,0.07,0,0
8130,25.44,0.0123,2,0.55,0,0
8131,19.59,0.0123,0,0.98,1,1
8132,447.44,0.0123,2,0.28,0,0
8133,33.42,0.0123,0,0.97,1,1
8134,32.02,0.0123,0,0.17,0,0
8135,14.7,0.0123,0,0.49,0,0
8136,10.78,0.0123,2,0.18,1,0
8137,1770.81,0.0123,2,0.03,0,0
8138,77.17,0.0123,0,0.67,0,0
8139,45.95,0.0123,2,0.62,1,0
8140,43.21,0.0123,1,0.86,0,0
8141,48.12,0.0123,0,0.96,0,0
8142,21.63,0.0123,1,0.7,0,0
8143,20.46,0.0123,0,0.98,0,0
8144,35.62,4.8088,0,0.63,0,0
8145,16.2,0.0123,2,0.87,0,0
8146,78.12,0.0123,2,0.04,0,0
8147,18.73,0.0123,0,0.33,1,0
8148,37.13,0.0123,0,0.57,0,0
8149,7.84,0.0123,1,0.84,0,0
8150,37.75,0.0123,1,0.78,0,0
8151,50.71,0.0123,0,0.83,0,0
8152,28.47,0.0123,0,0.12,0,0
8153,14.57,0.0123,0,0.52,0,0
8154,31.12,0.0123,2,0.45,1,0
8155,37.94,0.0123,0,0.15,0,0
8156,41.29,0.0123,2,0.66,1,0
8157,22.72,0.0123,2,0.7,0,0
8158,24.34,0.0123,2,0.13,0,0
8159,43.6,0.0123,0,0.18,0,0
8160,503.41,0.0123,0,0.25,1,0
8161,39.99,0.0123,1,0.63,1,0
8162,2742.38,0.0123,1,0.87,1,1
8163,422.54,0.0123,2,0.43,0,0
8164,43.84,0.0123,0,0.22,0,0
8165,67.28,0.0123,2,0.21,0,0
8166,12.71,0.0123,0,0.9,1,1
8167,50.85,0.0123,2,0.95,0,0
8168,1740.58,0.0123,2,0.92,0,1
8169,43.43,0.0123,2,0.14,0,0
8170,46.0,0.0123,0,0.79,0,0
8171,32.19,0.0123,2,0.76,1,0
8172,40.81,0.0123,2,0.26,0,0
8173,20.04,0.0123,2,0.84,0,0
8174,465.82,0.0123,0,0.41,0,0
8175,74.46,0.0123,0,0.75,1,0
8176,43.62,0.0123,0,0.93,0,0
8177,30.94,0.0123,2,0.75,0,0
8178,19.17,4.8088,0,0.5,0,0
8179,17.83,0.0123,2,0.02,0,0
8180,38.46,0.0123,2,0.84,0,0
8181,82.09,4.8088,2,0.52,0,0
8182,11.18,0.0123,0,0.79,0,0
8183,63.02,0.0123,2,0.51,0,0
8184,81.65,0.0123,0,0.28,0,0
8185,825.3,0.0123,0,0.88,0,1
8186,10.85,4.8088,2,0.99,0,1
8187,252.73,0.0123,0,0.04,0,0
8188,72.24,0.0123,0,0.82,0,0
8189,1554.17,0.0123,0,0.27,1,1
8190,277.19,0.0123,2,0.42,0,0
8191,40.57,0.0123,0,0.03,0,0
8192,23.53,0.0123,2,0.35,0,0
8193,36.7,0.0123,0,0.4,1,0
8194,20.63,0.0123,0,0.96,0,0
8195,28.5,0.0123,0,0.79,0,0
8196,36.12,0.0123,2,0.49,0,0
8197,4505.6,0.0123,2,0.27,0,1
8198,22.84,0.0123,2,0.94,0,0
8199,57.88,4.8088,0,0.82,0,1
8200,27.0,0.0123,0,0.56,1,0
8201,30.61,0.0123,1,0.73,1,0
8202,22.09,0.0123,0,0.31,0,0
8203,801.42,0.0123,2,0.58,0,0
8204,20.54,0.0123,1,0.92,0,0
8205,271.08,0.0123,2,0.93,0,0
8206,69.62,0.0123,1,0.67,1,0
8207,1894.0,0.0123,0,0.28,0,1
8208,66.45,0.0123,2,0.51,1,0
8209,64.27,0.0123,0,0.92,0,0
8210,46.89,0.0123,2,0.09,0,0
8211,17.02,0.0123,0,0.85,0,0
8212,21.2,0.0123,2,0.21,0,0
8213,2359.17,0.0123,0,0.19,0,1
8214,16.16,0.0123,0,0.15,0,0
8215,71.94,0.0123,2,0.76,0,0
8216,347.69,0.0123,2,0.32,0,0
8217,28.47,0.0123,1,0.17,0,0
8218,11.4,0.0123,2,0.53,0,0
8219,20.02,4.8088,2,0.17,0,0
8220,36.84,0.0123,2,0.57,0,0
8221,7.47,0.0123,2,0.92,0,0
8222,35.43,0.0123,0,0.94,0,0
8223,67.52,0.0123,0,0.91,0,0
8224,383.68,0.0123,0,0.59,0,0
8225,21.88,4.8088,2,0.57,1,1
8226,22.66,0.0123,0,0.07,0,0
8227,38.36,0.0123,2,0.43,0,0
8228,34.28,0.0123,0,0.05,0,0
8229,32.67,0.0123,2,0.2,0,0
8230,35.81,0.0123,2,0.14,1,0
8231,51.92,0.0123,2,0.72,0,0
8232,28.51,0.0123,2,0.16,0,0
8233,33.85,4.8088,0,0.55,1,1
8234,1740.3,0.0123,2,0.78,0,1
8235,49.78,0.0123,2,0.36,0,0
8236,25.05,0.0123,0,0.82,0,0
8237,24.45,0.0123,0,0.76,0,0
8238,43.61,0.0123,0,0.1,0,0
8239,20.08,0.0123,0,0.13,0,0
8240,20.79,0.0123,0,0.34,0,0
8241,21.76,0.0123,0,0.84,0,0
8242,22.06,0.0123,0,0.66,0,0
8243,16.24,0.0123,0,0.69,0,0
8244,23.4,0.0123,0,0.92,1,1
8245,70.15,0.0123,0,0.42,0,0
8246,26.38,0.0123,0,0.49,0,0
8247,790.24,0.0123,2,0.58,0,0
8248,54.74,0.0123,2,0.99,0,0
8249,42.72,0.0123,2,0.93,0,0
8250,12.8,0.0123,0,0.19,0,0
8251,30.14,0.0123,1,0.47,1,0
8252,49.13,0.0123,2,0.54,0,0
8253,10.05,4.8088,2,0.72,0,0
8254,213.76,0.0123,0,0.89,0,0
8255,35.68,0.0123,0,0.51,1,0
8256,13.12,0.0123,1,0.91,0,0
8257,513.22,0.0123,2,0.72,0,0
8258,13.84,0.0123,2,0.46,1,0
8259,14.33,0.0123,0,0.72,1,0
8260,26.17,0.0123,0,0.85,0,0
8261,46.33,0.0123,0,0.46,0,0
8262,16.68,0.0123,0,0.26,0,0
8263,14.26,0.0123,1,0.6,0,0
8264,40.09,0.0123,2,0.45,0,0
8265,2967.05,0.0123,2,0.28,0,1
8266,61.07,0.0123,2,0.92,0,0
8267,60.37,0.0123,2,0.12,0,0
8268,20.81,0.0123,2,0.97,1,1
8269,47.62,0.0123,2,0.68,1,0
8270,909.14,0.0123,2,0.08,0,0
8271,37.81,0.0123,2,0.76,0,0
8272,89.17,4.8088,0,0.02,0,0
8273,53.37,0.0123,1,0.47,0,0
8274,13.95,0.0123,0,0.83,0,0
8275,73.48,0.0123,2,0.28,0,0
8276,19.41,0.0123,0,0.57,1,0
8277,21.53,0.0123,0,0.46,0,0
8278,290.08,0.0123,2,0.95,0,1
8279,52.27,0.0123,0,0.84,0,0
8280,31.52,0.0123,2,0.71,0,0
8281,6.81,0.0123,0,0.47,1,0
8282,2432.69,0.0123,2,0.46,0,1
8283,446.09,0.0123,2,0.49,0,0
8284,26.69,0.0123,1,0.35,1,0
8285,87.22,0.0123,1,0.05,0,0
8286,28.09,0.0123,0,0.51,1,0
8287,19.64,0.0123,0,0.88,1,1
8288,21.9,0.0123,0,0.14,1,0
8289,863.2,0.0123,2,0.69,0,0
8290,21.81,0.0123,0,0.52,0,0
8291,2477.07,0.0123,2,0.68,1,1
8292,31.62,0.0123,1,0.16,0,0
8293,10.95,0.0123,2,0.6,0,0
8294,61.35,0.0123,0,0.18,0,0
8295,48.93,0.0123,0,0.07,0,0
8296,551.65,0.0123,2,0.62,0,0
8297,60.29,0.0123,0,0.4,0,0
8298,16.66,4.8088,2,0.97,0,1
8299,417.53,0.0123,2,0.86,0,0
8300,23.76,4.8088,2,0.41,0,0
8301,834.98,0.0123,0,0.59,0,0
8302,57.3,0.0123,0,0.28,0,0
8303,613.8,0.0123,2,0.62,0,0
8304,36.98,0.0123,0,0.41,0,0
8305,19.72,0.0123,0,0.49,1,0
8306,18.1,0.0123,2,0.56,1,0
8307,37.37,0.0123,0,0.96,0,0
8308,1404.92,0.0123,2,0.33,1,1
8309,13.6,0.0123,2,0.51,1,0
8310,16.44,0.0123,0,0.2,0,0
8311,53.62,0.0123,1,0.79,0,0
8312,55.82,0.0123,0,0.32,0,0
8313,42.61,0.0123,0,0.86,0,0
8314,23.46,0.0123,2,0.75,0,0
8315,2085.29,0.0123,0,0.72,0,1
8316,35.81,0.0123,1,0.67,0,0
8317,28.78,0.0123,2,0.43,0,0
8318,48.11,0.0123,2,0.91,0,0
8319,69.98,0.0123,2,0.64,0,0
8320,58.02,0.0123,0,0.25,0,0
8321,20.37,0.0123,2,0.6,0,0
8322,53.64,0.0123,0,0.43,0,0
8323,68.82,0.0123,0,0.92,0,0
8324,25.22,0.0123,2,0.36,0,0
8325,14.39,0.0123,2,0.94,0,0
8326,720.23,0.0123,0,0.55,1,1
8327,24.23,0.0123,2,0.74,1,0
8328,22.61,0.0123,1,0.99,0,0
8329,47.31,0.0123,0,0.26,0,0
8330,31.62,0.0123,0,0.13,0,0
8331,160.23,0.0123,0,0.84,1,1
8332,34.44,0.0123,0,0.8,0,0
8333,63.04,0.0123,0,0.78,1,0
8334,43.26,0.0123,0,0.8,0,0
8335,11.77,0.0123,0,0.06,0,0
8336,313.33,0.0123,2,0.29,0,0
8337,397.39,0.0123,2,0.39,1,0
8338,29.33,0.0123,2,0.48,0,0
8339,29.89,0.0123,2,0.15,1,0
8340,77.94,0.0123,0,0.71,0,0
8341,12.95,0.0123,2,0.69,0,0
8342,2383.31,0.0123,0,0.9,1,1
8343,39.77,0.0123,0,0.82,0,0
8344,116.7,0.0123,2,0.6,1,0
8345,33.77,0.0123,2,0.11,0,0
8346,169.21,0.0123,2,0.95,0,0
8347,15.79,0.0123,0,0.15,0,0
8348,26.28,0.0123,0,0.62,0,0
8349,98.05,0.0123,2,0.98,0,0
8350,64.37,0.0123,2,0.28,0,0
8351,9.87,0.0123,2,0.1,0,0
8352,128.67,0.0123,2,0.56,0,0
8353,13.18,0.0123,0,0.05,0,0
8354,25.07,4.8088,2,0.01,0,0
8355,35.8,0.0123,0,0.39,1,0
8356,65.99,0.0123,0,0.65,0,0
8357,60.13,0.0123,0,0.76,1,0
8358,335.54,0.0123,2,0.9,0,0
8359,37.57,4.8088,2,0.13,0,0
8360,14.41,0.0123,0,0.7,0,0
8361,48.88,0.0123,0,0.25,0,0
8362,639.29,0.0123,2,0.0,0,0
8363,2122.25,4.8088,2,0.18,0,1
8364,12.97,0.0123,2,0.71,0,0
8365,25.63,0.0123,1,0.96,0,0
8366,15.91,0.0123,2,0.45,1,0
8367,19.59,0.0123,0,0.62,0,0
8368,7.38,0.0123,2,0.65,1,0
8369,188.64,0.0123,0,0.08,0,0
8370,52.96,0.0123,2,0.08,0,0
8371,62.17,0.0123,0,0.81,0,0
8372,21.36,0.0123,0,0.96,0,0
8373,23.87,0.0123,1,0.36,0,0
8374,12.45,0.0123,1,0.39,0,0
8375,2329.53,0.0123,0,0.05,0,1
8376,35.34,0.0123,0,0.25,0,0
8377,21.5,0.0123,0,0.95,1,1
8378,9.77,0.0123,2,0.17,0,0
8379,48.83,0.0123,2,0.86,0,0
8380,79.42,4.8088,0,0.4,1,1
8381,32.77,0.0123,2,0.94,0,0
8382,65.78,0.0123,2,0.81,0,0
8383,8.64,0.0123,2,0.35,0,0
8384,47.11,0.0123,0,0.93,0,0
8385,16.05,0.0123,2,0.23,0,0
8386,31.32,0.0123,1,0.92,0,0
8387,747.23,0.0123,1,0.44,0,0
8388,425.34,0.0123,2,0.83,1,1
8389,41.35,4.8088,0,0.18,0,0
8390,46.61,4.8088,0,0.23,1,1
8391,26.67,0.0123,2,0.48,1,0
8392,23.29,0.0123,0,0.41,0,0
8393,14.21,0.0123,0,0.89,0,0
8394,60.7,0.0123,2,0.66,1,0
8395,3047.33,0.0123,2,0.99,0,1
8396,20.39,0.0123,2,0.04,0,0
8397,496.83,4.8088,0,0.77,0,0
8398,2666.32,0.0123,0,0.5,0,1
8399,60.57,0.0123,0,0.89,1,1
8400,47.4,0.0123,0,0.93,1,1
8401,22.18,0.0123,1,0.36,1,0
8402,35.29,0.0123,0,0.4,0,0
8403,805.48,0.0123,2,0.28,0,0
8404,3105.81,0.0123,0,0.39,0,1
8405,28.12,0.0123,0,0.34,0,0
8406,55.2,0.0123,0,0.91,0,0
8407,620.9,0.0123,1,0.1,0,0
8408,97.49,4.8088,2,0.84,0,1
8409,227.55,0.0123,2,0.46,0,0
8410,27.1,0.0123,0,0.87,1,1
8411,9.74,0.0123,2,0.19,0,0
8412,404.43,0.0123,2,0.42,0,0
8413,24.97,0.0123,0,0.51,0,0
8414,21.94,0.0123,2,0.75,0,0
8415,631.34,0.0123,2,0.04,0,0
8416,66.59,0.0123,0,0.11,0,0
8417,46.44,0.0123,0,0.65,0,0
8418,64.51,0.0123,1,0.77,0,0
8419,69.77,0.0123,2,0.88,0,0
8420,92.91,4.8088,2,0.34,1,1
8421,16.23,0.0123,0,0.29,0,0
8422,28.84,4.8088,0,0.05,1,1
8423,13.38,0.0123,2,0.13,0,0
8424,31.69,0.0123,0,0.96,0,0
8425,21.77,0.0123,2,0.18,0,0
8426,21.82,4.8088,2,0.31,0,0
8427,17.75,4.8088,0,0.49,0,0
8428,14.02,0.0123,0,0.96,0,0
8429,12.48,4.8088,0,0.76,1,1
8430,22.81,0.0123,2,0.04,0,0
8431,17.91,0.0123,2,0.44,0,0
8432,9.93,0.0123,2,0.34,0,0
8433,17.55,0.0123,0,0.35,0,0
8434,13.81,0.0123,0,0.09,1,0
8435,860.42,0.0123,0,0.92,0,1
8436,32.78,0.0123,2,0.79,0,0
8437,62.62,0.0123,2,0.5,0,0
8438,61.17,0.0123,0,0.29,0,0
8439,32.07,0.0123,2,0.11,0,0
8440,62.35,0.0123,0,0.85,0,0
8441,85.14,0.0123,2,0.34,0,0
8442,7683.01,0.0123,0,0.31,0,1
8443,18.83,0.0123,0,0.18,0,0
8444,31.45,0.0123,2,0.43,0,0
8445,52.29,0.0123,0,0.29,1,0
8446,75.86,0.0123,2,0.43,0,0
8447,34.72,0.0123,2,0.5,0,0
8448,10.06,0.0123,2,0.34,0,0
8449,786.28,0.0123,2,0.47,0,0
8450,58.48,0.0123,2,0.44,0,0
8451,1423.01,0.0123,2,0.72,0,0
8452,40.92,0.0123,2,0.04,1,0
8453,90.42,0.0123,0,0.68,0,0
8454,11.35,0.0123,0,0.83,0,0
8455,36.16,0.0123,0,0.83,1,1
8456,38.32,0.0123,2,0.47,0,0
8457,12.11,0.0123,2,0.41,0,0
8458,11.67,0.0123,2,0.42,0,0
8459,97.66,0.0123,1,0.41,0,0
8460,35.42,0.0123,2,0.69,1,0
8461,32.97,0.0123,2,0.07,0,0
8462,33.59,0.0123,2,0.72,0,0
8463,97.71,0.0123,1,0.82,1,1
8464,13.13,0.0123,2,0.28,0,0
8465,1260.2,0.0123,0,0.88,0,1
8466,20.62,0.0123,2,0.04,0,0
8467,14.37,0.0123,0,0.78,0,0
8468,16.65,0.0123,2,0.52,0,0
8469,18.11,0.0123,2,0.78,0,0
8470,33.95,0.0123,2,0.3,0,0
8471,17.31,0.0123,2,0.67,0,0
8472,5.47,0.0123,1,0.17,0,0
8473,1800.03,0.0123,2,0.38,0,1
8474,10.51,0.0123,0,0.09,0,0
8475,912.49,0.0123,2,0.24,1,1
8476,28.02,0.0123,2,0.52,0,0
8477,24.06,0.0123,2,0.31,0,0
8478,60.87,0.0123,0,0.85,0,0
8479,79.94,0.0123,2,0.54,0,0
8480,35.14,0.0123,2,0.78,0,0
8481,47.84,0.0123,0,0.81,0,0
8482,56.35,0.0123,2,0.49,0,0
8483,10.72,0.0123,0,0.5,0,0
8484,23.52,0.0123,1,0.76,0,0
8485,11.24,0.0123,0,0.69,0,0
8486,31.71,0.0123,0,0.29,0,0
8487,39.49,0.0123,1,0.79,1,0
8488,21.0,0.0123,0,0.98,0,0
8489,39.42,0.0123,0,0.88,0,0
8490,2835.41,0.0123,0,0.01,0,1
8491,44.56,0.0123,0,0.74,1,0
8492,34.53,0.0123,2,0.47,1,0
8493,56.37,0.0123,0,0.29,0,0
8494,47.63,0.0123,0,0.13,0,0
8495,65.46,0.0123,0,0.51,0,0
8496,27.82,0.0123,2,0.44,0,0
8497,115.62,0.0123,0,0.33,1,0
8498,48.83,0.0123,0,0.12,0,0
8499,51.04,0.0123,0,0.43,0,0
8500,20.35,4.8088,0,0.01,0,0
8501,100.52,0.0123,2,0.65,1,0
8502,31.97,0.0123,2,0.18,0,0
8503,11.73,0.0123,0,0.16,0,0
8504,78.75,0.0123,0,0.6,0,0
8505,18.48,4.8088,2,0.29,0,0
8506,69.4,0.0123,2,0.9,1,1
8507,384.04,0.0123,2,0.03,1,0
8508,15.79,4.8088,2,0.39,0,0
8509,31.96,0.0123,0,0.37,0,0
8510,5.43,0.0123,2,0.3,1,0
8511,29.34,0.0123,2,0.48,0,0
8512,21.69,4.8088,1,0.3,0,0
8513,24.65,0.0123,0,0.47,1,0
8514,835.5,0.0123,0,0.35,0,0
8515,42.47,0.0123,2,0.19,1,0
8516,31.96,4.8088,2,0.27,0,0
8517,34.57,0.0123,2,0.53,0,0
8518,28.99,0.0123,2,0.05,0,0
8519,12.89,0.0123,0,0.21,1,0
8520,249.58,0.0123,2,0.31,0,0
8521,9.16,0.0123,2,0.36,0,0
8522,45.02,0.0123,2,0.68,0,0
8523,38.68,0.0123,2,0.09,0,0
8524,12.89,0.0123,2,0.02,0,0
8525,10.48,0.0123,1,1.0,0,0
8526,39.13,0.0123,2,0.98,0,0
8527,37.3,0.0123,0,0.86,0,0
8528,9.76,0.0123,1,0.34,1,0
8529,32.59,0.0123,0,0.33,0,0
8530,35.86,0.0123,0,0.48,0,0
8531,55.39,0.0123,0,0.1,1,0
8532,129.54,0.0123,0,0.46,0,0
8533,9.49,0.0123,0,0.07,1,0
8534,1488.04,0.0123,0,0.45,1,1
8535,42.4,0.0123,1,0.89,0,0
8536,65.93,0.0123,2,0.95,0,0
8537,16.7,0.0123,2,0.86,1,1
8538,7.96,0.0123,0,0.74,1,0
8539,17.1,0.0123,2,0.93,0,0
8540,80.17,0.0123,2,0.14,0,0
8541,27.88,0.0123,2,0.15,1,0
8542,39.68,0.0123,1,0.47,0,0
8543,14.55,0.0123,0,0.79,1,0
8544,515.44,0.0123,0,0.09,0,0
8545,26.62,0.0123,2,0.0,0,0
8546,71.35,0.0123,0,0.62,0,0
8547,37.62,0.0123,2,0.32,0,0
8548,753.03,0.0123,2,0.35,1,1
8549,1838.16,0.0123,2,0.94,1,1
8550,30.13,0.0123,0,0.71,0,0
8551,50.26,4.8088,0,0.02,0,0
8552,26.55,0.0123,2,0.81,0,0
8553,10.49,0.0123,0,0.92,0,0
8554,32.38,0.0123,1,0.63,0,0
8555,29.22,0.0123,0,0.73,0,0
8556,45.49,0.0123,0,0.07,0,0
8557,433.47,0.0123,1,0.23,0,0
8558,41.29,0.0123,1,0.93,0,0
8559,30.92,0.0123,0,0.65,1,0
8560,30.81,0.0123,0,0.8,0,0
8561,62.32,0.0123,2,0.94,0,0
8562,13.68,0.0123,0,0.75,0,0
8563,7.91,0.0123,0,0.69,0,0
8564,46.69,0.0123,0,0.51,0,0
8565,2305.98,0.0123,0,0.36,0,1
8566,22.26,0.0123,0,0.44,0,0
8567,86.5,0.0123,2,0.29,0,0
8568,47.42,0.0123,0,0.78,0,0
8569,92.9,0.0123,2,0.45,0,0
8570,116.38,0.0123,2,0.96,0,0
8571,53.25,0.0123,0,0.07,0,0
8572,9.7,0.0123,2,0.41,0,0
8573,11.11,0.0123,2,0.68,0,0
8574,36.31,0.0123,1,0.79,1,0
8575,73.82,0.0123,0,0.01,0,0
8576,24.79,0.0123,0,0.98,0,0
8577,40.8,0.0123,2,0.51,0,0
8578,17.99,0.0123,2,0.1,1,0
8579,14.3,4.8088,0,0.87,1,1
8580,65.35,0.0123,2,0.02,0,0
8581,1771.8,0.0123,0,0.32,0,1
8582,59.62,0.0123,0,0.7,0,0
8583,28.45,0.0123,2,0.62,0,0
8584,10.04,0.0123,2,0.39,1,0
8585,41.7,0.0123,0,0.48,0,0
8586,11.86,0.0123,0,0.29,0,0
8587,358.76,0.0123,2,0.63,0,0
8588,54.82,0.0123,0,0.41,0,0
8589,35.26,0.0123,2,0.72,0,0
8590,54.06,0.0123,0,0.52,0,0
8591,16.62,0.0123,0,0.32,1,0
8592,2202.86,0.0123,0,0.15,0,1
8593,12.45,0.0123,2,0.45,0,0
8594,33.37,4.8088,0,0.66,0,0
8595,48.49,0.0123,0,0.56,0,0
8596,279.86,0.0123,0,0.06,0,0
8597,38.04,0.0123,2,0.13,1,0
8598,70.85,0.0123,0,0.39,0,0
8599,29.56,0.0123,0,0.77,0,0
8600,17.06,0.0123,2,0.33,1,0
8601,44.19,0.0123,1,0.81,0,0
8602,71.28,0.0123,2,0.05,0,0
8603,51.76,4.8088,0,0.41,0,0
8604,29.16,0.0123,0,0.7,0,0
8605,15.93,0.0123,0,0.38,0,0
8606,1157.08,0.0123,2,0.73,0,1
8607,41.56,0.0123,2,0.89,0,0
8608,29.48,0.0123,2,0.63,1,0
8609,27.3,0.0123,2,0.29,0,0
8610,10.13,0.0123,1,0.56,0,0
8611,95.53,0.0123,2,0.9,0,0
8612,17.54,0.0123,2,0.02,0,0
8613,80.44,0.0123,0,0.9,0,0
8614,8.57,0.0123,2,0.77,0,0
8615,41.4,0.0123,0,0.51,0,0
8616,12.57,0.0123,0,0.85,0,0
8617,32.1,0.0123,0,0.45,0,0
8618,27.74,0.0123,2,0.75,0,0
8619,13.72,0.0123,2,0.25,0,0
8620,39.42,0.0123,1,0.92,0,0
8621,74.65,0.0123,2,0.58,1,0
8622,82.96,0.0123,0,0.8,0,0
8623,152.78,0.0123,1,0.44,0,0
8624,22.04,0.0123,0,0.11,0,0
8625,93.19,0.0123,2,0.82,0,0
8626,13.73,0.0123,0,0.52,0,0
8627,71.99,0.0123,2,0.72,0,0
8628,40.33,0.0123,0,0.72,1,0
8629,24.32,0.0123,2,0.0,0,0
8630,35.71,4.8088,0,0.11,0,0
8631,19.62,0.0123,0,0.58,0,0
8632,18.36,0.0123,2,0.97,0,0
8633,50.34,0.0123,2,0.74,0,0
8634,30.33,0.0123,1,0.15,0,0
8635,25.98,4.8088,2,0.96,0,1
8636,77.38,0.0123,2,0.54,0,0
8637,35.48,0.0123,0,0.07,0,0
8638,393.98,0.0123,2,0.26,0,0
8639,48.42,0.0123,2,0.8,0,0
8640,59.87,0.0123,2,0.5,0,0
8641,20.46,0.0123,2,0.32,0,0
8642,22.72,0.0123,0,0.15,0,0
8643,21.29,0.0123,0,0.07,1,0
8644,473.85,0.0123,0,0.43,0,0
8645,14.48,0.0123,0,0.77,1,0
8646,114.82,0.0123,2,0.45,0,0
8647,34.8,0.0123,2,0.04,0,0
8648,29.29,0.0123,2,0.26,0,0
8649,20.1,0.0123,1,0.84,0,0
8650,36.3,0.0123,2,0.08,0,0
8651,15.26,0.0123,2,0.62,0,0
8652,569.47,0.0123,0,0.44,1,1
8653,8.91,0.0123,2,0.33,1,0
8654,9.89,0.0123,2,0.1,0,0
8655,29.54,4.8088,0,0.7,0,0
8656,36.16,0.0123,0,0.3,0,0
8657,33.2,0.0123,0,0.98,0,0
8658,191.13,4.8088,2,0.75,0,0
8659,49.3,0.0123,0,0.17,0,0
8660,30.88,0.0123,2,0.31,0,0
8661,58.33,0.0123,1,0.52,0,0
8662,666.09,0.0123,2,0.33,1,1
8663,40.92,0.0123,0,0.76,0,0
8664,43.35,0.0123,0,0.07,0,0
8665,30.71,0.0123,0,0.6,1,0
8666,23.12,0.0123,0,0.15,0,0
8667,21.39,0.0123,1,0.58,1,0
8668,45.65,0.0123,2,0.91,0,0
8669,67.26,0.0123,0,0.86,0,0
8670,51.91,0.0123,2,0.46,0,0
8671,22.84,0.0123,2,0.0,1,0
8672,56.09,0.0123,0,0.8,0,0
8673,14.18,4.8088,0,0.56,0,0
8674,34.7,0.0123,2,0.85,0,0
8675,4.97,0.0123,2,0.71,0,0
8676,25.41,0.0123,2,0.49,0,0
8677,42.09,0.0123,2,0.25,0,0
8678,26.64,0.0123,0,0.97,0,0
8679,30.83,0.0123,0,0.77,0,0
8680,36.81,0.0123,2,0.42,0,0
8681,112.36,4.8088,1,0.88,1,1
8682,149.98,0.0123,2,0.55,0,0
8683,44.57,0.0123,1,0.53,0,0
8684,625.35,0.0123,2,0.25,0,0
8685,39.4,0.0123,0,0.39,0,0
8686,62.66,0.0123,2,0.23,1,0
8687,22.82,0.0123,0,0.04,0,0
8688,32.26,0.0123,0,0.79,0,0
8689,61.86,0.0123,0,0.06,0,0
8690,33.75,0.0123,0,0.94,0,0
8691,33.33,0.0123,2,0.24,1,0
8692,15.31,0.0123,2,0.71,1,0
8693,14.92,0.0123,0,0.36,0,0
8694,38.81,0.0123,0,0.48,0,0
8695,8.05,0.0123,2,0.35,0,0
8696,579.01,0.0123,0,0.61,0,0
8697,4.1,0.0123,2,0.9,0,0
8698,20.27,0.0123,2,0.61,0,0
8699,18.63,4.8088,0,0.18,0,0
8700,52.66,0.0123,2,0.53,0,0
8701,58.34,0.0123,0,0.46,0,0
8702,589.77,0.0123,2,0.63,0,0
8703,12.44,0.0123,0,0.42,1,0
8704,6.15,0.0123,2,0.57,0,0
8705,39.3,0.0123,0,0.3,0,0
8706,29.49,0.0123,0,0.32,1,0
8707,537.26,0.0123,2,0.2,1,0
8708,26.61,4.8088,0,0.88,0,1
8709,59.66,0.0123,2,0.11,0,0
8710,75.29,0.0123,0,0.34,0,0
8711,55.97,0.0123,1,0.08,0,0
8712,25.66,0.0123,0,0.83,1,1
8713,57.62,0.0123,2,0.2,0,0
8714,89.13,0.0123,0,0.64,0,0
8715,52.59,0.0123,0,1.0,0,0
8716,35.7,0.0123,0,0.65,0,0
8717,2575.17,0.0123,2,0.07,0,1
8718,29.07,0.0123,0,0.01,1,0
8719,38.31,0.0123,2,0.18,0,0
8720,27.43,0.0123,0,0.42,0,0
8721,48.8,0.0123,1,0.07,0,0
8722,22.88,0.0123,2,0.02,1,0
8723,156.61,0.0123,2,0.49,0,0
8724,11.72,0.0123,2,0.24,0,0
8725,35.08,0.0123,0,0.41,0,0
8726,72.77,0.0123,0,0.46,1,0
8727,46.98,0.0123,2,0.24,0,0
8728,1608.63,0.0123,0,0.2,0,1
8729,14.07,4.8088,2,0.1,0,0
8730,9.91,0.0123,0,0.23,0,0
8731,86.99,0.0123,0,0.4,0,0
8732,13.56,0.0123,0,0.46,0,0
8733,31.07,0.0123,2,0.77,0,0
8734,61.77,0.0123,2,0.74,1,0
8735,38.69,0.0123,1,0.06,0,0
8736,34.25,0.0123,0,0.75,0,0
8737,147.59,0.0123,1,0.3,1,1
8738,35.76,0.0123,2,0.95,1,1
8739,556.76,0.0123,2,0.62,0,0
8740,11.9,0.0123,1,0.91,0,0
8741,24.52,0.0123,2,0.67,0,0
8742,12.09,0.0123,2,0.19,1,0
8743,37.89,0.0123,0,0.73,0,0
8744,171.03,0.0123,2,0.55,0,0
8745,5.31,4.8088,0,0.7,0,0
8746,42.12,0.0123,1,0.98,0,0
8747,39.23,0.0123,1,0.96,0,0
8748,18.15,0.0123,0,0.56,1,0
8749,60.48,0.0123,2,0.58,1,0
8750,38.38,0.0123,0,0.9,1,1
8751,226.69,0.0123,0,0.29,0,0
8752,25.0,0.0123,0,0.19,0,0
8753,28.09,0.0123,2,0.34,0,0
8754,22.55,0.0123,0,0.36,0,0
8755,59.81,0.0123,0,0.88,0,0
8756,23.64,4.8088,1,0.61,0,0
8757,7.31,0.0123,1,0.86,0,0
8758,42.05,0.0123,2,0.4,1,0
8759,12.74,0.0123,0,0.11,0,0
8760,27.31,0.0123,2,0.75,1,0
8761,27.34,0.0123,1,0.11,0,0
8762,392.48,0.0123,1,0.66,0,0
8763,18.81,0.0123,2,0.82,0,0
8764,19.88,0.0123,2,0.06,0,0
8765,37.19,0.0123,2,0.13,0,0
8766,39.76,0.0123,0,0.64,0,0
8767,97.71,0.0123,2,0.0,0,0
8768,46.16,0.0123,0,0.38,1,0
8769,882.72,0.0123,1,0.14,0,0
8770,29.42,0.0123,2,0.55,0,0
8771,17.95,0.0123,2,0.26,0,0
8772,52.91,0.0123,2,0.74,1,0
8773,27.31,0.0123,0,0.39,0,0
8774,23.64,0.0123,2,0.42,0,0
8775,23.07,0.0123,2,0.34,0,0
8776,19.13,0.0123,0,0.44,0,0
8777,17.29,0.0123,2,0.67,0,0
8778,24.86,0.0123,1,0.15,0,0
8779,22.11,0.0123,0,0.67,1,0
8780,357.75,0.0123,2,0.37,0,0
8781,43.45,0.0123,1,0.79,0,0
8782,29.34,0.0123,0,0.0,0,0
8783,86.2,0.0123,0,0.69,0,0
8784,10.82,0.0123,2,0.12,0,0
8785,17.85,0.0123,2,0.03,0,0
8786,11.47,0.0123,2,0.49,0,0
8787,69.68,0.0123,2,0.82,0,0
8788,13.22,0.0123,2,0.59,1,0
8789,31.04,0.0123,0,0.82,0,0
8790,40.66,0.0123,2,0.58,0,0
8791,22.93,0.0123,0,0.8,0,0
8792,31.0,0.0123,0,0.04,0,0
8793,92.29,0.0123,0,0.17,1,0
8794,11.77,0.0123,0,0.02,1,0
8795,2262.63,0.0123,0,0.15,0,1
8796,402.84,4.8088,0,0.41,0,1
8797,406.12,0.0123,0,0.5,0,0
8798,96.99,0.0123,2,0.13,1,0
8799,10.97,0.0123,0,0.94,1,1
8800,25.65,0.0123,2,0.13,0,0
8801,15.67,0.0123,0,0.81,0,0
8802,14.47,0.0123,0,0.11,0,0
8803,2.58,0.0123,2,0.16,0,0
8804,17.83,0.0123,2,0.32,0,0
8805,16.84,0.0123,2,0.16,0,0
8806,41.41,0.0123,0,0.59,0,0
8807,20.54,0.0123,2,0.32,0,0
8808,1938.23,0.0123,1,0.49,0,1
8809,35.76,0.0123,0,0.18,1,0
8810,14.81,0.0123,0,0.22,0,0
8811,65.16,0.0123,2,0.34,0,0
8812,22.34,0.0123,2,0.41,0,0
8813,269.13,0.0123,2,0.55,0,0
8814,61.95,0.0123,2,0.69,0,0
8815,29.19,0.0123,2,0.37,0,0
8816,55.15,0.0123,2,0.77,0,0
8817,36.59,0.0123,0,0.35,1,0
8818,40.46,0.0123,0,0.96,1,1
8819,32.47,0.0123,2,0.03,0,0
8820,2809.9,0.0123,1,0.68,1,1
8821,10.38,0.0123,1,0.57,0,0
8822,12.98,0.0123,2,0.91,1,1
8823,732.37,0.0123,2,0.65,0,0
8824,88.33,0.0123,2,0.8,0,0
8825,41.36,4.8088,2,0.36,0,0
8826,13.51,0.0123,2,0.8,1,1
8827,50.04,0.0123,2,0.87,0,0
8828,10.41,0.0123,2,0.42,0,0
8829,35.2,0.0123,2,0.91,0,0
8830,85.21,0.0123,2,0.29,0,0
8831,23.58,0.0123,0,0.11,0,0
8832,62.32,0.0123,2,0.22,0,0
8833,23.24,0.0123,0,0.64,1,0
8834,14.61,0.0123,2,0.36,0,0
8835,17.24,0.0123,0,0.26,0,0
8836,115.02,0.0123,0,0.43,0,0
8837,7.56,0.0123,0,0.62,0,0
8838,35.68,0.0123,1,0.15,1,0
8839,14.28,4.8088,0,0.83,1,1
8840,25.12,0.0123,2,0.66,0,0
8841,30.82,0.0123,2,0.53,0,0
8842,100.86,0.0123,2,0.81,1,1
8843,32.36,0.0123,0,0.54,0,0
8844,11.99,0.0123,1,0.4,1,0
8845,20.47,4.8088,2,0.63,0,0
8846,28.05,4.8088,2,0.66,0,0
8847,68.88,0.0123,0,0.99,0,0
8848,113.6,0.0123,0,0.01,0,0
8849,230.08,0.0123,2,0.75,0,0
8850,63.04,0.0123,0,0.98,1,1
8851,21.76,4.8088,2,0.3,0,0
8852,2650.09,0.0123,2,0.16,0,1
8853,18.8,0.0123,1,0.79,0,0
8854,603.57,0.0123,0,0.13,1,1
8855,58.81,0.0123,0,0.68,1,0
8856,29.22,0.0123,1,0.78,0,0
8857,28.65,0.0123,0,0.08,0,0
8858,284.88,0.0123,2,0.11,1,0
8859,58.67,0.0123,0,0.97,0,0
8860,341.63,0.0123,2,0.62,0,0
8861,68.5,0.0123,2,0.38,1,0
8862,19.15,0.0123,1,0.07,0,0
8863,398.68,0.0123,2,0.44,0,0
8864,292.9,0.0123,2,0.09,0,0
8865,10.06,0.0123,0,0.54,0,0
8866,491.63,0.0123,2,0.07,0,0
8867,440.03,0.0123,0,0.93,0,0
8868,30.91,0.0123,0,0.76,1,0
8869,83.66,0.0123,1,0.96,0,0
8870,92.65,0.0123,1,0.35,0,0
8871,8.87,0.0123,1,0.66,0,0
8872,20.04,0.0123,0,0.93,0,0
8873,37.44,0.0123,2,0.33,0,0
8874,53.98,0.0123,0,0.9,0,0
8875,899.92,0.0123,0,0.16,0,1
8876,45.41,0.0123,2,0.47,0,0
8877,38.57,0.0123,1,0.14,0,0
8878,34.63,0.0123,2,0.46,0,0
8879,439.67,0.0123,1,0.53,0,0
8880,26.27,0.0123,0,0.33,0,0
8881,42.49,0.0123,2,0.21,0,0
8882,20.11,0.0123,0,0.59,1,0
8883,17.87,0.0123,2,0.48,0,0
8884,515.04,0.0123,2,0.77,1,0
8885,233.86,0.0123,0,0.72,0,0
8886,36.25,0.0123,0,0.68,0,0
8887,22.57,0.0123,0,0.89,1,1
8888,177.68,0.0123,1,0.89,0,0
8889,47.07,0.0123,2,0.84,1,1
8890,117.69,0.0123,2,0.88,0,0
8891,113.67,0.0123,2,0.87,0,0
8892,25.73,4.8088,2,0.61,1,1
8893,6.73,0.0123,0,0.22,0,0
8894,59.98,0.0123,1,0.48,0,0
8895,4.2,0.0123,1,0.55,0,0
8896,35.09,0.0123,2,0.87,0,0
8897,22.45,0.0123,1,0.01,0,0
8898,12.16,0.0123,2,0.09,0,0
8899,29.32,0.0123,0,0.72,1,0
8900,37.53,0.0123,0,0.97,0,0
8901,31.24,0.0123,0,0.75,0,0
8902,12.72,0.0123,0,0.83,0,0
8903,9.98,0.0123,1,0.23,0,0
8904,30.19,0.0123,0,0.54,1,0
8905,52.65,0.0123,2,0.65,1,0
8906,25.13,0.0123,0,0.18,0,0
8907,21.15,4.8088,1,0.51,0,0
8908,19.47,0.0123,0,0.01,0,0
8909,66.14,0.0123,0,0.32,0,0
8910,78.58,0.0123,1,0.27,0,0
8911,902.81,0.0123,0,0.18,1,1
8912,34.86,0.0123,2,0.06,0,0
8913,128.13,0.0123,2,0.61,0,0
8914,106.47,0.0123,2,0.46,0,0
8915,42.1,4.8088,2,0.34,1,1
8916,5.91,0.0123,2,0.25,1,0
8917,37.51,0.0123,2,0.55,0,0
8918,25.15,0.0123,0,0.75,0,0
8919,669.12,4.8088,2,0.35,0,1
8920,108.46,0.0123,0,0.88,0,0
8921,19.19,0.0123,0,0.0,0,0
8922,129.33,0.0123,2,0.34,0,0
8923,30.34,0.0123,1,0.9,0,0
8924,12.94,0.0123,0,0.27,0,0
8925,47.62,0.0123,1,0.86,0,0
8926,31.19,0.0123,2,0.32,0,0
8927,50.22,0.0123,0,0.32,1,0
8928,56.1,0.0123,2,0.32,0,0
8929,2140.04,0.0123,0,0.58,0,1
8930,24.53,0.0123,1,0.98,0,0
8931,380.37,0.0123,1,0.7,0,0
8932,39.43,0.0123,0,0.29,0,0
8933,33.17,0.0123,0,0.04,0,0
8934,9.46,0.0123,0,0.64,0,0
8935,53.59,0.0123,0,0.29,0,0
8936,28.73,0.0123,2,0.02,0,0
8937,29.91,0.0123,0,0.18,0,0
8938,58.79,0.0123,0,0.03,0,0
8939,612.84,0.0123,0,0.81,0,1
8940,11.63,4.8088,0,0.35,1,1
8941,22.96,0.0123,0,0.82,1,1
8942,50.36,0.0123,1,0.93,1,1
8943,48.23,0.0123,2,0.9,0,0
8944,40.33,0.0123,0,0.51,0,0
8945,22.41,0.0123,1,0.61,1,0
8946,34.64,0.0123,0,0.94,0,0
8947,27.07,0.0123,2,0.86,0,0
8948,78.33,0.0123,0,0.47,0,0
8949,107.18,0.0123,0,0.1,0,0
8950,2057.22,0.0123,2,0.49,0,1
8951,4.44,0.0123,0,0.91,0,0
8952,8.51,0.0123,0,0.34,0,0
8953,29.75,0.0123,1,0.29,0,0
8954,851.43,0.0123,2,0.56,0,0
8955,16.95,0.0123,2,0.83,0,0
8956,8.61,0.0123,0,0.24,0,0
8957,17.92,0.0123,0,0.12,0,0
8958,11.68,0.0123,2,0.72,0,0
8959,28.87,0.0123,2,0.78,1,0
8960,25.14,0.0123,0,0.52,0,0
8961,132.17,0.0123,2,0.9,0,0
8962,23.4,0.0123,0,0.25,1,0
8963,56.36,0.0123,2,0.64,0,0
8964,70.58,0.0123,2,0.11,0,0
8965,77.76,0.0123,0,0.91,0,0
8966,23.11,0.0123,0,0.33,1,0
8967,41.01,0.0123,0,0.36,0,0
8968,2580.52,0.0123,0,0.6,0,1
8969,42.09,0.0123,2,0.58,0,0
8970,67.57,0.0123,0,0.31,1,0
8971,162.21,0.0123,0,0.34,1,0
8972,81.54,0.0123,0,0.82,0,0
8973,33.86,0.0123,0,0.95,0,0
8974,46.27,4.8088,2,0.49,0,0
8975,53.66,0.0123,0,0.96,0,0
8976,71.71,0.0123,0,0.91,1,1
8977,31.59,0.0123,2,0.55,1,0
8978,39.56,0.0123,2,0.78,0,0
8979,2324.04,0.0123,2,0.82,1,1
8980,39.37,0.0123,0,0.2,0,0
8981,26.13,0.0123,0,0.23,1,0
8982,26.85,0.0123,0,0.47,0,0
8983,20.97,0.0123,0,0.9,1,1
8984,33.19,0.0123,0,0.16,1,0
8985,15.92,0.0123,2,0.56,0,0
8986,17.83,0.0123,0,0.64,1,0
8987,80.19,0.0123,2,0.48,0,0
8988,1933.68,0.0123,2,0.17,0,1
8989,521.97,0.0123,2,0.91,0,1
8990,30.52,0.0123,0,0.94,0,0
8991,30.93,0.0123,0,0.52,0,0
8992,21.62,0.0123,0,0.04,1,0
8993,49.14,0.0123,0,0.22,1,0
8994,48.33,0.0123,0,0.18,0,0
8995,12.04,0.0123,1,0.5,1,0
8996,43.09,0.0123,2,0.68,0,0
8997,27.6,0.0123,2,0.9,0,0
8998,54.44,4.8088,0,0.63,1,1
8999,18.47,0.0123,2,0.95,1,1
9000,11.37,0.0123,2,0.54,0,0
9001,33.64,0.0123,2,0.9,0,0
9002,47.78,0.0123,0,0.83,0,0
9003,37.3,0.0123,0,0.77,1,0
9004,13.26,0.0123,0,0.14,0,0
9005,165.2,0.0123,2,0.48,1,0
9006,21.32,0.0123,0,0.0,0,0
9007,57.76,0.0123,2,0.52,0,0
9008,47.47,0.0123,2,0.42,0,0
9009,51.37,0.0123,2,0.36,0,0
9010,69.83,0.0123,0,0.57,1,0
9011,33.22,0.0123,2,0.08,0,0
9012,13.15,0.0123,0,0.82,0,0
9013,24.04,0.0123,0,0.7,0,0
9014,54.98,0.0123,1,0.38,0,0
9015,18.29,0.0123,2,0.28,1,0
9016,51.97,0.0123,0,0.22,1,0
9017,108.46,0.0123,2,0.43,0,0
9018,8.73,0.0123,1,0.81,0,0
9019,107.01,0.0123,1,0.27,0,0
9020,12.33,0.0123,0,0.33,1,0
9021,751.19,0.0123,0,0.39,1,1
9022,24.94,0.0123,2,0.85,0,0
9023,81.53,0.0123,0,0.77,0,0
9024,22.73,0.0123,0,0.49,0,0
9025,30.32,0.0123,2,0.55,1,0
9026,35.21,0.0123,1,0.34,0,0
9027,29.2,0.0123,2,0.09,0,0
9028,93.82,0.0123,0,0.44,0,0
9029,15.14,0.0123,0,0.59,0,0
9030,9.93,0.0123,0,0.38,0,0
9031,212.02,0.0123,0,0.92,0,0
9032,11.24,0.0123,0,0.99,1,1
9033,1134.81,0.0123,0,0.0,0,1
9034,46.46,0.0123,2,0.64,0,0
9035,32.46,0.0123,2,0.21,0,0
9036,15.1,0.0123,2,0.89,1,1
9037,67.44,0.0123,0,0.14,0,0
9038,77.31,0.0123,0,0.39,1,0
9039,29.66,0.0123,2,0.84,0,0
9040,23.78,0.0123,2,0.85,0,0
9041,44.66,0.0123,1,0.89,1,1
9042,37.65,0.0123,2,0.94,0,0
9043,41.99,0.0123,1,0.36,0,0
9044,47.15,0.0123,0,0.73,0,0
9045,20.9,0.0123,2,0.33,0,0
9046,20.78,0.0123,2,0.21,0,0
9047,15.39,0.0123,2,0.1,0,0
9048,247.42,0.0123,2,0.06,0,0
9049,388.46,0.0123,2,0.93,0,0
9050,13.18,0.0123,2,0.23,1,0
9051,40.11,0.0123,0,0.68,1,0
9052,37.74,0.0123,0,0.3,0,0
9053,51.18,4.8088,2,0.12,0,0
9054,25.13,0.0123,0,0.38,0,0
9055,18.81,4.8088,0,0.7,0,0
9056,26.35,0.0123,2,0.93,1,1
9057,36.79,0.0123,2,0.46,0,0
9058,45.18,0.0123,2,0.41,1,0
9059,21.12,0.0123,1,0.77,0,0
9060,41.82,0.0123,2,0.3,1,0
9061,11.3,0.0123,2,0.85,1,1
9062,21.45,0.0123,2,0.27,0,0
9063,41.65,0.0123,2,0.15,0,0
9064,33.9,0.0123,0,0.41,0,0
9065,58.52,0.0123,2,0.93,0,0
9066,18.66,0.0123,0,0.55,0,0
9067,72.77,4.8088,0,0.58,0,0
9068,12.18,0.0123,0,0.05,0,0
9069,17.99,4.8088,0,0.87,0,1
9070,13.04,0.0123,2,0.75,1,0
9071,11.43,0.0123,0,0.6,1,0
9072,11.79,0.0123,2,0.38,0,0
9073,13.77,0.0123,2,0.69,1,0
9074,102.79,0.0123,0,0.98,0,0
9075,37.01,0.0123,2,0.29,1,0
9076,20.25,0.0123,2,0.73,1,0
9077,17.33,0.0123,2,0.76,0,0
9078,90.95,0.0123,0,0.19,0,0
9079,51.8,4.8088,2,0.36,0,0
9080,27.56,0.0123,0,0.18,1,0
9081,33.91,0.0123,0,0.81,0,0
9082,20.06,0.0123,0,0.0,0,0
9083,20.93,0.0123,0,0.3,0,0
9084,67.16,0.0123,0,0.86,0,0
9085,622.98,0.0123,0,0.93,0,1
9086,27.82,0.0123,0,0.04,1,0
9087,27.94,0.0123,2,0.71,0,0
9088,63.17,0.0123,0,0.84,0,0
9089,28.33,0.0123,2,0.08,1,0
9090,37.89,0.0123,0,0.71,0,0
9091,21.81,0.0123,2,0.51,1,0
9092,13.08,0.0123,0,0.89,1,1
9093,248.96,0.0123,2,0.62,1,0
9094,21.89,0.0123,0,0.98,0,0
9095,500.07,0.0123,0,0.86,0,0
9096,119.73,0.0123,2,0.11,0,0
9097,17.75,0.0123,0,0.54,0,0
9098,2264.21,0.0123,2,0.95,0,1
9099,79.49,4.8088,0,0.68,0,0
9100,66.08,0.0123,0,0.03,0,0
9101,3898.33,0.0123,2,0.15,0,1
9102,13.74,0.0123,0,0.98,0,0
9103,130.81,0.0123,2,0.22,1,0
9104,52.47,0.0123,0,0.25,0,0
9105,64.84,0.0123,2,0.6,1,0
9106,606.41,0.0123,1,0.39,1,1
9107,39.1,0.0123,2,0.66,0,0
9108,38.72,0.0123,1,0.09,0,0
9109,611.4,0.0123,0,0.2,0,0
9110,74.11,0.0123,2,0.28,0,0
9111,14.18,0.0123,2,0.13,0,0
9112,89.9,0.0123,2,0.49,0,0
9113,2501.1,0.0123,2,0.05,0,1
9114,159.67,0.0123,0,0.11,0,0
9115,61.42,0.0123,2,0.17,0,0
9116,107.36,0.0123,0,0.56,0,0
9117,57.82,0.0123,0,0.14,1,0
9118,52.32,0.0123,1,0.81,0,0
9119,27.5,0.0123,1,0.17,1,0
9120,21.11,0.0123,0,0.7,1,0
9121,7.26,0.0123,0,0.14,0,0
9122,8.33,0.0123,2,0.15,0,0
9123,24.05,0.0123,2,0.57,0,0
9124,51.03,0.0123,0,0.67,0,0
9125,60.32,4.8088,0,0.49,0,0
9126,31.95,0.0123,0,0.86,0,0
9127,19.11,0.0123,2,0.7,0,0
9128,54.02,0.0123,2,0.69,0,0
9129,54.75,0.0123,1,0.05,0,0
9130,34.92,0.0123,0,0.36,0,0
9131,60.01,0.0123,2,0.53,0,0
9132,7.94,0.0123,0,0.96,1,1
9133,48.74,0.0123,2,0.13,0,0
9134,33.69,0.0123,0,0.34,0,0
9135,81.57,0.0123,2,0.58,0,0
9136,50.89,0.0123,0,0.18,0,0
9137,57.95,0.0123,0,0.83,0,0
9138,12.36,4.8088,2,0.34,0,0
9139,12.2,0.0123,0,0.95,0,0
9140,17.61,0.0123,2,0.06,1,0
9141,19.75,0.0123,0,0.27,0,0
9142,19.12,0.0123,0,0.25,0,0
9143,33.86,4.8088,0,0.34,0,0
9144,24.18,0.0123,0,0.14,0,0
9145,49.21,0.0123,2,0.8,0,0
9146,16.97,0.0123,2,0.95,0,0
9147,14.72,0.0123,2,0.96,1,1
9148,371.15,0.0123,1,0.8,0,0
9149,31.67,0.0123,0,0.97,1,1
9150,7.48,0.0123,2,0.14,0,0
9151,41.35,0.0123,0,0.81,0,0
9152,136.7,0.0123,2,0.75,0,0
9153,20.67,0.0123,0,0.97,0,0
9154,54.68,0.0123,0,0.35,0,0
9155,70.11,4.8088,2,0.88,0,1
9156,1863.02,4.8088,0,0.44,0,1
9157,14.33,0.0123,2,0.82,0,0
9158,15.26,0.0123,0,0.56,0,0
9159,9.69,0.0123,0,0.31,0,0
9160,806.09,0.0123,2,0.98,0,1
9161,19.48,0.0123,2,0.53,0,0
9162,39.76,0.0123,0,0.53,1,0
9163,21.07,0.0123,0,0.41,0,0
9164,704.11,0.0123,0,0.63,0,0
9165,34.52,0.0123,2,0.17,0,0
9166,10.41,0.0123,2,0.59,1,0
9167,145.08,0.0123,2,0.28,0,0
9168,97.61,0.0123,2,0.4,1,0
9169,417.42,0.0123,2,0.77,0,0
9170,68.05,0.0123,2,0.69,0,0
9171,22.63,0.0123,2,0.35,0,0
9172,28.14,4.8088,1,0.86,1,1
9173,912.14,0.0123,2,0.18,0,0
9174,16.0,4.8088,0,0.83,0,1
9175,30.45,0.0123,0,0.23,1,0
9176,38.68,0.0123,0,0.09,1,0
9177,11.64,0.0123,0,0.67,1,0
9178,3.49,0.0123,2,0.43,1,0
9179,82.7,0.0123,2,0.85,0,0
9180,42.61,0.0123,2,0.73,0,0
9181,21.19,0.0123,2,0.67,0,0
9182,48.96,0.0123,2,0.31,0,0
9183,216.99,0.0123,0,0.54,0,0
9184,51.0,0.0123,2,0.98,1,1
9185,33.12,0.0123,0,0.39,0,0
9186,84.2,0.0123,0,0.37,0,0
9187,15.51,0.0123,2,0.52,0,0
9188,22.49,0.0123,2,0.56,1,0
9189,20.78,4.8088,2,0.95,0,1
9190,32.1,0.0123,0,0.36,0,0
9191,34.64,0.0123,2,0.23,0,0
9192,19.41,0.0123,0,0.11,0,0
9193,51.5,0.0123,2,0.47,0,0
9194,18.52,0.0123,0,0.39,0,0
9195,496.27,0.0123,1,0.19,0,0
9196,32.14,0.0123,0,0.95,0,0
9197,46.72,0.0123,0,0.57,0,0
9198,83.71,0.0123,1,0.81,0,0
9199,36.09,0.0123,0,0.3,0,0
9200,297.91,4.8088,0,0.23,0,0
9201,374.09,0.0123,2,0.41,0,0
9202,35.94,0.0123,2,0.33,0,0
9203,37.33,0.0123,1,0.34,0,0
9204,25.83,4.8088,0,0.1,0,0
9205,40.48,0.0123,2,0.31,0,0
9206,73.67,0.0123,2,0.92,0,0
9207,61.63,0.0123,2,0.79,0,0
9208,35.61,0.0123,0,0.82,0,0
9209,46.27,0.0123,2,0.31,0,0
9210,32.45,0.0123,0,0.98,0,0
9211,866.29,0.0123,2,1.0,0,1
9212,54.55,0.0123,0,0.88,0,0
9213,31.1,0.0123,2,0.53,1,0
9214,17.68,0.0123,0,0.7,1,0
9215,14.42,0.0123,2,0.97,0,0
9216,2216.16,0.0123,0,0.25,0,1
9217,24.86,0.0123,0,0.36,0,0
9218,64.01,0.0123,0,0.79,0,0
9219,66.56,0.0123,0,0.72,0,0
9220,393.01,0.0123,0,0.9,0,1
9221,63.13,0.0123,2,0.19,0,0
9222,73.3,0.0123,1,0.73,0,0
9223,6.97,0.0123,2,0.77,0,0
9224,28.1,0.0123,0,0.57,0,0
9225,65.46,0.0123,2,0.67,0,0
9226,21.47,4.8088,0,0.21,1,1
9227,36.29,0.0123,0,0.29,0,0
9228,31.33,0.0123,0,0.06,0,0
9229,3809.33,0.0123,2,0.51,0,1
9230,82.75,0.0123,0,0.38,0,0
9231,24.8,4.8088,2,0.89,0,1
9232,14.0,0.0123,1,0.8,0,0
9233,32.79,0.0123,2,0.65,0,0
9234,65.24,0.0123,2,0.62,0,0
9235,25.3,4.8088,0,0.29,0,0
9236,41.44,0.0123,0,0.04,0,0
9237,29.28,0.0123,0,0.5,1,0
9238,46.1,0.0123,2,0.88,0,0
9239,13.18,4.8088,0,0.01,0,0
9240,624.53,0.0123,0,0.11,0,0
9241,27.55,0.0123,0,0.83,0,0
9242,43.68,0.0123,0,0.25,1,0
9243,179.9,0.0123,2,0.38,0,0
9244,51.83,0.0123,2,0.31,0,0
9245,80.08,0.0123,0,0.77,0,0
9246,28.75,0.0123,2,0.71,0,0
9247,44.45,0.0123,2,0.1,0,0
9248,73.03,0.0123,2,0.18,0,0
9249,48.57,0.0123,2,0.55,0,0
9250,9.48,0.0123,0,0.69,0,0
9251,8.64,0.0123,2,0.7,0,0
9252,6.84,0.0123,2,0.49,0,0
9253,39.35,0.0123,0,0.73,1,0
9254,48.1,0.0123,0,0.91,0,0
9255,32.49,0.0123,0,0.71,1,0
9256,45.04,0.0123,0,0.23,0,0
9257,15.53,0.0123,2,0.02,0,0
9258,35.94,0.0123,2,0.2,0,0
9259,86.37,0.0123,0,0.75,0,0
9260,43.6,0.0123,0,0.92,0,0
9261,35.5,0.0123,0,0.63,0,0
9262,71.62,0.0123,2,0.94,1,1
9263,37.68,0.0123,0,0.09,1,0
9264,2985.95,0.0123,2,0.23,0,1
9265,36.44,0.0123,0,0.5,0,0
9266,80.67,4.8088,2,0.09,0,0
9267,25.16,0.0123,0,0.52,0,0
9268,751.86,0.0123,1,0.7,0,1
9269,55.55,0.0123,0,0.79,0,0
9270,15.5,0.0123,2,0.95,0,0
9271,24.32,0.0123,1,0.57,0,0
9272,899.82,0.0123,2,0.58,0,0
9273,40.63,0.0123,0,0.49,0,0
9274,37.61,0.0123,0,0.94,0,0
9275,18.81,0.0123,2,0.46,1,0
9276,82.53,0.0123,2,0.14,0,0
9277,31.2,0.0123,0,0.24,0,0
9278,21.03,0.0123,2,0.19,0,0
9279,8.32,0.0123,1,0.92,0,0
9280,30.5,0.0123,0,0.63,0,0
9281,71.57,0.0123,0,0.81,0,0
9282,32.66,0.0123,1,0.66,0,0
9283,11.33,0.0123,2,0.81,0,0
9284,42.35,0.0123,2,0.6,0,0
9285,24.99,0.0123,0,0.66,0,0
9286,10.52,0.0123,1,0.4,0,0
9287,10.51,0.0123,2,0.68,0,0
9288,31.68,0.0123,0,0.51,1,0
9289,32.73,0.0123,2,0.66,0,0
9290,36.35,4.8088,2,0.64,0,0
9291,901.61,0.0123,0,0.27,0,0
9292,20.69,0.0123,2,0.97,0,0
9293,1820.95,0.0123,2,0.86,1,1
9294,34.11,0.0123,0,0.94,0,0
9295,10.35,0.0123,2,0.09,0,0
9296,21.73,0.0123,0,0.61,1,0
9297,543.63,0.0123,2,0.06,0,0
9298,143.55,0.0123,0,0.31,0,0
9299,11.3,0.0123,1,0.36,1,0
9300,26.52,0.0123,2,0.73,0,0
9301,26.99,0.0123,0,0.87,0,0
9302,47.24,0.0123,2,0.58,0,0
9303,45.9,0.0123,2,0.15,0,0
9304,39.4,0.0123,2,0.43,0,0
9305,75.65,0.0123,2,0.53,0,0
9306,16.6,0.0123,1,0.29,1,0
9307,72.71,0.0123,2,0.35,0,0
9308,50.42,0.0123,2,0.09,0,0
9309,44.48,0.0123,2,0.06,0,0
9310,127.31,0.0123,0,0.48,0,0
9311,29.26,0.0123,2,0.2,0,0
9312,116.74,0.0123,0,0.01,0,0
9313,18.5,4.8088,2,0.85,0,1
9314,500.7,0.0123,2,0.6,0,0
9315,23.87,0.0123,0,0.03,1,0
9316,35.15,0.0123,0,0.19,0,0
9317,101.33,0.0123,0,0.33,0,0
9318,15.55,0.0123,0,0.84,0,0
9319,367.44,0.0123,2,0.1,1,1
9320,22.46,0.0123,2,0.61,0,0
9321,55.67,0.0123,0,0.31,0,0
9322,2125.66,0.0123,0,0.13,0,1
9323,10.42,0.0123,0,0.2,0,0
9324,80.15,0.0123,0,0.92,0,0
9325,49.8,0.0123,1,0.17,0,0
9326,13.18,0.0123,0,0.9,0,0
9327,62.4,0.0123,0,0.51,0,0
9328,19.26,0.0123,2,0.81,0,0
9329,12.69,0.0123,2,0.64,0,0
9330,529.02,0.0123,2,0.03,0,0
9331,58.18,0.0123,2,0.01,1,0
9332,20.57,0.0123,0,0.15,1,0
9333,21.24,0.0123,0,0.23,0,0
9334,21.61,0.0123,0,0.22,0,0
9335,10.28,0.0123,0,0.39,0,0
9336,66.82,0.0123,0,0.2,1,0
9337,46.09,0.0123,2,0.68,1,0
9338,40.02,0.0123,1,0.23,1,0
9339,603.78,0.0123,0,0.86,0,1
9340,18.06,0.0123,0,0.73,0,0
9341,19.07,4.8088,2,0.25,0,0
9342,3.84,0.0123,2,0.09,0,0
9343,1460.83,0.0123,1,0.41,0,1
9344,58.64,4.8088,2,0.9,0,1
9345,70.17,0.0123,2,0.87,0,0
9346,60.59,0.0123,0,0.18,0,0
9347,54.26,0.0123,0,0.67,0,0
9348,15.62,0.0123,2,0.05,0,0
9349,18.68,0.0123,0,0.57,0,0
9350,863.96,4.8088,0,0.56,0,1
9351,32.17,0.0123,2,0.58,1,0
9352,16.4,0.0123,2,0.2,0,0
9353,48.15,0.0123,1,0.27,0,0
9354,9.17,0.0123,0,0.77,0,0
9355,1729.99,0.0123,2,0.16,1,1
9356,45.11,0.0123,2,0.65,0,0
9357,774.1,0.0123,0,0.78,0,0
9358,40.41,0.0123,2,0.36,0,0
9359,28.55,0.0123,2,0.65,0,0
9360,32.38,0.0123,2,0.81,0,0
9361,559.04,0.0123,2,0.66,0,0
9362,20.72,0.0123,2,0.55,0,0
9363,35.77,0.0123,1,0.99,1,1
9364,35.68,0.0123,0,0.46,0,0
9365,54.17,0.0123,2,0.6,0,0
9366,1319.21,4.8088,2,0.21,0,1
9367,50.7,0.0123,2,0.59,0,0
9368,818.84,4.8088,2,0.01,0,1
9369,6.35,0.0123,1,0.26,0,0
9370,19.53,0.0123,0,0.29,0,0
9371,43.87,0.0123,0,0.63,0,0
9372,35.35,0.0123,2,0.66,0,0
9373,10.39,4.8088,1,0.05,0,0
9374,38.57,0.0123,0,0.93,0,0
9375,20.99,0.0123,2,0.67,0,0
9376,25.99,0.0123,2,0.44,0,0
9377,16.79,0.0123,2,0.87,0,0
9378,87.26,0.0123,2,0.59,0,0
9379,54.76,0.0123,0,0.33,0,0
9380,265.56,0.0123,0,0.08,0,0
9381,72.15,0.0123,2,0.07,0,0
9382,46.7,0.0123,2,0.36,1,0
9383,213.5,0.0123,0,0.55,0,0
9384,38.35,0.0123,2,0.27,0,0
9385,20.85,0.0123,2,0.41,0,0
9386,16.0,0.0123,1,0.65,1,0
9387,33.45,0.0123,0,0.74,0,0
9388,11.95,0.0123,2,0.42,1,0
9389,24.41,0.0123,0,0.44,0,0
9390,8.24,0.0123,2,0.93,0,0
9391,33.85,0.0123,0,0.93,1,1
9392,12.41,0.0123,2,0.05,0,0
9393,27.38,0.0123,2,0.9,1,1
9394,41.68,0.0123,0,0.28,0,0
9395,21.78,0.0123,0,0.02,0,0
9396,1162.14,0.0123,1,0.54,0,1
9397,20.19,0.0123,2,0.91,0,0
9398,3573.68,0.0123,0,0.01,1,1
9399,69.18,0.0123,0,0.06,1,0
9400,242.58,0.0123,2,0.41,1,0
9401,73.82,0.0123,0,0.86,0,0
9402,77.41,0.0123,0,0.12,0,0
9403,199.0,0.0123,0,0.08,0,0
9404,29.57,0.0123,2,0.76,0,0
9405,12.81,0.0123,0,0.22,0,0
9406,53.91,0.0123,0,0.97,0,0
9407,25.08,4.8088,2,0.65,0,0
9408,25.65,0.0123,0,0.63,1,0
9409,53.35,0.0123,0,0.32,0,0
9410,6.81,0.0123,1,0.36,0,0
9411,166.02,0.0123,0,0.53,0,0
9412,12.01,0.0123,2,0.55,0,0
9413,76.75,0.0123,2,0.15,0,0
9414,43.89,0.0123,0,0.05,0,0
9415,31.7,0.0123,0,0.74,0,0
9416,14.94,4.8088,2,0.89,0,1
9417,2455.31,0.0123,1,0.41,1,1
9418,104.97,0.0123,2,0.16,1,0
9419,4382.27,0.0123,2,0.95,0,1
9420,25.51,0.0123,0,0.47,0,0
9421,14.04,0.0123,2,0.48,1,0
9422,28.64,0.0123,2,0.76,1,0
9423,11.28,0.0123,0,0.31,0,0
9424,53.91,0.0123,2,0.14,1,0
9425,95.81,0.0123,1,0.82,1,1
9426,44.64,0.0123,0,0.18,0,0
9427,54.56,0.0123,1,0.28,1,0
9428,104.38,0.0123,1,0.13,0,0
9429,95.26,0.0123,2,0.04,0,0
9430,53.0,0.0123,2,0.19,0,0
9431,26.16,0.0123,0,0.8,0,0
9432,87.55,0.0123,0,0.93,0,0
9433,13.12,0.0123,2,0.41,1,0
9434,99.62,0.0123,0,0.7,0,0
9435,28.24,0.0123,1,0.41,0,0
9436,49.33,0.0123,0,0.73,0,0
9437,15.96,0.0123,0,0.16,0,0
9438,25.7,0.0123,0,0.19,0,0
9439,9.61,4.8088,2,0.83,1,1
9440,9.71,0.0123,0,0.36,0,0
9441,23.64,0.0123,2,0.9,0,0
9442,53.19,0.0123,0,0.13,0,0
9443,22.42,0.0123,0,0.46,0,0
9444,159.29,0.0123,2,0.43,0,0
9445,343.05,0.0123,2,0.47,1,0
9446,7.3,0.0123,0,0.1,0,0
9447,10.34,0.0123,0,0.24,0,0
9448,10.98,0.0123,0,0.13,0,0
9449,44.54,0.0123,1,0.62,0,0
9450,14.74,0.0123,0,0.43,0,0
9451,44.82,0.0123,2,0.82,0,0
9452,111.6,0.0123,2,0.4,0,0
9453,346.41,0.0123,0,0.74,0,0
9454,27.67,0.0123,1,0.1,0,0
9455,7.0,0.0123,2,0.02,0,0
9456,5.93,0.0123,0,0.89,0,0
9457,13.92,0.0123,0,0.38,1,0
9458,16.43,0.0123,2,0.81,0,0
9459,12.12,0.0123,1,0.9,0,0
9460,12.65,0.0123,1,0.12,0,0
9461,26.97,4.8088,1,0.87,0,1
9462,40.26,0.0123,0,0.37,0,0
9463,29.4,0.0123,2,0.14,0,0
9464,39.5,0.0123,1,0.86,0,0
9465,13.87,0.0123,0,0.12,1,0
9466,42.53,0.0123,0,0.01,1,0
9467,17.37,0.0123,2,0.27,0,0
9468,15.71,0.0123,1,0.2,0,0
9469,43.44,0.0123,0,0.77,0,0
9470,70.56,4.8088,2,0.39,0,0
9471,38.69,0.0123,0,0.51,1,0
9472,30.87,0.0123,2,0.43,1,0
9473,29.81,0.0123,0,0.4,0,0
9474,15.47,0.0123,0,0.36,0,0
9475,73.38,0.0123,2,0.59,0,0
9476,38.88,0.0123,0,0.06,0,0
9477,34.47,0.0123,2,0.45,0,0
9478,1431.08,0.0123,0,0.95,0,1
9479,46.16,0.0123,0,0.47,0,0
9480,35.56,0.0123,2,0.29,0,0
9481,49.49,0.0123,0,0.79,0,0
9482,16.64,0.0123,2,0.08,0,0
9483,19.42,0.0123,2,0.83,0,0
9484,62.78,0.0123,0,0.3,0,0
9485,50.66,0.0123,0,0.48,0,0
9486,33.33,0.0123,2,0.16,0,0
9487,3673.77,4.8088,2,0.76,0,1
9488,25.27,0.0123,0,0.77,0,0
9489,16.96,0.0123,0,0.22,0,0
9490,29.13,0.0123,2,0.23,0,0
9491,29.58,0.0123,2,0.82,0,0
9492,47.85,4.8088,0,0.52,0,0
9493,49.57,0.0123,2,0.15,1,0
9494,16.25,0.0123,2,0.53,0,0
9495,25.76,4.8088,0,0.54,1,1
9496,41.89,0.0123,0,0.75,1,0
9497,21.34,0.0123,2,0.79,0,0
9498,375.91,0.0123,2,0.05,0,0
9499,9.62,0.0123,0,0.44,0,0
9500,32.53,0.0123,0,0.16,0,0
9501,40.23,0.0123,0,0.27,0,0
9502,29.3,0.0123,1,0.32,0,0
9503,16.62,0.0123,2,0.84,0,0
9504,24.18,0.0123,2,0.13,0,0
9505,30.34,0.0123,0,0.32,0,0
9506,21.11,0.0123,0,0.05,0,0
9507,23.17,0.0123,0,0.85,0,0
9508,7.89,0.0123,0,0.45,0,0
9509,33.81,0.0123,2,0.47,1,0
9510,3173.97,0.0123,2,0.22,0,1
9511,2707.42,0.0123,2,0.88,0,1
9512,5009.34,0.0123,2,0.43,0,1
9513,658.88,0.0123,0,0.16,0,0
9514,29.21,0.0123,1,0.64,0,0
9515,28.26,0.0123,2,0.71,0,0
9516,38.53,0.0123,2,0.45,0,0
9517,2567.95,0.0123,1,0.31,0,1
9518,1497.21,0.0123,2,0.91,0,1
9519,27.55,0.0123,2,0.21,0,0
9520,43.0,0.0123,2,0.01,0,0
9521,28.98,0.0123,2,0.57,0,0
9522,31.16,0.0123,2,0.61,0,0
9523,33.54,0.0123,0,0.52,0,0
9524,34.54,0.0123,1,0.22,0,0
9525,64.1,4.8088,0,0.06,1,1
9526,33.99,0.0123,2,0.32,1,0
9527,1337.73,0.0123,0,0.98,0,1
9528,676.05,0.0123,0,0.56,1,1
9529,43.39,0.0123,2,0.82,0,0
9530,48.18,0.0123,0,0.61,0,0
9531,20.6,0.0123,2,0.05,0,0
9532,10.89,0.0123,2,0.29,0,0
9533,41.06,0.0123,2,0.4,0,0
9534,92.31,4.8088,1,0.15,0,0
9535,3.02,0.0123,1,0.03,0,0
9536,25.32,0.0123,0,0.09,0,0
9537,23.37,0.0123,2,0.42,0,0
9538,131.06,0.0123,0,0.43,0,0
9539,24.43,0.0123,2,0.64,0,0
9540,34.03,0.0123,0,0.02,1,0
9541,30.34,0.0123,0,0.71,0,0
9542,52.09,0.0123,2,0.86,0,0
9543,309.0,0.0123,2,0.28,0,0
9544,11.01,0.0123,2,0.93,0,0
9545,18.48,0.0123,0,0.96,1,1
9546,38.18,0.0123,2,0.75,1,0
9547,1233.56,0.0123,0,0.97,1,1
9548,23.24,0.0123,0,0.45,0,0
9549,42.5,0.0123,2,0.58,1,0
9550,41.12,0.0123,0,0.71,0,0
9551,842.7,0.0123,2,0.27,1,1
9552,45.25,0.0123,1,0.02,0,0
9553,22.73,0.0123,0,0.01,0,0
9554,211.32,0.0123,2,0.34,0,0
9555,9.76,0.0123,0,0.65,0,0
9556,23.42,0.0123,2,0.06,0,0
9557,92.86,0.0123,2,0.05,0,0
9558,10.19,0.0123,0,0.84,1,1
9559,77.73,0.0123,2,0.93,0,0
9560,1702.77,0.0123,0,0.21,0,1
9561,37.09,0.0123,0,0.67,1,0
9562,15.34,0.0123,0,0.09,0,0
9563,42.78,0.0123,2,0.18,0,0
9564,57.59,0.0123,0,0.71,0,0
9565,27.49,0.0123,0,0.12,0,0
9566,499.9,0.0123,2,0.1,0,0
9567,34.85,0.0123,1,0.33,0,0
9568,20.35,0.0123,2,0.0,1,0
9569,21.12,0.0123,2,0.31,0,0
9570,39.05,0.0123,0,0.13,0,0
9571,48.03,0.0123,1,0.17,0,0
9572,75.68,0.0123,0,0.02,0,0
9573,9.5,0.0123,2,0.53,0,0
9574,13.92,0.0123,2,0.2,0,0
9575,82.85,0.0123,2,0.01,0,0
9576,52.31,0.0123,1,0.0,0,0
9577,64.54,0.0123,1,0.19,0,0
9578,25.27,0.0123,0,0.99,0,0
9579,36.23,0.0123,0,0.92,0,0
9580,28.47,4.8088,2,0.54,0,0
9581,23.69,4.8088,0,0.0,0,0
9582,14.39,0.0123,1,0.66,0,0
9583,23.93,0.0123,0,0.62,1,0
9584,309.16,0.0123,0,0.7,0,0
9585,66.73,0.0123,0,0.25,0,0
9586,45.57,0.0123,0,0.66,0,0
9587,10.44,0.0123,0,0.39,0,0
9588,40.88,0.0123,2,0.11,1,0
9589,25.4,0.0123,2,0.74,0,0
9590,351.2,0.0123,2,0.08,1,0
9591,11.0,0.0123,0,0.22,0,0
9592,58.02,4.8088,2,0.36,0,0
9593,104.34,0.0123,2,0.67,0,0
9594,45.85,0.0123,1,0.95,0,0
9595,14.97,0.0123,2,0.28,0,0
9596,11.52,0.0123,0,0.66,1,0
9597,5.46,0.0123,0,0.4,1,0
9598,24.0,0.0123,0,0.63,0,0
9599,68.63,0.0123,1,0.5,1,0
9600,409.43,0.0123,2,1.0,0,1
9601,26.08,0.0123,2,0.78,0,0
9602,52.74,0.0123,2,0.74,0,0
9603,22.58,4.8088,0,0.17,0,0
9604,87.5,0.0123,2,0.53,1,0
9605,40.7,0.0123,0,0.79,0,0
9606,38.73,0.0123,0,0.88,1,1
9607,43.49,0.0123,1,0.49,0,0
9608,50.05,0.0123,2,0.77,0,0
9609,20.39,0.0123,0,0.13,1,0
9610,16.47,0.0123,2,0.65,0,0
9611,33.65,0.0123,2,0.55,0,0
9612,118.76,0.0123,2,0.51,0,0
9613,52.8,0.0123,2,0.45,0,0
9614,56.21,0.0123,2,0.93,0,0
9615,31.14,0.0123,0,0.93,1,1
9616,49.5,0.0123,2,0.53,0,0
9617,4596.37,0.0123,2,0.02,0,1
9618,134.58,0.0123,2,0.87,0,0
9619,19.05,0.0123,1,0.91,0,0
9620,40.35,0.0123,0,0.16,0,0
9621,60.75,0.0123,2,0.44,0,0
9622,41.2,0.0123,2,0.41,0,0
9623,26.47,0.0123,1,0.43,0,0
9624,18.19,0.0123,0,0.01,0,0
9625,18.55,0.0123,2,0.68,1,0
9626,1808.49,0.0123,2,0.89,0,1
9627,57.82,0.0123,2,0.09,0,0
9628,25.36,0.0123,1,0.12,0,0
9629,57.58,0.0123,0,0.15,1,0
9630,11.91,0.0123,2,0.64,0,0
9631,31.72,4.8088,0,0.82,0,1
9632,34.74,0.0123,2,0.96,0,0
9633,43.27,0.0123,0,0.36,0,0
9634,3421.66,0.0123,2,0.38,0,1
9635,16.9,0.0123,1,0.31,0,0
9636,2528.11,0.0123,0,0.29,0,1
9637,121.2,0.0123,0,0.77,0,0
9638,13.37,0.0123,1,0.27,0,0
9639,48.62,0.0123,2,0.39,0,0
9640,22.1,0.0123,2,0.01,1,0
9641,78.63,0.0123,0,0.17,0,0
9642,78.6,0.0123,0,0.55,0,0
9643,564.29,0.0123,1,0.92,1,1
9644,89.64,0.0123,0,0.19,0,0
9645,21.34,0.0123,2,0.11,0,0
9646,16.07,0.0123,0,0.23,0,0
9647,30.52,0.0123,2,0.55,0,0
9648,6.22,0.0123,0,0.95,0,0
9649,20.55,0.0123,0,0.75,1,0
9650,6.21,0.0123,0,0.89,0,0
9651,55.18,0.0123,0,0.1,0,0
9652,47.44,0.0123,2,0.48,0,0
9653,40.88,0.0123,2,0.17,0,0
9654,52.61,0.0123,0,0.69,0,0
9655,35.39,0.0123,2,0.95,0,0
9656,62.8,0.0123,1,0.91,0,0
9657,24.89,0.0123,0,0.37,0,0
9658,25.87,0.0123,0,0.17,0,0
9659,89.24,0.0123,2,0.09,0,0
9660,14.35,0.0123,2,0.31,0,0
9661,130.28,0.0123,2,0.87,1,1
9662,17.52,0.0123,2,0.35,0,0
9663,13.65,0.0123,0,0.14,0,0
9664,810.27,0.0123,2,0.52,0,0
9665,29.52,0.0123,0,0.4,1,0
9666,40.76,0.0123,2,0.68,0,0
9667,46.98,0.0123,0,0.94,0,0
9668,371.96,0.0123,1,0.57,0,0
9669,3377.96,0.0123,2,0.01,1,1
9670,58.98,0.0123,0,0.72,0,0
9671,52.6,0.0123,0,0.2,0,0
9672,85.06,0.0123,0,0.03,1,0
9673,10.97,0.0123,0,0.03,0,0
9674,35.04,0.0123,0,0.49,1,0
9675,9.88,0.0123,0,0.8,0,0
9676,249.76,4.8088,0,0.07,0,0
9677,116.1,0.0123,2,0.05,0,0
9678,450.26,0.0123,0,0.51,0,0
9679,24.65,0.0123,0,0.79,0,0
9680,1949.94,0.0123,2,0.65,0,1
9681,7.78,0.0123,0,0.63,0,0
9682,25.83,0.0123,0,0.69,0,0
9683,16.83,0.0123,2,0.28,0,0
9684,41.09,0.0123,2,0.77,1,0
9685,25.61,0.0123,0,0.87,0,0
9686,3.83,0.0123,0,0.51,0,0
9687,418.98,4.8088,2,0.69,0,0
9688,32.18,0.0123,0,1.0,0,0
9689,29.48,0.0123,0,0.76,0,0
9690,36.34,0.0123,2,0.78,1,0
9691,27.04,0.0123,2,0.95,0,0
9692,2601.87,0.0123,0,0.94,0,1
9693,47.83,0.0123,2,0.81,1,1
9694,15.99,0.0123,0,0.16,0,0
9695,1007.0,0.0123,0,0.79,0,1
9696,585.36,0.0123,0,0.17,0,0
9697,656.09,0.0123,2,0.03,1,1
9698,389.95,0.0123,2,0.97,1,1
9699,19.76,0.0123,2,0.16,1,0
9700,80.59,0.0123,0,0.14,1,0
9701,16.13,0.0123,0,0.55,0,0
9702,100.13,0.0123,2,0.03,0,0
9703,48.81,0.0123,2,0.53,0,0
9704,88.63,0.0123,2,0.25,0,0
9705,27.15,0.0123,2,0.44,0,0
9706,29.52,0.0123,0,0.44,1,0
9707,14.99,0.0123,0,0.21,0,0
9708,71.8,0.0123,0,0.96,0,0
9709,48.05,0.0123,0,0.71,0,0
9710,50.51,0.0123,2,0.25,0,0
9711,19.65,0.0123,2,0.81,0,0
9712,7.01,0.0123,2,0.51,0,0
9713,31.36,0.0123,2,0.12,1,0
9714,23.02,0.0123,2,0.7,0,0
9715,19.26,0.0123,1,0.88,0,0
9716,60.83,0.0123,2,0.46,0,0
9717,1285.94,0.0123,0,0.92,0,1
9718,24.42,0.0123,2,0.29,0,0
9719,60.28,4.8088,2,0.02,1,1
9720,35.27,0.0123,2,0.5,1,0
9721,67.48,0.0123,1,0.19,0,0
9722,10.69,0.0123,1,0.82,0,0
9723,122.13,0.0123,2,0.71,0,0
9724,16.2,0.0123,0,0.48,0,0
9725,98.53,0.0123,2,0.63,0,0
9726,80.18,0.0123,0,0.67,0,0
9727,228.72,0.0123,0,0.98,0,0
9728,24.49,0.0123,0,0.06,0,0
9729,16.38,0.0123,0,0.11,0,0
9730,31.58,4.8088,1,0.03,0,0
9731,22.09,0.0123,0,0.87,0,0
9732,6.88,0.0123,2,0.66,0,0
9733,13.62,0.0123,2,0.71,0,0
9734,84.22,0.0123,0,0.04,1,0
9735,44.07,4.8088,0,0.96,0,1
9736,22.01,0.0123,0,0.53,0,0
9737,56.78,0.0123,0,0.48,0,0
9738,25.5,0.0123,1,0.83,1,1
9739,17.48,0.0123,2,0.63,1,0
9740,40.79,0.0123,2,0.04,0,0
9741,46.93,0.0123,2,0.89,1,1
9742,10.84,0.0123,0,0.04,0,0
9743,20.44,0.0123,0,0.86,1,1
9744,33.36,0.0123,1,0.78,1,0
9745,30.61,0.0123,0,0.21,0,0
9746,19.74,0.0123,1,0.87,1,1
9747,20.46,0.0123,0,0.19,0,0
9748,5.27,0.0123,0,0.94,0,0
9749,26.47,0.0123,2,0.92,1,1
9750,44.82,0.0123,0,0.65,0,0
9751,76.27,0.0123,0,0.26,0,0
9752,30.84,4.8088,0,0.92,0,1
9753,1898.16,0.0123,0,0.78,0,0
9754,86.18,0.0123,2,0.96,0,0
9755,6.31,0.0123,0,0.15,0,0
9756,28.8,0.0123,1,0.14,0,0
9757,16.67,0.0123,0,0.47,0,0
9758,430.15,0.0123,0,0.89,0,0
9759,49.88,0.0123,2,0.15,0,0
9760,67.83,0.0123,0,0.49,1,0
9761,26.56,0.0123,0,0.89,0,0
9762,72.54,0.0123,0,0.62,0,0
9763,34.45,0.0123,2,0.24,0,0
9764,256.24,0.0123,2,0.04,1,0
9765,27.0,0.0123,0,0.47,1,0
9766,2834.23,4.8088,2,0.99,1,1
9767,13.01,0.0123,0,0.85,0,0
9768,22.36,0.0123,2,0.51,0,0
9769,20.26,0.0123,2,0.91,0,0
9770,26.39,4.8088,2,0.97,0,1
9771,3968.38,0.0123,2,0.81,0,1
9772,28.96,0.0123,0,0.38,0,0
9773,44.21,0.0123,2,0.58,0,0
9774,39.93,0.0123,0,0.56,0,0
9775,86.47,0.0123,2,0.01,0,0
9776,15.65,0.0123,2,0.73,0,0
9777,19.12,0.0123,2,0.08,1,0
9778,29.16,0.0123,0,0.72,1,0
9779,72.06,0.0123,0,0.5,0,0
9780,80.83,0.0123,2,0.29,0,0
9781,49.72,0.0123,0,0.12,0,0
9782,73.84,0.0123,2,0.02,0,0
9783,35.56,0.0123,0,0.26,1,0
9784,2805.96,0.0123,0,0.75,0,1
9785,46.89,0.0123,0,0.16,0,0
9786,28.73,0.0123,0,0.3,0,0
9787,40.41,0.0123,0,0.14,0,0
9788,12.96,4.8088,0,0.97,0,1
9789,15.61,0.0123,2,0.26,0,0
9790,68.38,0.0123,0,0.44,0,0
9791,1432.44,0.0123,0,1.0,0,1
9792,71.58,0.0123,0,0.12,0,0
9793,1397.83,0.0123,0,0.05,0,1
9794,28.02,0.0123,2,0.47,0,0
9795,37.02,0.0123,0,0.2,0,0
9796,55.8,0.0123,1,0.89,0,0
9797,20.72,0.0123,1,0.61,1,0
9798,50.81,0.0123,2,0.5,1,0
9799,61.31,0.0123,0,0.5,0,0
9800,84.55,0.0123,0,0.68,1,0
9801,23.03,0.0123,2,0.47,0,0
9802,142.82,0.0123,0,0.49,0,0
9803,346.38,0.0123,2,0.79,0,0
9804,12.35,0.0123,1,0.7,0,0
9805,9.74,0.0123,0,0.65,0,0
9806,60.94,0.0123,2,0.23,1,0
9807,458.42,0.0123,0,0.5,0,0
9808,40.57,0.0123,1,0.34,1,0
9809,39.01,0.0123,2,0.09,1,0
9810,46.86,0.0123,2,0.87,0,0
9811,520.54,0.0123,2,0.51,0,0
9812,967.97,0.0123,2,0.25,0,1
9813,883.29,0.0123,0,0.5,1,1
9814,48.45,0.0123,2,0.24,1,0
9815,35.18,4.8088,2,0.68,0,0
9816,13.89,0.0123,2,0.85,1,1
9817,8.21,0.0123,2,0.03,0,0
9818,58.42,0.0123,0,0.32,0,0
9819,704.94,0.0123,0,0.07,1,1
9820,12.52,0.0123,1,0.42,0,0
9821,14.7,0.0123,2,0.13,0,0
9822,11.81,0.0123,2,0.09,0,0
9823,122.46,0.0123,2,0.57,0,0
9824,104.53,0.0123,2,0.45,0,0
9825,10.64,0.0123,0,0.56,0,0
9826,86.68,0.0123,2,0.54,0,0
9827,45.8,0.0123,0,0.82,0,0
9828,58.8,0.0123,1,0.74,0,0
9829,47.08,0.0123,1,0.54,0,0
9830,45.79,0.0123,2,0.57,0,0
9831,99.41,0.0123,0,0.04,0,0
9832,37.98,0.0123,0,0.82,0,0
9833,23.62,0.0123,0,0.56,0,0
9834,32.43,0.0123,0,0.97,0,0
9835,30.18,0.0123,2,0.23,1,0
9836,45.38,0.0123,2,0.26,1,0
9837,47.41,0.0123,2,0.09,0,0
9838,80.03,0.0123,2,0.01,1,0
9839,28.34,0.0123,2,0.34,0,0
9840,37.62,0.0123,0,0.23,0,0
9841,562.58,4.8088,0,0.26,0,1
9842,52.18,0.0123,2,0.74,0,0
9843,29.43,0.0123,2,0.27,0,0
9844,25.78,0.0123,2,0.52,1,0
9845,21.12,0.0123,2,0.95,0,0
9846,447.76,0.0123,2,0.22,0,0
9847,49.77,0.0123,0,0.85,0,0
9848,31.26,0.0123,0,0.85,0,0
9849,15.06,0.0123,2,0.84,0,0
9850,6.11,0.0123,0,0.56,0,0
9851,98.41,0.0123,2,0.55,0,0
9852,21.31,0.0123,0,0.43,0,0
9853,32.86,0.0123,2,0.96,0,0
9854,26.47,0.0123,2,0.7,1,0
9855,29.24,0.0123,1,0.95,0,0
9856,9.95,0.0123,2,0.08,0,0
9857,24.68,0.0123,0,0.36,0,0
9858,21.79,0.0123,1,0.22,0,0
9859,15.38,0.0123,0,0.36,1,0
9860,63.19,0.0123,1,0.16,0,0
9861,20.41,0.0123,2,0.99,0,0
9862,18.02,0.0123,2,0.9,0,0
9863,28.53,0.0123,2,0.23,1,0
9864,4.7,0.0123,2,0.49,0,0
9865,942.98,0.0123,1,0.81,1,1
9866,930.65,0.0123,0,0.57,0,0
9867,52.2,0.0123,1,0.59,0,0
9868,62.97,0.0123,0,0.46,0,0
9869,29.85,0.0123,2,0.94,0,0
9870,8.54,0.0123,1,0.63,0,0
9871,90.14,0.0123,2,0.52,0,0
9872,246.49,0.0123,0,0.11,0,0
9873,24.18,0.0123,1,0.15,1,0
9874,37.39,0.0123,2,0.01,1,0
9875,17.37,4.8088,2,0.17,1,1
9876,1227.85,0.0123,0,0.24,0,1
9877,55.03,0.0123,2,0.98,0,0
9878,95.1,4.8088,2,0.21,1,1
9879,53.13,0.0123,2,0.16,0,0
9880,7.72,0.0123,0,0.01,0,0
9881,23.05,0.0123,2,0.7,0,0
9882,167.0,0.0123,0,0.23,1,0
9883,2545.17,0.0123,2,0.99,0,1
9884,47.15,0.0123,2,0.95,1,1
9885,41.28,0.0123,2,0.55,0,0
9886,31.54,0.0123,1,0.04,0,0
9887,15.62,0.0123,0,0.31,0,0
9888,8.77,0.0123,0,0.75,1,0
9889,88.52,0.0123,0,0.14,0,0
9890,41.64,0.0123,0,0.55,0,0
9891,92.98,0.0123,2,0.68,0,0
9892,12.35,0.0123,0,0.55,0,0
9893,449.94,0.0123,0,0.49,0,0
9894,50.48,0.0123,2,0.79,0,0
9895,4.04,0.0123,2,0.92,0,0
9896,37.02,0.0123,0,0.15,0,0
9897,21.82,0.0123,2,0.53,0,0
9898,50.39,0.0123,2,0.81,0,0
9899,23.81,0.0123,2,0.92,0,0
9900,81.12,0.0123,0,0.56,0,0
9901,22.04,0.0123,2,0.69,0,0
9902,31.45,0.0123,2,0.05,0,0
9903,23.85,0.0123,2,0.35,0,0
9904,31.36,0.0123,0,0.63,0,0
9905,13.85,0.0123,0,0.19,0,0
9906,11.66,0.0123,1,0.98,0,0
9907,13.79,4.8088,0,0.45,0,0
9908,100.2,0.0123,0,0.49,0,0
9909,20.05,0.0123,2,0.73,1,0
9910,17.26,0.0123,2,0.78,0,0
9911,15.09,0.0123,0,0.02,0,0
9912,22.52,0.0123,0,0.71,0,0
9913,28.07,0.0123,0,0.92,0,0
9914,31.98,0.0123,2,0.34,0,0
9915,31.93,0.0123,2,0.75,0,0
9916,31.61,0.0123,2,0.41,0,0
9917,34.89,0.0123,1,0.3,0,0
9918,9.96,0.0123,0,0.89,0,0
9919,46.13,0.0123,2,0.54,0,0
9920,28.19,0.0123,1,0.31,0,0
9921,26.28,4.8088,1,0.32,0,0
9922,39.1,0.0123,0,0.87,0,0
9923,7.6,0.0123,1,0.75,0,0
9924,33.43,0.0123,0,0.82,0,0
9925,21.65,0.0123,0,0.53,0,0
9926,19.62,0.0123,2,0.28,0,0
9927,621.76,0.0123,0,0.29,0,0
9928,45.95,0.0123,1,0.6,0,0
9929,387.64,0.0123,1,0.87,0,0
9930,21.95,0.0123,2,0.35,0,0
9931,35.94,0.0123,0,0.18,0,0
9932,24.57,0.0123,0,0.79,0,0
9933,148.54,0.0123,0,0.08,0,0
9934,38.44,0.0123,2,0.87,0,0
9935,33.33,0.0123,2,0.04,0,0
9936,15.27,0.0123,0,0.9,0,0
9937,921.25,4.8088,0,0.72,0,1
9938,49.18,0.0123,0,0.15,0,0
9939,60.91,0.0123,2,0.62,1,0
9940,38.38,0.0123,0,0.34,1,0
9941,17.42,0.0123,1,0.78,0,0
9942,103.92,0.0123,2,0.46,0,0
9943,73.35,0.0123,0,0.07,0,0
9944,59.02,0.0123,1,0.22,0,0
9945,1733.61,4.8088,1,0.26,0,1
9946,14.3,0.0123,2,0.51,0,0
9947,55.77,4.8088,2,0.6,0,0
9948,810.1,0.0123,2,0.13,0,0
9949,42.31,0.0123,2,0.08,0,0
9950,72.26,0.0123,0,0.51,0,0
9951,822.63,0.0123,2,0.03,0,0
9952,18.51,0.0123,2,0.98,1,1
9953,13.4,0.0123,2,0.98,0,0
9954,36.74,0.0123,1,0.49,0,0
9955,34.59,0.0123,0,0.4,0,0
9956,10.47,0.0123,2,0.93,0,0
9957,30.98,0.0123,0,0.93,1,1
9958,16.51,0.0123,0,0.13,0,0
9959,26.88,0.0123,0,0.53,0,0
9960,24.78,0.0123,0,0.77,1,0
9961,630.38,0.0123,1,0.85,0,0
9962,14.96,0.0123,2,0.72,1,0
9963,446.78,0.0123,0,0.68,0,0
9964,7.84,0.0123,2,0.83,0,0
9965,18.61,0.0123,2,0.99,0,0
9966,46.05,0.0123,0,0.2,0,0
9967,24.89,4.8088,0,0.73,0,0
9968,12.48,0.0123,2,0.1,1,0
9969,38.06,0.0123,0,0.38,0,0
9970,35.98,0.0123,2,0.01,0,0
9971,10.12,0.0123,0,0.59,0,0
9972,14.62,0.0123,0,0.38,0,0
9973,28.72,0.0123,0,0.11,0,0
9974,59.13,0.0123,2,0.01,0,0
9975,74.04,0.0123,0,0.03,0,0
9976,86.55,0.0123,0,0.05,0,0
9977,9.55,0.0123,2,0.21,1,0
9978,1470.87,4.8088,0,0.54,0,1
9979,26.15,0.0123,0,0.5,0,0
9980,28.84,0.0123,0,0.08,0,0
9981,34.73,0.0123,1,0.69,0,0
9982,30.53,0.0123,2,0.52,1,0
9983,34.98,0.0123,0,0.21,0,0
9984,79.34,0.0123,2,0.58,0,0
9985,1468.64,0.0123,2,0.18,0,1
9986,29.97,4.8088,0,0.09,0,0
9987,34.7,0.0123,2,0.35,0,0
9988,617.5,0.0123,2,0.49,0,0
9989,77.63,0.0123,1,0.64,0,0
9990,342.98,0.0123,2,0.44,0,0
9991,27.01,4.8088,0,0.55,1,1
9992,89.6,0.0123,2,0.1,0,0
9993,57.16,0.0123,2,0.02,0,0
9994,335.1,0.0123,0,0.22,1,0
9995,6.44,0.0123,0,0.14,0,0
9996,72.83,0.0123,2,0.2,0,0
9997,23.05,0.0123,0,0.39,0,0
9998,92.49,0.0123,1,0.39,0,0
9999,9.6,0.0123,0,0.65,0,0
10000,44.19,0.0123,1,0.16,0,0
10001,296.71,0.0123,2,0.91,0,0
10002,65.16,0.0123,2,0.46,1,0
10003,52.47,0.0123,2,0.89,0,0
10004,33.16,0.0123,2,0.42,0,0
10005,66.02,0.0123,2,0.87,0,0
10006,289.24,0.0123,0,0.14,0,0
10007,43.62,0.0123,2,0.23,0,0
10008,67.95,0.0123,0,0.58,0,0
10009,66.22,0.0123,2,0.26,0,0
10010,3575.85,0.0123,0,0.34,1,1
10011,35.77,0.0123,2,0.47,1,0
10012,127.65,0.0123,0,0.51,0,0
10013,4.39,0.0123,0,0.24,0,0
10014,18.31,0.0123,2,0.08,0,0
10015,54.47,0.0123,0,0.46,0,0
10016,9.43,0.0123,1,0.52,0,0
10017,19.64,0.0123,2,0.9,0,0
10018,52.72,0.0123,2,0.08,0,0
10019,15.27,0.0123,0,0.39,0,0
10020,29.76,0.0123,2,0.5,0,0
10021,485.44,0.0123,2,0.9,0,0
10022,39.35,0.0123,0,0.32,0,0
10023,7.87,0.0123,0,0.74,0,0
10024,30.62,0.0123,2,0.34,0,0
10025,127.49,0.0123,0,0.56,0,0
10026,3860.69,0.0123,2,0.88,0,1
10027,41.39,0.0123,2,0.96,0,0
10028,71.94,0.0123,0,0.89,0,0
10029,43.01,0.0123,2,0.82,0,0
10030,68.88,0.0123,0,0.46,0,0
10031,8.81,4.8088,0,0.95,0,1
10032,453.53,0.0123,0,0.72,0,0
10033,20.52,0.0123,0,0.24,0,0
10034,26.16,0.0123,2,0.69,0,0
10035,36.19,0.0123,0,0.58,0,0
10036,12.12,0.0123,0,0.48,1,0
10037,21.94,0.0123,0,0.29,0,0
10038,759.41,0.0123,2,0.78,0,0
10039,26.66,0.0123,0,0.85,0,0
10040,78.32,0.0123,0,0.16,0,0
10041,13.21,0.0123,0,0.75,0,0
10042,26.08,0.0123,1,0.91,0,0
10043,2918.21,0.0123,0,0.69,0,1
10044,11.49,0.0123,2,0.07,0,0
10045,29.69,0.0123,2,0.39,0,0
10046,15.86,0.0123,0,0.54,1,0
10047,70.11,0.0123,2,0.48,1,0
10048,246.01,0.0123,0,0.89,0,0
10049,1325.85,0.0123,2,0.86,1,1
10050,37.84,0.0123,0,0.72,0,0
10051,48.31,0.0123,0,0.22,0,0
10052,46.8,0.0123,2,0.33,0,0
10053,47.79,0.0123,2,0.14,0,0
10054,23.62,0.0123,2,0.67,1,0
10055,16.8,0.0123,0,0.5,1,0
10056,65.41,0.0123,0,0.91,0,0
10057,54.71,0.0123,2,0.12,1,0
10058,20.31,0.0123,0,0.16,0,0
10059,29.34,4.8088,0,0.14,0,0
10060,100.91,0.0123,0,0.41,0,0
10061,55.57,0.0123,0,0.92,0,0
10062,639.38,0.0123,2,0.7,0,0
10063,46.12,0.0123,2,0.49,0,0
10064,32.1,0.0123,0,0.08,0,0
10065,21.87,0.0123,2,0.17,0,0
10066,49.01,0.0123,2,0.56,0,0
10067,93.25,0.0123,2,0.17,0,0
10068,22.92,0.0123,2,0.05,0,0
10069,39.47,0.0123,2,0.53,1,0
10070,45.43,0.0123,2,0.55,1,0
10071,35.24,0.0123,0,0.82,0,0
10072,30.81,0.0123,1,0.73,0,0
10073,37.58,0.0123,0,0.82,0,0
10074,14.04,0.0123,0,0.79,0,0
10075,35.2,0.0123,0,0.3,0,0
10076,34.06,0.0123,0,0.58,0,0
10077,18.93,0.0123,2,0.19,0,0
10078,55.81,0.0123,2,0.06,1,0
10079,24.41,0.0123,2,0.65,0,0
10080,20.66,0.0123,0,0.2,1,0
10081,64.74,0.0123,0,0.46,1,0
10082,18.77,0.0123,0,0.47,0,0
10083,21.49,0.0123,2,0.49,1,0
10084,9.9,0.0123,2,0.56,0,0
10085,902.67,0.0123,0,0.69,1,1
10086,429.08,0.0123,1,0.1,0,0
10087,50.37,0.0123,0,0.74,0,0
10088,930.38,0.0123,2,0.13,1,1
10089,44.68,0.0123,0,0.76,0,0
10090,199.58,0.0123,0,0.29,0,0
10091,21.7,0.0123,0,0.4,0,0
10092,502.41,0.0123,1,0.51,0,0
10093,550.82,0.0123,0,0.41,0,0
10094,76.14,0.0123,2,0.92,0,0
10095,98.5,0.0123,2,0.81,0,0
10096,79.63,0.0123,0,0.34,0,0
10097,743.72,0.0123,0,0.49,0,0
10098,8.94,4.8088,2,0.38,0,0
10099,51.57,0.0123,1,0.99,0,0
10100,20.32,0.0123,1,0.77,0,0
10101,15.23,0.0123,0,0.55,0,0
10102,43.52,0.0123,2,0.08,0,0
10103,6.91,0.0123,0,0.39,0,0
10104,11.2,0.0123,2,0.36,0,0
10105,10.08,0.0123,2,0.95,0,0
10106,920.04,0.0123,2,0.95,1,1
10107,367.65,0.0123,0,0.89,0,0
10108,19.86,0.0123,0,0.4,0,0
10109,26.72,0.0123,0,0.91,0,0
10110,50.06,0.0123,2,0.54,1,0
10111,45.89,0.0123,2,0.36,0,0
10112,391.45,0.0123,2,0.03,0,0
10113,78.94,0.0123,0,0.6,0,0
10114,56.38,0.0123,0,0.78,1,0
10115,54.16,0.0123,0,0.79,0,0
10116,28.34,4.8088,2,0.35,0,0
10117,21.03,0.0123,1,0.14,0,0
10118,58.2,0.0123,2,0.64,0,0
10119,17.41,0.0123,0,0.02,0,0
10120,30.59,0.0123,2,0.75,1,0
10121,58.79,0.0123,2,0.27,0,0
10122,28.95,0.0123,2,0.33,0,0
10123,244.87,0.0123,2,0.2,0,0
10124,30.41,0.0123,0,0.12,0,0
10125,117.25,0.0123,0,0.44,0,0
10126,12.57,0.0123,1,0.33,0,0
10127,39.03,0.0123,2,0.87,0,0
10128,12.1,0.0123,2,0.69,0,0
10129,88.59,0.0123,2,0.21,0,0
10130,209.22,0.0123,0,0.51,0,0
10131,14.81,0.0123,2,0.71,1,0
10132,41.84,0.0123,0,0.6,1,0
10133,10.81,0.0123,1,0.36,0,0
10134,839.21,0.0123,1,0.82,0,1
10135,8.44,0.0123,2,0.37,0,0
10136,12.99,0.0123,0,0.97,0,0
10137,52.41,0.0123,0,0.82,0,0
10138,103.61,0.0123,0,0.21,0,0
10139,39.56,0.0123,2,0.38,1,0
10140,236.26,0.0123,2,0.48,0,0
10141,57.67,0.0123,2,0.75,0,0
10142,43.01,0.0123,0,0.88,1,1
10143,20.63,0.0123,0,0.29,0,0
10144,59.52,0.0123,0,0.98,0,0
10145,65.26,0.0123,0,0.68,0,0
10146,41.17,0.0123,0,0.1,0,0
10147,439.87,0.0123,2,0.32,0,0
10148,31.61,0.0123,0,0.15,1,0
10149,33.66,0.0123,2,0.69,1,0
10150,26.34,0.0123,0,0.28,0,0
10151,10.84,0.0123,2,0.52,1,0
10152,25.55,0.0123,0,0.94,0,0
10153,34.96,0.0123,0,0.01,0,0
10154,1941.35,0.0123,0,0.87,0,1
10155,119.91,0.0123,0,0.69,0,0
10156,24.43,0.0123,2,0.98,0,0
10157,150.99,0.0123,1,0.83,1,1
10158,56.53,0.0123,0,0.35,0,0
10159,1177.24,0.0123,0,0.5,0,1
10160,16.77,0.0123,0,0.5,1,0
10161,33.74,0.0123,0,0.19,1,0
10162,10.14,0.0123,2,0.22,0,0
10163,566.26,0.0123,0,0.24,0,0
10164,37.97,0.0123,2,0.17,1,0
10165,36.05,0.0123,0,0.98,0,0
10166,6.41,0.0123,2,0.47,0,0
10167,327.89,0.0123,2,0.98,0,1
10168,50.91,0.0123,0,0.33,0,0
10169,27.49,0.0123,0,0.68,1,0
10170,30.75,0.0123,2,0.44,0,0
10171,480.34,4.8088,0,0.6,0,1
10172,951.02,0.0123,2,0.58,0,0
10173,524.1,0.0123,0,0.72,0,0
10174,1971.33,0.0123,2,0.7,0,1
10175,1364.98,0.0123,1,0.39,0,1
10176,11.95,0.0123,0,0.35,1,0
10177,3959.38,0.0123,0,0.04,0,1
10178,38.07,0.0123,0,0.29,1,0
10179,42.25,0.0123,2,0.8,0,0
10180,51.33,0.0123,2,0.31,0,0
10181,17.07,0.0123,1,0.46,0,0
10182,10.11,0.0123,0,0.72,0,0
10183,15.5,0.0123,2,0.33,0,0
10184,37.44,0.0123,2,0.33,0,0
10185,21.03,0.0123,0,0.83,1,1
10186,40.12,0.0123,0,0.13,0,0
10187,33.81,0.0123,1,0.47,0,0
10188,25.43,0.0123,2,0.43,0,0
10189,54.49,0.0123,0,0.76,0,0
10190,1232.29,0.0123,0,0.26,1,1
10191,20.39,0.0123,2,0.9,0,0
10192,3685.26,0.0123,0,0.05,0,1
10193,21.91,0.0123,0,0.68,0,0
10194,10.0,0.0123,0,0.59,0,0
10195,52.87,0.0123,1,0.47,0,0
10196,42.51,0.0123,0,0.95,1,1
10197,39.73,0.0123,0,0.67,0,0
10198,1157.39,0.0123,2,0.29,0,0
10199,40.59,0.0123,2,0.14,0,0
10200,72.09,0.0123,0,0.84,0,0
10201,78.06,0.0123,0,0.19,0,0
10202,15.05,0.0123,2,0.57,0,0
10203,50.01,0.0123,2,0.69,1,0
10204,99.4,0.0123,0,0.76,0,0
10205,24.25,0.0123,2,0.18,0,0
10206,63.6,0.0123,0,0.95,0,0
10207,4114.16,0.0123,2,0.08,0,1
10208,114.89,0.0123,2,0.18,0,0
10209,21.1,0.0123,2,0.74,0,0
10210,320.17,0.0123,2,0.06,1,0
10211,17.88,0.0123,2,0.03,1,0
10212,17.2,0.0123,2,0.17,0,0
10213,10.91,0.0123,2,0.08,0,0
10214,57.03,0.0123,0,0.2,1,0
10215,28.83,0.0123,0,0.67,1,0
10216,52.64,0.0123,2,0.19,0,0
10217,114.08,0.0123,2,0.97,0,0
10218,955.2,0.0123,2,0.74,1,1
10219,115.59,0.0123,2,0.39,1,0
10220,32.57,0.0123,0,0.24,0,0
10221,28.15,0.0123,1,0.99,0,0
10222,1543.9,0.0123,0,0.49,0,0
10223,48.29,0.0123,2,0.09,0,0
10224,47.76,0.0123,2,0.84,0,0
10225,24.94,0.0123,0,0.57,0,0
10226,17.62,0.0123,0,0.24,0,0
10227,966.66,0.0123,2,0.35,0,0
10228,68.84,0.0123,2,0.64,0,0
10229,149.01,0.0123,0,0.16,0,0
10230,23.5,0.0123,2,0.82,0,0
10231,1161.82,0.0123,0,0.95,0,1
10232,46.73,0.0123,0,1.0,1,1
10233,11.11,0.0123,0,0.88,0,0
10234,50.04,0.0123,0,0.71,0,0
10235,41.27,0.0123,2,0.37,0,0
10236,9.12,0.0123,1,0.99,0,0
10237,36.12,0.0123,2,0.9,1,1
10238,726.63,0.0123,0,0.51,1,1
10239,332.43,0.0123,2,1.0,0,0
10240,551.46,0.0123,2,0.64,0,0
10241,538.51,0.0123,2,0.48,0,0
10242,50.2,0.0123,2,0.52,0,0
10243,38.93,0.0123,0,0.09,0,0
10244,28.46,0.0123,0,0.48,0,0
10245,11.77,0.0123,0,0.25,0,0
10246,86.3,0.0123,0,0.12,0,0
10247,27.52,0.0123,2,0.23,0,0
10248,52.36,0.0123,2,0.29,0,0
10249,11.0,0.0123,0,0.08,1,0
10250,69.29,0.0123,2,0.63,1,0
10251,11.02,4.8088,0,0.66,0,0
10252,32.48,4.8088,2,0.83,0,1
10253,20.75,0.0123,2,0.06,0,0
10254,951.56,0.0123,2,0.25,0,0
10255,24.63,4.8088,0,0.76,0,0
10256,51.14,0.0123,0,0.95,0,0
10257,12.36,0.0123,2,0.35,1,0
10258,19.81,0.0123,2,0.85,0,0
10259,21.42,0.0123,0,0.14,0,0
10260,40.76,0.0123,0,0.23,0,0
10261,70.51,0.0123,0,0.05,0,0
10262,18.8,0.0123,2,0.99,0,0
10263,1132.26,0.0123,1,0.8,0,1
10264,75.05,0.0123,0,0.72,0,0
10265,56.05,0.0123,0,0.95,0,0
10266,26.43,0.0123,0,0.48,0,0
10267,70.47,0.0123,2,0.52,0,0
10268,37.92,0.0123,0,0.03,0,0
10269,41.18,0.0123,0,0.31,0,0
10270,28.39,0.0123,2,0.59,0,0
10271,1202.93,0.0123,2,0.32,0,1
10272,82.06,0.0123,2,0.37,0,0
10273,93.99,0.0123,0,0.43,0,0
10274,1574.82,0.0123,2,0.72,0,1
10275,31.05,0.0123,2,0.26,0,0
10276,22.43,0.0123,2,0.69,0,0
10277,14.8,0.0123,0,0.17,0,0
10278,735.35,0.0123,0,0.98,1,1
10279,53.9,0.0123,2,0.19,0,0
10280,27.63,0.0123,2,0.9,0,0
10281,67.18,0.0123,2,0.74,0,0
10282,46.38,0.0123,2,0.74,0,0
10283,29.25,0.0123,0,0.52,0,0
10284,74.19,0.0123,2,0.42,1,0
10285,26.35,4.8088,2,0.08,0,0
10286,59.37,0.0123,0,0.05,1,0
10287,31.98,0.0123,2,0.74,0,0
10288,101.49,0.0123,2,0.08,0,0
10289,36.44,0.0123,2,0.56,0,0
10290,509.81,0.0123,0,0.88,0,0
10291,24.4,0.0123,0,0.39,0,0
10292,65.21,4.8088,2,0.77,0,0
10293,289.32,0.0123,0,0.85,0,0
10294,474.13,0.0123,0,0.7,0,0
10295,49.83,0.0123,1,0.59,0,0
10296,68.52,0.0123,0,0.58,0,0
10297,65.93,0.0123,2,0.6,0,0
10298,44.21,0.0123,0,0.56,0,0
10299,878.7,0.0123,0,0.4,0,0
10300,23.81,0.0123,0,0.49,0,0
10301,12.9,0.0123,0,0.68,0,0
10302,16.13,0.0123,2,0.99,0,0
10303,20.35,0.0123,0,0.89,0,0
10304,25.97,0.0123,2,0.9,1,1
10305,8.37,4.8088,0,0.16,0,0
10306,30.48,0.0123,2,0.16,0,0
10307,21.95,0.0123,0,0.74,1,0
10308,34.09,0.0123,0,0.99,0,0
10309,16.67,0.0123,2,0.63,0,0
10310,94.64,0.0123,1,0.96,0,0
10311,23.9,0.0123,2,0.51,1,0
10312,648.01,0.0123,2,0.66,0,0
10313,8.04,0.0123,0,0.26,0,0
10314,38.28,0.0123,2,0.5,0,0
10315,39.73,0.0123,0,0.33,0,0
10316,103.88,0.0123,0,0.16,0,0
10317,27.66,0.0123,2,0.96,0,0
10318,52.92,0.0123,2,0.75,0,0
10319,45.54,0.0123,2,0.68,1,0
10320,921.13,0.0123,0,0.1,0,1
10321,42.33,0.0123,0,0.13,0,0
10322,32.49,0.0123,0,0.12,0,0
10323,1360.53,0.0123,0,0.62,1,1
10324,19.22,0.0123,2,0.72,1,0
10325,24.76,4.8088,0,0.31,0,0
10326,61.29,0.0123,0,0.36,1,0
10327,34.21,0.0123,2,0.02,0,0
10328,50.59,0.0123,2,0.3,0,0
10329,13.14,0.0123,0,0.94,0,0
10330,37.91,0.0123,0,0.72,0,0
10331,77.95,0.0123,2,0.6,1,0
10332,5.37,0.0123,0,0.25,0,0
10333,66.1,0.0123,0,0.05,0,0
10334,36.86,0.0123,1,0.95,0,0
10335,23.12,0.0123,2,0.54,0,0
10336,247.15,0.0123,2,0.35,0,0
10337,129.48,0.0123,2,0.24,0,0
10338,79.1,0.0123,0,0.94,0,0
10339,16.49,0.0123,0,0.48,0,0
10340,34.69,0.0123,2,0.32,0,0
10341,51.59,0.0123,1,0.12,0,0
10342,17.0,0.0123,2,0.51,0,0
10343,29.79,0.0123,0,0.84,1,1
10344,11.54,0.0123,2,0.45,0,0
10345,11.69,0.0123,0,0.73,0,0
10346,81.93,0.0123,0,0.77,0,0
10347,360.69,0.0123,2,0.08,1,0
10348,73.07,0.0123,1,0.71,0,0
10349,35.7,4.8088,0,0.21,0,0
10350,455.35,0.0123,0,0.52,0,0
10351,97.38,0.0123,2,0.18,0,0
10352,500.46,0.0123,2,0.92,0,0
10353,49.37,0.0123,2,0.63,0,0
10354,2461.04,0.0123,2,0.06,0,1
10355,92.65,0.0123,0,0.77,0,0
10356,35.36,0.0123,1,0.27,0,0
10357,123.88,0.0123,0,0.31,0,0
10358,10.51,0.0123,0,0.5,0,0
10359,39.45,0.0123,0,0.11,0,0
10360,2007.89,0.0123,2,0.9,0,1
10361,85.67,0.0123,2,0.71,0,0
10362,3509.56,0.0123,2,0.47,0,1
10363,66.5,0.0123,0,0.99,0,0
10364,4012.18,0.0123,0,0.75,0,1
10365,30.24,0.0123,0,0.27,0,0
10366,75.25,0.0123,2,1.0,0,0
10367,36.85,0.0123,0,0.92,0,0
10368,37.89,0.0123,2,0.31,0,0
10369,40.53,0.0123,0,0.55,0,0
10370,30.23,0.0123,1,0.84,0,0
10371,19.25,0.0123,1,0.36,1,0
10372,7.85,0.0123,2,0.48,0,0
10373,17.9,0.0123,2,0.66,0,0
10374,1237.61,0.0123,1,0.96,0,1
10375,83.28,0.0123,0,0.82,0,0
10376,21.5,0.0123,0,0.66,0,0
10377,26.73,0.0123,2,0.72,0,0
10378,46.5,0.0123,0,0.1,0,0
10379,1022.0,0.0123,0,0.68,1,1
10380,20.1,4.8088,0,0.43,0,0
10381,102.46,0.0123,2,0.63,0,0
10382,920.75,0.0123,0,0.23,0,0
10383,22.9,0.0123,0,0.83,0,0
10384,20.42,0.0123,0,0.83,0,0
10385,8.06,0.0123,0,0.89,1,1
10386,51.98,0.0123,2,0.13,0,0
10387,47.1,0.0123,2,0.66,0,0
10388,23.71,0.0123,2,0.52,0,0
10389,58.93,0.0123,2,0.85,0,0
10390,16.83,0.0123,2,0.05,0,0
10391,51.39,0.0123,0,0.77,1,0
10392,29.66,0.0123,2,0.97,0,0
10393,2337.81,0.0123,2,0.83,0,1
10394,101.76,0.0123,0,0.7,0,0
10395,25.57,0.0123,0,0.55,0,0
10396,89.53,0.0123,2,0.06,1,0
10397,87.42,0.0123,0,0.2,0,0
10398,9.59,0.0123,1,0.74,0,0
10399,28.51,0.0123,0,0.61,0,0
10400,77.06,0.0123,2,0.88,0,0
10401,40.37,0.0123,0,0.59,0,0
10402,76.06,0.0123,0,0.64,1,0
10403,25.62,0.0123,0,0.57,0,0
10404,53.32,0.0123,0,0.92,0,0
10405,32.19,0.0123,2,0.4,0,0
10406,1000.86,0.0123,2,0.42,0,0
10407,15.49,0.0123,2,0.6,1,0
10408,4.71,0.0123,2,0.55,0,0
10409,45.05,0.0123,2,0.57,0,0
10410,36.86,0.0123,1,0.56,0,0
10411,18.57,0.0123,0,0.06,0,0
10412,735.15,0.0123,2,0.47,0,0
10413,9.93,0.0123,0,0.29,0,0
10414,32.21,0.0123,0,0.43,0,0
10415,77.8,0.0123,0,0.65,0,0
10416,57.98,0.0123,2,0.55,0,0
10417,18.54,0.0123,0,0.9,1,1
10418,12.35,0.0123,0,0.86,0,0
10419,9.82,0.0123,1,0.61,0,0
10420,95.34,0.0123,2,0.18,0,0
10421,47.0,0.0123,0,0.48,0,0
10422,54.9,4.8088,0,0.72,0,0
10423,36.45,0.0123,2,0.6,0,0
10424,56.57,0.0123,0,0.93,1,1
10425,53.84,0.0123,0,0.85,0,0
10426,25.56,0.0123,2,0.5,0,0
10427,13.41,0.0123,2,0.66,0,0
10428,404.56,0.0123,2,0.07,0,0
10429,97.58,0.0123,2,0.16,0,0
10430,13.44,0.0123,0,0.34,0,0
10431,28.47,0.0123,0,0.6,1,0
10432,29.24,0.0123,0,0.73,1,0
10433,47.62,0.0123,2,0.15,0,0
10434,8.41,0.0123,2,0.96,0,0
10435,32.79,0.0123,0,0.31,0,0
10436,81.48,0.0123,2,0.23,0,0
10437,20.37,0.0123,2,0.28,1,0
10438,836.48,0.0123,2,0.03,0,0
10439,12.63,0.0123,2,0.62,0,0
10440,17.32,0.0123,2,0.36,0,0
10441,41.29,0.0123,2,0.46,0,0
10442,10.45,0.0123,2,0.47,0,0
10443,46.19,4.8088,0,0.62,0,0
10444,306.37,0.0123,0,0.55,0,0
10445,34.8,0.0123,2,0.19,0,0
10446,40.37,0.0123,0,0.5,0,0
10447,34.78,0.0123,0,0.36,0,0
10448,64.68,0.0123,2,0.97,0,0
10449,2404.25,0.0123,2,0.29,0,1
10450,53.6,0.0123,2,0.44,0,0
10451,1597.86,0.0123,2,0.92,1,1
10452,35.17,0.0123,1,0.96,0,0
10453,645.17,0.0123,2,0.73,0,0
10454,17.09,0.0123,2,0.4,1,0
10455,366.07,0.0123,0,0.27,0,0
10456,13.06,0.0123,0,0.09,0,0
10457,36.46,0.0123,0,0.28,0,0
10458,6.58,0.0123,0,0.48,1,0
10459,35.59,0.0123,0,0.1,0,0
10460,77.53,0.0123,2,0.11,0,0
10461,23.81,0.0123,0,0.51,0,0
10462,27.75,0.0123,0,0.67,1,0
10463,886.38,0.0123,0,0.32,1,1
10464,32.13,0.0123,0,0.46,1,0
10465,15.3,0.0123,2,0.42,0,0
10466,33.54,0.0123,2,0.3,0,0
10467,55.43,0.0123,2,0.51,0,0
10468,42.99,0.0123,0,0.07,0,0
10469,53.69,0.0123,1,0.13,0,0
10470,32.12,0.0123,1,0.96,0,0
10471,44.06,0.0123,0,0.3,1,0
10472,9.06,0.0123,0,0.47,1,0
10473,356.97,0.0123,2,0.91,0,0
10474,2449.74,0.0123,1,0.66,1,1
10475,26.38,0.0123,2,0.74,0,0
10476,369.35,0.0123,1,0.17,0,0
10477,80.64,0.0123,2,0.83,0,0
10478,30.64,0.0123,0,0.12,1,0
10479,34.27,0.0123,0,0.32,0,0
10480,44.29,0.0123,2,0.85,1,1
10481,64.57,0.0123,2,0.9,0,0
10482,78.56,0.0123,0,0.66,0,0
10483,39.52,0.0123,2,0.85,0,0
10484,850.22,0.0123,2,0.69,0,0
10485,24.46,4.8088,2,0.19,0,0
10486,5.64,0.0123,0,0.33,0,0
10487,55.3,0.0123,0,0.13,0,0
10488,599.31,0.0123,0,0.53,0,0
10489,22.5,0.0123,2,0.71,0,0
10490,45.27,0.0123,2,0.66,0,0
10491,23.96,0.0123,0,0.85,0,0
10492,12.84,0.0123,1,0.66,0,0
10493,25.26,0.0123,1,0.72,1,0
10494,23.63,0.0123,2,0.61,1,0
10495,34.75,0.0123,2,0.33,0,0
10496,23.33,0.0123,1,0.32,0,0
10497,486.64,0.0123,2,0.52,0,0
10498,119.6,0.0123,0,0.95,0,0
10499,3119.35,0.0123,2,0.7,0,1
10500,136.93,0.0123,2,0.24,1,0
10501,11.48,0.0123,2,0.73,1,0
10502,6.16,0.0123,0,0.79,0,0
10503,34.78,0.0123,2,0.6,0,0
10504,90.68,4.8088,0,0.51,0,0
10505,110.38,0.0123,0,0.28,0,0
10506,2888.84,0.0123,2,0.37,0,1
10507,12.11,0.0123,0,0.29,1,0
10508,496.32,0.0123,2,0.34,0,0
10509,43.15,0.0123,2,0.46,0,0
10510,17.27,0.0123,2,0.23,0,0
10511,879.98,0.0123,0,0.49,1,1
10512,58.44,0.0123,2,0.83,0,0
10513,1217.14,0.0123,0,0.7,1,1
10514,23.58,0.0123,2,0.62,0,0
10515,13.49,0.0123,0,0.45,0,0
10516,355.27,0.0123,2,0.1,0,0
10517,6.3,0.0123,0,0.62,0,0
10518,20.37,0.0123,1,0.28,1,0
10519,26.84,0.0123,1,0.16,1,0
10520,974.78,0.0123,2,0.55,0,0
10521,40.12,0.0123,1,0.19,0,0
10522,2764.59,0.0123,0,0.2,0,1
10523,25.43,4.8088,2,0.53,0,0
10524,34.91,0.0123,0,0.81,1,1
10525,30.69,0.0123,0,0.53,0,0
10526,3453.9,0.0123,0,0.12,0,1
10527,27.38,0.0123,2,0.35,0,0
10528,25.6,0.0123,0,0.47,1,0
10529,3987.95,0.0123,0,0.78,0,1
10530,28.09,0.0123,0,0.53,0,0
10531,38.04,0.0123,0,0.62,0,0
10532,1489.58,0.0123,2,0.17,0,0
10533,37.24,0.0123,0,0.74,0,0
10534,17.87,0.0123,1,0.17,0,0
10535,50.35,0.0123,1,0.78,0,0
10536,9.73,0.0123,2,0.36,0,0
10537,323.5,0.0123,0,0.73,0,0
10538,51.29,0.0123,0,0.22,0,0
10539,562.13,0.0123,2,0.34,0,0
10540,13.42,0.0123,2,0.75,0,0
10541,29.1,0.0123,2,0.69,1,0
10542,17.89,0.0123,0,0.19,0,0
10543,36.24,0.0123,0,0.37,0,0
10544,149.7,0.0123,0,0.1,0,0
10545,847.67,0.0123,2,0.74,0,0
10546,67.77,0.0123,2,0.14,0,0
10547,41.03,0.0123,0,0.67,0,0
10548,98.71,0.0123,0,0.26,0,0
10549,24.36,0.0123,2,0.01,0,0
10550,49.01,0.0123,2,0.37,0,0
10551,17.53,0.0123,2,0.7,0,0
10552,13.62,0.0123,2,0.18,0,0
10553,8.75,0.0123,0,0.25,0,0
10554,16.72,0.0123,2,0.55,0,0
10555,31.5,0.0123,0,0.53,0,0
10556,24.21,0.0123,0,0.06,0,0
10557,8.2,0.0123,0,0.23,0,0
10558,13.47,0.0123,0,0.66,0,0
10559,14.81,0.0123,2,0.8,0,0
10560,31.41,0.0123,0,0.91,0,0
10561,42.31,0.0123,2,0.21,1,0
10562,13.45,4.8088,1,0.54,0,0
10563,3382.38,0.0123,0,0.12,0,1
10564,32.13,0.0123,0,0.28,0,0
10565,9.65,0.0123,2,0.06,0,0
10566,16.0,0.0123,2,0.0,0,0
10567,18.76,0.0123,2,0.08,0,0
10568,18.74,0.0123,2,0.57,0,0
10569,9.08,0.0123,0,0.88,0,0
10570,54.5,0.0123,2,0.94,0,0
10571,71.0,0.0123,0,0.89,0,0
10572,40.12,0.0123,0,0.02,0,0
10573,514.98,0.0123,0,0.36,0,0
10574,81.96,0.0123,1,0.87,0,0
10575,33.21,4.8088,0,0.93,1,1
10576,397.3,0.0123,2,0.59,0,0
10577,38.52,0.0123,0,0.47,0,0
10578,29.68,0.0123,2,0.57,0,0
10579,78.28,0.0123,0,0.2,0,0
10580,13.6,0.0123,0,0.7,0,0
10581,23.48,0.0123,0,0.05,0,0
10582,27.82,0.0123,2,0.11,0,0
10583,498.9,0.0123,2,0.73,0,0
10584,27.32,0.0123,0,0.53,0,0
10585,42.19,0.0123,0,0.32,0,0
10586,40.6,0.0123,2,0.04,1,0
10587,25.56,4.8088,2,0.02,0,0
10588,18.37,0.0123,2,0.2,0,0
10589,16.29,0.0123,2,0.8,1,0
10590,520.63,4.8088,0,0.77,0,1
10591,60.15,0.0123,0,0.05,0,0
10592,56.93,0.0123,2,0.66,0,0
10593,72.04,0.0123,2,0.26,0,0
10594,43.83,0.0123,1,0.65,0,0
10595,15.81,0.0123,0,0.22,0,0
10596,27.64,0.0123,0,0.67,1,0
10597,53.47,0.0123,1,0.66,0,0
10598,1440.08,4.8088,0,0.1,0,1
10599,69.23,0.0123,1,0.02,0,0
10600,42.79,0.0123,2,0.63,1,0
10601,26.72,0.0123,2,0.38,0,0
10602,27.12,0.0123,1,0.69,0,0
10603,79.59,0.0123,0,0.8,0,0
10604,33.81,0.0123,1,0.83,0,0
10605,44.11,0.0123,2,0.68,0,0
10606,2328.48,0.0123,0,0.23,0,1
10607,23.58,0.0123,2,0.17,0,0
10608,3237.77,0.0123,0,0.93,0,1
10609,15.7,0.0123,2,0.67,0,0
10610,87.04,0.0123,2,0.33,0,0
10611,24.64,0.0123,2,0.86,0,0
10612,72.63,0.0123,0,0.74,1,0
10613,50.01,0.0123,0,0.82,0,0
10614,17.58,0.0123,0,0.27,0,0
10615,20.62,0.0123,0,0.0,0,0
10616,251.87,4.8088,2,0.56,0,0
10617,46.92,0.0123,1,0.11,0,0
10618,25.59,0.0123,0,0.63,0,0
10619,47.48,0.0123,2,0.76,0,0
10620,2484.4,0.0123,2,0.36,0,1
10621,71.14,0.0123,0,0.31,0,0
10622,1120.24,4.8088,0,0.21,0,1
10623,74.37,0.0123,2,0.23,0,0
10624,49.48,0.0123,1,0.66,0,0
10625,5.55,0.0123,0,0.52,0,0
10626,671.8,0.0123,0,0.74,0,0
10627,20.66,0.0123,0,0.55,0,0
10628,79.33,0.0123,2,0.13,0,0
10629,9.38,0.0123,0,0.58,0,0
10630,54.42,0.0123,0,0.9,0,0
10631,51.08,0.0123,2,0.48,1,0
10632,78.16,0.0123,2,0.87,1,1
10633,33.65,0.0123,2,0.74,0,0
10634,112.47,0.0123,2,0.73,1,0
10635,48.78,0.0123,2,0.58,1,0
10636,56.94,0.0123,2,0.56,0,0
10637,54.21,0.0123,2,0.75,0,0
10638,33.62,0.0123,1,0.88,0,0
10639,23.84,0.0123,2,0.45,0,0
10640,16.86,0.0123,1,0.7,0,0
10641,29.03,0.0123,1,0.57,0,0
10642,33.72,0.0123,1,0.88,0,0
10643,18.9,0.0123,2,0.19,0,0
10644,66.14,0.0123,2,0.59,0,0
10645,38.83,0.0123,0,0.45,0,0
10646,78.41,0.0123,2,0.93,0,0
10647,19.24,0.0123,2,0.27,0,0
10648,55.98,4.8088,2,0.85,0,1
10649,38.68,0.0123,0,0.05,0,0
10650,32.99,0.0123,2,0.37,0,0
10651,65.87,0.0123,0,0.91,0,0
10652,56.37,0.0123,0,0.18,1,0
10653,763.72,0.0123,2,0.66,0,0
10654,57.26,0.0123,0,0.43,0,0
10655,30.29,0.0123,0,0.14,0,0
10656,27.86,0.0123,2,0.68,0,0
10657,78.11,0.0123,0,0.92,0,0
10658,202.12,0.0123,1,0.1,0,0
10659,807.0,0.0123,2,0.17,0,0
10660,7.85,0.0123,2,0.56,0,0
10661,45.48,0.0123,2,0.98,0,0
10662,24.3,0.0123,2,0.95,0,0
10663,31.59,0.0123,0,0.32,0,0
10664,8.24,0.0123,0,0.94,0,0
10665,48.85,4.8088,2,0.93,0,1
10666,425.82,0.0123,0,0.39,0,0
10667,951.53,0.0123,2,0.09,1,1
10668,50.73,0.0123,2,0.2,0,0
10669,57.09,0.0123,0,0.64,0,0
10670,2019.78,0.0123,2,0.62,0,1
10671,1152.63,0.0123,2,0.03,0,1
10672,1990.4,4.8088,2,0.4,1,1
10673,55.58,0.0123,1,0.46,0,0
10674,42.47,0.0123,2,0.88,0,0
10675,30.36,0.0123,0,0.54,1,0
10676,21.48,0.0123,0,0.24,0,0
10677,2459.03,0.0123,2,0.83,1,1
10678,57.67,0.0123,2,0.47,0,0
10679,86.42,0.0123,2,0.15,0,0
10680,20.35,0.0123,0,0.48,1,0
10681,37.1,0.0123,0,0.75,1,0
10682,55.22,0.0123,0,0.9,0,0
10683,60.31,0.0123,2,0.86,0,0
10684,16.18,0.0123,0,0.74,0,0
10685,14.33,0.0123,0,0.6,0,0
10686,12.8,0.0123,0,0.56,0,0
10687,11.24,0.0123,0,0.29,0,0
10688,76.14,0.0123,2,0.18,0,0
10689,6.83,0.0123,2,0.76,1,0
10690,56.07,0.0123,0,0.75,0,0
10691,24.96,0.0123,2,0.24,0,0
10692,64.08,0.0123,2,0.07,0,0
10693,109.94,0.0123,0,0.69,0,0
10694,45.27,0.0123,2,0.61,0,0
10695,88.78,0.0123,0,0.08,0,0
10696,61.82,4.8088,0,0.27,0,0
10697,35.75,0.0123,2,0.24,0,0
10698,13.83,0.0123,0,0.3,1,0
10699,20.48,0.0123,2,0.27,1,0
10700,20.29,0.0123,2,0.04,0,0
10701,28.29,0.0123,0,0.21,0,0
10702,28.57,0.0123,0,0.22,0,0
10703,19.16,0.0123,2,0.64,0,0
10704,69.57,4.8088,2,0.94,1,1
10705,76.66,0.0123,2,0.59,1,0
10706,65.36,0.0123,2,0.99,0,0
10707,17.89,0.0123,0,0.79,0,0
10708,24.38,0.0123,0,0.55,0,0
10709,16.89,0.0123,0,0.34,0,0
10710,413.58,0.0123,2,0.11,0,0
10711,207.23,0.0123,2,0.66,1,1
10712,28.57,0.0123,2,0.22,0,0
10713,11.09,0.0123,0,0.92,1,1
10714,14.63,0.0123,0,0.14,1,0
10715,457.88,0.0123,2,0.17,1,0
10716,17.01,0.0123,2,0.36,0,0
10717,245.08,0.0123,2,0.17,0,0
10718,10.87,0.0123,2,0.34,0,0
10719,19.66,0.0123,2,0.46,0,0
10720,36.85,0.0123,2,0.87,1,1
10721,18.3,0.0123,0,0.54,0,0
10722,314.29,0.0123,0,0.04,0,0
10723,635.09,0.0123,0,0.04,0,1
10724,40.88,0.0123,2,0.29,0,0
10725,21.39,0.0123,2,0.92,0,0
10726,42.07,0.0123,2,0.37,0,0
10727,3798.39,0.0123,0,0.51,0,1
10728,15.95,0.0123,2,0.51,0,0
10729,222.85,0.0123,0,0.72,0,0
10730,34.18,0.0123,2,0.13,0,0
10731,22.03,0.0123,0,0.6,0,0
10732,43.14,0.0123,0,0.23,0,0
10733,57.62,0.0123,2,0.68,0,0
10734,23.54,0.0123,0,0.98,0,0
10735,11.35,0.0123,1,0.75,0,0
10736,61.92,0.0123,2,0.86,0,0
10737,44.4,0.0123,0,0.39,0,0
10738,20.82,0.0123,1,0.86,0,0
10739,41.03,0.0123,2,0.59,0,0
10740,65.98,0.0123,0,0.44,0,0
10741,41.79,0.0123,2,0.35,0,0
10742,971.15,0.0123,2,0.89,1,1
10743,29.47,0.0123,2,0.37,0,0
10744,80.83,0.0123,0,0.49,0,0
10745,7.04,0.0123,1,0.89,1,1
10746,86.44,0.0123,2,0.22,0,0
10747,96.48,0.0123,1,0.88,0,0
10748,7.58,0.0123,2,0.87,0,0
10749,8.77,0.0123,0,1.0,0,0
10750,39.89,0.0123,0,0.93,1,1
10751,54.03,0.0123,2,0.0,0,0
10752,44.64,0.0123,0,0.61,1,0
10753,22.89,0.0123,1,0.6,0,0
10754,41.48,0.0123,2,0.88,0,0
10755,33.14,0.0123,0,0.96,1,1
10756,220.32,0.0123,2,0.09,0,0
10757,62.22,0.0123,2,0.43,0,0
10758,532.36,0.0123,2,0.86,0,0
10759,37.56,0.0123,2,0.16,0,0
10760,78.58,0.0123,0,0.81,0,0
10761,10.71,0.0123,1,0.01,1,0
10762,8.16,0.0123,2,0.82,0,0
10763,29.49,0.0123,0,0.95,0,0
10764,47.25,0.0123,2,0.57,0,0
10765,55.03,0.0123,0,0.27,1,0
10766,38.01,0.0123,2,0.55,0,0
10767,36.47,0.0123,2,0.2,0,0
10768,13.82,0.0123,0,0.18,0,0
10769,29.57,0.0123,0,0.12,0,0
10770,39.0,0.0123,2,0.56,0,0
10771,34.2,0.0123,2,0.89,1,1
10772,97.73,0.0123,2,0.37,0,0
10773,30.15,0.0123,0,0.11,0,0
10774,31.75,0.0123,2,0.11,1,0
10775,2257.77,0.0123,0,0.6,0,1
10776,20.38,0.0123,2,0.05,0,0
10777,25.97,0.0123,2,0.48,0,0
10778,20.63,0.0123,0,0.9,0,0
10779,18.92,0.0123,1,0.71,0,0
10780,492.64,0.0123,0,0.07,0,0
10781,17.97,0.0123,1,0.05,0,0
10782,53.16,0.0123,2,0.46,0,0
10783,25.62,0.0123,2,0.79,1,0
10784,25.46,0.0123,2,0.48,0,0
10785,61.39,0.0123,0,0.09,0,0
10786,15.64,0.0123,2,0.14,0,0
10787,19.48,0.0123,0,0.62,1,0
10788,39.42,0.0123,2,0.66,0,0
10789,30.65,0.0123,2,0.5,1,0
10790,32.35,0.0123,1,0.06,0,0
10791,1172.74,0.0123,0,0.22,0,0
10792,26.43,4.8088,2,0.37,0,0
10793,55.13,0.0123,0,0.24,0,0
10794,16.87,0.0123,0,0.73,1,0
10795,14.13,0.0123,0,0.85,1,1
10796,49.95,0.0123,1,0.12,1,0
10797,98.35,0.0123,1,0.28,0,0
10798,46.26,0.0123,2,0.17,0,0
10799,35.42,0.0123,2,0.42,1,0
10800,14.01,0.0123,0,0.98,0,0
10801,54.99,0.0123,0,0.02,0,0
10802,18.49,0.0123,0,0.91,0,0
10803,13.12,0.0123,0,0.34,1,0
10804,32.7,0.0123,0,0.86,0,0
10805,17.31,0.0123,2,0.54,0,0
10806,12.15,0.0123,0,0.46,0,0
10807,25.7,0.0123,0,0.93,0,0
10808,31.5,0.0123,1,0.57,0,0
10809,60.67,0.0123,0,0.66,1,0
10810,12.99,0.0123,0,0.34,0,0
10811,15.14,0.0123,0,0.77,0,0
10812,13.87,0.0123,0,0.6,0,0
10813,20.89,0.0123,2,0.39,0,0
10814,38.52,0.0123,0,0.2,0,0
10815,1431.67,0.0123,0,0.43,1,1
10816,13.58,0.0123,1,0.99,0,0
10817,15.72,0.0123,1,0.56,0,0
10818,76.01,0.0123,0,0.5,0,0
10819,4.8,0.0123,0,0.65,0,0
10820,1696.27,0.0123,2,0.06,0,1
10821,16.86,0.0123,2,0.06,0,0
10822,18.45,0.0123,0,0.1,1,0
10823,438.41,0.0123,0,0.04,0,0
10824,30.37,0.0123,2,0.44,1,0
10825,18.48,0.0123,2,0.08,0,0
10826,39.73,0.0123,0,0.54,0,0
10827,32.99,0.0123,0,0.69,0,0
10828,22.56,0.0123,0,0.94,0,0
10829,46.27,0.0123,0,0.7,0,0
10830,33.46,0.0123,0,0.12,0,0
10831,49.91,0.0123,1,0.15,0,0
10832,17.73,0.0123,2,0.16,0,0
10833,83.42,0.0123,0,0.8,0,0
10834,63.55,0.0123,0,0.26,0,0
10835,8.94,0.0123,1,0.89,0,0
10836,45.4,0.0123,2,0.46,0,0
10837,23.26,0.0123,0,0.11,0,0
10838,71.65,0.0123,0,0.1,0,0
10839,26.28,0.0123,2,0.91,0,0
10840,809.51,4.8088,1,0.08,0,1
10841,505.81,0.0123,2,0.47,0,0
10842,11.72,0.0123,1,0.12,1,0
10843,22.05,0.0123,2,0.63,0,0
10844,218.75,0.0123,0,0.8,0,0
10845,12.58,0.0123,0,0.84,0,0
10846,43.4,0.0123,2,0.57,0,0
10847,23.73,0.0123,0,0.86,0,0
10848,16.48,0.0123,2,0.29,1,0
10849,42.45,0.0123,2,0.47,0,0
10850,45.9,0.0123,0,0.05,0,0
10851,677.1,0.0123,0,0.53,0,0
10852,22.98,0.0123,2,0.65,0,0
10853,87.56,0.0123,2,0.37,0,0
10854,25.88,0.0123,0,0.68,0,0
10855,196.26,0.0123,2,0.57,0,0
10856,1583.32,0.0123,1,0.2,0,1
10857,12.46,0.0123,0,0.98,0,0
10858,50.6,0.0123,2,0.4,0,0
10859,341.21,0.0123,0,0.07,0,0
10860,24.58,0.0123,2,0.07,0,0
10861,12.69,0.0123,0,0.04,1,0
10862,19.91,0.0123,1,0.72,0,0
10863,10.28,0.0123,2,0.44,0,0
10864,452.19,0.0123,0,0.38,1,1
10865,2973.81,0.0123,2,0.05,1,1
10866,11.17,0.0123,0,0.71,0,0
10867,582.27,0.0123,1,0.7,0,0
10868,53.23,0.0123,0,0.62,0,0
10869,45.35,0.0123,1,0.89,0,0
10870,23.59,0.0123,1,0.85,1,1
10871,41.8,0.0123,2,0.73,0,0
10872,42.08,0.0123,2,0.22,0,0
10873,14.8,0.0123,0,0.38,0,0
10874,10.33,0.0123,0,0.15,0,0
10875,52.1,0.0123,0,0.19,0,0
10876,56.84,0.0123,0,0.7,1,0
10877,33.17,0.0123,2,0.96,1,1
10878,33.24,0.0123,0,0.01,0,0
10879,52.26,0.0123,0,0.7,0,0
10880,24.96,0.0123,2,0.71,0,0
10881,47.87,0.0123,1,0.34,0,0
10882,76.46,0.0123,2,0.23,0,0
10883,38.67,0.0123,0,0.99,0,0
10884,8.72,0.0123,0,0.81,0,0
10885,30.15,0.0123,2,0.22,0,0
10886,54.83,0.0123,1,0.94,0,0
10887,619.61,0.0123,0,0.57,1,1
10888,445.11,0.0123,2,0.37,0,0
10889,20.77,0.0123,2,0.54,0,0
10890,85.18,0.0123,0,0.81,1,1
10891,1266.31,0.0123,0,0.22,0,1
10892,130.03,0.0123,2,0.9,0,0
10893,45.59,0.0123,0,0.7,0,0
10894,168.36,0.0123,1,0.95,0,0
10895,39.51,0.0123,0,0.14,1,0
10896,51.28,0.0123,0,0.19,0,0
10897,10.91,0.0123,2,0.4,0,0
10898,525.12,0.0123,2,0.72,1,1
10899,73.31,0.0123,2,0.71,0,0
10900,16.09,0.0123,0,0.34,0,0
10901,193.56,0.0123,2,0.59,1,0
10902,29.41,0.0123,2,0.47,1,0
10903,36.4,0.0123,2,0.29,0,0
10904,62.94,0.0123,1,0.22,1,0
10905,27.56,0.0123,0,0.47,0,0
10906,22.83,0.0123,2,0.51,1,0
10907,8.63,4.8088,0,0.93,0,1
10908,34.93,0.0123,0,0.97,0,0
10909,12.51,0.0123,0,0.47,0,0
10910,7.7,0.0123,2,0.63,0,0
10911,52.72,0.0123,0,0.1,0,0
10912,37.1,0.0123,0,0.22,0,0
10913,21.81,0.0123,2,0.37,0,0
10914,112.77,0.0123,0,0.22,0,0
10915,16.54,0.0123,0,0.49,1,0
10916,31.18,0.0123,0,0.11,0,0
10917,39.82,0.0123,2,0.37,0,0
10918,50.98,0.0123,0,0.19,0,0
10919,75.65,0.0123,0,0.7,1,0
10920,34.08,4.8088,1,0.68,0,0
10921,11.45,0.0123,0,0.02,0,0
10922,84.15,0.0123,0,0.25,1,0
10923,14.7,0.0123,0,0.43,0,0
10924,164.6,0.0123,2,0.95,0,0
10925,20.78,0.0123,1,0.14,0,0
10926,44.12,0.0123,2,0.93,0,0
10927,87.41,0.0123,2,0.44,1,0
10928,16.09,0.0123,2,0.35,0,0
10929,33.3,0.0123,0,0.37,0,0
10930,9.09,0.0123,2,0.03,0,0
10931,88.9,0.0123,2,0.86,0,0
10932,46.78,0.0123,2,0.27,0,0
10933,9.78,0.0123,2,0.61,1,0
10934,30.54,0.0123,0,0.33,0,0
10935,42.43,0.0123,1,0.97,1,1
10936,61.26,0.0123,0,0.16,0,0
10937,7.7,0.0123,0,0.73,0,0
10938,43.51,0.0123,2,0.88,0,0
10939,20.62,0.0123,0,0.16,0,0
10940,25.64,0.0123,2,0.7,0,0
10941,29.01,0.0123,2,0.41,0,0
10942,40.86,4.8088,2,0.99,0,1
10943,19.32,0.0123,0,0.69,1,0
10944,25.32,0.0123,2,0.37,0,0
10945,73.64,0.0123,0,0.47,0,0
10946,38.82,0.0123,0,0.38,1,0
10947,22.43,0.0123,0,0.4,0,0
10948,59.35,0.0123,0,0.11,0,0
10949,54.44,0.0123,0,0.46,0,0
10950,11.59,0.0123,2,0.54,0,0
10951,15.34,0.0123,2,0.84,0,0
10952,28.79,0.0123,2,0.82,0,0
10953,19.48,0.0123,2,0.78,0,0
10954,23.8,0.0123,0,0.29,0,0
10955,55.21,0.0123,1,0.47,0,0
10956,9.94,0.0123,1,0.0,0,0
10957,8.32,0.0123,2,0.41,1,0
10958,1592.07,0.0123,2,0.22,0,1
10959,41.53,0.0123,0,0.96,0,0
10960,357.51,0.0123,0,0.08,0,0
10961,28.62,0.0123,2,0.38,0,0
10962,12.24,0.0123,0,0.77,0,0
10963,45.37,0.0123,0,0.5,1,0
10964,261.46,0.0123,0,0.22,0,0
10965,13.45,0.0123,0,0.73,1,0
10966,13.33,0.0123,1,0.27,1,0
10967,24.45,0.0123,0,0.99,0,0
10968,26.6,0.0123,0,0.57,0,0
10969,1230.14,0.0123,0,0.06,0,1
10970,31.79,0.0123,2,0.47,0,0
10971,217.47,0.0123,2,0.17,0,0
10972,74.81,0.0123,2,0.28,0,0
10973,837.93,0.0123,1,0.8,1,1
10974,35.8,0.0123,2,0.01,0,0
10975,12.18,0.0123,2,0.85,0,0
10976,26.61,0.0123,1,0.13,0,0
10977,1088.92,0.0123,2,0.22,0,0
10978,12.4,0.0123,0,0.62,0,0
10979,24.5,0.0123,2,0.07,1,0
10980,52.05,0.0123,0,0.74,1,0
10981,17.16,0.0123,2,0.31,0,0
10982,21.12,0.0123,0,0.07,0,0
10983,38.93,0.0123,2,0.98,0,0
10984,42.38,0.0123,0,0.91,0,0
10985,28.78,0.0123,0,0.55,1,0
10986,27.77,0.0123,0,0.71,0,0
10987,49.88,0.0123,0,0.39,0,0
10988,57.75,0.0123,0,0.96,0,0
10989,14.51,0.0123,0,0.33,0,0
10990,12.3,0.0123,0,0.28,0,0
10991,145.43,0.0123,2,0.58,0,0
10992,24.37,0.0123,2,0.15,0,0
10993,30.22,0.0123,0,0.3,0,0
10994,20.69,0.0123,0,0.16,0,0
10995,51.91,0.0123,2,0.03,0,0
10996,31.53,0.0123,0,0.44,0,0
10997,26.41,0.0123,0,0.64,0,0
10998,93.66,0.0123,2,0.27,0,0
10999,51.76,0.0123,2,0.27,0,0
11000,39.34,0.0123,2,0.47,0,0
11001,39.21,0.0123,0,0.44,0,0
11002,36.49,0.0123,0,0.48,0,0
11003,5.43,0.0123,1,0.35,1,0
11004,91.61,0.0123,1,0.83,0,0
11005,35.97,0.0123,0,0.89,0,0
11006,11.16,0.0123,0,0.68,0,0
11007,27.66,0.0123,1,0.82,1,1
11008,47.69,0.0123,2,0.3,0,0
11009,37.08,0.0123,2,0.65,0,0
11010,34.46,0.0123,0,0.54,0,0
11011,23.6,0.0123,2,0.27,0,0
11012,11.88,0.0123,0,0.28,1,0
11013,27.39,0.0123,2,0.37,0,0
11014,21.15,0.0123,1,0.55,0,0
11015,74.99,4.8088,2,0.82,0,1
11016,28.45,0.0123,2,0.59,0,0
11017,56.28,0.0123,0,0.33,0,0
11018,248.68,0.0123,0,0.48,0,0
11019,1830.11,0.0123,0,0.84,1,1
11020,30.52,0.0123,2,0.2,0,0
11021,793.46,4.8088,1,0.45,0,1
11022,16.49,0.0123,0,0.8,0,0
11023,44.08,0.0123,0,0.47,0,0
11024,47.24,0.0123,0,0.95,0,0
11025,15.53,0.0123,2,0.1,0,0
11026,25.67,0.0123,0,0.1,0,0
11027,468.66,0.0123,1,0.81,0,0
11028,72.82,0.0123,0,0.87,0,0
11029,58.75,0.0123,1,0.88,0,0
11030,12.66,0.0123,2,0.36,0,0
11031,29.92,4.8088,2,0.51,0,0
11032,1623.66,0.0123,1,0.17,0,0
11033,57.09,0.0123,0,0.19,0,0
11034,44.41,0.0123,2,0.65,0,0
11035,40.92,0.0123,1,0.02,0,0
11036,17.9,0.0123,2,0.78,1,0
11037,124.9,0.0123,0,0.23,1,0
11038,12.04,0.0123,0,0.2,0,0
11039,31.67,0.0123,2,0.51,0,0
11040,19.59,0.0123,2,0.4,0,0
11041,39.01,0.0123,0,0.04,0,0
11042,38.83,0.0123,2,0.51,0,0
11043,54.39,0.0123,0,0.16,0,0
11044,997.19,0.0123,2,0.75,1,1
11045,34.92,4.8088,0,0.49,0,0
11046,566.62,0.0123,2,0.72,1,0
11047,10.98,0.0123,0,0.18,0,0
11048,13.93,0.0123,2,0.36,0,0
11049,16.52,4.8088,2,0.35,0,0
11050,517.97,0.0123,0,0.74,0,0
11051,543.4,0.0123,2,0.95,1,1
11052,28.61,0.0123,2,0.07,0,0
11053,2323.65,0.0123,0,0.97,0,1
11054,31.68,0.0123,2,0.55,0,0
11055,55.54,0.0123,0,0.74,0,0
11056,74.44,0.0123,2,0.79,0,0
11057,88.89,0.0123,2,0.44,0,0
11058,17.43,0.0123,2,0.8,1,1
11059,62.95,0.0123,0,0.49,0,0
11060,48.63,0.0123,0,0.82,1,1
11061,50.23,0.0123,0,0.23,0,0
11062,24.29,0.0123,0,0.58,0,0
11063,13.82,0.0123,2,0.27,0,0
11064,29.04,0.0123,2,0.66,0,0
11065,42.63,0.0123,0,0.04,1,0
11066,31.55,4.8088,0,0.68,1,1
11067,99.91,0.0123,1,0.83,0,0
11068,50.09,0.0123,0,0.71,1,0
11069,49.93,0.0123,1,0.72,0,0
11070,389.1,0.0123,2,0.79,1,0
11071,791.87,0.0123,2,0.8,0,1
11072,40.1,0.0123,0,0.35,1,0
11073,957.76,0.0123,0,0.53,0,1
11074,78.77,0.0123,2,0.1,0,0
11075,119.42,0.0123,0,0.91,0,0
11076,25.1,0.0123,0,0.06,0,0
11077,66.88,0.0123,0,0.12,0,0
11078,33.19,0.0123,2,1.0,0,0
11079,83.57,0.0123,1,0.55,0,0
11080,36.12,0.0123,2,0.94,0,0
11081,80.66,0.0123,1,0.07,0,0
11082,20.33,0.0123,2,0.32,0,0
11083,12.83,0.0123,0,0.94,0,0
11084,77.9,0.0123,0,0.41,1,0
11085,40.66,0.0123,2,0.57,0,0
11086,10.45,0.0123,0,0.57,0,0
11087,63.33,0.0123,0,0.42,1,0
11088,2711.3,0.0123,0,0.07,0,1
11089,62.99,0.0123,0,0.91,0,0
11090,36.46,0.0123,1,0.7,0,0
11091,10.85,4.8088,0,0.83,0,1
11092,20.56,0.0123,0,0.57,0,0
11093,88.86,0.0123,0,0.78,0,0
11094,17.94,0.0123,0,0.98,0,0
11095,38.1,0.0123,1,0.79,0,0
11096,6.18,0.0123,2,0.52,0,0
11097,1735.69,0.0123,1,0.94,0,1
11098,37.51,0.0123,0,0.57,0,0
11099,537.56,0.0123,0,0.93,0,1
11100,28.9,0.0123,2,0.99,0,0
11101,60.42,0.0123,1,0.6,0,0
11102,50.96,0.0123,2,0.74,1,0
11103,12.5,0.0123,0,0.28,1,0
11104,46.73,0.0123,2,0.67,1,0
11105,53.48,0.0123,0,0.83,0,0
11106,66.07,0.0123,0,0.07,0,0
11107,23.05,0.0123,0,0.48,1,0
11108,374.66,0.0123,2,0.46,0,0
11109,23.25,0.0123,1,0.06,0,0
11110,73.24,0.0123,0,0.26,0,0
11111,55.56,0.0123,2,0.48,1,0
11112,19.13,0.0123,0,0.98,0,0
11113,8.43,0.0123,0,0.95,0,0
11114,8.61,0.0123,0,0.49,0,0
11115,1463.66,0.0123,2,0.18,0,1
11116,36.18,0.0123,0,0.22,0,0
11117,77.39,0.0123,0,0.33,1,0
11118,21.55,0.0123,2,0.13,0,0
11119,25.34,0.0123,2,0.12,0,0
11120,59.49,0.0123,2,0.37,1,0
11121,39.13,4.8088,0,0.4,0,0
11122,49.64,0.0123,2,0.38,0,0
11123,61.54,0.0123,0,0.64,0,0
11124,283.92,0.0123,2,0.05,0,0
11125,9.09,0.0123,0,0.08,0,0
11126,51.13,0.0123,0,0.42,0,0
11127,34.94,0.0123,1,0.52,0,0
11128,10.78,0.0123,2,0.12,0,0
11129,29.04,0.0123,0,0.71,0,0
11130,26.18,0.0123,2,0.72,1,0
11131,52.78,0.0123,0,0.63,0,0
11132,52.29,0.0123,1,0.44,0,0
11133,26.71,0.0123,2,0.32,0,0
11134,77.05,0.0123,2,0.95,0,0
11135,38.8,0.0123,2,0.62,1,0
11136,6.77,0.0123,0,0.54,0,0
11137,3847.29,0.0123,2,0.3,0,1
11138,79.89,0.0123,2,0.42,0,0
11139,49.72,0.0123,2,0.98,0,0
11140,48.78,0.0123,1,0.64,0,0
11141,53.0,0.0123,0,0.12,0,0
11142,14.96,4.8088,0,0.27,0,0
11143,52.41,0.0123,0,0.5,0,0
11144,93.49,0.0123,1,0.35,0,0
11145,74.02,0.0123,2,0.21,0,0
11146,39.57,0.0123,2,0.98,1,1
11147,34.44,0.0123,2,0.86,0,0
11148,34.44,0.0123,0,0.94,0,0
11149,5497.42,0.0123,2,0.84,0,1
11150,40.02,0.0123,0,0.48,0,0
11151,12.37,0.0123,2,0.13,0,0
11152,18.24,0.0123,0,0.03,0,0
11153,63.67,0.0123,0,0.71,0,0
11154,62.89,0.0123,2,0.82,1,1
11155,43.43,0.0123,0,0.54,0,0
11156,26.1,0.0123,2,0.04,0,0
11157,11.29,0.0123,2,0.75,0,0
11158,56.52,0.0123,2,0.16,0,0
11159,1024.2,0.0123,2,0.64,0,1
11160,752.51,0.0123,2,0.79,0,0
11161,9.85,0.0123,2,0.31,0,0
11162,76.18,0.0123,0,0.64,0,0
11163,43.0,0.0123,2,0.0,0,0
11164,51.13,4.8088,2,0.75,0,0
11165,50.6,0.0123,0,0.77,0,0
11166,17.52,0.0123,0,0.4,0,0
11167,2414.64,0.0123,2,0.24,0,1
11168,35.01,0.0123,1,0.48,0,0
11169,82.2,0.0123,2,0.68,0,0
11170,35.72,0.0123,0,0.45,0,0
11171,16.24,0.0123,0,0.91,0,0
11172,30.77,0.0123,0,0.06,0,0
11173,43.22,0.0123,2,0.71,1,0
11174,13.8,0.0123,0,0.1,0,0
11175,116.78,0.0123,0,0.66,0,0
11176,37.9,0.0123,0,1.0,1,1
11177,48.2,0.0123,0,0.93,1,1
11178,22.14,0.0123,2,0.97,0,0
11179,35.1,0.0123,2,0.19,1,0
11180,49.14,4.8088,0,0.55,0,0
11181,6.11,0.0123,0,0.47,0,0
11182,16.09,0.0123,0,0.97,1,1
11183,12.03,0.0123,0,0.63,1,0
11184,23.7,0.0123,1,0.98,1,1
11185,77.81,0.0123,2,0.95,0,0
11186,50.38,0.0123,0,0.52,0,0
11187,53.93,0.0123,2,0.62,0,0
11188,16.0,0.0123,1,0.63,1,0
11189,110.57,0.0123,2,0.45,0,0
11190,24.32,0.0123,2,0.22,1,0
11191,25.64,4.8088,2,0.21,0,0
11192,27.99,0.0123,2,0.25,0,0
11193,36.94,0.0123,1,0.5,0,0
11194,5.54,0.0123,0,0.73,0,0
11195,33.14,4.8088,0,0.5,1,1
11196,18.45,0.0123,0,0.89,1,1
11197,1125.1,0.0123,2,0.37,0,0
11198,927.31,0.0123,0,0.33,0,0
11199,102.99,0.0123,2,0.29,0,0
11200,16.22,0.0123,0,0.98,0,0
11201,16.83,0.0123,2,0.19,1,0
11202,8.55,0.0123,0,0.6,0,0
11203,68.27,0.0123,0,0.97,0,0
11204,26.75,0.0123,2,0.32,0,0
11205,8.87,0.0123,0,0.52,0,0
11206,10.57,0.0123,2,0.14,0,0
11207,30.82,0.0123,2,0.11,0,0
11208,595.09,0.0123,0,0.38,0,0
11209,20.55,4.8088,2,0.67,0,0
11210,4.9,0.0123,2,0.06,0,0
11211,33.97,0.0123,0,0.56,1,0
11212,28.45,0.0123,0,0.51,0,0
11213,46.65,0.0123,2,0.67,0,0
11214,36.47,0.0123,2,0.02,0,0
11215,370.79,0.0123,1,0.26,0,0
11216,74.74,0.0123,0,0.69,0,0
11217,438.0,0.0123,2,0.38,0,0
11218,11.0,4.8088,0,0.49,0,0
11219,54.22,0.0123,2,0.76,1,0
11220,16.46,0.0123,0,0.82,0,0
11221,24.86,0.0123,0,0.5,0,0
11222,55.54,0.0123,0,0.41,0,0
11223,17.53,0.0123,2,0.79,0,0
11224,788.03,0.0123,2,0.09,0,0
11225,22.21,0.0123,2,0.31,0,0
11226,460.01,0.0123,0,0.79,0,0
11227,71.34,0.0123,0,0.65,1,0
11228,89.88,0.0123,0,0.75,1,0
11229,8.19,0.0123,0,0.17,0,0
11230,45.06,0.0123,2,0.22,0,0
11231,46.72,4.8088,2,0.56,0,0
11232,10.71,0.0123,2,0.73,0,0
11233,84.83,0.0123,2,0.1,0,0
11234,7.76,0.0123,2,0.36,0,0
11235,28.47,4.8088,2,0.57,0,0
11236,32.75,0.0123,0,0.47,1,0
11237,28.54,0.0123,2,0.85,1,1
11238,7.2,0.0123,2,0.53,1,0
11239,28.42,0.0123,2,0.51,0,0
11240,28.0,4.8088,1,0.45,0,0
11241,16.46,0.0123,2,0.43,0,0
11242,11.67,0.0123,2,0.28,0,0
11243,25.02,0.0123,0,0.22,0,0
11244,24.41,0.0123,2,0.08,0,0
11245,108.06,0.0123,0,0.89,0,0
11246,46.8,0.0123,0,0.06,0,0
11247,2308.49,0.0123,2,0.97,0,1
11248,11.57,0.0123,0,0.56,0,0
11249,18.25,0.0123,0,0.36,0,0
11250,11.78,0.0123,0,0.08,0,0
11251,35.66,0.0123,2,0.39,1,0
11252,23.34,0.0123,2,0.95,0,0
11253,93.92,0.0123,0,0.68,1,0
11254,19.51,0.0123,2,0.17,0,0
11255,18.82,4.8088,0,0.77,0,0
11256,22.19,0.0123,0,0.47,0,0
11257,7.72,0.0123,0,0.72,0,0
11258,830.44,0.0123,0,0.55,0,1
11259,62.51,0.0123,2,0.71,1,0
11260,9.45,0.0123,0,0.66,0,0
11261,48.93,0.0123,2,0.28,1,0
11262,106.43,0.0123,2,0.94,0,0
11263,37.91,0.0123,0,0.98,0,0
11264,17.49,4.8088,0,0.11,0,0
11265,32.29,0.0123,1,0.56,1,0
11266,30.94,0.0123,1,0.44,0,0
11267,418.44,0.0123,0,0.45,0,0
11268,83.34,0.0123,1,0.42,0,0
11269,32.57,0.0123,2,0.25,0,0
11270,29.82,0.0123,2,0.78,0,0
11271,37.42,0.0123,2,0.23,0,0
11272,16.31,0.0123,0,0.53,0,0
11273,140.77,0.0123,2,0.72,0,0
11274,30.52,0.0123,2,0.37,1,0
11275,55.02,0.0123,0,0.09,0,0
11276,13.12,0.0123,0,0.54,1,0
11277,67.86,0.0123,0,0.14,0,0
11278,27.92,0.0123,2,0.1,1,0
11279,26.04,0.0123,2,0.94,0,0
11280,14.74,0.0123,0,0.23,0,0
11281,19.23,0.0123,0,0.35,0,0
11282,24.29,0.0123,0,0.0,0,0
11283,54.1,0.0123,2,0.46,0,0
11284,71.37,0.0123,0,0.53,0,0
11285,108.97,0.0123,0,0.93,0,0
11286,64.85,0.0123,2,0.51,0,0
11287,32.81,0.0123,0,0.47,0,0
11288,48.64,0.0123,0,0.5,1,0
11289,14.01,0.0123,2,0.18,0,0
11290,15.31,0.0123,2,0.05,1,0
11291,13.3,4.8088,2,0.35,1,1
11292,618.79,0.0123,1,0.53,0,0
11293,302.94,0.0123,1,0.63,0,0
11294,94.83,0.0123,2,0.84,0,0
11295,6.05,0.0123,2,0.63,1,0
11296,2997.57,0.0123,2,0.89,0,1
11297,39.37,0.0123,1,0.31,1,0
11298,573.94,0.0123,0,0.69,0,0
11299,19.83,0.0123,2,0.97,0,0
11300,15.78,0.0123,2,0.6,0,0
11301,31.51,0.0123,0,0.06,0,0
11302,296.15,0.0123,2,0.17,0,0
11303,62.54,0.0123,2,0.78,0,0
11304,61.27,0.0123,2,0.68,0,0
11305,53.17,0.0123,1,0.68,0,0
11306,39.78,0.0123,0,0.75,0,0
11307,97.62,0.0123,0,0.57,0,0
11308,10.7,0.0123,0,0.19,0,0
11309,21.86,0.0123,2,0.09,1,0
11310,10.23,0.0123,0,1.0,0,0
11311,7.72,0.0123,0,0.33,0,0
11312,24.47,0.0123,0,0.01,0,0
11313,13.47,0.0123,0,0.84,0,0
11314,11.18,0.0123,2,0.18,0,0
11315,28.69,0.0123,0,0.04,0,0
11316,73.89,0.0123,1,0.83,1,1
11317,30.27,0.0123,0,0.81,0,0
11318,52.53,0.0123,2,0.62,0,0
11319,51.61,0.0123,2,0.65,1,0
11320,65.94,0.0123,0,0.63,0,0
11321,47.24,0.0123,0,0.87,0,0
11322,20.21,0.0123,0,0.11,1,0
11323,28.16,0.0123,0,0.47,0,0
11324,21.17,0.0123,0,0.51,1,0
11325,1351.14,0.0123,0,0.33,0,1
11326,46.91,0.0123,2,0.31,0,0
11327,26.53,0.0123,2,0.67,0,0
11328,41.99,0.0123,2,0.63,0,0
11329,645.82,0.0123,0,0.81,1,1
11330,7.8,0.0123,2,0.8,0,0
11331,34.21,0.0123,0,0.67,0,0
11332,351.26,0.0123,2,0.06,1,0
11333,8.05,0.0123,0,0.12,0,0
11334,84.29,0.0123,0,0.18,0,0
11335,89.15,0.0123,0,0.85,1,1
11336,71.86,0.0123,0,0.05,0,0
11337,26.35,0.0123,2,0.13,0,0
11338,45.65,0.0123,1,0.02,0,0
11339,29.58,0.0123,0,0.22,1,0
11340,14.91,0.0123,1,0.98,0,0
11341,37.48,0.0123,2,0.64,0,0
11342,41.57,0.0123,0,0.69,1,0
11343,47.21,0.0123,2,0.17,0,0
11344,42.67,0.0123,2,0.64,0,0
11345,39.12,0.0123,0,0.2,0,0
11346,609.95,0.0123,1,0.46,1,0
11347,42.44,0.0123,0,0.76,0,0
11348,15.8,0.0123,0,0.06,0,0
11349,47.26,0.0123,0,0.63,1,0
11350,28.86,0.0123,0,0.3,0,0
11351,27.65,0.0123,0,0.79,0,0
11352,23.66,0.0123,1,0.71,1,0
11353,12.45,0.0123,2,0.5,1,0
11354,37.41,0.0123,2,0.95,1,1
11355,81.9,0.0123,0,0.11,1,0
11356,12.29,0.0123,0,0.82,0,0
11357,27.88,0.0123,1,0.73,0,0
11358,81.31,4.8088,2,0.64,0,0
11359,38.27,0.0123,2,0.37,0,0
11360,32.26,4.8088,2,0.01,0,0
11361,49.57,0.0123,2,0.2,0,0
11362,35.1,0.0123,2,0.42,0,0
11363,452.79,0.0123,0,0.45,1,0
11364,2919.18,0.0123,2,0.63,0,1
11365,38.87,0.0123,2,0.06,0,0
11366,34.22,0.0123,0,0.36,0,0
11367,12.34,0.0123,2,0.58,1,0
11368,42.66,0.0123,0,0.44,0,0
11369,37.45,0.0123,2,0.15,0,0
11370,13.36,0.0123,1,0.66,0,0
11371,3.56,0.0123,0,0.94,1,1
11372,34.1,0.0123,2,0.74,0,0
11373,32.76,4.8088,2,0.66,0,0
11374,27.79,0.0123,0,0.58,0,0
11375,49.95,0.0123,2,0.74,1,0
11376,113.3,0.0123,1,0.82,0,0
11377,91.99,0.0123,0,0.32,1,0
11378,89.86,0.0123,0,0.88,1,1
11379,88.06,0.0123,2,0.58,1,0
11380,43.86,0.0123,2,0.16,0,0
11381,100.05,0.0123,0,0.41,0,0
11382,1057.3,0.0123,0,0.74,0,0
11383,2736.67,0.0123,2,0.66,1,1
11384,16.9,0.0123,2,0.05,0,0
11385,40.51,0.0123,0,0.85,0,0
11386,42.38,0.0123,0,0.29,1,0
11387,665.08,0.0123,2,0.98,0,1
11388,77.03,0.0123,0,0.23,0,0
11389,724.59,0.0123,1,0.72,0,0
11390,39.8,0.0123,2,0.41,0,0
11391,51.92,0.0123,0,0.14,0,0
11392,58.68,0.0123,0,0.08,0,0
11393,46.67,0.0123,2,0.4,0,0
11394,93.13,0.0123,0,0.77,1,0
11395,28.75,0.0123,0,0.76,0,0
11396,492.53,0.0123,0,0.5,0,0
11397,31.3,0.0123,2,0.2,0,0
11398,74.97,0.0123,0,0.07,0,0
11399,758.68,0.0123,2,0.22,1,1
11400,21.95,0.0123,0,0.2,0,0
11401,95.44,0.0123,2,0.04,0,0
11402,516.61,0.0123,2,0.98,1,1
11403,20.37,0.0123,0,0.59,1,0
11404,57.84,0.0123,2,0.79,1,0
11405,28.09,0.0123,0,0.44,0,0
11406,18.39,4.8088,2,0.91,0,1
11407,34.63,4.8088,2,0.94,0,1
11408,33.96,4.8088,2,0.22,0,0
11409,44.3,0.0123,1,0.46,0,0
11410,74.95,0.0123,2,0.01,0,0
11411,62.17,0.0123,0,0.53,0,0
11412,36.21,0.0123,0,0.44,1,0
11413,42.17,0.0123,0,0.6,0,0
11414,7.85,0.0123,2,0.96,0,0
11415,45.27,4.8088,0,0.79,1,1
11416,12.62,0.0123,0,0.23,0,0
11417,3225.47,4.8088,0,0.63,0,1
11418,30.26,0.0123,0,0.64,0,0
11419,14.21,0.0123,2,0.1,0,0
11420,23.01,0.0123,0,0.81,0,0
11421,32.54,0.0123,2,0.36,0,0
11422,2230.83,0.0123,2,0.11,1,1
11423,25.4,0.0123,2,0.21,0,0
11424,20.98,0.0123,0,0.21,0,0
11425,29.42,0.0123,2,0.09,0,0
11426,35.34,0.0123,2,0.8,0,0
11427,39.64,0.0123,2,0.2,1,0
11428,20.33,0.0123,0,0.94,0,0
11429,24.76,0.0123,2,0.95,0,0
11430,43.77,0.0123,0,0.22,0,0
11431,32.94,0.0123,0,0.02,0,0
11432,16.74,0.0123,2,0.5,0,0
11433,20.72,0.0123,0,0.37,1,0
11434,37.0,0.0123,2,0.73,0,0
11435,56.19,0.0123,2,0.01,0,0
11436,9.96,0.0123,0,0.27,1,0
11437,136.96,0.0123,2,0.85,0,1
11438,33.6,0.0123,2,0.88,0,0
11439,2676.97,0.0123,0,0.13,0,1
11440,6.01,0.0123,2,0.66,0,0
11441,42.52,0.0123,2,0.12,0,0
11442,8.59,0.0123,0,0.9,1,1
11443,88.13,0.0123,0,0.9,0,0
11444,55.37,0.0123,1,0.57,0,0
11445,22.26,0.0123,0,0.48,0,0
11446,11.35,0.0123,0,0.07,0,0
11447,23.31,0.0123,0,0.8,0,0
11448,59.41,0.0123,0,0.71,1,0
11449,10.52,0.0123,0,0.57,0,0
11450,28.81,0.0123,0,0.42,1,0
11451,40.41,0.0123,2,0.2,0,0
11452,14.54,0.0123,2,0.71,0,0
11453,1044.02,0.0123,2,0.36,0,1
11454,25.62,0.0123,0,0.65,0,0
11455,75.23,0.0123,2,0.05,0,0
11456,12.1,0.0123,0,0.95,0,0
11457,14.12,0.0123,1,0.9,0,0
11458,40.61,0.0123,0,0.2,0,0
11459,1313.21,0.0123,0,0.16,0,1
11460,4.87,0.0123,0,0.2,0,0
11461,76.69,0.0123,2,0.79,0,0
11462,24.07,0.0123,0,0.73,0,0
11463,46.77,0.0123,2,0.3,0,0
11464,92.37,0.0123,0,0.21,0,0
11465,92.54,0.0123,0,0.83,1,1
11466,1509.3,0.0123,0,0.44,0,1
11467,56.03,0.0123,0,0.33,0,0
11468,32.86,0.0123,1,0.43,0,0
11469,2655.42,0.0123,0,0.58,0,1
11470,46.4,4.8088,2,0.25,0,0
11471,1246.28,0.0123,2,0.96,0,1
11472,18.18,0.0123,1,0.07,0,0
11473,21.62,0.0123,2,0.03,0,0
11474,93.44,0.0123,0,0.54,0,0
11475,29.61,0.0123,2,0.82,0,0
11476,27.61,0.0123,2,0.07,0,0
11477,84.69,0.0123,1,0.44,0,0
11478,49.96,0.0123,2,0.22,0,0
11479,654.73,0.0123,0,0.36,0,0
11480,4.01,0.0123,0,0.98,0,0
11481,16.16,0.0123,0,0.77,0,0
11482,51.08,0.0123,2,0.14,0,0
11483,37.52,0.0123,2,0.29,0,0
11484,35.44,0.0123,2,0.06,0,0
11485,95.96,0.0123,2,1.0,0,0
11486,57.79,0.0123,2,0.26,0,0
11487,18.73,0.0123,2,0.82,0,0
11488,103.59,0.0123,2,0.14,0,0
11489,2298.51,4.8088,2,0.08,0,1
11490,37.95,0.0123,2,0.74,1,0
11491,103.69,0.0123,1,0.3,0,0
11492,722.51,0.0123,2,0.97,1,1
11493,50.19,0.0123,0,0.02,1,0
11494,48.25,0.0123,2,0.24,1,0
11495,19.42,0.0123,2,0.05,1,0
11496,50.33,0.0123,2,0.57,1,0
11497,20.46,0.0123,2,0.44,0,0
11498,73.67,0.0123,1,0.49,0,0
11499,37.42,0.0123,0,0.54,0,0
11500,38.1,0.0123,2,0.79,0,0
11501,31.48,0.0123,0,0.84,0,0
11502,19.57,0.0123,2,0.71,0,0
11503,65.29,0.0123,0,0.36,1,0
11504,434.29,0.0123,0,0.02,0,0
11505,34.96,0.0123,2,0.08,1,0
11506,25.04,4.8088,2,0.17,0,0
11507,34.7,0.0123,0,0.38,0,0
11508,31.97,0.0123,2,0.41,0,0
11509,504.21,0.0123,2,0.1,0,0
11510,6.02,0.0123,2,0.32,0,0
11511,34.87,0.0123,2,0.43,0,0
11512,456.06,0.0123,2,0.21,0,0
11513,50.8,0.0123,0,0.36,0,0
11514,35.13,0.0123,2,0.71,0,0
11515,28.18,0.0123,0,0.28,0,0
11516,61.52,0.0123,2,0.1,1,0
11517,35.03,0.0123,0,0.77,0,0
11518,33.31,0.0123,2,0.27,0,0
11519,32.56,0.0123,0,0.49,0,0
11520,61.63,0.0123,2,0.47,0,0
11521,29.25,0.0123,2,0.13,0,0
11522,24.65,0.0123,0,0.39,0,0
11523,46.55,0.0123,0,0.14,1,0
11524,12.15,0.0123,2,0.01,1,0
11525,22.76,0.0123,0,0.47,1,0
11526,507.99,0.0123,0,0.58,0,0
11527,35.92,0.0123,2,0.7,0,0
11528,673.56,0.0123,0,0.88,0,1
11529,27.7,0.0123,0,0.66,0,0
11530,17.61,0.0123,2,0.86,0,0
11531,121.61,0.0123,0,0.37,1,0
11532,47.32,0.0123,2,0.13,0,0
11533,38.22,0.0123,2,0.28,0,0
11534,37.21,0.0123,0,0.04,0,0
11535,43.67,0.0123,0,0.06,0,0
11536,570.5,0.0123,2,0.87,0,1
11537,26.44,0.0123,0,0.87,0,0
11538,8.98,0.0123,2,0.04,0,0
11539,17.47,0.0123,0,0.26,1,0
11540,30.64,0.0123,0,0.14,0,0
11541,35.48,0.0123,0,0.19,0,0
11542,26.81,0.0123,0,0.29,0,0
11543,7.39,0.0123,2,0.09,0,0
11544,34.3,0.0123,0,0.97,1,1
11545,35.81,0.0123,2,0.11,0,0
11546,409.09,0.0123,1,0.73,0,0
11547,3042.44,0.0123,0,0.07,1,1
11548,39.21,0.0123,1,0.97,0,0
11549,107.5,0.0123,2,0.54,0,0
11550,24.47,0.0123,2,0.72,0,0
11551,29.26,0.0123,2,0.47,0,0
11552,73.27,4.8088,0,0.42,0,0
11553,25.59,0.0123,2,0.38,0,0
11554,84.71,0.0123,1,0.51,0,0
11555,44.56,0.0123,2,0.7,0,0
11556,412.19,0.0123,1,0.52,0,0
11557,22.97,0.0123,1,0.83,0,0
11558,25.87,0.0123,0,0.5,0,0
11559,37.63,0.0123,0,0.46,0,0
11560,39.58,0.0123,0,0.81,1,1
11561,13.32,4.8088,2,0.4,0,0
11562,21.66,0.0123,0,0.28,0,0
11563,50.45,0.0123,2,0.61,0,0
11564,33.77,0.0123,0,0.06,0,0
11565,16.98,0.0123,2,0.57,1,0
11566,70.52,0.0123,0,0.16,0,0
11567,7.24,0.0123,2,0.82,1,1
11568,219.57,0.0123,0,0.29,0,0
11569,401.45,0.0123,2,0.78,0,0
11570,520.64,0.0123,0,0.56,0,0
11571,26.7,0.0123,2,0.27,0,0
11572,43.05,0.0123,0,0.83,0,0
11573,32.93,0.0123,2,0.24,1,0
11574,44.22,0.0123,0,0.06,1,0
11575,50.63,0.0123,1,0.9,0,0
11576,26.65,0.0123,2,0.77,0,0
11577,80.65,0.0123,2,0.79,0,0
11578,79.91,0.0123,2,0.67,0,0
11579,137.84,0.0123,2,0.15,1,0
11580,19.19,0.0123,1,0.56,0,0
11581,71.45,0.0123,0,0.51,0,0
11582,354.09,0.0123,1,0.95,0,0
11583,37.99,0.0123,2,0.09,0,0
11584,11.23,0.0123,0,0.2,0,0
11585,577.93,0.0123,0,0.62,1,1
11586,35.02,0.0123,0,0.26,1,0
11587,67.08,0.0123,2,0.56,0,0
11588,31.42,0.0123,2,0.9,1,1
11589,27.83,0.0123,0,0.41,0,0
11590,80.14,0.0123,0,0.46,0,0
11591,19.75,0.0123,0,0.32,0,0
11592,59.56,0.0123,2,0.2,0,0
11593,777.87,0.0123,1,0.01,0,0
11594,9.17,0.0123,2,0.26,0,0
11595,21.8,0.0123,1,0.79,0,0
11596,45.36,0.0123,2,0.36,0,0
11597,67.12,0.0123,2,0.08,0,0
11598,38.64,0.0123,2,0.36,0,0
11599,12.71,0.0123,2,0.42,1,0
11600,62.93,0.0123,2,0.65,0,0
11601,76.71,0.0123,0,0.79,0,0
11602,23.96,0.0123,0,0.39,0,0
11603,14.86,4.8088,0,0.61,0,0
11604,22.08,0.0123,0,0.11,1,0
11605,33.28,0.0123,2,0.55,1,0
11606,61.55,4.8088,0,0.54,0,0
11607,417.3,0.0123,0,0.93,0,1
11608,74.91,0.0123,2,0.8,1,0
11609,25.08,0.0123,1,0.62,0,0
11610,27.01,0.0123,2,0.66,0,0
11611,27.61,0.0123,2,0.44,0,0
11612,14.92,0.0123,1,0.36,0,0
11613,71.12,0.0123,0,0.06,0,0
11614,32.69,0.0123,2,0.26,0,0
11615,31.52,0.0123,0,0.12,1,0
11616,14.25,0.0123,0,0.74,0,0
11617,77.06,0.0123,0,0.07,1,0
11618,70.44,0.0123,0,0.78,0,0
11619,21.38,0.0123,0,0.41,0,0
11620,35.53,4.8088,2,0.04,0,0
11621,1432.64,0.0123,0,0.24,0,0
11622,86.98,0.0123,2,0.62,0,0
11623,39.86,0.0123,2,0.21,0,0
11624,25.31,0.0123,0,0.86,0,0
11625,38.11,0.0123,0,0.56,0,0
11626,95.39,0.0123,0,0.86,1,1
11627,46.95,0.0123,0,0.72,0,0
11628,11.07,4.8088,2,0.9,0,1
11629,636.77,0.0123,2,0.89,0,1
11630,19.78,0.0123,2,0.22,0,0
11631,9.2,0.0123,0,0.93,0,0
11632,21.36,0.0123,0,0.45,0,0
11633,805.81,0.0123,0,0.35,0,0
11634,5259.28,0.0123,2,0.95,0,1
11635,115.85,0.0123,2,0.55,0,0
11636,27.34,0.0123,2,0.07,0,0
11637,13.79,0.0123,2,0.72,1,0
11638,14.51,0.0123,2,0.43,1,0
11639,41.84,0.0123,0,0.1,0,0
11640,32.8,0.0123,2,0.04,0,0
11641,71.95,0.0123,2,0.86,0,0
11642,65.21,0.0123,2,0.49,1,0
11643,273.59,0.0123,0,0.3,0,0
11644,23.84,0.0123,0,0.76,0,0
11645,26.93,4.8088,0,0.58,1,1
11646,31.07,0.0123,2,0.47,0,0
11647,26.6,0.0123,0,0.07,0,0
11648,26.36,0.0123,2,0.7,0,0
11649,18.76,4.8088,1,0.38,0,0
11650,22.32,0.0123,0,0.99,0,0
11651,54.78,0.0123,2,0.97,0,0
11652,47.19,0.0123,0,0.48,0,0
11653,15.28,0.0123,2,0.33,1,0
11654,110.03,0.0123,0,0.09,0,0
11655,1911.69,0.0123,0,0.06,0,1
11656,31.69,0.0123,2,0.46,0,0
11657,51.56,0.0123,1,0.24,1,0
11658,88.95,0.0123,2,0.69,0,0
11659,408.09,0.0123,2,0.86,0,0
11660,28.59,0.0123,2,0.93,0,0
11661,78.83,0.0123,2,0.11,1,0
11662,12.4,0.0123,2,0.16,0,0
11663,22.52,0.0123,2,0.0,1,0
11664,17.78,0.0123,0,0.51,0,0
11665,24.89,0.0123,0,0.54,1,0
11666,22.67,0.0123,0,0.98,0,0
11667,45.11,0.0123,2,0.91,0,0
11668,70.44,0.0123,0,0.03,0,0
11669,58.21,0.0123,2,0.66,0,0
11670,35.97,0.0123,2,0.18,0,0
11671,592.04,0.0123,0,0.52,0,0
11672,59.23,0.0123,0,0.61,1,0
11673,54.51,0.0123,0,0.69,0,0
11674,19.02,0.0123,0,0.98,1,1
11675,15.2,0.0123,2,0.42,0,0
11676,43.8,0.0123,1,0.2,0,0
11677,94.21,4.8088,0,0.89,1,1
11678,35.8,0.0123,2,0.18,1,0
11679,32.1,0.0123,2,1.0,0,0
11680,47.74,0.0123,0,0.37,0,0
11681,23.8,0.0123,0,0.27,0,0
11682,78.13,0.0123,0,0.02,1,0
11683,33.1,0.0123,1,0.55,0,0
11684,31.46,0.0123,0,0.85,0,0
11685,36.42,0.0123,0,0.1,1,0
11686,1284.28,0.0123,1,0.08,0,1
11687,120.49,0.0123,0,0.85,0,0
11688,14.76,0.0123,2,0.52,0,0
11689,61.82,0.0123,1,0.79,0,0
11690,80.1,0.0123,0,0.07,0,0
11691,55.36,0.0123,1,0.53,0,0
11692,529.52,4.8088,1,0.26,0,1
11693,84.23,0.0123,2,0.88,0,0
11694,29.95,0.0123,1,0.62,0,0
11695,526.56,0.0123,2,0.82,0,1
11696,42.79,0.0123,0,0.6,0,0
11697,44.32,0.0123,2,0.39,0,0
11698,42.52,0.0123,2,0.97,0,0
11699,36.03,4.8088,0,0.82,1,1
11700,38.12,0.0123,0,0.06,1,0
11701,63.87,0.0123,2,0.09,0,0
11702,24.89,0.0123,0,0.46,0,0
11703,40.97,0.0123,0,0.26,0,0
11704,48.39,0.0123,0,0.75,0,0
11705,6.44,0.0123,2,0.61,0,0
11706,44.15,0.0123,2,0.04,0,0
11707,88.31,0.0123,0,0.65,0,0
11708,42.5,4.8088,1,0.35,0,0
11709,479.37,0.0123,0,0.35,0,0
11710,12.58,0.0123,2,0.08,1,0
11711,19.15,0.0123,2,0.99,0,0
11712,27.55,0.0123,0,0.07,1,0
11713,37.25,0.0123,2,0.81,0,0
11714,77.87,0.0123,2,0.02,0,0
11715,47.96,0.0123,0,0.26,0,0
11716,49.96,0.0123,2,0.28,0,0
11717,34.95,0.0123,0,0.7,0,0
11718,21.76,0.0123,2,0.36,0,0
11719,12.7,0.0123,0,0.16,0,0
11720,21.88,0.0123,0,0.7,1,0
11721,74.72,0.0123,2,0.68,0,0
11722,29.52,0.0123,0,0.89,1,1
11723,294.16,0.0123,0,0.82,0,0
11724,17.01,0.0123,2,0.54,0,0
11725,282.57,0.0123,0,0.09,1,0
11726,28.67,0.0123,2,0.65,0,0
11727,42.87,0.0123,0,0.03,0,0
11728,2498.41,0.0123,2,0.03,0,1
11729,35.38,0.0123,2,0.81,0,0
11730,7.66,0.0123,0,0.04,1,0
11731,4.77,0.0123,2,0.89,1,1
11732,50.26,0.0123,2,0.88,1,1
11733,23.78,0.0123,2,0.3,1,0
11734,24.29,0.0123,2,0.35,0,0
11735,57.43,0.0123,0,0.91,1,1
11736,87.26,0.0123,2,0.71,1,0
11737,659.22,0.0123,0,0.19,0,1
11738,17.39,0.0123,1,0.73,0,0
11739,8.56,4.8088,0,0.4,1,1
11740,75.08,0.0123,2,0.93,0,0
11741,2567.23,0.0123,0,0.31,0,1
11742,637.01,0.0123,0,0.66,0,0
11743,85.61,0.0123,0,0.44,0,0
11744,400.08,0.0123,0,0.6,1,0
11745,38.9,0.0123,2,0.37,0,0
11746,13.39,0.0123,2,0.93,0,0
11747,39.85,0.0123,2,0.15,0,0
11748,57.38,0.0123,2,0.4,1,0
11749,41.85,0.0123,2,0.92,1,1
11750,21.87,0.0123,0,0.77,0,0
11751,21.87,0.0123,2,0.93,1,1
11752,38.45,0.0123,0,0.86,1,1
11753,16.89,0.0123,0,1.0,0,0
11754,45.96,0.0123,1,0.32,0,0
11755,62.13,0.0123,0,0.9,0,0
11756,23.25,0.0123,2,0.27,1,0
11757,32.11,0.0123,2,0.51,0,0
11758,16.36,0.0123,1,0.59,0,0
11759,73.8,0.0123,2,0.14,0,0
11760,27.39,0.0123,2,0.04,0,0
11761,45.91,0.0123,2,0.5,0,0
11762,42.63,0.0123,2,0.22,0,0
11763,50.22,4.8088,2,0.62,0,0
11764,692.67,0.0123,2,0.36,0,1
11765,30.04,0.0123,0,0.2,0,0
11766,74.83,0.0123,0,0.52,0,0
11767,15.53,0.0123,1,0.39,0,0
11768,34.48,0.0123,2,0.14,0,0
11769,233.5,0.0123,2,0.48,0,0
11770,15.45,0.0123,0,0.19,1,0
11771,22.55,0.0123,1,0.02,0,0
11772,11.97,0.0123,2,0.84,1,1
11773,67.92,0.0123,0,0.53,0,0
11774,31.82,0.0123,2,0.96,0,0
11775,34.07,0.0123,2,0.15,0,0
11776,47.9,0.0123,0,0.75,0,0
11777,262.72,0.0123,2,0.28,1,0
11778,49.31,0.0123,2,0.2,1,0
11779,34.51,0.0123,2,0.08,0,0
11780,48.0,0.0123,2,0.78,1,0
11781,21.63,0.0123,1,0.87,1,1
11782,1381.8,0.0123,0,0.24,0,1
11783,18.62,0.0123,0,0.27,0,0
11784,15.14,0.0123,0,0.54,0,0
11785,46.89,0.0123,0,0.68,0,0
11786,29.5,0.0123,1,0.53,0,0
11787,1225.49,0.0123,2,0.1,1,1
11788,15.54,0.0123,2,0.37,1,0
11789,38.42,0.0123,2,0.52,0,0
11790,29.79,0.0123,0,0.26,0,0
11791,18.34,0.0123,2,0.06,0,0
11792,60.68,0.0123,0,0.31,0,0
11793,135.54,0.0123,0,0.5,0,0
11794,21.79,0.0123,2,0.31,0,0
11795,46.35,0.0123,0,0.27,0,0
11796,49.95,0.0123,0,0.07,1,0
11797,2029.94,0.0123,2,0.2,0,1
11798,10.62,0.0123,0,0.04,1,0
11799,58.34,0.0123,0,0.39,0,0
11800,50.51,0.0123,0,0.83,0,0
11801,27.44,0.0123,1,0.8,0,0
11802,8.9,0.0123,1,0.93,0,0
11803,90.52,0.0123,2,0.7,1,0
11804,29.32,0.0123,0,0.38,0,0
11805,9.99,0.0123,2,0.14,0,0
11806,48.6,0.0123,0,0.96,0,0
11807,101.8,0.0123,0,0.74,0,0
11808,37.22,0.0123,0,0.28,0,0
11809,2185.9,4.8088,2,0.31,1,1
11810,37.59,0.0123,2,0.02,0,0
11811,330.91,0.0123,2,0.57,1,0
11812,42.42,0.0123,2,0.39,0,0
11813,38.21,0.0123,2,0.18,1,0
11814,21.74,0.0123,0,0.74,1,0
11815,3.95,0.0123,0,0.57,0,0
11816,24.25,0.0123,0,0.01,0,0
11817,19.98,0.0123,2,0.56,0,0
11818,45.89,0.0123,2,0.22,0,0
11819,21.64,0.0123,2,0.82,1,1
11820,28.68,0.0123,1,0.02,0,0
11821,36.4,0.0123,0,0.58,0,0
11822,572.68,0.0123,0,0.67,0,0
11823,34.4,0.0123,0,0.7,0,0
11824,15.06,0.0123,2,0.12,1,0
11825,63.67,0.0123,2,0.29,0,0
11826,19.09,0.0123,0,0.9,0,0
11827,1469.42,0.0123,2,0.8,1,1
11828,39.61,0.0123,2,0.27,0,0
11829,38.33,0.0123,2,0.3,1,0
11830,4.37,0.0123,2,0.14,0,0
11831,19.57,0.0123,2,0.1,0,0
11832,61.81,0.0123,2,0.78,0,0
11833,29.57,0.0123,0,0.3,1,0
11834,25.37,0.0123,2,0.54,0,0
11835,1512.11,0.0123,0,0.94,0,1
11836,31.01,0.0123,0,0.49,1,0
11837,57.46,0.0123,1,0.66,0,0
11838,40.18,0.0123,0,0.86,0,0
11839,46.35,0.0123,2,0.45,0,0
11840,31.17,0.0123,0,0.88,0,0
11841,16.37,0.0123,2,0.51,0,0
11842,29.05,0.0123,0,0.12,0,0
11843,23.91,0.0123,0,0.66,0,0
11844,24.13,0.0123,0,0.33,1,0
11845,12.48,0.0123,2,0.85,0,0
11846,34.23,0.0123,0,0.27,0,0
11847,21.1,0.0123,0,0.05,1,0
11848,17.33,0.0123,0,0.63,1,0
11849,18.72,0.0123,2,1.0,0,0
11850,103.94,0.0123,0,0.36,0,0
11851,31.99,0.0123,0,0.32,0,0
11852,5.81,0.0123,0,0.31,0,0
11853,45.79,0.0123,2,0.73,0,0
11854,46.0,4.8088,0,0.91,0,1
11855,18.83,4.8088,1,0.12,0,0
11856,75.84,0.0123,0,0.58,0,0
11857,33.87,0.0123,2,0.75,0,0
11858,46.53,0.0123,2,0.32,0,0
11859,1881.42,4.8088,2,0.32,0,1
11860,29.54,0.0123,0,0.83,0,0
11861,48.16,0.0123,2,0.18,0,0
11862,42.99,0.0123,0,0.34,0,0
11863,10.86,0.0123,0,0.75,0,0
11864,11.53,0.0123,2,0.04,1,0
11865,22.02,0.0123,2,0.37,0,0
11866,121.83,0.0123,0,0.29,0,0
11867,68.65,0.0123,2,0.71,1,0
11868,20.34,0.0123,1,0.95,0,0
11869,14.56,0.0123,0,0.18,0,0
11870,28.76,0.0123,1,0.9,0,0
11871,11.46,0.0123,0,0.4,0,0
11872,509.52,0.0123,0,0.89,0,1
11873,53.75,0.0123,0,0.8,0,0
11874,89.03,0.0123,0,0.63,0,0
11875,80.26,0.0123,2,0.68,0,0
11876,17.71,0.0123,2,0.45,0,0
11877,29.66,0.0123,2,0.2,0,0
11878,17.49,0.0123,0,0.3,0,0
11879,16.37,0.0123,2,0.45,0,0
11880,441.75,0.0123,2,0.04,0,0
11881,100.95,0.0123,0,0.86,1,1
11882,18.02,0.0123,2,0.42,0,0
11883,17.27,0.0123,0,0.45,0,0
11884,64.48,0.0123,1,0.68,0,0
11885,54.57,0.0123,0,0.93,1,1
11886,9.49,0.0123,2,0.01,0,0
11887,21.37,0.0123,0,0.6,0,0
11888,41.46,0.0123,2,0.85,0,0
11889,28.44,0.0123,0,0.63,0,0
11890,13.25,0.0123,2,0.93,0,0
11891,24.66,0.0123,0,0.03,0,0
11892,14.23,0.0123,0,0.79,0,0
11893,12.49,0.0123,0,0.77,0,0
11894,28.25,0.0123,0,0.93,0,0
11895,76.49,0.0123,0,0.05,0,0
11896,9.61,0.0123,2,0.8,0,0
11897,8.71,0.0123,2,0.94,1,1
11898,15.81,4.8088,2,0.65,1,1
11899,16.78,0.0123,0,0.03,0,0
11900,4374.28,0.0123,2,0.15,0,1
11901,8.55,0.0123,2,0.49,0,0
11902,11.16,0.0123,1,0.4,0,0
11903,57.59,0.0123,0,0.5,1,0
11904,32.61,0.0123,2,0.67,0,0
11905,26.13,4.8088,2,0.41,1,1
11906,30.09,0.0123,2,0.58,0,0
11907,13.99,0.0123,2,0.95,0,0
11908,59.28,0.0123,1,0.6,0,0
11909,25.16,0.0123,2,0.13,1,0
11910,75.87,4.8088,2,0.12,0,0
11911,29.21,4.8088,0,0.86,0,1
11912,30.95,0.0123,2,0.6,0,0
11913,19.45,0.0123,2,0.32,0,0
11914,45.02,0.0123,0,0.97,1,1
11915,41.97,0.0123,0,0.19,0,0
11916,23.45,0.0123,1,0.44,0,0
11917,18.14,0.0123,0,0.07,1,0
11918,4.26,0.0123,2,0.25,0,0
11919,92.46,0.0123,2,0.4,0,0
11920,18.92,0.0123,1,0.07,0,0
11921,21.84,0.0123,2,0.77,0,0
11922,73.61,0.0123,1,0.46,0,0
11923,26.13,0.0123,0,0.77,0,0
11924,28.81,0.0123,0,0.62,0,0
11925,64.36,0.0123,0,1.0,1,1
11926,25.38,0.0123,1,0.53,0,0
11927,22.07,0.0123,2,0.02,1,0
11928,46.63,0.0123,0,0.23,0,0
11929,54.61,0.0123,1,0.14,0,0
11930,32.74,0.0123,2,0.37,0,0
11931,2126.61,0.0123,1,0.35,0,1
11932,685.91,0.0123,2,0.86,1,1
11933,23.54,0.0123,1,0.33,0,0
11934,8.5,0.0123,1,0.18,0,0
11935,46.35,0.0123,0,0.1,0,0
11936,89.57,0.0123,2,0.83,0,0
11937,108.4,0.0123,0,0.84,1,1
11938,113.27,0.0123,0,0.42,0,0
11939,18.5,0.0123,1,0.03,0,0
11940,35.93,0.0123,2,0.7,0,0
11941,700.98,0.0123,2,0.19,0,0
11942,39.25,0.0123,1,0.26,0,0
11943,20.9,0.0123,2,0.62,0,0
11944,10.02,0.0123,2,0.1,0,0
11945,26.48,0.0123,2,0.61,0,0
11946,51.3,0.0123,0,0.82,0,0
11947,230.55,0.0123,0,0.79,0,0
11948,42.37,0.0123,2,0.44,0,0
11949,42.57,0.0123,0,0.17,1,0
11950,37.79,0.0123,0,0.4,0,0
11951,11.54,0.0123,0,0.82,0,0
11952,57.56,0.0123,0,0.84,0,0
11953,101.37,0.0123,2,0.95,0,0
11954,40.64,0.0123,2,0.16,0,0
11955,98.33,0.0123,2,0.88,0,0
11956,5043.59,0.0123,2,0.07,0,1
11957,19.77,0.0123,0,0.55,0,0
11958,62.92,0.0123,2,0.06,0,0
11959,32.86,0.0123,2,0.13,0,0
11960,14.03,0.0123,2,0.92,0,0
11961,22.94,0.0123,0,0.49,1,0
11962,10.41,0.0123,2,0.59,0,0
11963,18.4,0.0123,0,0.25,0,0
11964,23.69,0.0123,2,0.52,1,0
11965,2831.0,0.0123,0,0.23,0,1
11966,22.73,0.0123,2,0.12,1,0
11967,85.97,0.0123,0,1.0,0,0
11968,75.27,0.0123,0,0.12,0,0
11969,32.96,0.0123,0,0.41,0,0
11970,34.61,0.0123,0,0.01,0,0
11971,42.85,0.0123,0,0.3,0,0
11972,10.88,4.8088,2,0.07,0,0
11973,398.16,0.0123,2,0.46,0,0
11974,196.78,0.0123,2,0.91,1,1
11975,19.15,0.0123,0,0.48,0,0
11976,586.68,0.0123,1,0.15,0,0
11977,10.98,0.0123,0,0.44,0,0
11978,11.53,0.0123,0,0.66,0,0
11979,12.67,0.0123,0,0.85,0,0
11980,864.77,0.0123,2,0.98,0,1
11981,44.9,0.0123,2,0.55,0,0
11982,224.8,0.0123,2,0.75,0,0
11983,25.33,0.0123,0,0.32,0,0
11984,42.53,0.0123,1,0.83,0,0
11985,25.3,0.0123,1,0.53,1,0
11986,13.22,0.0123,1,0.22,0,0
11987,233.64,0.0123,2,0.29,0,0
11988,38.6,0.0123,0,0.76,0,0
11989,20.79,0.0123,2,0.09,0,0
11990,11.79,0.0123,0,0.15,0,0
11991,26.09,0.0123,0,0.29,0,0
11992,81.4,0.0123,0,0.47,0,0
11993,24.02,0.0123,2,0.79,1,0
11994,36.93,0.0123,2,0.63,0,0
11995,1125.45,0.0123,2,0.95,0,1
11996,40.98,0.0123,0,0.58,0,0
11997,9.7,0.0123,0,0.59,1,0
11998,17.64,0.0123,0,0.93,0,0
11999,208.06,0.0123,2,0.66,1,0
12000,48.31,0.0123,0,0.01,0,0
12001,48.24,0.0123,0,0.02,0,0
12002,15.47,0.0123,2,0.32,0,0
12003,36.47,4.8088,2,0.86,0,1
12004,25.72,0.0123,2,0.56,0,0
12005,20.81,0.0123,2,0.58,0,0
12006,48.48,0.0123,0,0.48,0,0
12007,37.21,0.0123,2,0.54,0,0
12008,82.54,0.0123,0,0.31,0,0
12009,38.07,0.0123,1,0.82,0,0
12010,30.01,0.0123,2,0.0,1,0
12011,45.33,0.0123,2,0.4,1,0
12012,31.95,0.0123,2,0.62,0,0
12013,57.21,0.0123,2,0.91,0,0
12014,55.46,0.0123,0,0.03,1,0
12015,26.88,0.0123,2,0.35,0,0
12016,22.45,0.0123,2,0.04,0,0
12017,32.52,0.0123,0,0.17,0,0
12018,1240.17,0.0123,0,0.09,0,1
12019,557.05,0.0123,2,0.07,0,0
12020,30.57,0.0123,0,0.45,0,0
12021,498.71,0.0123,2,0.38,1,1
12022,519.87,0.0123,2,0.09,1,1
12023,46.49,0.0123,0,0.79,0,0
12024,63.96,0.0123,0,0.19,0,0
12025,13.9,4.8088,2,0.33,0,0
12026,1293.68,0.0123,2,0.95,0,1
12027,16.73,0.0123,2,0.09,0,0
12028,66.44,0.0123,2,0.57,1,0
12029,14.93,0.0123,2,0.73,0,0
12030,478.09,0.0123,0,0.39,0,0
12031,106.47,0.0123,0,0.75,0,0
12032,14.8,0.0123,0,0.6,0,0
12033,7.61,0.0123,0,0.06,0,0
12034,43.89,0.0123,0,0.63,0,0
12035,46.21,0.0123,0,0.53,0,0
12036,42.83,0.0123,2,0.1,0,0
12037,16.72,0.0123,0,0.71,1,0
12038,5.31,0.0123,0,0.33,1,0
12039,22.74,0.0123,0,0.61,1,0
12040,1514.01,0.0123,2,0.26,0,1
12041,434.95,4.8088,2,0.4,0,1
12042,25.44,0.0123,0,0.85,0,0
12043,445.08,0.0123,0,0.01,0,0
12044,33.41,0.0123,1,0.22,0,0
12045,41.2,0.0123,0,0.48,1,0
12046,448.95,0.0123,2,0.09,0,0
12047,25.33,0.0123,2,0.25,1,0
12048,579.45,0.0123,2,0.43,0,0
12049,772.26,4.8088,2,0.41,0,1
12050,15.96,0.0123,0,0.91,1,1
12051,53.57,0.0123,0,0.38,0,0
12052,68.66,0.0123,2,0.72,1,0
12053,54.89,0.0123,2,0.43,1,0
12054,16.94,0.0123,1,0.48,1,0
12055,2133.05,4.8088,0,0.84,1,1
12056,44.07,0.0123,1,0.3,0,0
12057,54.14,0.0123,2,0.29,0,0
12058,30.98,0.0123,0,0.99,0,0
12059,14.66,0.0123,2,0.29,0,0
12060,28.16,0.0123,0,0.09,1,0
12061,1991.38,0.0123,2,0.82,1,1
12062,29.55,0.0123,0,0.14,0,0
12063,48.72,0.0123,2,0.3,0,0
12064,573.29,0.0123,2,0.41,0,0
12065,25.92,0.0123,2,0.11,1,0
12066,75.51,0.0123,0,0.14,0,0
12067,1588.8,0.0123,0,0.72,0,1
12068,7.64,0.0123,1,0.44,0,0
12069,761.57,0.0123,2,0.15,1,1
12070,14.05,0.0123,2,0.41,0,0
12071,47.35,0.0123,2,0.93,0,0
12072,12.64,0.0123,2,0.89,1,1
12073,52.12,0.0123,2,0.31,0,0
12074,88.6,0.0123,2,0.3,0,0
12075,10.93,0.0123,0,0.74,0,0
12076,41.22,0.0123,0,0.53,0,0
12077,62.6,4.8088,2,0.87,0,1
12078,13.53,0.0123,1,0.71,0,0
12079,67.54,0.0123,2,0.01,0,0
12080,71.12,0.0123,2,0.33,1,0
12081,29.59,0.0123,2,0.12,0,0
12082,91.89,0.0123,1,0.96,0,0
12083,41.71,0.0123,0,0.73,0,0
12084,32.04,0.0123,1,0.94,0,0
12085,70.88,0.0123,2,0.02,0,0
12086,607.72,0.0123,0,0.42,0,0
12087,14.39,4.8088,0,0.72,0,0
12088,30.75,0.0123,1,0.53,0,0
12089,81.01,0.0123,2,0.26,1,0
12090,43.99,0.0123,2,0.77,0,0
12091,24.78,0.0123,0,0.65,0,0
12092,11.8,0.0123,0,0.96,0,0
12093,17.95,0.0123,2,0.26,0,0
12094,414.59,0.0123,2,0.19,0,0
12095,11.88,0.0123,2,0.04,1,0
12096,23.63,0.0123,0,0.01,0,0
12097,20.37,0.0123,2,0.75,0,0
12098,92.31,0.0123,2,0.94,0,0
12099,39.97,0.0123,2,0.24,0,0
12100,35.81,0.0123,0,0.82,0,0
12101,421.71,4.8088,2,1.0,0,1
12102,20.91,0.0123,2,0.17,0,0
12103,47.44,0.0123,2,0.15,0,0
12104,17.21,0.0123,2,0.23,0,0
12105,54.38,0.0123,0,0.73,0,0
12106,31.11,0.0123,1,0.57,0,0
12107,31.94,0.0123,2,0.86,1,1
12108,10.54,0.0123,0,0.48,0,0
12109,1771.58,0.0123,0,0.74,0,1
12110,12.57,0.0123,2,0.95,0,0
12111,30.26,0.0123,2,0.9,1,1
12112,76.27,0.0123,0,0.51,1,0
12113,31.16,0.0123,2,0.66,0,0
12114,32.85,0.0123,2,0.66,0,0
12115,16.17,0.0123,0,0.04,0,0
12116,253.76,0.0123,0,0.25,0,0
12117,37.7,0.0123,2,0.17,0,0
12118,10.16,0.0123,2,0.92,0,0
12119,12.06,0.0123,2,0.7,0,0
12120,58.31,0.0123,1,0.03,0,0
12121,43.23,0.0123,2,0.31,0,0
12122,38.9,0.0123,0,0.02,0,0
12123,46.66,0.0123,1,0.33,0,0
12124,29.47,0.0123,2,0.32,0,0
12125,30.47,0.0123,2,0.1,0,0
12126,15.14,0.0123,0,0.76,0,0
12127,21.52,0.0123,1,0.47,0,0
12128,137.23,0.0123,0,0.64,1,0
12129,32.48,0.0123,2,0.43,0,0
12130,326.28,4.8088,2,0.4,0,0
12131,29.85,0.0123,2,0.01,0,0
12132,39.62,0.0123,2,0.44,0,0
12133,14.38,0.0123,2,0.44,0,0
12134,107.98,0.0123,2,0.78,0,0
12135,17.57,4.8088,2,0.18,0,0
12136,57.94,0.0123,2,0.24,0,0
12137,49.44,0.0123,0,0.94,1,1
12138,31.23,0.0123,0,0.08,1,0
12139,2312.2,0.0123,1,0.09,1,1
12140,19.5,0.0123,2,0.59,0,0
12141,71.24,0.0123,0,0.1,0,0
12142,103.33,0.0123,1,0.89,0,0
12143,21.0,0.0123,0,0.91,0,0
12144,32.55,0.0123,2,0.15,0,0
12145,71.33,0.0123,0,0.26,0,0
12146,71.89,0.0123,0,0.32,0,0
12147,28.25,0.0123,0,0.79,0,0
12148,32.29,0.0123,2,0.81,0,0
12149,71.46,0.0123,0,0.11,0,0
12150,1552.57,0.0123,0,0.82,0,1
12151,27.53,0.0123,2,0.21,0,0
12152,31.53,0.0123,0,0.85,0,0
12153,603.06,0.0123,2,0.51,0,0
12154,777.27,0.0123,2,0.07,0,0
12155,50.94,0.0123,0,0.41,0,0
12156,23.8,0.0123,0,0.95,0,0
12157,32.92,0.0123,2,0.2,0,0
12158,13.87,0.0123,2,0.83,1,1
12159,84.2,0.0123,0,0.82,0,0
12160,69.88,0.0123,2,0.72,1,0
12161,49.8,0.0123,2,0.73,0,0
12162,96.77,0.0123,2,0.41,0,0
12163,10.81,0.0123,0,0.38,0,0
12164,88.17,0.0123,0,0.4,0,0
12165,14.71,4.8088,2,0.35,0,0
12166,350.1,0.0123,0,0.03,0,0
12167,1255.06,0.0123,2,0.31,1,1
12168,18.55,0.0123,2,0.79,0,0
12169,60.21,0.0123,2,0.62,0,0
12170,24.96,0.0123,0,0.55,0,0
12171,19.5,0.0123,0,0.9,0,0
12172,42.12,0.0123,2,0.74,0,0
12173,59.5,0.0123,0,0.79,0,0
12174,61.31,0.0123,2,0.82,0,0
12175,6.94,0.0123,2,0.9,1,1
12176,16.9,0.0123,0,0.49,0,0
12177,48.22,0.0123,1,0.65,1,0
12178,513.6,0.0123,1,0.76,0,0
12179,89.31,0.0123,2,0.52,0,0
12180,530.7,0.0123,2,0.37,0,0
12181,7.57,0.0123,0,0.56,0,0
12182,50.7,0.0123,1,0.61,0,0
12183,52.17,0.0123,2,0.52,0,0
12184,9.6,0.0123,2,0.74,1,0
12185,26.47,0.0123,0,0.26,0,0
12186,255.51,0.0123,0,0.81,0,0
12187,46.74,0.0123,0,0.36,1,0
12188,10.46,0.0123,2,0.39,0,0
12189,40.02,0.0123,2,0.78,0,0
12190,70.2,0.0123,2,0.11,0,0
12191,41.5,0.0123,0,0.6,0,0
12192,19.48,4.8088,0,0.68,0,0
12193,37.35,0.0123,2,0.93,0,0
12194,20.71,0.0123,1,0.82,0,0
12195,8.02,0.0123,2,0.94,0,0
12196,49.61,0.0123,0,0.69,0,0
12197,38.65,0.0123,0,0.58,0,0
12198,54.26,0.0123,0,0.28,0,0
12199,7987.24,0.0123,2,0.75,0,1
12200,74.16,0.0123,2,0.42,0,0
12201,22.25,0.0123,2,0.95,0,0
12202,527.99,0.0123,0,0.87,0,0
12203,16.61,0.0123,0,0.51,0,0
12204,22.43,0.0123,2,0.71,0,0
12205,43.88,0.0123,0,0.31,1,0
12206,486.14,0.0123,0,0.32,0,0
12207,99.29,0.0123,0,0.05,0,0
12208,49.06,0.0123,2,0.24,0,0
12209,16.81,0.0123,2,0.38,0,0
12210,34.5,0.0123,1,0.12,0,0
12211,144.28,0.0123,2,0.79,0,0
12212,83.06,0.0123,0,0.65,0,0
12213,12.64,0.0123,1,0.0,0,0
12214,66.49,0.0123,2,0.47,0,0
12215,19.49,0.0123,2,0.67,0,0
12216,796.29,0.0123,0,0.08,0,1
12217,36.34,0.0123,2,0.49,0,0
12218,29.64,0.0123,0,0.38,1,0
12219,650.56,0.0123,2,0.97,0,0
12220,30.89,0.0123,0,0.69,0,0
12221,29.72,0.0123,0,0.39,0,0
12222,41.57,0.0123,2,0.82,0,0
12223,40.14,0.0123,2,0.57,0,0
12224,307.05,0.0123,0,0.76,0,0
12225,44.35,0.0123,0,0.32,0,0
12226,23.91,0.0123,2,0.06,0,0
12227,56.87,0.0123,1,0.94,0,0
12228,14.8,0.0123,0,0.38,1,0
12229,15.35,4.8088,0,0.87,0,1
12230,14.01,0.0123,2,0.07,0,0
12231,37.06,0.0123,2,0.88,0,0
12232,39.37,0.0123,1,0.15,0,0
12233,1098.06,0.0123,0,0.05,1,1
12234,41.48,0.0123,2,0.18,0,0
12235,32.85,0.0123,2,0.27,0,0
12236,37.82,0.0123,2,0.74,0,0
12237,41.02,0.0123,2,0.24,0,0
12238,657.72,0.0123,2,0.0,0,0
12239,65.82,0.0123,2,0.86,0,0
12240,64.19,0.0123,2,0.9,1,1
12241,39.8,0.0123,2,0.49,0,0
12242,803.64,0.0123,0,0.84,0,1
12243,34.16,0.0123,0,0.67,0,0
12244,434.21,0.0123,1,0.97,0,1
12245,45.49,0.0123,2,0.75,0,0
12246,18.19,0.0123,0,0.99,0,0
12247,11.77,0.0123,0,0.14,0,0
12248,65.87,4.8088,1,0.81,0,1
12249,1626.03,0.0123,2,0.55,0,1
12250,487.64,0.0123,1,0.63,0,0
12251,37.86,0.0123,2,0.61,1,0
12252,162.63,0.0123,1,0.85,0,0
12253,49.21,0.0123,0,0.25,1,0
12254,73.24,0.0123,1,0.23,1,0
12255,13.17,0.0123,0,0.35,0,0
12256,1125.41,0.0123,2,0.92,0,1
12257,16.5,0.0123,0,0.3,0,0
12258,16.95,0.0123,2,0.96,0,0
12259,39.04,0.0123,0,0.28,0,0
12260,54.65,0.0123,0,0.21,0,0
12261,71.67,0.0123,0,0.75,0,0
12262,8.51,0.0123,0,0.85,0,0
12263,28.95,0.0123,0,0.03,0,0
12264,66.78,0.0123,0,0.36,0,0
12265,9.75,0.0123,2,0.7,1,0
12266,11.19,0.0123,0,0.81,0,0
12267,16.51,0.0123,0,0.51,1,0
12268,25.12,0.0123,1,0.83,0,0
12269,36.15,0.0123,0,0.91,0,0
12270,23.64,0.0123,2,0.07,0,0
12271,21.9,0.0123,0,0.49,1,0
12272,124.02,0.0123,0,0.19,0,0
12273,23.16,0.0123,2,0.57,0,0
12274,38.69,0.0123,0,0.56,1,0
12275,12.68,0.0123,0,0.33,0,0
12276,42.87,0.0123,2,0.47,0,0
12277,62.97,0.0123,2,0.58,0,0
12278,307.61,4.8088,1,0.76,1,1
12279,23.67,0.0123,2,0.89,0,0
12280,51.57,0.0123,1,0.34,1,0
12281,10.65,0.0123,0,0.21,0,0
12282,16.24,0.0123,0,0.42,1,0
12283,65.57,0.0123,2,0.87,0,0
12284,9.71,0.0123,0,0.67,0,0
12285,15.7,0.0123,1,0.83,0,0
12286,24.11,0.0123,0,0.73,0,0
12287,20.18,0.0123,2,0.76,0,0
12288,275.82,0.0123,2,0.08,0,0
12289,65.14,0.0123,0,0.92,0,0
12290,40.77,0.0123,0,0.94,0,0
12291,44.82,0.0123,2,0.45,0,0
12292,8.09,0.0123,2,0.53,0,0
12293,46.63,0.0123,0,0.64,0,0
12294,28.49,0.0123,2,0.15,0,0
12295,36.25,0.0123,2,0.69,0,0
12296,18.95,0.0123,2,0.92,1,1
12297,27.0,0.0123,2,0.01,0,0
12298,84.66,0.0123,2,0.51,0,0
12299,31.76,0.0123,0,0.11,0,0
12300,33.9,0.0123,0,0.44,0,0
12301,73.17,0.0123,2,0.45,0,0
12302,47.08,0.0123,1,0.09,1,0
12303,69.59,0.0123,0,0.95,0,0
12304,12.01,0.0123,0,0.53,0,0
12305,18.58,0.0123,2,0.77,0,0
12306,87.52,0.0123,1,0.58,0,0
12307,44.38,0.0123,1,0.31,0,0
12308,33.87,0.0123,1,0.63,0,0
12309,7.03,0.0123,2,0.73,0,0
12310,54.8,4.8088,2,0.49,0,0
12311,396.79,0.0123,2,0.18,0,0
12312,124.65,0.0123,1,0.34,0,0
12313,44.18,0.0123,0,0.02,0,0
12314,58.91,4.8088,0,0.69,0,0
12315,629.59,0.0123,0,0.84,0,0
12316,41.83,0.0123,0,0.04,0,0
12317,41.06,0.0123,0,0.6,0,0
12318,57.72,0.0123,1,0.39,1,0
12319,84.4,0.0123,0,0.01,0,0
12320,40.52,0.0123,2,0.31,0,0
12321,70.0,0.0123,2,0.52,1,0
12322,296.0,4.8088,0,0.3,0,0
12323,23.96,0.0123,0,0.18,0,0
12324,17.75,0.0123,2,0.4,1,0
12325,408.18,0.0123,0,0.57,0,0
12326,45.36,0.0123,2,0.45,0,0
12327,464.75,0.0123,0,0.13,0,0
12328,80.47,0.0123,1,0.43,0,0
12329,30.38,0.0123,0,0.54,0,0
12330,35.22,0.0123,0,0.28,0,0
12331,42.95,0.0123,0,0.94,1,1
12332,477.43,0.0123,2,0.83,0,1
12333,7.05,0.0123,2,0.79,1,0
12334,12.76,0.0123,0,0.49,0,0
12335,38.71,0.0123,1,0.91,1,1
12336,44.1,0.0123,2,0.9,0,0
12337,79.22,0.0123,0,0.95,0,0
12338,45.08,0.0123,0,0.74,0,0
12339,16.15,0.0123,0,0.1,0,0
12340,38.0,0.0123,0,0.71,0,0
12341,382.82,0.0123,2,0.24,0,0
12342,27.73,0.0123,2,0.18,1,0
12343,544.18,0.0123,0,0.66,1,0
12344,16.06,0.0123,1,0.26,0,0
12345,114.14,0.0123,2,0.72,1,0
12346,54.21,0.0123,0,0.51,0,0
12347,32.33,0.0123,0,0.99,1,1
12348,9.23,0.0123,2,0.0,1,0
12349,837.5,0.0123,1,0.26,1,1
12350,31.37,0.0123,2,0.74,0,0
12351,49.68,0.0123,0,0.81,0,0
12352,12.29,0.0123,0,0.64,1,0
12353,48.05,0.0123,2,0.38,0,0
12354,48.31,4.8088,2,0.12,0,0
12355,40.11,0.0123,0,0.1,0,0
12356,33.89,0.0123,2,0.41,0,0
12357,22.79,0.0123,2,0.57,0,0
12358,44.35,0.0123,2,0.43,0,0
12359,55.98,0.0123,1,0.09,1,0
12360,38.24,0.0123,2,0.54,0,0
12361,32.86,0.0123,0,0.36,0,0
12362,53.21,0.0123,1,0.5,0,0
12363,73.43,0.0123,2,0.99,0,0
12364,28.94,0.0123,2,0.95,1,1
12365,16.99,0.0123,0,0.99,0,0
12366,4.39,0.0123,0,0.38,0,0
12367,430.25,0.0123,2,0.79,0,0
12368,66.06,0.0123,0,0.92,0,0
12369,74.72,0.0123,0,0.68,0,0
12370,28.81,0.0123,2,0.73,1,0
12371,21.93,0.0123,0,0.37,0,0
12372,408.91,0.0123,0,0.48,0,0
12373,3.91,0.0123,2,0.37,0,0
12374,31.41,0.0123,1,0.98,0,0
12375,526.68,0.0123,2,0.31,0,0
12376,58.03,0.0123,0,0.26,0,0
12377,31.63,0.0123,2,0.77,1,0
12378,520.59,0.0123,2,0.93,1,1
12379,15.85,0.0123,2,0.04,1,0
12380,11.29,0.0123,0,0.33,1,0
12381,40.46,0.0123,2,0.51,0,0
12382,11.99,0.0123,0,0.97,0,0
12383,23.28,0.0123,0,0.64,0,0
12384,741.66,0.0123,0,0.69,0,0
12385,14.39,0.0123,2,0.11,0,0
12386,17.53,0.0123,2,0.79,0,0
12387,338.62,0.0123,2,0.88,0,0
12388,25.55,0.0123,0,0.75,0,0
12389,53.82,0.0123,0,0.54,0,0
12390,33.66,0.0123,0,0.08,0,0
12391,20.32,0.0123,2,0.32,0,0
12392,527.17,0.0123,0,0.18,0,0
12393,17.82,0.0123,0,0.99,0,0
12394,43.78,0.0123,2,0.51,0,0
12395,39.12,0.0123,0,0.45,0,0
12396,498.54,0.0123,2,0.56,0,0
12397,16.28,0.0123,0,0.34,0,0
12398,33.44,0.0123,0,0.41,0,0
12399,56.97,0.0123,2,0.21,0,0
12400,43.0,0.0123,0,0.39,0,0
12401,21.16,0.0123,2,0.68,0,0
12402,30.39,0.0123,0,0.8,0,0
12403,28.41,0.0123,2,0.14,0,0
12404,8.16,0.0123,2,0.95,0,0
12405,361.55,0.0123,0,0.22,1,0
12406,37.33,0.0123,0,0.52,1,0
12407,32.64,4.8088,0,0.11,0,0
12408,25.86,0.0123,2,0.66,1,0
12409,82.31,0.0123,2,0.64,0,0
12410,36.09,0.0123,2,0.56,0,0
12411,13.52,0.0123,0,0.4,1,0
12412,142.62,0.0123,1,0.98,0,0
12413,11.38,0.0123,0,0.46,0,0
12414,7.38,0.0123,0,0.84,0,0
12415,1934.59,0.0123,2,0.96,0,1
12416,768.8,0.0123,2,0.35,0,0
12417,40.41,0.0123,0,0.94,0,0
12418,5046.11,0.0123,2,0.98,0,1
12419,555.58,0.0123,0,0.71,0,0
12420,52.76,0.0123,2,0.8,0,0
12421,79.46,0.0123,2,0.43,0,0
12422,36.57,0.0123,2,0.14,0,0
12423,19.85,0.0123,2,0.94,1,1
12424,803.08,0.0123,2,0.93,0,1
12425,4.98,0.0123,0,0.11,0,0
12426,68.79,0.0123,2,0.8,0,0
12427,48.72,0.0123,2,0.92,0,0
12428,32.82,0.0123,2,0.46,0,0
12429,40.07,0.0123,2,0.72,0,0
12430,76.36,0.0123,2,0.68,1,0
12431,38.33,0.0123,0,0.93,0,0
12432,52.66,0.0123,2,0.19,0,0
12433,1593.06,0.0123,2,0.66,1,1
12434,552.3,0.0123,0,0.26,0,1
12435,27.3,0.0123,0,0.59,0,0
12436,41.34,0.0123,0,0.64,0,0
12437,4.52,0.0123,1,0.68,0,0
12438,28.35,0.0123,0,0.85,0,0
12439,14.02,0.0123,2,0.73,0,0
12440,44.64,0.0123,2,0.51,0,0
12441,110.96,0.0123,2,0.21,1,0
12442,52.3,0.0123,0,0.14,0,0
12443,125.9,0.0123,2,0.36,0,0
12444,38.8,0.0123,0,0.98,0,0
12445,73.63,0.0123,2,0.38,0,0
12446,31.3,0.0123,0,0.63,0,0
12447,63.16,0.0123,0,0.24,0,0
12448,17.36,0.0123,0,0.56,0,0
12449,378.13,0.0123,0,0.61,0,0
12450,14.87,0.0123,0,0.4,0,0
12451,21.8,0.0123,2,0.57,0,0
12452,24.08,0.0123,2,0.05,0,0
12453,31.83,0.0123,2,0.85,0,0
12454,38.94,0.0123,2,0.01,0,0
12455,43.09,0.0123,2,0.67,0,0
12456,321.53,0.0123,2,0.33,0,0
12457,504.53,0.0123,0,0.55,0,0
12458,59.29,0.0123,0,0.98,1,1
12459,32.19,0.0123,0,0.31,0,0
12460,107.8,0.0123,0,0.28,0,0
12461,654.56,0.0123,2,0.64,0,0
12462,30.21,0.0123,1,0.39,0,0
12463,85.77,4.8088,0,0.28,0,0
12464,476.02,0.0123,2,0.82,1,1
12465,11.91,0.0123,2,0.72,0,0
12466,82.64,0.0123,2,0.08,0,0
12467,44.56,0.0123,0,0.07,0,0
12468,20.68,0.0123,0,0.48,0,0
12469,1811.78,0.0123,2,0.63,0,1
12470,10.66,0.0123,2,0.8,1,0
12471,66.64,0.0123,2,0.66,0,0
12472,1456.89,0.0123,2,0.77,1,1
12473,39.44,0.0123,0,0.4,1,0
12474,1819.65,0.0123,2,0.25,0,1
12475,20.49,0.0123,1,0.83,0,0
12476,43.83,0.0123,0,0.13,0,0
12477,10.62,0.0123,2,0.49,0,0
12478,76.76,0.0123,2,0.55,0,0
12479,9.06,0.0123,2,0.24,0,0
12480,23.54,0.0123,0,0.75,0,0
12481,21.02,0.0123,2,0.24,1,0
12482,16.11,0.0123,0,0.83,0,0
12483,32.52,0.0123,2,0.95,0,0
12484,35.58,4.8088,0,0.65,0,0
12485,77.86,0.0123,0,0.64,0,0
12486,18.15,0.0123,2,0.29,0,0
12487,24.4,0.0123,0,0.58,0,0
12488,9.25,0.0123,2,0.08,0,0
12489,48.49,0.0123,2,0.57,1,0
12490,28.9,0.0123,2,0.24,1,0
12491,48.1,0.0123,2,0.35,1,0
12492,16.84,4.8088,1,0.05,1,1
12493,30.51,0.0123,0,0.58,0,0
12494,33.97,0.0123,0,0.57,1,0
12495,458.54,0.0123,0,0.85,0,1
12496,8.64,0.0123,0,0.68,0,0
12497,11.91,4.8088,2,0.99,0,1
12498,41.41,0.0123,2,0.84,0,0
12499,24.87,0.0123,2,0.58,0,0
12500,76.13,0.0123,2,0.53,0,0
12501,15.57,0.0123,2,0.79,1,0
12502,36.91,0.0123,0,0.34,0,0
12503,81.95,0.0123,2,0.46,0,0
12504,28.26,0.0123,2,0.66,1,0
12505,723.95,0.0123,0,0.84,0,1
12506,13.99,0.0123,0,0.11,1,0
12507,63.23,0.0123,2,0.84,0,0
12508,24.41,0.0123,2,0.25,0,0
12509,15.76,0.0123,2,0.04,1,0
12510,21.56,0.0123,0,0.77,0,0
12511,13.87,0.0123,0,0.19,0,0
12512,59.67,0.0123,0,0.44,1,0
12513,78.61,0.0123,0,0.86,0,0
12514,3192.71,0.0123,0,0.33,0,1
12515,22.53,0.0123,1,0.18,0,0
12516,54.79,4.8088,0,0.82,0,1
12517,26.4,0.0123,2,0.6,1,0
12518,693.79,0.0123,0,0.41,0,0
12519,127.44,0.0123,0,0.9,0,0
12520,7.1,0.0123,2,0.97,1,1
12521,66.75,0.0123,0,0.65,1,0
12522,511.44,0.0123,2,0.32,0,0
12523,48.62,0.0123,0,0.72,1,0
12524,86.92,0.0123,2,0.02,0,0
12525,16.56,0.0123,0,0.53,0,0
12526,41.87,0.0123,0,0.75,0,0
12527,51.31,0.0123,0,0.96,0,0
12528,855.44,0.0123,2,0.72,0,0
12529,663.08,0.0123,2,0.92,0,1
12530,16.75,0.0123,0,0.87,0,0
12531,12.55,0.0123,0,0.26,0,0
12532,26.03,0.0123,0,0.59,0,0
12533,91.65,0.0123,2,0.01,0,0
12534,33.16,0.0123,0,0.11,0,0
12535,67.22,0.0123,0,0.77,0,0
12536,73.93,0.0123,1,0.17,0,0
12537,22.51,0.0123,1,0.28,0,0
12538,50.92,0.0123,0,0.65,0,0
12539,16.71,4.8088,1,0.32,0,0
12540,33.29,0.0123,0,0.87,0,0
12541,10.64,0.0123,2,0.25,0,0
12542,32.59,0.0123,0,0.58,0,0
12543,51.41,0.0123,0,0.22,0,0
12544,30.6,4.8088,0,0.34,0,0
12545,48.54,0.0123,1,0.08,0,0
12546,48.91,0.0123,0,0.01,1,0
12547,20.55,0.0123,0,0.08,1,0
12548,9.87,0.0123,2,0.21,0,0
12549,52.46,0.0123,0,0.38,1,0
12550,50.67,4.8088,2,0.86,0,1
12551,5.81,0.0123,2,0.07,0,0
12552,25.93,0.0123,0,0.82,0,0
12553,389.12,0.0123,2,0.9,0,0
12554,113.08,0.0123,2,0.69,1,0
12555,23.84,0.0123,2,0.75,0,0
12556,33.82,0.0123,2,0.37,0,0
12557,20.48,0.0123,2,0.72,0,0
12558,45.18,4.8088,2,0.14,0,0
12559,60.72,0.0123,0,0.37,0,0
12560,39.21,0.0123,0,0.04,0,0
12561,12.54,0.0123,1,0.73,0,0
12562,157.89,0.0123,0,0.67,1,0
12563,36.12,0.0123,0,0.61,0,0
12564,30.26,0.0123,0,0.15,0,0
12565,93.82,0.0123,2,0.92,0,0
12566,31.49,0.0123,0,0.28,1,0
12567,21.67,0.0123,0,0.13,0,0
12568,35.16,0.0123,0,0.57,0,0
12569,17.52,0.0123,2,0.88,0,0
12570,7.59,0.0123,2,0.95,1,1
12571,28.71,0.0123,2,0.9,0,0
12572,27.61,0.0123,2,0.56,0,0
12573,44.32,0.0123,0,0.09,0,0
12574,48.98,0.0123,0,0.55,0,0
12575,12.59,0.0123,1,0.75,0,0
12576,51.28,0.0123,2,0.63,0,0
12577,46.51,0.0123,0,0.86,0,0
12578,6.67,0.0123,2,0.55,0,0
12579,772.33,0.0123,0,0.79,0,0
12580,69.1,0.0123,2,0.66,0,0
12581,34.01,0.0123,2,0.21,0,0
12582,303.1,0.0123,1,0.59,0,0
12583,20.58,0.0123,0,0.06,0,0
12584,632.82,0.0123,0,0.83,0,1
12585,21.95,0.0123,0,0.67,0,0
12586,34.45,0.0123,2,0.09,0,0
12587,15.2,0.0123,0,0.91,0,0
12588,18.78,0.0123,0,0.4,1,0
12589,38.49,0.0123,2,0.61,1,0
12590,12.62,0.0123,2,0.54,1,0
12591,23.3,4.8088,0,0.53,0,0
12592,23.5,0.0123,2,0.29,1,0
12593,15.31,0.0123,0,0.14,0,0
12594,86.88,0.0123,1,0.39,0,0
12595,47.79,0.0123,2,0.69,0,0
12596,27.52,0.0123,2,0.87,0,0
12597,998.07,0.0123,2,0.89,0,1
12598,20.16,0.0123,2,0.75,0,0
12599,30.65,0.0123,2,0.13,0,0
12600,1079.64,0.0123,1,0.82,0,1
12601,11.44,0.0123,0,0.75,0,0
12602,26.64,0.0123,0,0.14,0,0
12603,22.23,0.0123,2,0.34,0,0
12604,60.49,0.0123,2,0.32,1,0
12605,62.04,0.0123,2,0.39,0,0
12606,8.49,4.8088,2,0.77,0,0
12607,53.97,0.0123,0,0.21,0,0
12608,4772.45,0.0123,1,0.26,0,1
12609,31.75,0.0123,0,0.59,0,0
12610,13.91,0.0123,1,0.57,0,0
12611,25.71,0.0123,2,0.99,0,0
12612,10.87,0.0123,2,0.45,0,0
12613,17.35,0.0123,2,0.12,1,0
12614,43.18,4.8088,2,0.83,1,1
12615,76.64,0.0123,2,0.33,0,0
12616,17.38,0.0123,2,0.93,0,0
12617,9.63,0.0123,2,0.08,0,0
12618,24.43,0.0123,2,0.33,1,0
12619,28.94,0.0123,2,0.49,1,0
12620,20.11,0.0123,2,0.08,0,0
12621,12.73,0.0123,1,0.98,1,1
12622,27.85,0.0123,2,0.63,0,0
12623,28.39,0.0123,2,0.36,0,0
12624,24.87,0.0123,0,0.47,1,0
12625,25.85,0.0123,1,0.62,0,0
12626,34.31,0.0123,2,0.37,1,0
12627,43.51,0.0123,2,0.8,1,1
12628,17.7,0.0123,0,0.87,0,0
12629,40.24,4.8088,2,0.83,1,1
12630,24.8,0.0123,2,0.78,0,0
12631,89.3,0.0123,2,0.84,0,0
12632,62.73,0.0123,2,0.4,0,0
12633,39.28,0.0123,2,0.5,0,0
12634,41.5,0.0123,0,0.57,0,0
12635,56.42,4.8088,1,0.27,0,0
12636,13.12,0.0123,2,0.6,0,0
12637,17.65,0.0123,2,0.57,0,0
12638,31.37,0.0123,0,0.53,0,0
12639,32.53,0.0123,2,0.16,0,0
12640,305.33,0.0123,0,0.91,0,0
12641,33.42,0.0123,0,0.3,1,0
12642,38.89,0.0123,0,0.68,1,0
12643,35.2,0.0123,0,0.46,0,0
12644,1373.48,0.0123,0,0.68,1,1
12645,218.32,0.0123,1,0.37,1,0
12646,17.47,0.0123,2,0.84,0,0
12647,23.24,0.0123,1,0.59,0,0
12648,34.89,0.0123,0,0.87,1,1
12649,31.43,0.0123,0,0.79,0,0
12650,10.33,0.0123,0,0.29,0,0
12651,52.32,0.0123,2,0.91,0,0
12652,25.77,0.0123,0,0.36,0,0
12653,827.3,0.0123,1,0.69,1,1
12654,57.72,0.0123,2,0.19,1,0
12655,58.7,4.8088,1,0.09,0,0
12656,43.33,0.0123,0,0.3,0,0
12657,17.75,0.0123,2,0.32,0,0
12658,16.59,0.0123,2,0.72,1,0
12659,14.48,0.0123,2,0.3,0,0
12660,16.99,0.0123,2,0.36,0,0
12661,101.22,0.0123,0,0.74,0,0
12662,56.3,0.0123,0,0.19,0,0
12663,8.15,0.0123,0,0.61,1,0
12664,60.35,0.0123,1,0.27,0,0
12665,17.86,0.0123,0,0.09,0,0
12666,23.47,0.0123,0,0.95,0,0
12667,1052.31,0.0123,2,0.81,1,1
12668,47.07,0.0123,0,0.06,0,0
12669,15.68,0.0123,0,0.38,1,0
12670,19.52,0.0123,0,0.32,0,0
12671,24.17,0.0123,2,0.03,0,0
12672,26.75,0.0123,0,0.8,0,0
12673,33.83,0.0123,2,0.13,0,0
12674,44.56,0.0123,2,0.45,0,0
12675,121.12,4.8088,2,0.01,0,0
12676,15.31,0.0123,0,0.47,0,0
12677,22.55,0.0123,1,0.57,0,0
12678,22.61,0.0123,1,0.29,0,0
12679,38.13,0.0123,2,0.99,0,0
12680,29.48,0.0123,2,0.22,0,0
12681,22.89,0.0123,0,0.65,1,0
12682,26.9,0.0123,0,0.29,0,0
12683,9.65,0.0123,0,0.86,0,0
12684,39.1,0.0123,0,0.09,1,0
12685,30.05,0.0123,0,0.01,0,0
12686,12.18,0.0123,2,0.98,0,0
12687,42.93,0.0123,0,0.36,0,0
12688,16.27,0.0123,0,0.64,1,0
12689,734.33,0.0123,2,0.82,0,1
12690,615.64,0.0123,0,0.3,0,0
12691,30.3,0.0123,1,0.21,0,0
12692,70.38,0.0123,2,0.89,0,0
12693,43.95,0.0123,0,0.16,0,0
12694,17.44,0.0123,2,0.06,0,0
12695,15.75,0.0123,0,0.5,0,0
12696,52.42,0.0123,0,0.61,0,0
12697,18.4,0.0123,0,0.69,1,0
12698,107.63,0.0123,2,0.07,0,0
12699,34.56,4.8088,2,0.02,0,0
12700,492.36,0.0123,0,0.71,0,0
12701,63.42,0.0123,1,0.08,0,0
12702,12.43,0.0123,0,0.67,0,0
12703,53.32,0.0123,0,0.25,0,0
12704,59.75,0.0123,2,0.45,0,0
12705,16.98,0.0123,2,0.99,1,1
12706,22.44,0.0123,2,0.54,1,0
12707,1053.37,0.0123,2,0.12,0,0
12708,12.11,4.8088,0,0.46,1,1
12709,24.46,0.0123,0,0.96,0,0
12710,48.11,0.0123,0,0.06,0,0
12711,32.37,0.0123,0,0.54,0,0
12712,33.61,0.0123,2,0.87,0,0
12713,25.62,0.0123,2,0.37,1,0
12714,66.39,0.0123,0,0.33,1,0
12715,571.61,0.0123,0,0.66,0,0
12716,315.83,0.0123,2,0.55,0,0
12717,16.01,0.0123,2,0.78,0,0
12718,11.11,0.0123,0,0.62,0,0
12719,3857.87,0.0123,1,0.35,0,1
12720,60.2,0.0123,0,0.41,0,0
12721,8.85,0.0123,0,0.43,0,0
12722,1188.95,0.0123,0,0.37,1,1
12723,1716.58,0.0123,0,0.91,0,1
12724,29.03,0.0123,2,0.95,1,1
12725,26.63,0.0123,2,0.76,0,0
12726,47.92,0.0123,0,0.27,0,0
12727,19.76,0.0123,2,0.86,0,0
12728,45.03,0.0123,0,0.21,1,0
12729,7.97,0.0123,2,0.86,1,1
12730,24.05,0.0123,0,0.11,0,0
12731,43.36,0.0123,1,0.9,1,1
12732,83.38,0.0123,2,0.02,0,0
12733,9.42,0.0123,0,0.58,0,0
12734,36.78,0.0123,2,0.11,0,0
12735,12.56,0.0123,0,0.27,0,0
12736,935.66,0.0123,2,0.05,0,0
12737,19.07,0.0123,0,0.36,0,0
12738,28.08,0.0123,2,0.53,0,0
12739,19.73,0.0123,0,0.35,1,0
12740,36.75,0.0123,0,0.32,0,0
12741,3492.94,0.0123,2,0.05,0,1
12742,51.68,0.0123,0,0.79,0,0
12743,31.51,0.0123,2,0.11,1,0
12744,54.29,0.0123,1,0.98,1,1
12745,28.46,0.0123,0,0.22,1,0
12746,47.38,0.0123,2,0.36,0,0
12747,18.04,0.0123,0,0.07,0,0
12748,1484.76,0.0123,2,0.27,0,1
12749,61.87,0.0123,0,0.66,0,0
12750,24.28,0.0123,0,0.28,0,0
12751,76.06,0.0123,2,0.3,1,0
12752,16.45,0.0123,1,0.9,0,0
12753,53.28,0.0123,0,0.7,1,0
12754,117.26,0.0123,0,0.47,0,0
12755,64.73,0.0123,2,0.45,0,0
12756,51.35,0.0123,2,0.62,1,0
12757,21.25,0.0123,0,0.61,0,0
12758,21.05,0.0123,2,0.36,0,0
12759,40.75,0.0123,0,0.85,0,0
12760,12.16,0.0123,2,0.16,0,0
12761,65.14,0.0123,2,0.97,0,0
12762,588.41,0.0123,0,0.06,0,0
12763,24.36,0.0123,2,0.72,1,0
12764,32.4,0.0123,2,0.28,0,0
12765,29.18,0.0123,2,0.65,0,0
12766,29.63,0.0123,0,0.75,0,0
12767,22.88,0.0123,0,0.88,0,0
12768,10.81,0.0123,0,0.74,0,0
12769,54.34,0.0123,0,0.95,0,0
12770,13.84,0.0123,2,0.59,0,0
12771,1219.43,0.0123,2,0.59,0,0
12772,6.98,0.0123,0,0.21,0,0
12773,61.45,0.0123,2,0.38,0,0
12774,18.75,0.0123,2,0.81,0,0
12775,13.17,0.0123,0,0.0,0,0
12776,112.46,0.0123,0,0.47,0,0
12777,67.06,0.0123,0,0.47,0,0
12778,69.73,0.0123,2,0.76,0,0
12779,72.45,4.8088,1,0.17,0,0
12780,10.85,0.0123,0,0.58,0,0
12781,75.38,0.0123,1,0.77,0,0
12782,46.7,0.0123,0,0.92,0,0
12783,16.4,0.0123,0,0.9,0,0
12784,28.44,0.0123,0,0.25,0,0
12785,47.42,0.0123,2,0.7,0,0
12786,36.23,0.0123,2,0.17,0,0
12787,3292.23,0.0123,0,0.3,0,1
12788,57.02,0.0123,0,0.88,1,1
12789,44.17,0.0123,0,0.63,0,0
12790,86.47,0.0123,1,0.89,0,0
12791,28.36,0.0123,0,0.99,0,0
12792,82.83,0.0123,2,1.0,0,0
12793,31.45,0.0123,0,0.81,1,1
12794,241.09,0.0123,0,0.88,0,0
12795,13.12,0.0123,0,0.17,0,0
12796,67.15,4.8088,0,0.02,0,0
12797,22.39,0.0123,2,0.27,0,0
12798,20.8,0.0123,0,0.26,0,0
12799,1589.46,0.0123,0,0.25,0,1
12800,3583.96,0.0123,2,0.37,0,1
12801,401.66,0.0123,2,0.7,0,0
12802,13.7,0.0123,0,0.95,0,0
12803,60.18,0.0123,2,0.39,0,0
12804,68.91,0.0123,0,0.69,0,0
12805,234.51,0.0123,0,0.98,0,0
12806,46.2,0.0123,0,0.05,0,0
12807,23.83,0.0123,2,0.18,0,0
12808,39.9,0.0123,2,0.04,1,0
12809,68.46,0.0123,0,0.37,1,0
12810,83.07,0.0123,2,0.12,0,0
12811,10.07,0.0123,0,0.82,0,0
12812,503.91,0.0123,0,0.32,0,0
12813,10.73,0.0123,0,0.0,0,0
12814,4607.83,0.0123,2,0.72,0,1
12815,17.97,0.0123,2,0.23,1,0
12816,529.67,0.0123,2,0.83,0,0
12817,111.18,0.0123,0,0.99,0,0
12818,59.96,0.0123,1,0.77,0,0
12819,32.15,0.0123,2,0.35,0,0
12820,103.53,0.0123,0,0.03,0,0
12821,23.74,0.0123,1,0.89,0,0
12822,44.69,0.0123,0,0.04,0,0
12823,221.73,0.0123,2,0.5,1,0
12824,79.54,0.0123,2,0.97,0,0
12825,37.07,0.0123,0,0.64,1,0
12826,13.19,0.0123,2,0.83,0,0
12827,40.03,0.0123,0,1.0,0,0
12828,61.96,0.0123,0,0.21,0,0
12829,8.02,0.0123,2,0.72,0,0
12830,14.44,0.0123,0,0.22,0,0
12831,21.14,0.0123,1,0.96,0,0
12832,37.79,0.0123,0,0.89,0,0
12833,11.66,0.0123,0,0.01,0,0
12834,27.27,0.0123,2,1.0,0,0
12835,12.93,0.0123,2,0.67,0,0
12836,7221.26,0.0123,0,0.7,0,1
12837,21.08,0.0123,2,0.42,0,0
12838,8.38,0.0123,2,0.18,0,0
12839,912.61,4.8088,1,0.63,0,1
12840,65.58,0.0123,2,0.73,1,0
12841,36.46,0.0123,0,0.28,0,0
12842,3369.36,0.0123,1,0.62,1,1
12843,67.7,0.0123,2,0.05,0,0
12844,539.03,0.0123,0,0.73,0,0
12845,7800.46,0.0123,0,0.06,0,1
12846,1841.01,0.0123,1,0.41,0,1
12847,48.43,0.0123,2,0.87,0,0
12848,48.31,0.0123,2,0.39,1,0
12849,48.69,0.0123,0,0.57,0,0
12850,968.39,0.0123,0,0.07,0,0
12851,89.09,0.0123,2,0.89,1,1
12852,55.72,0.0123,2,0.41,0,0
12853,65.25,0.0123,2,0.36,1,0
12854,154.2,0.0123,2,0.19,0,0
12855,57.83,0.0123,2,0.13,0,0
12856,34.74,0.0123,2,0.01,0,0
12857,6.78,0.0123,0,0.22,0,0
12858,808.1,0.0123,0,0.45,1,1
12859,80.35,0.0123,2,0.93,1,1
12860,8.37,0.0123,0,0.52,0,0
12861,47.87,0.0123,0,0.47,1,0
12862,43.38,0.0123,2,0.79,0,0
12863,56.27,0.0123,2,0.76,0,0
12864,64.46,0.0123,1,0.47,1,0
12865,2222.57,0.0123,1,0.55,0,1
12866,36.33,0.0123,1,0.21,0,0
12867,30.77,0.0123,0,0.93,0,0
12868,37.65,4.8088,2,0.01,1,1
12869,16.41,0.0123,2,0.88,1,1
12870,15.19,0.0123,0,0.58,0,0
12871,122.83,0.0123,2,0.92,1,1
12872,19.69,0.0123,2,0.35,0,0
12873,46.71,0.0123,0,0.11,0,0
12874,12.06,0.0123,2,0.77,0,0
12875,23.33,0.0123,0,0.61,0,0
12876,33.88,0.0123,0,0.34,1,0
12877,11.62,0.0123,2,0.41,0,0
12878,21.34,0.0123,0,0.54,0,0
12879,70.02,0.0123,0,0.75,0,0
12880,86.25,0.0123,2,0.84,0,0
12881,29.6,0.0123,0,0.53,0,0
12882,15.61,0.0123,2,0.86,0,0
12883,26.57,0.0123,0,0.89,0,0
12884,60.09,0.0123,2,0.08,0,0
12885,10.44,0.0123,0,0.34,0,0
12886,24.71,0.0123,1,0.16,1,0
12887,25.35,0.0123,2,0.23,1,0
12888,18.27,0.0123,2,0.7,0,0
12889,24.67,0.0123,0,0.38,0,0
12890,27.68,0.0123,2,0.5,0,0
12891,52.44,4.8088,2,1.0,0,1
12892,39.93,0.0123,0,0.88,0,0
12893,73.85,0.0123,2,0.29,1,0
12894,75.37,0.0123,2,0.54,0,0
12895,1753.3,4.8088,1,0.2,0,1
12896,22.32,0.0123,0,0.56,1,0
12897,2566.56,0.0123,2,0.36,1,1
12898,101.91,0.0123,2,0.92,0,0
12899,36.22,0.0123,2,0.92,0,0
12900,38.27,0.0123,2,0.6,1,0
12901,65.96,0.0123,0,0.0,0,0
12902,1463.31,0.0123,2,0.89,0,1
12903,51.08,0.0123,2,0.7,0,0
12904,84.35,4.8088,0,0.59,1,1
12905,31.94,0.0123,0,0.38,0,0
12906,22.46,0.0123,1,0.39,0,0
12907,15.22,0.0123,2,0.62,0,0
12908,66.37,0.0123,2,0.34,0,0
12909,62.43,0.0123,0,0.65,0,0
12910,28.82,0.0123,0,0.2,0,0
12911,5.46,0.0123,1,0.49,1,0
12912,24.43,0.0123,0,0.75,0,0
12913,28.76,0.0123,0,0.89,0,0
12914,21.31,0.0123,0,0.88,0,0
12915,1064.11,0.0123,2,0.97,0,1
12916,15.66,0.0123,2,0.93,0,0
12917,313.82,0.0123,2,0.74,0,0
12918,11.73,0.0123,0,0.37,0,0
12919,56.63,0.0123,2,0.56,0,0
12920,14.25,0.0123,0,0.2,0,0
12921,37.1,0.0123,0,0.2,0,0
12922,56.86,0.0123,2,0.11,1,0
12923,34.15,0.0123,0,0.38,0,0
12924,11.92,0.0123,2,0.44,0,0
12925,30.22,0.0123,0,0.9,0,0
12926,25.37,4.8088,2,0.12,0,0
12927,69.72,0.0123,0,0.39,1,0
12928,14.08,0.0123,0,0.5,0,0
12929,39.78,0.0123,2,0.9,0,0
12930,46.39,0.0123,0,0.61,0,0
12931,21.64,4.8088,1,0.39,1,1
12932,10.95,0.0123,2,0.97,1,1
12933,50.51,0.0123,0,0.15,0,0
12934,52.11,0.0123,0,0.16,0,0
12935,23.12,0.0123,0,0.58,0,0
12936,41.32,0.0123,2,0.3,0,0
12937,12.05,0.0123,0,0.78,1,0
12938,45.58,0.0123,2,0.45,0,0
12939,71.01,0.0123,1,0.35,0,0
12940,20.11,4.8088,0,0.52,0,0
12941,74.1,0.0123,2,0.37,1,0
12942,37.2,0.0123,2,0.47,1,0
12943,235.03,0.0123,2,0.75,1,0
12944,52.65,0.0123,2,0.98,0,0
12945,84.49,0.0123,2,0.21,0,0
12946,36.58,0.0123,0,0.43,0,0
12947,36.9,0.0123,0,0.43,0,0
12948,35.47,0.0123,0,0.72,0,0
12949,274.28,0.0123,2,0.86,0,0
12950,85.47,0.0123,2,0.14,0,0
12951,873.37,0.0123,2,0.68,0,0
12952,21.04,0.0123,2,0.93,0,0
12953,26.5,0.0123,2,0.25,0,0
12954,1158.51,0.0123,2,0.35,0,1
12955,21.01,0.0123,2,0.39,0,0
12956,39.97,4.8088,0,0.87,0,1
12957,15.18,0.0123,1,0.9,0,0
12958,58.88,0.0123,0,0.51,0,0
12959,37.09,0.0123,1,0.46,0,0
12960,556.63,0.0123,0,0.89,0,1
12961,31.85,0.0123,2,0.56,0,0
12962,23.17,0.0123,2,0.17,0,0
12963,35.04,0.0123,1,0.47,0,0
12964,36.2,0.0123,0,0.01,1,0
12965,813.09,0.0123,1,0.55,0,0
12966,83.49,0.0123,2,0.24,0,0
12967,45.08,4.8088,2,0.19,0,0
12968,38.55,0.0123,0,0.7,0,0
12969,49.82,0.0123,2,0.59,0,0
12970,16.28,0.0123,2,0.61,0,0
12971,49.07,0.0123,1,0.79,0,0
12972,54.69,0.0123,2,0.97,0,0
12973,33.25,0.0123,2,0.89,0,0
12974,22.67,0.0123,0,0.46,1,0
12975,40.91,0.0123,1,0.33,0,0
12976,26.73,0.0123,2,0.02,0,0
12977,8.06,0.0123,2,0.54,1,0
12978,23.03,0.0123,2,0.86,0,0
12979,898.96,0.0123,0,0.0,0,0
12980,9.79,0.0123,2,0.94,1,1
12981,16.55,0.0123,2,0.1,1,0
12982,38.78,0.0123,0,0.07,0,0
12983,57.46,0.0123,1,0.01,0,0
12984,142.96,0.0123,2,0.82,0,0
12985,2377.94,0.0123,2,0.41,1,1
12986,83.24,0.0123,2,0.47,0,0
12987,398.89,0.0123,0,0.54,0,0
12988,33.42,0.0123,2,0.94,0,0
12989,74.9,0.0123,0,0.93,0,0
12990,59.38,0.0123,2,0.62,0,0
12991,746.21,0.0123,2,0.48,0,0
12992,48.01,0.0123,0,0.79,0,0
12993,15.94,0.0123,0,0.42,1,0
12994,42.19,0.0123,2,0.04,0,0
12995,16.48,0.0123,2,0.03,0,0
12996,14.02,0.0123,2,0.35,0,0
12997,38.43,0.0123,0,0.82,0,0
12998,13.55,0.0123,2,0.17,0,0
12999,60.04,0.0123,2,0.57,0,0
13000,52.11,0.0123,2,0.99,1,1
13001,27.12,0.0123,0,0.86,0,0
13002,19.14,0.0123,2,0.27,0,0
13003,9.36,0.0123,0,0.13,1,0
13004,66.23,0.0123,2,0.7,0,0
13005,21.55,0.0123,0,0.7,1,0
13006,108.88,0.0123,0,0.25,1,0
13007,46.85,0.0123,2,0.73,0,0
13008,29.66,0.0123,0,0.77,0,0
13009,41.67,0.0123,0,0.06,0,0
13010,143.27,0.0123,0,0.34,1,0
13011,34.38,0.0123,1,0.89,0,0
13012,27.77,0.0123,0,0.55,0,0
13013,39.51,0.0123,2,0.39,0,0
13014,11.21,0.0123,0,0.99,0,0
13015,292.53,0.0123,2,0.09,0,0
13016,20.24,0.0123,0,0.2,0,0
13017,11.47,0.0123,0,0.05,0,0
13018,81.81,0.0123,2,0.83,1,1
13019,28.07,0.0123,2,0.57,1,0
13020,2392.32,0.0123,0,0.91,0,1
13021,20.11,4.8088,0,0.59,1,1
13022,33.65,0.0123,0,0.33,0,0
13023,19.7,0.0123,0,0.36,0,0
13024,61.27,0.0123,1,0.16,0,0
13025,23.55,0.0123,0,0.23,0,0
13026,28.67,0.0123,0,0.96,0,0
13027,21.26,0.0123,0,0.54,0,0
13028,36.88,0.0123,1,0.05,0,0
13029,41.63,0.0123,2,0.84,0,0
13030,77.74,0.0123,0,0.55,0,0
13031,479.74,0.0123,2,0.31,0,0
13032,49.24,0.0123,0,0.59,0,0
13033,114.77,0.0123,0,0.63,0,0
13034,14.81,0.0123,0,0.57,0,0
13035,1370.7,0.0123,0,0.2,1,1
13036,18.84,0.0123,0,0.47,0,0
13037,19.13,0.0123,0,0.31,0,0
13038,18.01,0.0123,2,0.7,1,0
13039,12.38,0.0123,0,0.69,0,0
13040,62.44,0.0123,0,0.38,0,0
13041,102.66,0.0123,2,0.41,0,0
13042,12.93,0.0123,2,0.14,0,0
13043,113.72,0.0123,0,0.16,0,0
13044,40.51,0.0123,2,0.25,0,0
13045,335.84,0.0123,2,0.45,0,0
13046,22.84,0.0123,1,0.03,0,0
13047,29.81,0.0123,2,0.87,0,0
13048,81.5,0.0123,0,0.17,0,0
13049,55.61,0.0123,0,0.26,0,0
13050,34.87,0.0123,2,0.16,0,0
13051,46.15,0.0123,0,0.97,1,1
13052,43.91,0.0123,2,0.17,0,0
13053,16.81,0.0123,2,0.01,0,0
13054,27.04,0.0123,0,0.68,0,0
13055,46.82,0.0123,1,0.51,0,0
13056,9.46,0.0123,2,0.56,0,0
13057,12.03,0.0123,0,0.31,0,0
13058,7.93,0.0123,1,0.05,0,0
13059,252.51,0.0123,0,0.8,1,1
13060,23.41,0.0123,0,0.28,0,0
13061,67.92,0.0123,0,0.96,0,0
13062,70.55,0.0123,0,0.78,0,0
13063,21.76,0.0123,2,0.77,0,0
13064,17.51,0.0123,2,0.1,0,0
13065,65.11,0.0123,0,0.61,0,0
13066,42.86,0.0123,0,0.6,1,0
13067,48.71,0.0123,0,0.18,0,0
13068,75.61,0.0123,0,0.09,0,0
13069,28.11,0.0123,0,0.36,0,0
13070,46.35,0.0123,1,0.17,0,0
13071,32.18,0.0123,1,0.03,1,0
13072,66.34,0.0123,0,0.81,0,0
13073,424.01,0.0123,2,0.89,0,0
13074,13.23,0.0123,2,0.06,1,0
13075,470.16,0.0123,1,0.8,0,1
13076,31.11,0.0123,2,0.48,1,0
13077,33.17,0.0123,2,0.13,0,0
13078,80.16,0.0123,0,0.08,0,0
13079,23.31,0.0123,2,0.61,0,0
13080,18.44,0.0123,0,0.73,1,0
13081,22.9,0.0123,2,0.44,1,0
13082,8.48,0.0123,0,0.47,0,0
13083,32.8,0.0123,2,0.41,0,0
13084,49.84,4.8088,0,0.52,0,0
13085,19.16,0.0123,2,0.8,0,0
13086,23.33,4.8088,0,0.36,0,0
13087,285.58,0.0123,2,0.79,1,0
13088,26.48,0.0123,0,0.42,0,0
13089,10.81,0.0123,0,0.52,0,0
13090,24.27,0.0123,2,0.13,0,0
13091,32.81,0.0123,0,0.7,1,0
13092,7.29,0.0123,2,0.26,1,0
13093,23.81,0.0123,0,0.56,0,0
13094,46.3,0.0123,0,0.71,0,0
13095,39.85,0.0123,0,0.33,0,0
13096,43.19,0.0123,0,0.68,0,0
13097,6.98,0.0123,0,0.11,0,0
13098,12.21,0.0123,2,0.45,0,0
13099,39.81,0.0123,0,0.87,0,0
13100,1598.57,0.0123,2,0.01,1,1
13101,52.05,0.0123,0,0.68,0,0
13102,55.23,0.0123,0,0.84,0,0
13103,21.11,0.0123,0,0.4,0,0
13104,35.21,0.0123,0,0.83,0,0
13105,52.06,0.0123,0,0.33,0,0
13106,65.13,0.0123,2,0.85,0,0
13107,2135.17,0.0123,0,0.72,0,1
13108,14.52,0.0123,2,0.42,0,0
13109,30.39,0.0123,1,0.84,0,0
13110,81.59,0.0123,2,0.35,0,0
13111,9.92,0.0123,1,0.7,0,0
13112,28.28,0.0123,2,0.63,0,0
13113,33.1,0.0123,0,0.85,1,1
13114,1590.45,0.0123,1,0.99,0,1
13115,61.47,0.0123,2,0.35,1,0
13116,40.55,0.0123,0,0.8,0,0
13117,37.43,0.0123,0,0.9,0,0
13118,22.82,0.0123,2,0.15,1,0
13119,136.43,0.0123,1,0.15,0,0
13120,685.64,0.0123,1,0.0,0,0
13121,6321.88,0.0123,0,0.56,0,1
13122,39.64,0.0123,0,0.02,0,0
13123,66.85,0.0123,2,0.92,0,0
13124,52.83,0.0123,1,0.16,0,0
13125,9.99,0.0123,2,0.17,0,0
13126,62.75,0.0123,1,0.05,0,0
13127,68.14,0.0123,2,0.88,1,1
13128,24.66,0.0123,0,0.2,0,0
13129,38.9,0.0123,2,0.89,1,1
13130,76.04,0.0123,0,0.23,0,0
13131,398.43,0.0123,0,0.48,0,0
13132,15.83,0.0123,2,0.62,0,0
13133,1261.19,0.0123,0,0.42,1,1
13134,53.75,0.0123,2,0.87,0,0
13135,27.26,0.0123,2,0.09,0,0
13136,42.08,0.0123,0,0.67,0,0
13137,272.61,0.0123,0,0.89,0,0
13138,27.97,0.0123,1,0.73,0,0
13139,90.62,0.0123,1,0.7,1,0
13140,527.5,0.0123,2,0.21,0,0
13141,15.68,4.8088,0,0.93,1,1
13142,27.42,0.0123,2,0.56,1,0
13143,1372.64,0.0123,0,0.11,0,1
13144,99.85,0.0123,2,0.75,0,0
13145,35.66,4.8088,2,0.14,1,1
13146,27.45,0.0123,2,0.62,0,0
13147,26.7,0.0123,2,0.24,0,0
13148,28.05,0.0123,0,0.18,0,0
13149,1867.78,0.0123,2,0.24,0,1
13150,21.36,0.0123,2,0.8,0,0
13151,211.71,0.0123,0,0.73,0,0
13152,36.14,0.0123,2,0.62,0,0
13153,23.83,0.0123,0,0.92,0,0
13154,29.23,0.0123,0,0.4,0,0
13155,60.15,0.0123,0,0.26,0,0
13156,64.72,0.0123,1,0.42,0,0
13157,10.93,0.0123,2,0.78,0,0
13158,2756.63,0.0123,0,0.09,0,1
13159,57.16,0.0123,0,0.5,0,0
13160,26.35,0.0123,2,0.96,0,0
13161,14.41,0.0123,2,0.62,0,0
13162,27.73,0.0123,0,0.36,0,0
13163,36.03,0.0123,2,0.07,0,0
13164,22.88,0.0123,2,0.25,0,0
13165,163.37,0.0123,0,0.55,0,0
13166,645.6,0.0123,0,0.33,0,0
13167,31.37,0.0123,0,0.74,0,0
13168,29.38,0.0123,2,0.26,0,0
13169,120.61,0.0123,2,0.49,0,0
13170,30.64,0.0123,0,0.45,0,0
13171,21.63,0.0123,2,0.17,0,0
13172,45.5,0.0123,2,0.97,1,1
13173,31.62,0.0123,2,0.06,0,0
13174,1745.26,0.0123,2,0.68,0,1
13175,116.39,0.0123,0,0.94,0,0
13176,29.7,0.0123,2,0.35,0,0
13177,26.34,0.0123,0,0.61,0,0
13178,56.78,0.0123,2,0.48,0,0
13179,1514.96,0.0123,0,0.14,0,1
13180,96.2,0.0123,0,0.85,0,0
13181,49.52,0.0123,0,0.39,0,0
13182,689.45,0.0123,2,0.75,1,0
13183,25.49,0.0123,2,0.32,0,0
13184,41.34,0.0123,2,0.86,0,0
13185,51.68,0.0123,0,0.09,1,0
13186,23.6,0.0123,0,0.11,0,0
13187,287.73,0.0123,1,0.71,0,0
13188,14.96,0.0123,2,0.54,0,0
13189,33.5,4.8088,2,0.99,0,1
13190,26.86,0.0123,0,0.08,0,0
13191,19.93,0.0123,2,0.25,1,0
13192,67.08,0.0123,0,0.84,0,0
13193,2296.92,0.0123,2,0.54,1,1
13194,2042.66,0.0123,0,0.57,1,1
13195,36.41,0.0123,0,0.58,0,0
13196,477.03,0.0123,0,0.76,1,1
13197,29.41,0.0123,2,0.32,0,0
13198,1505.78,0.0123,0,0.39,0,0
13199,53.11,0.0123,2,0.98,0,0
13200,8.5,0.0123,1,0.23,0,0
13201,44.3,0.0123,2,0.09,1,0
13202,12.46,0.0123,0,0.39,1,0
13203,15.65,0.0123,0,0.8,0,0
13204,480.42,0.0123,0,0.54,1,1
13205,20.64,0.0123,2,0.56,0,0
13206,33.18,0.0123,0,0.11,0,0
13207,446.24,0.0123,0,0.36,0,0
13208,64.3,0.0123,0,0.34,0,0
13209,32.62,0.0123,1,0.31,0,0
13210,83.57,0.0123,2,0.82,0,0
13211,24.0,0.0123,2,0.89,0,0
13212,70.64,0.0123,2,0.98,1,1
13213,16.61,0.0123,0,0.94,1,1
13214,24.01,0.0123,2,0.77,0,0
13215,20.58,0.0123,2,0.87,0,0
13216,35.56,0.0123,2,0.04,0,0
13217,55.3,0.0123,2,0.8,0,0
13218,70.61,0.0123,0,0.16,0,0
13219,43.91,0.0123,0,0.21,0,0
13220,28.37,0.0123,2,0.24,1,0
13221,78.86,0.0123,0,0.08,0,0
13222,17.66,0.0123,0,0.71,0,0
13223,14.22,0.0123,2,0.39,0,0
13224,13.96,0.0123,0,0.52,1,0
13225,48.97,0.0123,1,0.46,0,0
13226,56.75,0.0123,0,0.86,0,0
13227,18.52,0.0123,2,0.49,1,0
13228,43.83,0.0123,2,0.99,0,0
13229,18.49,0.0123,0,0.0,0,0
13230,18.35,4.8088,2,0.16,0,0
13231,42.25,0.0123,0,0.43,0,0
13232,348.65,0.0123,0,0.68,0,0
13233,65.66,0.0123,2,0.87,0,0
13234,13.21,0.0123,2,0.88,0,0
13235,13.88,0.0123,0,0.87,1,1
13236,36.13,0.0123,2,0.96,0,0
13237,36.54,0.0123,2,0.19,0,0
13238,45.14,0.0123,2,0.89,0,0
13239,22.23,0.0123,2,0.12,0,0
13240,25.11,0.0123,1,0.9,1,1
13241,44.59,0.0123,2,0.38,0,0
13242,20.25,0.0123,1,0.63,0,0
13243,59.75,0.0123,0,0.8,0,0
13244,23.83,0.0123,0,0.56,0,0
13245,25.37,0.0123,0,0.88,0,0
13246,39.37,0.0123,0,0.71,0,0
13247,11.39,0.0123,0,0.79,1,0
13248,33.04,0.0123,0,0.34,0,0
13249,41.63,0.0123,2,0.66,0,0
13250,47.68,0.0123,0,0.07,0,0
13251,70.76,0.0123,2,0.93,1,1
13252,29.17,0.0123,2,0.84,0,0
13253,27.0,0.0123,0,0.69,0,0
13254,34.12,0.0123,2,0.76,0,0
13255,52.01,4.8088,2,0.89,1,1
13256,16.7,0.0123,2,0.74,0,0
13257,24.39,0.0123,2,0.64,1,0
13258,657.14,0.0123,0,0.24,1,0
13259,37.74,0.0123,2,0.55,0,0
13260,3728.32,0.0123,1,0.54,0,1
13261,1375.61,0.0123,2,0.28,0,1
13262,47.65,0.0123,0,0.64,0,0
13263,63.53,0.0123,2,0.84,0,0
13264,93.18,0.0123,2,0.18,0,0
13265,60.98,0.0123,2,0.23,1,0
13266,58.34,0.0123,2,0.12,0,0
13267,34.96,0.0123,0,0.34,0,0
13268,361.38,4.8088,2,0.29,0,0
13269,30.53,0.0123,0,0.69,0,0
13270,108.19,0.0123,0,0.1,0,0
13271,22.58,0.0123,2,0.35,0,0
13272,49.07,0.0123,2,0.8,0,0
13273,55.06,0.0123,0,0.32,1,0
13274,2376.28,0.0123,0,0.98,0,1
13275,25.76,0.0123,0,0.69,0,0
13276,11.21,0.0123,0,0.83,0,0
13277,55.82,0.0123,0,0.22,1,0
13278,47.32,0.0123,2,0.28,0,0
13279,13.95,0.0123,2,0.36,0,0
13280,23.92,0.0123,0,0.55,0,0
13281,28.96,0.0123,1,0.91,1,1
13282,59.2,0.0123,0,0.31,0,0
13283,42.21,0.0123,2,0.59,0,0
13284,90.26,0.0123,2,0.51,0,0
13285,832.79,0.0123,2,0.35,0,0
13286,5974.85,0.0123,2,0.24,0,1
13287,51.07,0.0123,2,0.85,0,0
13288,7.82,0.0123,2,0.18,0,0
13289,41.46,0.0123,2,0.68,0,0
13290,34.13,0.0123,2,0.42,1,0
13291,47.77,4.8088,2,0.84,0,1
13292,29.31,0.0123,0,0.86,1,1
13293,20.84,0.0123,2,0.58,0,0
13294,28.78,0.0123,0,0.14,0,0
13295,33.58,0.0123,2,0.62,1,0
13296,60.97,0.0123,2,0.17,0,0
13297,29.02,0.0123,0,0.7,0,0
13298,20.85,0.0123,0,0.89,0,0
13299,29.03,0.0123,0,0.31,1,0
13300,24.32,0.0123,0,0.62,0,0
13301,22.31,0.0123,2,0.56,0,0
13302,40.66,0.0123,2,0.82,0,0
13303,64.24,0.0123,2,0.83,0,0
13304,23.95,0.0123,1,0.62,0,0
13305,39.51,4.8088,2,0.95,1,1
13306,99.2,0.0123,0,0.91,1,1
13307,41.27,0.0123,1,0.36,0,0
13308,44.39,0.0123,0,0.55,0,0
13309,31.83,0.0123,0,0.56,0,0
13310,2007.99,0.0123,0,0.81,0,1
13311,395.19,0.0123,1,0.41,0,0
13312,19.54,0.0123,2,0.74,0,0
13313,448.14,0.0123,0,0.96,0,1
13314,57.21,0.0123,2,0.16,0,0
13315,16.72,0.0123,2,0.39,0,0
13316,31.55,0.0123,2,0.34,1,0
13317,83.17,0.0123,0,0.4,0,0
13318,40.81,0.0123,0,0.46,0,0
13319,10.83,0.0123,2,0.52,0,0
13320,3711.94,0.0123,1,0.49,0,1
13321,35.92,0.0123,2,0.87,1,1
13322,395.94,0.0123,0,0.81,1,1
13323,35.01,0.0123,0,0.45,1,0
13324,47.41,0.0123,2,0.81,0,0
13325,190.67,0.0123,2,0.83,0,0
13326,30.25,0.0123,2,0.7,0,0
13327,94.92,0.0123,0,0.93,0,0
13328,16.59,0.0123,2,0.7,0,0
13329,43.63,0.0123,2,0.5,1,0
13330,40.63,0.0123,2,0.73,0,0
13331,24.73,4.8088,2,0.0,0,0
13332,63.87,0.0123,0,0.89,0,0
13333,6.2,0.0123,2,0.81,1,1
13334,281.25,0.0123,1,0.46,0,0
13335,28.14,0.0123,0,0.21,0,0
13336,6.01,0.0123,0,0.01,0,0
13337,23.13,0.0123,0,0.11,0,0
13338,22.85,0.0123,0,0.59,0,0
13339,7.56,0.0123,2,0.21,1,0
13340,21.79,0.0123,0,0.75,0,0
13341,61.6,0.0123,0,0.81,0,0
13342,29.86,0.0123,2,0.63,0,0
13343,48.03,0.0123,0,0.94,0,0
13344,99.24,0.0123,0,0.55,0,0
13345,10.83,0.0123,1,0.75,1,0
13346,33.82,0.0123,0,0.01,0,0
13347,61.52,0.0123,0,0.99,0,0
13348,56.22,0.0123,2,0.06,0,0
13349,84.57,0.0123,2,0.77,0,0
13350,130.62,0.0123,0,0.46,1,0
13351,41.93,0.0123,2,0.77,1,0
13352,105.98,0.0123,1,0.97,0,0
13353,52.94,0.0123,1,0.94,1,1
13354,7.26,0.0123,1,0.48,0,0
13355,65.14,0.0123,0,0.21,1,0
13356,27.47,0.0123,2,0.6,0,0
13357,22.03,0.0123,0,0.82,1,1
13358,12.51,0.0123,0,0.59,0,0
13359,120.97,0.0123,1,0.49,0,0
13360,30.3,0.0123,2,0.13,0,0
13361,38.0,0.0123,2,0.51,0,0
13362,62.95,0.0123,0,0.99,0,0
13363,18.07,0.0123,2,0.0,1,0
13364,21.05,0.0123,2,0.43,0,0
13365,60.74,0.0123,2,0.17,0,0
13366,18.63,0.0123,1,0.52,0,0
13367,2122.75,0.0123,0,0.56,1,1
13368,1698.99,0.0123,0,0.43,0,1
13369,70.0,0.0123,0,0.65,0,0
13370,35.0,0.0123,2,0.63,1,0
13371,30.9,0.0123,2,0.0,0,0
13372,55.4,0.0123,0,0.09,0,0
13373,76.46,0.0123,2,0.43,0,0
13374,21.48,0.0123,0,0.56,1,0
13375,40.77,0.0123,0,0.87,0,0
13376,49.35,4.8088,0,0.21,0,0
13377,825.24,0.0123,0,0.38,0,0
13378,13.88,0.0123,0,0.47,0,0
13379,261.43,0.0123,2,0.0,0,0
13380,992.06,0.0123,2,0.14,1,1
13381,10.32,0.0123,1,0.63,0,0
13382,895.06,0.0123,2,0.22,0,0
13383,14.4,0.0123,0,0.9,1,1
13384,12.71,0.0123,0,0.28,0,0
13385,106.35,0.0123,2,0.56,1,0
13386,13.88,0.0123,2,0.91,0,0
13387,53.39,0.0123,2,0.53,1,0
13388,43.78,0.0123,0,0.96,0,0
13389,13.9,0.0123,2,0.95,0,0
13390,29.5,0.0123,1,0.89,0,0
13391,24.68,0.0123,2,0.03,1,0
13392,30.47,0.0123,0,0.63,0,0
13393,1619.08,0.0123,0,0.25,0,1
13394,38.12,0.0123,0,0.25,0,0
13395,20.42,0.0123,2,0.22,0,0
13396,76.82,0.0123,0,0.53,0,0
13397,290.73,0.0123,2,0.3,0,0
13398,16.53,0.0123,2,0.6,0,0
13399,52.3,0.0123,2,0.47,1,0
13400,53.32,0.0123,0,0.35,0,0
13401,30.55,0.0123,1,0.82,0,0
13402,55.16,0.0123,0,0.44,0,0
13403,124.42,0.0123,2,0.09,0,0
13404,25.23,4.8088,2,0.65,0,0
13405,33.48,0.0123,0,0.05,0,0
13406,51.41,0.0123,0,0.85,0,0
13407,31.12,0.0123,2,0.07,0,0
13408,11.66,0.0123,0,0.95,0,0
13409,275.38,0.0123,0,0.94,0,0
13410,11.68,4.8088,0,0.7,0,0
13411,6.71,0.0123,2,0.35,0,0
13412,23.35,0.0123,0,0.2,0,0
13413,32.9,0.0123,1,0.26,0,0
13414,1941.41,0.0123,0,0.36,0,1
13415,29.21,0.0123,0,0.82,1,1
13416,40.93,0.0123,0,0.35,0,0
13417,15.82,4.8088,0,0.36,0,0
13418,60.87,0.0123,0,0.23,1,0
13419,32.8,0.0123,2,0.71,0,0
13420,428.59,0.0123,2,0.95,0,0
13421,17.3,0.0123,2,0.81,0,0
13422,7.51,0.0123,2,0.89,0,0
13423,59.91,0.0123,2,0.77,1,0
13424,19.84,0.0123,0,0.96,0,0
13425,29.04,4.8088,2,0.95,0,1
13426,41.52,0.0123,2,0.3,0,0
13427,47.03,0.0123,0,0.49,1,0
13428,79.93,0.0123,0,0.58,0,0
13429,12.39,0.0123,0,0.4,0,0
13430,9.0,0.0123,0,0.6,1,0
13431,1387.01,0.0123,0,0.69,0,1
13432,35.98,0.0123,0,0.75,0,0
13433,34.35,0.0123,0,0.63,0,0
13434,21.52,4.8088,0,0.22,1,1
13435,24.43,0.0123,2,0.05,0,0
13436,31.24,0.0123,0,0.43,0,0
13437,39.12,0.0123,0,0.29,0,0
13438,1333.06,0.0123,2,0.26,0,1
13439,73.23,0.0123,2,0.62,1,0
13440,68.9,0.0123,0,0.9,1,1
13441,44.99,0.0123,2,0.84,1,1
13442,6.99,0.0123,1,0.16,0,0
13443,27.52,0.0123,1,0.63,0,0
13444,20.29,0.0123,0,0.33,0,0
13445,44.84,0.0123,0,0.19,0,0
13446,26.04,0.0123,2,0.78,0,0
13447,30.51,0.0123,2,0.32,0,0
13448,13.03,0.0123,0,0.68,0,0
13449,43.64,0.0123,0,0.59,0,0
13450,879.34,0.0123,1,0.36,0,0
13451,18.94,0.0123,2,0.71,0,0
13452,7.32,0.0123,2,0.05,0,0
13453,16.6,0.0123,0,0.16,0,0
13454,1708.64,0.0123,2,0.96,0,1
13455,8.92,0.0123,1,0.99,0,0
13456,14.42,0.0123,2,0.52,0,0
13457,50.32,0.0123,0,0.85,0,0
13458,615.5,0.0123,0,0.88,0,1
13459,31.13,0.0123,2,0.27,1,0
13460,37.31,0.0123,2,0.13,1,0
13461,41.56,0.0123,2,0.77,0,0
13462,974.12,0.0123,2,0.6,0,0
13463,32.5,0.0123,2,0.47,1,0
13464,1272.36,0.0123,0,0.9,0,1
13465,51.64,0.0123,1,0.28,1,0
13466,40.27,0.0123,2,0.64,1,0
13467,89.37,0.0123,0,0.12,1,0
13468,2234.15,0.0123,2,0.44,0,1
13469,13.17,0.0123,2,0.52,0,0
13470,32.85,0.0123,0,0.2,0,0
13471,67.0,0.0123,0,0.7,1,0
13472,11.69,0.0123,0,0.34,1,0
13473,528.78,0.0123,0,0.61,0,0
13474,13.08,0.0123,2,0.9,0,0
13475,20.74,0.0123,0,0.04,0,0
13476,41.76,0.0123,1,0.37,0,0
13477,42.7,0.0123,2,0.27,1,0
13478,32.27,0.0123,1,0.0,0,0
13479,12.92,0.0123,0,0.44,0,0
13480,2140.47,0.0123,2,0.32,1,1
13481,28.07,0.0123,2,0.57,1,0
13482,104.71,0.0123,2,0.17,0,0
13483,38.69,4.8088,2,0.29,0,0
13484,29.58,0.0123,0,0.99,0,0
13485,59.47,0.0123,0,0.62,0,0
13486,41.42,0.0123,0,0.56,0,0
13487,16.75,0.0123,2,0.0,0,0
13488,4.71,0.0123,0,0.03,1,0
13489,17.76,0.0123,2,0.42,0,0
13490,24.84,0.0123,2,0.03,0,0
13491,86.78,0.0123,0,0.94,0,0
13492,47.61,0.0123,2,0.33,1,0
13493,497.4,0.0123,2,0.92,0,1
13494,1891.39,0.0123,2,0.53,0,0
13495,92.82,0.0123,2,0.76,1,0
13496,51.2,0.0123,1,0.75,0,0
13497,1915.17,0.0123,2,0.37,1,1
13498,72.97,0.0123,1,0.06,1,0
13499,48.25,0.0123,2,1.0,0,0
13500,25.58,0.0123,1,0.77,0,0
13501,17.27,0.0123,0,0.09,0,0
13502,40.94,0.0123,2,0.6,1,0
13503,26.74,0.0123,0,0.44,0,0
13504,17.1,0.0123,0,0.26,1,0
13505,58.62,0.0123,0,0.48,0,0
13506,22.36,0.0123,0,0.3,0,0
13507,132.92,0.0123,0,0.16,0,0
13508,60.43,0.0123,2,0.15,0,0
13509,48.36,0.0123,2,0.71,0,0
13510,27.75,0.0123,0,0.8,1,0
13511,49.82,0.0123,1,0.98,1,1
13512,59.92,0.0123,0,0.55,0,0
13513,30.38,0.0123,0,0.45,0,0
13514,17.12,0.0123,0,0.46,0,0
13515,8.9,0.0123,2,0.14,1,0
13516,655.2,0.0123,2,0.33,0,0
13517,25.9,0.0123,2,0.98,0,0
13518,86.0,0.0123,0,0.43,0,0
13519,67.66,0.0123,2,0.84,0,0
13520,22.78,0.0123,0,0.77,0,0
13521,31.69,0.0123,0,0.9,1,1
13522,108.45,0.0123,2,0.17,1,0
13523,15.68,0.0123,2,0.1,0,0
13524,55.87,0.0123,0,0.92,0,0
13525,46.24,0.0123,2,0.55,0,0
13526,25.39,0.0123,0,0.7,0,0
13527,36.91,0.0123,2,0.25,0,0
13528,2376.13,0.0123,1,0.67,0,1
13529,15.39,0.0123,0,0.07,0,0
13530,2106.3,0.0123,2,0.84,1,1
13531,26.58,0.0123,2,0.92,1,1
13532,20.63,0.0123,0,0.48,0,0
13533,29.8,0.0123,2,0.75,0,0
13534,3410.38,0.0123,2,0.29,1,1
13535,18.74,0.0123,1,0.07,0,0
13536,53.69,0.0123,2,0.42,1,0
13537,12.06,0.0123,2,0.55,0,0
13538,16.0,0.0123,0,0.19,0,0
13539,8.45,0.0123,0,0.57,0,0
13540,27.02,0.0123,0,0.46,0,0
13541,57.08,0.0123,0,0.87,0,0
13542,37.34,0.0123,2,0.38,0,0
13543,62.76,0.0123,0,0.57,1,0
13544,36.53,0.0123,0,0.78,0,0
13545,264.43,4.8088,2,0.74,1,1
13546,7.15,0.0123,0,0.31,0,0
13547,30.55,0.0123,0,0.06,0,0
13548,31.31,0.0123,2,0.75,0,0
13549,39.68,0.0123,1,0.41,0,0
13550,23.95,0.0123,2,0.84,0,0
13551,35.25,0.0123,2,0.99,0,0
13552,45.13,0.0123,1,0.53,0,0
13553,17.72,0.0123,0,0.33,0,0
13554,70.46,0.0123,1,0.16,0,0
13555,1418.56,0.0123,0,0.51,0,1
13556,34.2,0.0123,2,0.57,1,0
13557,101.53,0.0123,2,0.95,0,0
13558,25.05,0.0123,0,0.51,0,0
13559,19.08,0.0123,1,0.14,0,0
13560,31.17,0.0123,2,0.57,1,0
13561,49.54,0.0123,0,0.5,0,0
13562,25.86,0.0123,2,0.76,1,0
13563,64.08,0.0123,0,0.8,0,0
13564,32.91,0.0123,2,0.1,0,0
13565,126.65,0.0123,0,0.47,0,0
13566,40.46,0.0123,0,0.03,0,0
13567,22.01,0.0123,2,0.8,0,0
13568,16.83,0.0123,2,0.96,0,0
13569,26.48,0.0123,2,0.84,1,1
13570,392.75,0.0123,0,0.43,0,0
13571,13.17,0.0123,2,0.02,1,0
13572,18.78,0.0123,2,0.76,0,0
13573,22.11,0.0123,2,0.31,0,0
13574,1691.84,0.0123,2,0.05,0,1
13575,37.81,0.0123,2,0.7,0,0
13576,18.62,0.0123,0,0.15,0,0
13577,50.42,0.0123,1,0.49,1,0
13578,33.48,0.0123,0,0.46,1,0
13579,15.46,0.0123,0,0.21,0,0
13580,65.56,0.0123,0,0.49,0,0
13581,41.91,0.0123,2,0.55,0,0
13582,44.57,0.0123,2,0.18,0,0
13583,328.59,0.0123,2,0.69,0,0
13584,57.21,0.0123,2,0.24,0,0
13585,24.28,0.0123,0,0.59,0,0
13586,11.59,0.0123,0,0.12,0,0
13587,58.41,0.0123,0,0.03,0,0
13588,19.23,0.0123,0,0.17,0,0
13589,15.12,0.0123,0,0.93,0,0
13590,7.19,0.0123,2,0.2,1,0
13591,52.36,0.0123,2,0.38,0,0
13592,18.83,0.0123,1,0.18,0,0
13593,26.46,0.0123,2,0.48,0,0
13594,11.16,0.0123,2,0.63,0,0
13595,18.87,0.0123,2,0.19,0,0
13596,52.97,0.0123,0,0.05,0,0
13597,27.34,0.0123,2,0.36,1,0
13598,39.95,0.0123,0,0.49,1,0
13599,11.57,0.0123,2,0.54,0,0
13600,9.76,0.0123,0,0.99,0,0
13601,2566.37,0.0123,0,0.53,0,1
13602,11.97,0.0123,1,0.94,1,1
13603,5.31,0.0123,2,0.77,0,0
13604,57.11,0.0123,2,0.0,0,0
13605,22.14,0.0123,1,0.27,1,0
13606,40.75,0.0123,2,0.45,1,0
13607,49.13,0.0123,2,0.8,0,0
13608,358.32,0.0123,0,0.08,0,0
13609,9.08,0.0123,2,0.53,0,0
13610,52.99,0.0123,2,0.4,1,0
13611,1960.45,0.0123,2,0.9,0,1
13612,42.85,0.0123,0,0.05,0,0
13613,428.28,0.0123,2,0.41,0,0
13614,84.86,0.0123,2,0.65,0,0
13615,22.27,0.0123,0,0.33,0,0
13616,18.63,0.0123,2,0.37,0,0
13617,40.87,0.0123,2,0.77,0,0
13618,41.12,0.0123,0,0.17,1,0
13619,115.7,0.0123,2,0.92,0,0
13620,49.12,4.8088,0,0.57,0,0
13621,76.88,0.0123,1,0.77,0,0
13622,34.18,0.0123,2,0.47,0,0
13623,48.26,0.0123,0,0.21,0,0
13624,52.82,0.0123,0,0.59,0,0
13625,68.15,0.0123,2,0.46,0,0
13626,13.38,0.0123,0,0.39,0,0
13627,60.97,0.0123,2,0.92,0,0
13628,7.88,0.0123,0,0.85,0,0
13629,411.37,0.0123,1,0.71,0,0
13630,66.12,0.0123,2,0.49,1,0
13631,47.71,0.0123,2,0.92,0,0
13632,77.46,0.0123,2,0.26,0,0
13633,119.5,0.0123,2,0.79,1,0
13634,718.84,4.8088,0,0.48,0,1
13635,44.87,0.0123,0,0.67,0,0
13636,13.35,0.0123,2,0.51,0,0
13637,67.08,0.0123,0,0.93,0,0
13638,663.61,0.0123,1,0.82,0,1
13639,47.85,0.0123,2,0.06,1,0
13640,15.25,0.0123,2,0.81,0,0
13641,25.63,0.0123,2,0.99,0,0
13642,36.44,0.0123,1,0.94,0,0
13643,56.58,0.0123,1,0.62,1,0
13644,5.77,0.0123,0,0.76,0,0
13645,456.96,0.0123,2,0.37,0,0
13646,11.07,0.0123,0,0.22,0,0
13647,12.52,0.0123,2,0.26,1,0
13648,51.82,0.0123,2,0.02,0,0
13649,37.65,0.0123,2,0.63,0,0
13650,49.86,0.0123,2,0.5,0,0
13651,579.32,0.0123,2,0.72,0,0
13652,9.16,0.0123,2,0.11,0,0
13653,34.26,0.0123,2,0.26,0,0
13654,42.23,0.0123,1,0.96,0,0
13655,715.66,0.0123,2,0.8,1,1
13656,71.66,0.0123,1,0.89,0,0
13657,80.19,0.0123,0,0.12,0,0
13658,9.9,0.0123,0,0.6,0,0
13659,464.87,0.0123,0,0.2,0,0
13660,36.5,0.0123,2,0.93,0,0
13661,81.21,0.0123,2,0.48,0,0
13662,91.21,0.0123,2,0.54,0,0
13663,32.87,0.0123,0,0.56,0,0
13664,24.45,0.0123,0,0.29,1,0
13665,39.55,0.0123,0,0.67,1,0
13666,687.72,0.0123,0,0.64,0,0
13667,21.0,0.0123,1,0.31,0,0
13668,13.77,0.0123,0,0.6,1,0
13669,75.64,0.0123,0,0.17,0,0
13670,30.07,0.0123,2,0.44,1,0
13671,17.4,0.0123,0,0.44,0,0
13672,51.31,0.0123,2,0.21,0,0
13673,46.89,0.0123,0,0.37,0,0
13674,76.41,0.0123,2,0.36,0,0
13675,78.26,0.0123,2,0.04,0,0
13676,35.41,4.8088,0,0.61,0,0
13677,1277.66,0.0123,2,0.28,0,0
13678,730.8,0.0123,2,0.73,0,0
13679,15.98,0.0123,0,0.52,0,0
13680,37.42,0.0123,2,0.65,0,0
13681,553.48,0.0123,0,0.4,0,0
13682,54.44,0.0123,2,0.25,0,0
13683,74.67,0.0123,0,0.48,1,0
13684,82.05,0.0123,0,0.36,1,0
13685,62.35,0.0123,2,0.74,0,0
13686,42.53,0.0123,2,0.63,1,0
13687,958.98,0.0123,0,0.79,0,0
13688,499.72,0.0123,0,0.3,0,0
13689,10.85,0.0123,0,0.37,1,0
13690,58.27,0.0123,2,0.0,0,0
13691,62.92,0.0123,0,0.12,0,0
13692,51.51,0.0123,0,0.03,1,0
13693,22.74,0.0123,0,0.09,0,0
13694,24.51,0.0123,1,0.6,1,0
13695,24.22,0.0123,2,0.77,1,0
13696,15.74,0.0123,0,0.13,0,0
13697,24.25,0.0123,0,0.98,0,0
13698,52.69,0.0123,0,0.42,0,0
13699,11.26,0.0123,1,0.65,0,0
13700,126.37,0.0123,2,0.67,0,0
13701,29.02,0.0123,0,0.3,0,0
13702,54.95,0.0123,2,0.43,1,0
13703,78.6,0.0123,2,0.66,0,0
13704,112.6,0.0123,2,0.51,0,0
13705,5.29,0.0123,0,0.77,0,0
13706,55.91,0.0123,0,0.96,0,0
13707,54.16,0.0123,0,0.36,0,0
13708,32.51,0.0123,0,0.42,0,0
13709,20.38,0.0123,0,0.45,0,0
13710,1071.65,0.0123,0,0.51,0,1
13711,8.73,0.0123,0,0.1,0,0
13712,21.12,0.0123,0,0.54,0,0
13713,56.22,0.0123,2,0.63,0,0
13714,2047.84,0.0123,1,0.75,1,1
13715,462.37,0.0123,0,0.53,0,0
13716,19.44,0.0123,2,0.31,0,0
13717,21.93,0.0123,2,0.07,1,0
13718,13.83,0.0123,2,0.15,0,0
13719,44.99,0.0123,1,0.02,0,0
13720,37.95,0.0123,2,0.69,1,0
13721,15.35,0.0123,0,0.81,0,0
13722,10.7,0.0123,2,0.22,0,0
13723,30.21,0.0123,0,0.05,0,0
13724,20.29,0.0123,0,0.49,0,0
13725,26.88,0.0123,1,0.3,1,0
13726,32.66,0.0123,0,0.72,1,0
13727,33.73,0.0123,0,0.77,0,0
13728,20.02,0.0123,2,0.79,0,0
13729,44.63,0.0123,0,0.12,0,0
13730,71.91,0.0123,2,0.55,0,0
13731,539.82,0.0123,2,0.93,0,1
13732,876.14,0.0123,0,0.91,0,1
13733,60.11,0.0123,0,0.06,0,0
13734,27.88,0.0123,0,0.77,0,0
13735,8.09,0.0123,1,0.68,0,0
13736,2215.62,0.0123,0,0.17,0,1
13737,6.24,0.0123,0,0.77,1,0
13738,23.43,0.0123,0,0.34,0,0
13739,61.0,4.8088,2,0.69,0,0
13740,19.16,0.0123,2,0.81,0,0
13741,31.89,0.0123,0,0.57,0,0
13742,30.37,0.0123,2,0.91,0,0
13743,451.14,0.0123,0,0.46,0,0
13744,427.3,0.0123,0,0.97,0,1
13745,31.19,0.0123,0,0.75,0,0
13746,705.27,0.0123,2,0.8,1,1
13747,20.51,0.0123,0,0.46,1,0
13748,20.74,0.0123,2,0.46,0,0
13749,512.68,0.0123,0,0.03,1,1
13750,1310.86,0.0123,2,0.27,0,1
13751,23.11,0.0123,2,0.76,0,0
13752,22.87,0.0123,1,0.01,0,0
13753,10.85,0.0123,0,0.72,1,0
13754,20.33,0.0123,0,0.16,0,0
13755,10.83,0.0123,2,0.89,0,0
13756,39.61,0.0123,1,0.69,0,0
13757,75.86,0.0123,2,0.07,1,0
13758,28.51,0.0123,1,0.93,1,1
13759,54.06,0.0123,2,0.09,0,0
13760,30.32,0.0123,2,0.87,1,1
13761,63.72,0.0123,0,0.19,0,0
13762,27.42,0.0123,0,0.43,1,0
13763,24.8,0.0123,0,0.64,0,0
13764,37.88,0.0123,2,0.47,0,0
13765,355.64,0.0123,2,0.16,0,0
13766,41.54,0.0123,0,0.47,1,0
13767,15.8,0.0123,2,0.61,1,0
13768,3479.76,0.0123,0,0.76,0,1
13769,39.5,0.0123,0,0.73,1,0
13770,45.65,0.0123,2,0.04,0,0
13771,12.33,0.0123,0,0.09,0,0
13772,228.54,0.0123,1,0.82,0,0
13773,64.94,0.0123,1,0.96,1,1
13774,24.32,0.0123,0,0.35,1,0
13775,14.0,0.0123,2,0.96,1,1
13776,14.89,0.0123,2,0.41,0,0
13777,29.01,0.0123,0,0.31,0,0
13778,90.11,0.0123,2,0.87,1,1
13779,12.44,0.0123,1,0.75,1,0
13780,70.43,0.0123,2,0.64,1,0
13781,49.63,0.0123,0,0.13,0,0
13782,33.55,0.0123,2,0.37,1,0
13783,35.12,0.0123,2,0.89,0,0
13784,1450.37,0.0123,2,0.33,0,1
13785,506.91,0.0123,0,0.66,0,0
13786,56.36,0.0123,2,0.95,1,1
13787,42.1,0.0123,2,0.95,0,0
13788,61.09,0.0123,2,0.6,0,0
13789,53.26,0.0123,2,0.74,0,0
13790,25.52,0.0123,0,0.2,0,0
13791,69.38,0.0123,0,0.49,0,0
13792,23.33,0.0123,2,0.16,0,0
13793,17.87,0.0123,0,0.88,0,0
13794,3.83,0.0123,2,0.74,0,0
13795,934.9,0.0123,2,0.32,0,0
13796,16.37,0.0123,0,0.85,0,0
13797,71.01,0.0123,0,0.01,1,0
13798,4966.75,0.0123,2,0.15,1,1
13799,358.77,4.8088,2,0.36,1,1
13800,39.72,0.0123,1,0.9,0,0
13801,34.68,0.0123,0,0.76,0,0
13802,672.61,0.0123,2,0.0,0,0
13803,75.65,0.0123,2,0.05,0,0
13804,4.35,0.0123,0,0.69,1,0
13805,26.65,0.0123,1,0.97,0,0
13806,13.92,0.0123,2,0.43,0,0
13807,12.22,0.0123,2,0.95,0,0
13808,78.47,0.0123,1,0.83,0,0
13809,27.59,0.0123,2,0.26,0,0
13810,286.28,0.0123,0,0.11,0,0
13811,4343.59,4.8088,0,0.66,0,1
13812,43.95,0.0123,0,0.5,0,0
13813,56.12,0.0123,0,0.7,0,0
13814,27.39,0.0123,0,0.12,0,0
13815,21.04,0.0123,0,0.8,1,1
13816,65.87,4.8088,0,0.18,0,0
13817,58.7,0.0123,2,0.05,0,0
13818,4927.28,0.0123,0,0.49,0,1
13819,8.08,0.0123,0,0.36,0,0
13820,14.11,0.0123,0,0.78,0,0
13821,24.64,0.0123,0,0.71,0,0
13822,23.67,0.0123,2,0.07,0,0
13823,55.45,0.0123,0,0.71,0,0
13824,48.17,0.0123,2,0.76,0,0
13825,45.89,0.0123,1,0.91,0,0
13826,30.66,0.0123,2,0.66,0,0
13827,43.46,0.0123,2,0.76,0,0
13828,56.39,0.0123,2,0.53,1,0
13829,21.08,0.0123,2,0.2,1,0
13830,59.84,0.0123,0,0.17,0,0
13831,11.32,0.0123,0,0.41,0,0
13832,1263.41,0.0123,2,0.95,0,1
13833,53.04,0.0123,2,0.15,0,0
13834,27.33,0.0123,0,0.6,0,0
13835,61.67,0.0123,0,0.91,0,0
13836,11.08,0.0123,2,0.97,0,0
13837,82.99,0.0123,0,0.33,1,0
13838,426.58,0.0123,2,0.37,0,0
13839,2576.56,0.0123,0,0.5,0,1
13840,32.9,0.0123,0,0.66,0,0
13841,63.57,0.0123,0,0.75,1,0
13842,38.67,0.0123,2,0.88,1,1
13843,32.22,0.0123,2,0.97,0,0
13844,27.56,0.0123,1,0.62,0,0
13845,602.73,0.0123,0,0.92,0,0
13846,45.46,0.0123,2,0.07,0,0
13847,25.65,0.0123,1,0.62,1,0
13848,30.25,4.8088,0,0.03,0,0
13849,27.06,0.0123,0,0.19,1,0
13850,4.91,0.0123,0,0.01,0,0
13851,668.01,0.0123,0,0.72,1,1
13852,479.75,0.0123,1,0.04,0,0
13853,59.58,0.0123,0,0.56,0,0
13854,80.97,4.8088,0,0.88,0,1
13855,23.38,0.0123,2,0.21,0,0
13856,53.89,0.0123,2,0.62,0,0
13857,11.24,0.0123,0,0.73,0,0
13858,26.06,0.0123,2,0.48,0,0
13859,17.87,0.0123,2,0.13,0,0
13860,66.2,0.0123,0,0.85,1,1
13861,72.21,0.0123,2,0.16,0,0
13862,11.34,0.0123,2,0.38,0,0
13863,32.36,0.0123,1,0.2,0,0
13864,34.55,0.0123,0,0.89,1,1
13865,67.43,0.0123,2,0.71,0,0
13866,27.34,0.0123,2,0.1,0,0
13867,13.87,0.0123,0,0.56,0,0
13868,45.05,0.0123,0,0.77,0,0
13869,32.08,0.0123,2,0.9,0,0
13870,36.36,0.0123,0,0.49,0,0
13871,840.79,0.0123,0,0.67,0,0
13872,48.69,0.0123,0,0.3,1,0
13873,16.74,0.0123,2,0.93,0,0
13874,34.71,0.0123,0,0.95,0,0
13875,36.56,0.0123,2,0.05,0,0
13876,28.4,0.0123,2,0.86,0,0
13877,70.49,0.0123,0,0.23,0,0
13878,556.26,0.0123,2,0.8,0,0
13879,42.63,0.0123,2,0.28,0,0
13880,73.18,0.0123,2,0.02,1,0
13881,27.05,0.0123,0,0.86,0,0
13882,19.72,0.0123,0,0.61,0,0
13883,82.39,0.0123,1,0.73,1,0
13884,42.87,0.0123,2,0.12,0,0
13885,41.06,0.0123,2,0.67,0,0
13886,59.66,0.0123,0,0.69,0,0
13887,235.51,0.0123,0,0.02,1,0
13888,16.94,0.0123,0,0.9,0,0
13889,430.03,0.0123,2,0.3,0,0
13890,60.26,0.0123,0,0.65,0,0
13891,469.2,0.0123,2,0.14,0,0
13892,55.36,0.0123,0,0.69,1,0
13893,32.16,0.0123,2,0.91,1,1
13894,19.06,0.0123,2,0.4,0,0
13895,74.91,0.0123,0,0.65,0,0
13896,50.33,4.8088,2,0.92,0,1
13897,12.99,0.0123,2,0.91,0,0
13898,28.91,0.0123,2,0.2,1,0
13899,31.22,0.0123,0,0.16,0,0
13900,7.36,0.0123,0,0.97,0,0
13901,721.67,0.0123,2,0.81,0,1
13902,23.17,0.0123,0,0.39,0,0
13903,17.4,0.0123,2,0.4,0,0
13904,439.93,0.0123,2,0.74,0,0
13905,47.62,0.0123,2,0.43,0,0
13906,22.44,0.0123,2,0.16,0,0
13907,13.68,0.0123,1,0.07,1,0
13908,23.28,0.0123,0,0.06,0,0
13909,540.11,0.0123,0,0.71,0,0
13910,23.57,0.0123,2,0.51,0,0
13911,32.98,0.0123,1,0.4,0,0
13912,36.64,0.0123,0,0.6,0,0
13913,3.73,0.0123,1,0.94,0,0
13914,45.96,4.8088,2,0.86,0,1
13915,62.55,0.0123,0,0.35,0,0
13916,46.44,0.0123,2,0.05,0,0
13917,22.13,0.0123,0,0.59,1,0
13918,55.82,0.0123,1,0.21,0,0
13919,23.75,0.0123,0,0.07,1,0
13920,277.72,0.0123,0,0.8,0,0
13921,376.93,0.0123,0,0.61,1,1
13922,10.76,0.0123,2,0.86,0,0
13923,14.44,0.0123,1,0.18,0,0
13924,311.75,0.0123,2,0.29,1,0
13925,38.74,0.0123,1,0.88,1,1
13926,64.86,0.0123,0,0.79,1,0
13927,62.09,0.0123,0,0.13,0,0
13928,21.01,0.0123,0,0.07,0,0
13929,24.15,0.0123,2,0.41,1,0
13930,22.95,0.0123,2,0.32,0,0
13931,8.98,0.0123,2,0.65,0,0
13932,36.75,4.8088,0,0.64,0,0
13933,32.95,4.8088,1,0.83,0,1
13934,87.08,0.0123,2,0.27,1,0
13935,438.58,0.0123,2,0.48,0,0
13936,17.76,0.0123,0,0.26,1,0
13937,29.66,0.0123,2,0.64,1,0
13938,24.53,0.0123,2,0.94,1,1
13939,44.25,0.0123,2,0.51,1,0
13940,6.35,0.0123,0,0.83,0,0
13941,28.48,0.0123,2,0.72,0,0
13942,44.63,0.0123,1,0.32,0,0
13943,21.96,0.0123,0,0.59,0,0
13944,60.41,0.0123,2,0.86,0,0
13945,32.23,0.0123,2,0.21,0,0
13946,1706.41,0.0123,0,0.68,0,1
13947,23.56,0.0123,2,0.63,0,0
13948,97.26,0.0123,0,0.19,1,0
13949,62.95,0.0123,2,0.82,0,0
13950,3539.09,0.0123,2,0.74,0,1
13951,140.78,4.8088,0,0.84,0,1
13952,78.5,4.8088,2,0.18,0,0
13953,24.18,0.0123,2,0.37,0,0
13954,31.13,0.0123,0,0.09,0,0
13955,35.24,0.0123,1,0.22,0,0
13956,46.18,0.0123,0,0.05,0,0
13957,18.8,0.0123,2,0.19,0,0
13958,13.17,0.0123,2,0.57,0,0
13959,46.25,0.0123,2,0.07,0,0
13960,47.73,4.8088,0,0.14,0,0
13961,24.65,0.0123,2,0.48,0,0
13962,38.43,0.0123,2,0.64,0,0
13963,10.13,0.0123,0,0.27,0,0
13964,69.82,0.0123,2,0.73,1,0
13965,23.57,0.0123,0,0.21,0,0
13966,3613.23,0.0123,0,0.62,0,1
13967,49.02,0.0123,2,0.27,0,0
13968,66.6,0.0123,0,0.28,0,0
13969,39.46,4.8088,0,0.19,0,0
13970,29.18,0.0123,0,0.34,0,0
13971,48.79,0.0123,0,0.63,1,0
13972,27.27,4.8088,0,0.52,1,1
13973,40.12,0.0123,0,0.51,0,0
13974,19.38,0.0123,0,0.82,0,0
13975,26.21,0.0123,0,0.13,0,0
13976,729.88,0.0123,0,0.04,1,1
13977,450.41,0.0123,2,0.09,0,0
13978,49.72,0.0123,2,0.23,0,0
13979,710.86,0.0123,2,0.11,1,1
13980,14.73,0.0123,0,0.68,0,0
13981,13.65,0.0123,2,0.26,0,0
13982,50.36,0.0123,1,0.1,0,0
13983,50.93,0.0123,2,0.76,0,0
13984,61.78,0.0123,0,0.31,0,0
13985,31.65,0.0123,2,0.86,1,1
13986,31.07,0.0123,0,0.13,0,0
13987,657.6,0.0123,0,0.82,1,1
13988,17.68,0.0123,2,0.11,0,0
13989,26.38,0.0123,0,0.32,0,0
13990,79.19,0.0123,2,0.79,0,0
13991,17.57,0.0123,0,0.91,1,1
13992,74.23,0.0123,2,0.49,0,0
13993,43.55,0.0123,0,0.27,0,0
13994,39.85,0.0123,1,0.9,0,0
13995,48.93,0.0123,1,0.88,0,0
13996,20.77,0.0123,2,0.83,0,0
13997,14.9,0.0123,0,0.21,1,0
13998,17.39,0.0123,0,0.76,0,0
13999,53.02,0.0123,0,0.21,0,0
14000,13.65,0.0123,0,0.2,0,0
14001,379.51,0.0123,2,0.26,0,0
14002,21.43,0.0123,2,0.86,0,0
14003,49.25,0.0123,2,0.47,0,0
14004,395.18,4.8088,0,0.99,0,1
14005,20.14,4.8088,2,0.09,1,1
14006,43.81,0.0123,2,0.45,0,0
14007,12.06,0.0123,2,0.82,1,1
14008,102.83,0.0123,0,0.97,0,0
14009,44.36,0.0123,2,0.68,0,0
14010,50.53,0.0123,2,0.11,0,0
14011,38.86,0.0123,1,0.91,0,0
14012,26.03,0.0123,2,0.3,0,0
14013,41.43,0.0123,2,0.37,0,0
14014,2385.66,0.0123,0,0.39,0,1
14015,49.39,0.0123,1,0.34,0,0
14016,1558.23,4.8088,0,0.36,0,1
14017,11.79,0.0123,2,0.9,0,0
14018,14.17,0.0123,2,0.79,0,0
14019,58.15,0.0123,0,0.68,0,0
14020,23.14,0.0123,0,0.34,0,0
14021,19.32,0.0123,0,0.77,1,0
14022,30.47,0.0123,0,0.03,0,0
14023,538.1,0.0123,0,0.98,0,0
14024,46.23,0.0123,0,0.68,0,0
14025,28.38,0.0123,0,0.62,0,0
14026,15.37,0.0123,2,0.27,0,0
14027,2442.41,0.0123,2,0.19,0,1
14028,385.42,0.0123,0,0.97,1,1
14029,16.34,0.0123,2,0.36,0,0
14030,112.58,0.0123,0,0.11,0,0
14031,10.87,0.0123,0,0.11,0,0
14032,21.48,0.0123,0,0.45,0,0
14033,8.82,0.0123,2,0.83,0,0
14034,18.1,0.0123,2,0.65,0,0
14035,42.98,0.0123,2,0.65,1,0
14036,19.81,0.0123,0,0.63,0,0
14037,34.67,0.0123,2,0.9,0,0
14038,70.03,0.0123,2,0.99,1,1
14039,2715.92,0.0123,2,0.77,0,1
14040,1445.95,0.0123,0,0.15,0,0
14041,45.99,0.0123,2,0.63,0,0
14042,8.6,0.0123,0,0.71,1,0
14043,15.04,0.0123,2,0.32,1,0
14044,26.53,4.8088,1,0.8,1,1
14045,1014.59,0.0123,2,0.84,0,1
14046,47.09,0.0123,0,0.51,0,0
14047,40.31,4.8088,0,0.17,1,1
14048,55.22,0.0123,1,0.71,0,0
14049,68.29,0.0123,2,0.08,0,0
14050,43.96,4.8088,0,0.68,0,0
14051,55.22,0.0123,0,0.07,0,0
14052,6.35,0.0123,0,0.12,0,0
14053,15.68,0.0123,0,0.44,0,0
14054,18.95,0.0123,2,0.27,0,0
14055,45.6,0.0123,0,0.74,0,0
14056,595.03,0.0123,2,0.83,0,1
14057,43.18,0.0123,0,0.44,1,0
14058,57.87,0.0123,0,0.15,0,0
14059,50.68,0.0123,1,0.12,0,0
14060,40.57,0.0123,2,0.1,0,0
14061,15.89,0.0123,2,0.34,0,0
14062,12.03,0.0123,2,0.71,0,0
14063,65.46,0.0123,0,0.7,1,0
14064,27.72,0.0123,2,0.03,1,0
14065,84.58,0.0123,2,0.51,0,0
14066,41.96,0.0123,2,0.49,0,0
14067,21.95,0.0123,2,0.03,0,0
14068,51.55,0.0123,2,0.9,0,0
14069,4.95,0.0123,2,0.39,0,0
14070,498.38,0.0123,0,0.2,0,0
14071,14.63,0.0123,2,0.44,0,0
14072,37.39,0.0123,1,0.88,0,0
14073,79.68,4.8088,1,0.51,0,0
14074,25.59,0.0123,1,0.88,0,0
14075,8.35,0.0123,2,0.84,0,0
14076,218.79,0.0123,2,0.28,0,0
14077,8.97,0.0123,2,0.4,0,0
14078,35.48,0.0123,2,0.95,0,0
14079,32.25,0.0123,1,0.4,0,0
14080,56.59,0.0123,0,0.63,1,0
14081,470.53,0.0123,0,0.6,1,0
14082,36.11,0.0123,0,0.65,1,0
14083,14.26,0.0123,0,0.64,0,0
14084,22.25,0.0123,2,1.0,0,0
14085,6.06,0.0123,1,0.89,0,0
14086,24.52,0.0123,0,0.57,0,0
14087,41.18,0.0123,0,0.77,0,0
14088,45.06,0.0123,2,0.73,0,0
14089,28.33,0.0123,2,0.41,0,0
14090,44.99,0.0123,2,0.85,0,0
14091,37.7,0.0123,0,0.99,1,1
14092,14.48,0.0123,0,0.65,0,0
14093,2743.71,0.0123,0,0.51,0,1
14094,108.77,0.0123,2,0.06,0,0
14095,245.17,0.0123,2,0.8,0,0
14096,12.21,0.0123,0,0.93,1,1
14097,67.62,4.8088,2,0.07,0,0
14098,8.59,0.0123,0,0.64,0,0
14099,460.32,0.0123,2,0.84,0,1
14100,16.53,0.0123,2,0.93,0,0
14101,30.65,0.0123,0,0.67,1,0
14102,245.09,0.0123,0,0.87,0,0
14103,72.03,0.0123,0,0.28,0,0
14104,62.06,0.0123,0,0.18,0,0
14105,26.79,0.0123,0,0.3,1,0
14106,303.83,0.0123,2,0.54,0,0
14107,6.54,0.0123,1,0.96,0,0
14108,15.82,0.0123,1,0.73,0,0
14109,97.82,0.0123,0,0.58,0,0
14110,39.16,0.0123,0,0.82,0,0
14111,16.4,0.0123,2,0.94,0,0
14112,19.06,0.0123,2,0.86,0,0
14113,30.34,0.0123,0,0.06,0,0
14114,92.35,0.0123,0,0.22,0,0
14115,52.29,0.0123,1,0.4,0,0
14116,17.61,0.0123,0,0.48,0,0
14117,65.24,0.0123,2,0.3,0,0
14118,45.07,0.0123,0,0.07,0,0
14119,84.43,0.0123,1,0.98,0,0
14120,16.65,0.0123,2,0.76,0,0
14121,37.14,0.0123,2,0.41,0,0
14122,11.19,0.0123,2,0.81,0,0
14123,17.73,0.0123,2,0.06,0,0
14124,43.07,0.0123,2,0.76,0,0
14125,58.26,0.0123,1,0.37,0,0
14126,66.73,0.0123,2,0.13,0,0
14127,1480.49,0.0123,0,0.42,0,0
14128,28.73,0.0123,0,0.82,0,0
14129,34.99,0.0123,2,0.55,0,0
14130,9.58,0.0123,1,0.5,0,0
14131,55.12,0.0123,0,0.42,0,0
14132,20.14,0.0123,0,0.41,0,0
14133,13.67,0.0123,2,0.54,0,0
14134,18.13,0.0123,2,0.08,0,0
14135,46.55,0.0123,2,0.92,0,0
14136,43.02,0.0123,0,0.36,1,0
14137,280.83,0.0123,0,0.74,0,0
14138,49.48,0.0123,0,0.8,0,0
14139,57.91,0.0123,1,0.18,1,0
14140,9.38,0.0123,2,0.03,0,0
14141,106.3,0.0123,2,0.06,0,0
14142,50.8,0.0123,2,0.81,1,1
14143,17.69,0.0123,0,0.41,0,0
14144,68.56,0.0123,0,0.8,1,0
14145,43.49,0.0123,0,0.59,0,0
14146,22.39,0.0123,0,0.37,0,0
14147,80.39,0.0123,0,0.43,0,0
14148,15.31,0.0123,0,0.16,0,0
14149,18.06,0.0123,2,0.84,0,0
14150,72.24,0.0123,0,0.32,0,0
14151,45.54,0.0123,2,1.0,1,1
14152,31.19,0.0123,1,0.34,0,0
14153,35.11,0.0123,2,0.76,0,0
14154,84.57,0.0123,2,0.12,0,0
14155,729.43,0.0123,2,0.56,0,0
14156,28.13,0.0123,0,0.14,1,0
14157,17.01,4.8088,0,0.32,0,0
14158,22.93,0.0123,2,0.39,0,0
14159,48.72,0.0123,0,0.11,0,0
14160,30.11,4.8088,2,0.77,0,0
14161,18.88,0.0123,2,0.3,0,0
14162,1507.01,0.0123,2,0.35,1,1
14163,41.11,0.0123,2,0.82,1,1
14164,109.2,0.0123,0,0.54,0,0
14165,57.67,0.0123,2,0.2,0,0
14166,25.81,4.8088,0,0.95,0,1
14167,20.72,0.0123,0,0.83,1,1
14168,53.7,0.0123,2,0.97,0,0
14169,72.34,0.0123,2,0.87,0,0
14170,60.0,0.0123,2,0.07,0,0
14171,280.05,4.8088,0,0.54,0,0
14172,419.66,0.0123,0,0.11,0,0
14173,69.39,0.0123,0,0.36,1,0
14174,20.49,0.0123,0,0.13,1,0
14175,30.2,4.8088,2,0.97,0,1
14176,459.64,0.0123,2,0.06,0,0
14177,520.15,0.0123,0,0.84,0,0
14178,44.68,0.0123,2,0.88,0,0
14179,84.08,4.8088,1,0.54,0,0
14180,65.97,0.0123,2,0.31,1,0
14181,82.92,0.0123,2,0.57,0,0
14182,335.74,0.0123,2,0.78,0,0
14183,17.42,0.0123,2,0.07,1,0
14184,77.24,0.0123,2,0.17,0,0
14185,54.85,0.0123,2,0.13,1,0
14186,16.59,0.0123,0,0.4,0,0
14187,30.58,0.0123,2,0.45,0,0
14188,31.84,0.0123,0,0.57,0,0
14189,8.71,0.0123,0,0.93,1,1
14190,38.93,0.0123,2,0.24,0,0
14191,31.52,0.0123,0,0.76,1,0
14192,22.28,0.0123,1,0.81,0,0
14193,28.38,0.0123,0,0.88,0,0
14194,36.26,4.8088,0,0.39,1,1
14195,56.93,0.0123,2,0.2,0,0
14196,43.61,0.0123,2,0.38,0,0
14197,16.07,0.0123,2,0.73,0,0
14198,9.08,0.0123,2,0.02,0,0
14199,41.25,0.0123,0,0.32,0,0
14200,35.33,0.0123,0,0.96,0,0
14201,62.81,0.0123,2,0.11,0,0
14202,72.51,0.0123,2,0.52,1,0
14203,35.69,0.0123,0,0.17,1,0
14204,23.09,0.0123,1,0.23,0,0
14205,504.35,4.8088,2,0.11,0,1
14206,42.0,0.0123,0,0.65,0,0
14207,53.63,0.0123,2,0.13,0,0
14208,13.03,0.0123,2,0.03,0,0
14209,14.38,0.0123,0,0.22,0,0
14210,26.03,0.0123,0,0.88,0,0
14211,30.31,0.0123,0,0.77,0,0
14212,27.03,0.0123,2,0.39,0,0
14213,71.16,0.0123,0,0.48,0,0
14214,55.62,0.0123,2,0.88,0,0
14215,14.91,0.0123,2,0.13,0,0
14216,21.27,0.0123,2,0.9,0,0
14217,440.09,0.0123,0,0.94,1,1
14218,22.04,0.0123,2,0.0,0,0
14219,325.45,0.0123,2,0.17,0,0
14220,27.17,0.0123,2,0.67,0,0
14221,51.89,4.8088,0,0.05,0,0
14222,508.41,0.0123,2,0.36,0,0
14223,38.51,0.0123,0,0.67,0,0
14224,71.02,0.0123,0,0.3,0,0
14225,35.94,0.0123,2,0.03,0,0
14226,17.68,0.0123,2,0.43,1,0
14227,17.73,4.8088,2,0.45,1,1
14228,36.31,0.0123,0,0.28,0,0
14229,17.87,0.0123,0,0.2,0,0
14230,50.15,0.0123,2,0.05,0,0
14231,18.55,0.0123,2,0.24,0,0
14232,15.22,0.0123,0,0.11,0,0
14233,538.41,0.0123,0,0.14,0,0
14234,20.95,0.0123,0,0.5,0,0
14235,72.35,0.0123,2,0.29,0,0
14236,35.17,0.0123,0,0.55,0,0
14237,52.16,0.0123,0,0.92,0,0
14238,42.36,0.0123,0,0.07,0,0
14239,34.39,0.0123,2,0.3,0,0
14240,1863.1,0.0123,2,0.24,0,1
14241,31.18,0.0123,0,0.99,0,0
14242,71.77,0.0123,2,0.21,0,0
14243,36.47,0.0123,1,0.59,1,0
14244,41.24,0.0123,2,0.85,0,0
14245,40.21,0.0123,0,0.28,1,0
14246,36.29,0.0123,0,0.11,1,0
14247,35.64,0.0123,0,0.6,0,0
14248,22.06,0.0123,2,0.48,1,0
14249,23.4,0.0123,0,0.97,0,0
14250,1807.74,0.0123,0,0.79,0,1
14251,63.15,0.0123,0,0.4,0,0
14252,31.03,0.0123,2,0.15,0,0
14253,2491.57,0.0123,1,0.57,0,1
14254,25.53,0.0123,0,0.26,0,0
14255,20.38,0.0123,1,0.64,0,0
14256,33.0,0.0123,0,0.14,1,0
14257,38.22,0.0123,0,0.72,1,0
14258,33.04,0.0123,2,0.78,0,0
14259,54.61,0.0123,2,0.02,0,0
14260,43.08,0.0123,1,0.47,1,0
14261,54.7,0.0123,0,0.37,1,0
14262,69.88,0.0123,0,0.02,0,0
14263,13.14,0.0123,2,0.61,0,0
14264,66.01,0.0123,2,0.3,0,0
14265,22.8,0.0123,2,0.59,0,0
14266,34.16,0.0123,0,0.36,0,0
14267,38.5,0.0123,0,0.88,1,1
14268,11.3,0.0123,0,0.41,0,0
14269,75.6,0.0123,2,0.04,1,0
14270,21.51,0.0123,2,0.68,0,0
14271,24.85,0.0123,2,0.58,0,0
14272,27.26,0.0123,0,0.45,0,0
14273,119.85,0.0123,1,0.36,0,0
14274,31.97,4.8088,0,0.59,0,0
14275,67.82,0.0123,2,0.25,1,0
14276,32.44,0.0123,0,0.46,0,0
14277,830.78,0.0123,0,0.06,1,1
14278,93.82,0.0123,0,0.8,0,0
14279,40.75,0.0123,1,0.63,0,0
14280,32.1,0.0123,0,0.83,0,0
14281,17.44,0.0123,0,0.49,0,0
14282,48.17,0.0123,0,0.73,0,0
14283,359.51,0.0123,2,0.76,0,0
14284,2393.7,0.0123,2,0.33,0,1
14285,38.65,0.0123,2,0.44,0,0
14286,65.25,0.0123,2,0.72,0,0
14287,21.35,4.8088,0,0.01,0,0
14288,23.93,0.0123,2,0.72,1,0
14289,488.52,0.0123,0,0.44,0,0
14290,51.29,0.0123,2,0.17,0,0
14291,61.79,0.0123,0,0.49,0,0
14292,3328.02,0.0123,1,0.12,0,1
14293,1540.35,0.0123,2,0.64,1,1
14294,48.31,0.0123,0,0.69,0,0
14295,10.38,0.0123,0,0.27,1,0
14296,117.62,0.0123,0,0.86,0,0
14297,65.75,0.0123,2,0.03,0,0
14298,87.88,4.8088,0,0.32,0,0
14299,9.39,0.0123,0,0.62,1,0
14300,20.39,0.0123,2,0.39,1,0
14301,464.08,0.0123,0,0.43,0,0
14302,45.65,0.0123,0,0.21,0,0
14303,671.47,0.0123,2,0.0,0,0
14304,110.08,0.0123,0,0.89,0,0
14305,66.84,0.0123,1,0.62,1,0
14306,43.65,0.0123,0,0.98,1,1
14307,11.77,4.8088,0,0.27,0,0
14308,649.05,0.0123,0,0.36,0,0
14309,554.25,0.0123,0,0.17,0,1
14310,56.08,0.0123,2,0.29,0,0
14311,4942.37,0.0123,1,0.51,0,1
14312,50.93,0.0123,0,0.51,0,0
14313,14.55,0.0123,2,0.38,1,0
14314,50.27,0.0123,0,0.98,0,0
14315,20.43,0.0123,2,0.42,0,0
14316,360.95,0.0123,0,0.96,0,0
14317,85.43,4.8088,0,0.07,0,0
14318,71.25,0.0123,2,0.46,0,0
14319,41.05,0.0123,1,0.45,1,0
14320,36.45,0.0123,2,0.59,0,0
14321,79.66,0.0123,2,0.62,1,0
14322,1103.63,0.0123,2,0.93,0,1
14323,6.16,0.0123,1,0.7,1,0
14324,72.07,0.0123,2,0.32,0,0
14325,44.54,0.0123,0,0.73,1,0
14326,80.39,0.0123,2,0.52,0,0
14327,9.43,0.0123,0,0.01,0,0
14328,47.87,0.0123,2,0.37,0,0
14329,12.01,0.0123,2,0.64,0,0
14330,17.67,0.0123,2,0.29,0,0
14331,34.21,0.0123,0,0.13,0,0
14332,57.53,0.0123,2,0.91,0,0
14333,14.96,0.0123,0,0.79,0,0
14334,615.51,0.0123,0,0.05,1,1
14335,40.73,4.8088,2,0.76,0,0
14336,43.64,0.0123,0,0.53,0,0
14337,81.63,0.0123,1,0.7,0,0
14338,11.0,0.0123,0,0.01,0,0
14339,37.61,0.0123,2,0.97,0,0
14340,2374.04,0.0123,0,0.96,0,1
14341,38.65,0.0123,0,0.68,0,0
14342,62.44,0.0123,0,0.45,0,0
14343,9.0,0.0123,0,0.14,1,0
14344,47.27,0.0123,0,0.07,0,0
14345,15.67,0.0123,0,0.45,0,0
14346,51.27,0.0123,0,0.32,0,0
14347,42.81,0.0123,0,0.84,0,0
14348,14.79,0.0123,2,0.72,0,0
14349,13.14,0.0123,2,0.58,1,0
14350,362.33,0.0123,2,0.81,0,0
14351,1173.62,0.0123,0,0.43,0,0
14352,33.49,0.0123,2,0.77,0,0
14353,66.35,0.0123,0,0.8,0,0
14354,480.3,0.0123,1,0.48,0,0
14355,914.98,0.0123,2,0.08,1,1
14356,43.3,0.0123,0,0.62,0,0
14357,21.17,0.0123,0,0.17,0,0
14358,7.83,0.0123,2,0.9,0,0
14359,7.37,0.0123,2,0.9,0,0
14360,416.17,0.0123,2,0.36,1,0
14361,51.09,0.0123,2,0.45,0,0
14362,16.34,0.0123,0,0.93,1,1
14363,25.76,0.0123,2,0.89,0,0
14364,35.53,0.0123,2,0.42,0,0
14365,47.37,0.0123,0,0.86,1,1
14366,371.72,0.0123,2,0.99,1,1
14367,16.08,0.0123,1,0.15,0,0
14368,55.87,0.0123,0,0.85,0,0
14369,24.79,0.0123,0,0.03,1,0
14370,262.2,0.0123,0,0.35,0,0
14371,44.82,0.0123,0,0.15,1,0
14372,100.06,0.0123,0,0.54,1,0
14373,843.81,0.0123,2,0.55,0,0
14374,15.2,0.0123,2,0.64,0,0
14375,22.66,0.0123,0,0.24,0,0
14376,2780.04,0.0123,2,0.8,1,1
14377,116.38,0.0123,0,0.03,0,0
14378,15.16,0.0123,2,0.52,0,0
14379,74.04,0.0123,2,0.02,1,0
14380,15.22,0.0123,2,0.38,0,0
14381,31.83,4.8088,2,0.34,0,0
14382,610.67,0.0123,1,0.88,1,1
14383,102.54,0.0123,2,0.38,0,0
14384,17.16,0.0123,0,0.79,0,0
14385,2077.54,0.0123,2,0.09,0,1
14386,455.93,0.0123,2,0.84,0,1
14387,80.21,0.0123,2,0.55,0,0
14388,13.67,0.0123,2,0.94,0,0
14389,228.93,0.0123,2,0.1,1,0
14390,1807.41,0.0123,2,0.08,0,1
14391,16.84,0.0123,0,0.73,0,0
14392,269.36,0.0123,2,0.38,0,0
14393,20.66,0.0123,0,0.41,0,0
14394,61.1,0.0123,2,0.95,0,0
14395,51.21,0.0123,2,0.35,0,0
14396,33.25,0.0123,2,0.57,1,0
14397,81.74,0.0123,0,0.82,0,0
14398,27.47,0.0123,2,0.08,0,0
14399,29.33,0.0123,2,0.9,0,0
14400,19.67,0.0123,2,0.67,0,0
14401,45.41,0.0123,2,0.34,1,0
14402,58.25,0.0123,0,0.91,0,0
14403,16.4,0.0123,2,0.78,0,0
14404,373.54,0.0123,2,0.86,0,0
14405,13.51,0.0123,2,0.26,0,0
14406,80.74,4.8088,0,0.04,1,1
14407,38.35,0.0123,0,0.16,0,0
14408,13.27,0.0123,0,0.7,0,0
14409,58.78,0.0123,2,0.0,0,0
14410,32.56,0.0123,0,0.0,1,0
14411,27.41,0.0123,2,0.58,0,0
14412,13.03,0.0123,2,0.34,0,0
14413,15.59,0.0123,1,0.61,1,0
14414,34.84,0.0123,2,0.33,0,0
14415,524.03,0.0123,0,0.58,0,0
14416,14.99,0.0123,2,0.81,0,0
14417,47.23,0.0123,2,0.96,1,1
14418,676.54,4.8088,1,0.6,0,1
14419,104.35,0.0123,0,0.56,0,0
14420,272.78,0.0123,2,0.83,0,0
14421,15.54,0.0123,2,0.8,0,0
14422,117.86,0.0123,0,0.95,1,1
14423,18.57,0.0123,0,0.45,0,0
14424,27.56,0.0123,0,0.73,1,0
14425,6.42,0.0123,0,0.79,0,0
14426,9.72,0.0123,2,0.64,0,0
14427,53.22,0.0123,2,0.41,0,0
14428,22.93,0.0123,2,0.39,0,0
14429,510.52,0.0123,0,0.93,0,0
14430,14.86,0.0123,0,0.08,1,0
14431,44.47,0.0123,2,0.6,0,0
14432,35.12,0.0123,1,0.74,0,0
14433,29.05,0.0123,0,0.94,1,1
14434,21.4,0.0123,2,0.55,1,0
14435,589.54,0.0123,0,0.4,1,1
14436,43.12,0.0123,2,0.71,1,0
14437,81.24,0.0123,0,0.2,0,0
14438,17.03,0.0123,2,0.12,0,0
14439,69.89,0.0123,1,0.91,0,0
14440,29.81,0.0123,2,0.63,0,0
14441,2182.14,0.0123,0,0.03,0,1
14442,21.98,0.0123,2,0.15,0,0
14443,32.53,0.0123,2,0.84,0,0
14444,17.78,0.0123,0,0.76,0,0
14445,28.98,0.0123,2,0.04,0,0
14446,22.95,0.0123,0,0.02,0,0
14447,22.31,0.0123,0,0.38,0,0
14448,31.83,0.0123,0,0.82,0,0
14449,617.68,0.0123,0,0.46,0,0
14450,46.5,0.0123,2,0.17,0,0
14451,42.4,0.0123,0,0.35,0,0
14452,23.49,0.0123,0,0.34,0,0
14453,337.87,0.0123,0,0.66,0,0
14454,20.25,0.0123,0,0.0,0,0
14455,59.62,0.0123,2,0.67,0,0
14456,55.0,0.0123,0,0.94,0,0
14457,2483.67,4.8088,0,0.54,0,1
14458,64.88,0.0123,2,0.55,0,0
14459,2716.9,4.8088,2,0.64,1,1
14460,3329.66,0.0123,0,0.5,0,1
14461,21.51,0.0123,2,0.68,0,0
14462,54.65,0.0123,2,0.41,0,0
14463,26.35,0.0123,2,0.1,1,0
14464,19.77,0.0123,0,0.39,0,0
14465,30.5,0.0123,2,0.64,1,0
14466,373.18,0.0123,0,0.85,0,0
14467,64.69,0.0123,0,0.13,0,0
14468,1731.08,0.0123,1,0.14,0,1
14469,674.15,0.0123,0,0.64,0,0
14470,24.71,0.0123,0,0.48,1,0
14471,11.15,0.0123,0,0.52,0,0
14472,7.51,4.8088,0,0.44,1,1
14473,12.92,0.0123,0,0.57,0,0
14474,24.7,0.0123,2,0.77,1,0
14475,20.68,0.0123,2,0.48,0,0
14476,38.2,0.0123,2,0.61,0,0
14477,25.88,0.0123,0,0.84,0,0
14478,18.53,0.0123,2,0.34,0,0
14479,10.65,0.0123,0,0.73,1,0
14480,26.62,4.8088,2,0.22,0,0
14481,29.77,0.0123,0,0.39,0,0
14482,25.33,0.0123,0,0.27,0,0
14483,1047.01,0.0123,2,0.8,0,0
14484,21.45,0.0123,2,0.95,1,1
14485,75.14,0.0123,0,0.41,0,0
14486,39.01,0.0123,2,0.68,0,0
14487,11.74,0.0123,2,0.23,1,0
14488,33.23,0.0123,1,0.9,0,0
14489,332.99,0.0123,2,0.86,0,0
14490,42.29,0.0123,0,0.03,0,0
14491,62.48,0.0123,0,0.08,0,0
14492,11.63,0.0123,2,0.42,0,0
14493,54.42,0.0123,0,0.85,0,0
14494,43.87,0.0123,0,0.87,1,1
14495,16.02,0.0123,2,0.93,1,1
14496,18.09,0.0123,0,0.1,1,0
14497,22.42,0.0123,2,0.98,0,0
14498,76.89,0.0123,0,0.32,0,0
14499,3080.31,0.0123,1,0.6,0,1
14500,24.42,0.0123,0,0.56,0,0
14501,82.16,0.0123,2,0.75,0,0
14502,16.36,0.0123,2,0.89,0,0
14503,381.96,0.0123,0,0.58,0,0
14504,23.01,0.0123,0,0.05,0,0
14505,60.63,0.0123,2,0.46,0,0
14506,344.1,0.0123,2,0.13,0,0
14507,78.5,0.0123,1,0.16,1,0
14508,8.14,0.0123,2,0.94,0,0
14509,39.31,0.0123,2,0.49,0,0
14510,2997.95,0.0123,2,0.27,0,1
14511,16.77,4.8088,1,0.64,0,0
14512,11.21,0.0123,2,0.2,0,0
14513,62.15,0.0123,1,0.89,0,0
14514,749.42,0.0123,0,0.14,0,0
14515,17.64,0.0123,2,0.12,1,0
14516,49.88,0.0123,0,0.1,1,0
14517,6.39,0.0123,2,0.23,0,0
14518,33.85,0.0123,0,0.87,0,0
14519,17.0,0.0123,2,0.72,0,0
14520,457.08,4.8088,2,0.39,0,1
14521,95.7,0.0123,2,0.18,0,0
14522,20.55,0.0123,2,0.07,1,0
14523,82.1,0.0123,2,0.59,0,0
14524,525.5,0.0123,2,0.15,1,0
14525,436.99,0.0123,0,0.46,0,0
14526,49.49,0.0123,2,0.94,0,0
14527,85.22,0.0123,0,0.13,0,0
14528,37.5,0.0123,0,0.21,0,0
14529,34.8,0.0123,0,0.88,1,1
14530,97.23,0.0123,0,0.49,0,0
14531,1730.5,0.0123,2,0.85,1,1
14532,46.84,4.8088,2,0.57,0,0
14533,14.56,0.0123,2,0.68,1,0
14534,29.97,0.0123,0,0.38,0,0
14535,78.88,0.0123,2,0.1,1,0
14536,18.73,0.0123,2,0.16,0,0
14537,7.93,0.0123,0,0.37,0,0
14538,14.47,0.0123,2,0.69,1,0
14539,88.06,0.0123,1,0.59,0,0
14540,283.14,0.0123,2,0.55,0,0
14541,39.67,0.0123,2,0.54,0,0
14542,48.01,0.0123,2,0.65,0,0
14543,31.93,0.0123,0,0.97,0,0
14544,62.38,0.0123,0,0.46,0,0
14545,32.06,0.0123,2,0.84,0,0
14546,23.78,0.0123,2,0.1,0,0
14547,27.52,0.0123,2,0.07,0,0
14548,77.09,0.0123,0,0.33,0,0
14549,48.62,0.0123,0,0.03,0,0
14550,31.76,0.0123,0,0.39,0,0
14551,54.59,0.0123,0,0.31,0,0
14552,33.62,0.0123,0,0.54,0,0
14553,13.04,0.0123,1,0.33,1,0
14554,96.5,0.0123,2,0.5,0,0
14555,23.81,0.0123,0,0.17,0,0
14556,14.19,0.0123,0,0.32,0,0
14557,1177.4,0.0123,0,0.31,1,1
14558,21.25,0.0123,2,0.83,1,1
14559,51.45,0.0123,2,0.36,0,0
14560,31.82,0.0123,0,0.42,0,0
14561,265.54,0.0123,0,0.39,0,0
14562,45.96,0.0123,0,0.75,0,0
14563,27.86,0.0123,0,0.36,1,0
14564,35.18,0.0123,2,0.19,0,0
14565,25.02,0.0123,2,0.53,0,0
14566,4.63,0.0123,1,0.87,0,0
14567,11.39,0.0123,1,0.54,0,0
14568,5.3,0.0123,2,0.61,0,0
14569,111.1,0.0123,1,0.98,0,0
14570,26.0,0.0123,1,0.49,0,0
14571,511.55,0.0123,2,0.89,0,0
14572,47.77,0.0123,0,0.99,1,1
14573,23.08,0.0123,2,0.57,0,0
14574,21.99,0.0123,0,0.23,0,0
14575,15.81,0.0123,0,0.12,0,0
14576,41.08,0.0123,2,0.27,1,0
14577,46.33,0.0123,0,0.1,0,0
14578,24.34,0.0123,0,0.87,0,0
14579,67.27,0.0123,2,0.66,0,0
14580,13.86,0.0123,2,0.43,0,0
14581,47.4,0.0123,1,0.8,0,0
14582,21.51,0.0123,2,0.43,0,0
14583,25.0,0.0123,2,0.19,0,0
14584,918.29,0.0123,2,0.37,0,0
14585,39.25,0.0123,2,0.6,0,0
14586,65.27,0.0123,2,0.05,0,0
14587,28.74,0.0123,2,0.93,0,0
14588,61.09,0.0123,2,0.81,1,1
14589,49.1,0.0123,0,0.43,1,0
14590,14.62,0.0123,0,0.28,0,0
14591,18.09,0.0123,0,0.62,1,0
14592,26.76,0.0123,0,0.75,1,0
14593,114.96,0.0123,0,0.69,0,0
14594,25.34,0.0123,2,0.64,1,0
14595,22.27,0.0123,0,0.2,0,0
14596,63.23,0.0123,0,0.44,0,0
14597,35.68,0.0123,0,0.34,0,0
14598,36.72,0.0123,0,0.56,0,0
14599,14.22,0.0123,2,0.63,0,0
14600,18.73,0.0123,0,0.79,0,0
14601,23.76,0.0123,2,0.67,0,0
14602,1239.5,0.0123,2,0.47,1,1
14603,41.12,0.0123,0,0.66,1,0
14604,16.0,0.0123,0,0.99,0,0
14605,38.62,0.0123,0,0.68,0,0
14606,587.82,0.0123,0,0.33,0,0
14607,82.95,0.0123,2,0.83,0,0
14608,72.95,0.0123,0,0.15,0,0
14609,12.62,0.0123,2,0.66,0,0
14610,42.27,0.0123,0,0.26,1,0
14611,13.19,0.0123,1,0.67,0,0
14612,17.2,0.0123,0,0.14,0,0
14613,3.52,4.8088,1,0.85,0,1
14614,825.23,0.0123,0,0.57,0,0
14615,50.49,0.0123,2,0.26,0,0
14616,12.31,0.0123,0,0.69,0,0
14617,197.45,0.0123,2,0.44,0,0
14618,9.03,0.0123,2,0.65,0,0
14619,10.07,0.0123,0,0.56,1,0
14620,9.33,0.0123,2,0.74,0,0
14621,70.74,0.0123,2,0.99,0,0
14622,44.86,4.8088,2,0.52,0,0
14623,41.31,0.0123,1,0.74,0,0
14624,21.49,0.0123,2,0.18,1,0
14625,25.5,0.0123,0,0.9,0,0
14626,488.12,0.0123,2,0.14,0,0
14627,35.44,0.0123,0,0.11,0,0
14628,81.08,0.0123,2,0.32,0,0
14629,35.03,0.0123,2,0.44,1,0
14630,109.59,0.0123,0,0.56,0,0
14631,314.42,0.0123,2,0.81,0,1
14632,14.75,0.0123,2,0.63,0,0
14633,868.46,0.0123,0,0.36,0,1
14634,1547.1,0.0123,2,0.78,1,1
14635,48.78,0.0123,2,0.73,0,0
14636,38.35,4.8088,2,0.57,0,0
14637,33.95,0.0123,2,0.61,0,0
14638,162.27,0.0123,2,0.96,0,0
14639,12.76,0.0123,1,0.2,0,0
14640,24.83,0.0123,0,0.1,0,0
14641,2405.11,0.0123,2,0.75,0,1
14642,370.36,0.0123,1,0.37,0,0
14643,34.58,0.0123,1,0.25,1,0
14644,40.09,0.0123,2,0.26,0,0
14645,69.11,0.0123,2,0.4,0,0
14646,14.96,0.0123,2,0.52,0,0
14647,30.59,0.0123,0,0.58,1,0
14648,355.98,0.0123,0,0.79,0,0
14649,1221.75,0.0123,0,0.88,0,1
14650,8.78,0.0123,2,0.41,0,0
14651,2626.37,0.0123,1,0.19,0,1
14652,36.88,0.0123,0,0.34,1,0
14653,94.98,0.0123,0,0.54,0,0
14654,42.01,0.0123,2,0.4,1,0
14655,417.3,0.0123,0,0.71,0,0
14656,26.95,0.0123,1,0.01,0,0
14657,73.43,0.0123,1,0.88,0,0
14658,37.64,0.0123,1,0.83,0,0
14659,50.78,0.0123,0,0.28,1,0
14660,34.87,0.0123,2,0.36,0,0
14661,44.78,0.0123,2,0.37,0,0
14662,82.0,0.0123,2,0.99,0,0
14663,51.37,0.0123,2,0.65,0,0
14664,34.54,0.0123,0,0.76,0,0
14665,30.01,0.0123,2,0.73,0,0
14666,39.51,0.0123,2,0.11,0,0
14667,37.94,0.0123,0,0.26,0,0
14668,49.08,0.0123,0,0.57,0,0
14669,39.31,0.0123,0,0.35,0,0
14670,28.88,0.0123,2,0.23,0,0
14671,602.97,0.0123,2,0.54,0,0
14672,49.02,0.0123,2,0.52,0,0
14673,72.03,0.0123,2,0.16,0,0
14674,32.56,0.0123,2,0.61,1,0
14675,17.66,0.0123,2,0.0,0,0
14676,55.28,0.0123,0,0.72,0,0
14677,54.52,0.0123,0,0.23,0,0
14678,80.59,0.0123,2,0.26,0,0
14679,44.23,0.0123,0,0.13,0,0
14680,20.55,0.0123,0,0.53,1,0
14681,36.07,0.0123,0,0.21,0,0
14682,490.06,0.0123,2,0.29,0,0
14683,16.15,0.0123,0,0.06,0,0
14684,7.03,0.0123,0,0.14,0,0
14685,202.88,0.0123,0,0.42,1,1
14686,20.88,0.0123,2,0.75,0,0
14687,27.21,0.0123,0,0.99,0,0
14688,535.46,0.0123,2,0.86,0,0
14689,1399.99,0.0123,2,0.56,1,1
14690,22.36,0.0123,1,0.98,0,0
14691,651.21,4.8088,0,0.44,0,1
14692,38.33,4.8088,2,0.08,0,0
14693,140.03,0.0123,1,0.91,0,0
14694,71.97,0.0123,2,0.07,0,0
14695,41.21,0.0123,2,0.58,0,0
14696,88.09,0.0123,0,0.39,0,0
14697,20.13,0.0123,2,0.45,0,0
14698,25.78,0.0123,0,0.03,0,0
14699,7.14,0.0123,2,0.5,0,0
14700,35.38,0.0123,0,0.6,0,0
14701,22.89,0.0123,0,0.58,0,0
14702,169.78,0.0123,1,0.33,0,0
14703,56.59,0.0123,0,0.6,0,0
14704,20.37,0.0123,0,0.93,0,0
14705,93.22,0.0123,0,0.84,0,0
14706,30.68,0.0123,2,0.5,0,0
14707,26.97,0.0123,1,0.47,1,0
14708,16.35,0.0123,0,0.89,0,0
14709,55.56,0.0123,2,0.74,1,0
14710,37.3,0.0123,0,0.95,1,1
14711,13.3,0.0123,2,0.05,0,0
14712,13.91,0.0123,2,0.44,0,0
14713,30.44,0.0123,0,0.07,1,0
14714,55.01,0.0123,2,0.81,0,0
14715,38.61,0.0123,0,0.71,0,0
14716,390.74,0.0123,1,0.09,0,0
14717,26.58,4.8088,0,0.12,0,0
14718,16.27,0.0123,0,0.85,1,1
14719,79.6,0.0123,0,0.87,0,0
14720,12.51,0.0123,2,0.21,0,0
14721,41.08,0.0123,0,0.34,0,0
14722,13.29,0.0123,0,0.98,1,1
14723,169.88,0.0123,0,0.92,0,0
14724,25.85,0.0123,2,0.07,0,0
14725,67.45,0.0123,2,0.15,0,0
14726,27.41,0.0123,2,0.87,0,0
14727,65.09,0.0123,2,0.77,0,0
14728,25.08,4.8088,0,0.09,0,0
14729,586.85,0.0123,0,0.77,0,0
14730,33.66,0.0123,2,0.84,0,0
14731,26.19,0.0123,0,0.85,0,0
14732,2510.75,4.8088,0,0.83,1,1
14733,44.05,0.0123,2,0.38,0,0
14734,18.18,0.0123,2,0.58,0,0
14735,38.63,0.0123,2,0.48,0,0
14736,58.83,0.0123,2,0.31,0,0
14737,897.73,0.0123,2,0.57,0,0
14738,58.22,0.0123,2,0.08,0,0
14739,70.51,0.0123,0,0.32,0,0
14740,22.21,0.0123,0,0.71,0,0
14741,38.92,0.0123,2,0.92,0,0
14742,23.96,0.0123,2,0.93,0,0
14743,17.71,0.0123,2,0.52,0,0
14744,28.81,0.0123,0,0.29,0,0
14745,33.98,0.0123,2,0.15,0,0
14746,45.54,0.0123,0,0.24,0,0
14747,46.35,0.0123,0,0.87,0,0
14748,44.83,0.0123,2,0.86,0,0
14749,34.69,4.8088,2,0.28,1,1
14750,21.17,0.0123,0,0.92,0,0
14751,49.76,0.0123,0,0.77,0,0
14752,35.97,0.0123,0,0.56,0,0
14753,8.36,0.0123,0,0.42,1,0
14754,72.79,0.0123,1,0.86,0,0
14755,302.93,0.0123,0,0.8,0,0
14756,39.9,0.0123,0,0.88,0,0
14757,21.2,0.0123,2,0.87,1,1
14758,22.56,0.0123,0,0.9,0,0
14759,75.03,0.0123,0,0.48,0,0
14760,43.26,0.0123,1,0.68,0,0
14761,11.87,0.0123,1,0.4,0,0
14762,31.04,0.0123,2,0.81,0,0
14763,30.26,0.0123,0,0.51,0,0
14764,10.75,0.0123,0,0.79,1,0
14765,16.72,0.0123,2,0.89,0,0
14766,7.36,0.0123,1,0.2,0,0
14767,33.68,0.0123,0,0.65,0,0
14768,46.63,0.0123,2,0.89,0,0
14769,16.71,0.0123,1,0.37,0,0
14770,12.78,0.0123,0,0.36,1,0
14771,34.9,0.0123,2,0.83,0,0
14772,14.43,0.0123,0,0.37,0,0
14773,59.76,0.0123,2,0.66,0,0
14774,1057.52,0.0123,0,0.32,0,0
14775,9.88,0.0123,0,0.23,0,0
14776,60.52,0.0123,2,0.53,0,0
14777,25.9,0.0123,0,0.64,1,0
14778,44.45,0.0123,2,0.6,1,0
14779,40.22,0.0123,2,0.81,0,0
14780,358.68,0.0123,2,0.29,0,0
14781,25.97,0.0123,1,0.47,0,0
14782,20.28,0.0123,0,0.9,1,1
14783,71.06,4.8088,0,0.72,0,0
14784,36.17,0.0123,0,0.12,0,0
14785,27.23,4.8088,2,0.39,0,0
14786,15.37,0.0123,0,0.56,0,0
14787,40.54,0.0123,2,0.55,0,0
14788,43.88,0.0123,2,0.97,0,0
14789,1423.17,0.0123,0,0.34,0,1
14790,27.28,0.0123,1,0.41,1,0
14791,29.02,0.0123,0,0.15,0,0
14792,59.04,0.0123,0,0.92,1,1
14793,42.61,0.0123,0,0.26,1,0
14794,50.72,0.0123,0,0.9,0,0
14795,623.71,0.0123,1,0.17,0,0
14796,44.91,0.0123,2,0.56,0,0
14797,91.74,0.0123,0,0.24,0,0
14798,705.16,0.0123,1,0.4,0,0
14799,11.19,4.8088,2,0.76,0,0
14800,1102.35,0.0123,2,0.17,0,0
14801,268.11,0.0123,0,0.28,1,1
14802,51.28,0.0123,0,0.19,0,0
14803,458.01,0.0123,0,0.35,0,0
14804,58.94,0.0123,2,0.21,0,0
14805,71.23,0.0123,0,0.14,0,0
14806,43.17,0.0123,0,0.89,0,0
14807,759.29,0.0123,0,0.14,0,0
14808,29.97,0.0123,2,0.15,0,0
14809,13.12,0.0123,0,0.93,0,0
14810,36.1,0.0123,1,0.63,0,0
14811,33.03,0.0123,2,0.92,0,0
14812,621.54,0.0123,2,0.44,0,0
14813,27.99,0.0123,2,0.67,0,0
14814,18.36,0.0123,0,0.66,0,0
14815,36.26,0.0123,2,0.74,0,0
14816,4.38,0.0123,0,0.3,0,0
14817,28.25,0.0123,2,0.82,0,0
14818,12.41,0.0123,2,0.47,1,0
14819,39.47,0.0123,2,0.31,0,0
14820,24.66,0.0123,1,0.76,0,0
14821,39.88,0.0123,2,0.49,0,0
14822,27.93,0.0123,0,0.21,0,0
14823,62.59,4.8088,0,0.02,1,1
14824,36.73,0.0123,2,0.86,0,0
14825,10.84,0.0123,2,0.07,0,0
14826,47.05,0.0123,0,0.34,0,0
14827,81.34,0.0123,0,0.52,1,0
14828,31.57,0.0123,2,0.67,0,0
14829,25.82,0.0123,0,0.83,0,0
14830,30.39,0.0123,0,0.29,1,0
14831,32.25,0.0123,2,0.51,1,0
14832,14.26,0.0123,0,0.01,0,0
14833,45.73,0.0123,2,0.16,1,0
14834,40.21,0.0123,2,0.62,0,0
14835,60.73,0.0123,1,0.31,1,0
14836,503.99,0.0123,2,0.99,0,1
14837,41.27,0.0123,2,0.16,1,0
14838,33.35,0.0123,0,0.93,0,0
14839,31.86,0.0123,2,0.84,0,0
14840,16.38,0.0123,2,0.68,0,0
14841,41.75,4.8088,2,0.01,0,0
14842,113.11,0.0123,2,0.85,0,0
14843,9.97,0.0123,0,0.48,0,0
14844,16.89,4.8088,0,0.56,0,0
14845,23.99,0.0123,1,0.14,0,0
14846,36.76,0.0123,2,0.17,1,0
14847,13.48,0.0123,0,0.8,1,1
14848,12.14,0.0123,0,0.77,0,0
14849,19.36,4.8088,0,0.98,1,1
14850,1173.75,0.0123,2,0.46,0,1
14851,43.6,0.0123,0,0.73,1,0
14852,27.85,0.0123,2,0.67,0,0
14853,585.67,0.0123,2,0.95,1,1
14854,32.66,0.0123,0,0.67,0,0
14855,51.62,0.0123,2,0.07,0,0
14856,41.39,0.0123,2,0.85,0,0
14857,31.57,0.0123,0,0.3,0,0
14858,75.33,0.0123,0,0.45,1,0
14859,4.76,0.0123,0,0.21,0,0
14860,11.25,0.0123,0,0.9,1,1
14861,670.34,0.0123,0,0.38,1,1
14862,37.13,0.0123,0,0.27,1,0
14863,46.29,0.0123,2,0.03,0,0
14864,53.09,0.0123,2,0.14,0,0
14865,13.31,0.0123,0,0.51,0,0
14866,51.85,0.0123,2,0.99,0,0
14867,108.05,0.0123,0,0.5,0,0
14868,27.94,0.0123,2,0.62,1,0
14869,21.29,0.0123,0,0.27,0,0
14870,32.5,0.0123,1,0.19,0,0
14871,14.03,0.0123,2,0.91,1,1
14872,13.93,0.0123,0,0.0,0,0
14873,1490.42,0.0123,0,0.45,0,1
14874,23.57,0.0123,2,0.75,0,0
14875,22.69,0.0123,0,0.81,0,0
14876,64.79,0.0123,2,0.31,0,0
14877,16.14,0.0123,2,0.85,0,0
14878,43.57,0.0123,0,0.17,0,0
14879,305.53,0.0123,2,0.63,0,0
14880,43.18,0.0123,0,0.0,0,0
14881,178.88,0.0123,0,0.72,0,0
14882,53.29,4.8088,0,0.44,0,0
14883,1768.54,0.0123,0,0.62,0,1
14884,24.95,0.0123,2,0.98,0,0
14885,51.67,0.0123,2,0.76,0,0
14886,84.25,0.0123,0,0.47,0,0
14887,95.21,0.0123,2,0.76,0,0
14888,3180.15,0.0123,0,0.13,0,1
14889,40.0,0.0123,0,0.03,0,0
14890,19.62,4.8088,2,0.13,0,0
14891,12.6,0.0123,2,0.66,1,0
14892,573.87,4.8088,0,0.89,0,1
14893,9.67,0.0123,0,0.57,0,0
14894,55.25,0.0123,2,0.96,0,0
14895,2684.13,0.0123,0,0.09,1,1
14896,42.76,0.0123,0,0.73,1,0
14897,337.91,0.0123,0,0.43,0,0
14898,16.53,0.0123,2,0.35,1,0
14899,17.95,0.0123,0,0.26,0,0
14900,296.59,0.0123,0,0.97,0,0
14901,7.8,0.0123,0,0.16,0,0
14902,52.88,0.0123,0,0.2,0,0
14903,33.26,0.0123,0,0.61,1,0
14904,34.1,4.8088,2,0.48,0,0
14905,17.4,0.0123,0,0.39,0,0
14906,57.89,4.8088,1,0.62,0,0
14907,37.76,0.0123,0,0.01,0,0
14908,18.24,0.0123,0,0.66,0,0
14909,36.85,0.0123,0,0.97,0,0
14910,84.32,0.0123,2,0.67,0,0
14911,13.61,0.0123,0,0.9,0,0
14912,11.54,0.0123,2,0.13,0,0
14913,40.53,0.0123,0,0.18,0,0
14914,37.04,0.0123,2,0.86,0,0
14915,20.88,0.0123,1,0.02,0,0
14916,36.7,0.0123,2,0.3,0,0
14917,15.31,0.0123,2,0.03,0,0
14918,50.53,0.0123,0,0.27,0,0
14919,23.85,0.0123,2,0.41,0,0
14920,1964.35,0.0123,2,0.95,0,1
14921,67.15,0.0123,0,0.11,0,0
14922,78.81,0.0123,2,0.89,0,0
14923,76.77,0.0123,1,0.43,0,0
14924,582.97,0.0123,0,0.13,0,0
14925,44.57,0.0123,2,0.25,0,0
14926,67.89,0.0123,2,0.54,0,0
14927,27.38,0.0123,2,0.29,0,0
14928,493.97,0.0123,2,0.88,0,1
14929,28.58,0.0123,0,0.89,1,1
14930,99.34,0.0123,0,0.07,0,0
14931,50.58,0.0123,2,0.75,0,0
14932,593.97,0.0123,2,0.93,1,1
14933,35.53,0.0123,2,0.11,0,0
14934,22.36,0.0123,2,0.26,0,0
14935,90.17,0.0123,2,0.45,0,0
14936,61.0,0.0123,2,0.17,0,0
14937,32.92,0.0123,0,0.5,0,0
14938,1950.23,0.0123,1,0.57,0,1
14939,90.51,4.8088,0,0.98,1,1
14940,618.48,4.8088,2,0.97,1,1
14941,31.46,0.0123,0,0.35,0,0
14942,100.62,0.0123,2,0.82,0,0
14943,42.14,0.0123,2,0.24,0,0
14944,24.57,0.0123,2,0.31,0,0
14945,20.48,0.0123,0,0.8,0,0
14946,2047.99,0.0123,0,0.31,0,1
14947,616.12,0.0123,0,0.24,1,1
14948,26.8,0.0123,2,0.82,0,0
14949,11.71,0.0123,0,0.02,0,0
14950,35.14,0.0123,2,0.2,1,0
14951,51.41,0.0123,2,0.81,0,0
14952,11.51,0.0123,0,0.2,0,0
14953,72.27,0.0123,2,0.35,0,0
14954,10.69,0.0123,0,0.35,1,0
14955,29.83,0.0123,0,0.07,0,0
14956,38.79,0.0123,0,0.05,0,0
14957,20.12,0.0123,2,0.36,1,0
14958,9.75,0.0123,1,0.12,0,0
14959,21.75,0.0123,0,0.27,1,0
14960,31.11,0.0123,0,0.89,0,0
14961,23.92,0.0123,1,0.11,0,0
14962,37.93,0.0123,2,0.33,0,0
14963,61.07,0.0123,0,0.6,0,0
14964,653.37,0.0123,2,0.99,0,0
14965,344.96,0.0123,0,0.57,1,1
14966,24.83,0.0123,1,0.01,1,0
14967,31.51,0.0123,2,0.05,1,0
14968,49.8,0.0123,0,0.39,0,0
14969,425.87,0.0123,0,0.33,1,0
14970,63.28,0.0123,1,0.42,1,0
14971,11.95,0.0123,0,0.47,1,0
14972,11.91,0.0123,2,0.0,0,0
14973,14.99,0.0123,0,0.35,0,0
14974,47.16,0.0123,0,0.13,0,0
14975,21.01,0.0123,2,0.92,0,0
14976,25.48,0.0123,0,0.14,0,0
14977,75.35,0.0123,2,0.74,0,0
14978,26.55,0.0123,2,0.06,0,0
14979,323.27,0.0123,0,0.4,0,0
14980,2120.91,0.0123,0,0.15,0,1
14981,7.5,0.0123,2,0.37,0,0
14982,21.15,0.0123,0,0.59,0,0
14983,230.19,0.0123,0,0.68,0,0
14984,34.47,0.0123,2,0.82,0,0
14985,72.98,0.0123,1,0.81,0,0
14986,35.74,4.8088,0,0.78,0,0
14987,20.52,0.0123,0,0.62,0,0
14988,22.31,0.0123,0,0.12,0,0
14989,33.04,0.0123,0,0.34,0,0
14990,1278.7,0.0123,1,0.57,0,0
14991,644.93,0.0123,2,0.27,0,0
14992,9.84,0.0123,0,0.96,1,1
14993,67.94,0.0123,2,0.15,0,0
14994,265.78,0.0123,2,0.64,0,0
14995,70.35,0.0123,2,0.74,0,0
14996,30.47,0.0123,2,0.21,0,0
14997,49.67,0.0123,0,0.68,0,0
14998,23.01,0.0123,2,0.27,0,0
14999,342.43,0.0123,1,0.27,1,0
