TSNE1,TSNE2,Is_Fraud
-22.206326,-10.871348,1
-55.994347,74.91808,0
13.989104,30.869976,0
-83.80803,42.854847,0
-51.912483,80.99921,0
-83.958984,42.66381,0
73.31665,51.001713,1
-104.4034,21.712288,0
-5.1770635,92.81998,0
-50.630764,-57.424397,0
36.481575,-4.512977,0
-77.81888,48.986145,0
-76.0329,50.953434,0
5.5480037,-17.009003,0
60.33049,49.377598,0
-53.196556,78.452065,0
48.717403,43.108368,0
54.244724,63.8262,0
-4.7761507,93.64104,0
-51.745434,-60.273968,0
-78.596565,47.896534,0
-75.98095,51.051567,0
-89.41218,36.475952,0
-83.59129,43.01157,0
-51.72278,-60.234627,0
35.086903,-4.937974,0
18.907194,-13.73688,0
34.008186,-5.399874,0
-14.235259,79.81512,0
-51.85951,-61.277782,0
-38.731586,-45.05436,0
-80.8441,45.65262,0
-43.134514,-48.019444,0
63.406864,50.063885,0
86.36011,-22.143297,0
7.940411,25.548843,0
0.8923789,20.204433,0
4.5939684,-17.175089,0
43.469547,48.411167,1
-93.27296,33.937298,0
2.961604,104.96461,1
-51.61349,-59.79325,0
-14.748321,81.0943,0
36.111717,-4.6582837,0
-75.662315,51.363087,0
13.307508,-15.255324,0
43.36243,48.46587,1
15.557561,-14.9277935,0
16.10165,-14.743481,0
-57.32115,73.4297,0
27.360989,-8.205863,0
9.333678,26.379038,0
26.222044,-8.658193,0
-92.18743,34.661865,0
-5.863805,91.39949,0
-50.69198,81.36904,0
-50.59749,-57.427494,0
-45.723305,78.98468,0
6.6940207,-16.86064,0
-50.55153,-57.21681,0
2.1241665,103.70682,1
37.148544,-4.280923,0
26.66607,-8.464028,0
2.129988,103.719986,1
3.386515,22.160206,0
-56.182316,74.67862,0
-93.02842,34.417023,0
-50.36082,81.58597,0
-5.428481,92.26126,0
41.703857,36.01442,0
-56.74363,74.02085,0
31.840557,-6.113495,0
-40.049072,-46.385937,0
-102.9061,23.944038,0
110.63797,3.7532847,1
4.2795424,-17.314295,0
14.384445,-15.158634,0
63.211002,50.042145,0
-102.51718,23.739782,0
-53.12053,78.424385,0
13.290278,-15.265546,0
73.54218,50.976723,1
71.82189,50.885185,1
18.341143,-14.001596,0
-26.983992,-11.858633,1
-41.735966,-47.41848,0
10.863938,32.651703,0
16.651958,-32.393425,0
-54.22122,1.2924601,0
69.04375,-7.0281343,1
41.931507,36.26223,0
-102.3126,23.959564,0
-75.070854,51.826256,0
-89.27088,36.59932,0
84.16887,-16.965025,0
69.65892,51.54535,1
-7.4395,88.48612,0
-94.28249,33.298546,0
32.716972,-5.8205214,0
-50.68455,-57.628468,0
13.597894,30.486504,0
-104.735016,20.892853,0
13.294342,-15.269071,0
4.653606,-23.071686,0
18.686,-13.909833,0
-97.22928,29.675127,0
7.008372,-16.82745,0
-84.158676,42.412144,0
-13.043496,81.04079,0
2.551805,104.310356,1
-5.1720266,92.76625,0
71.08194,-7.695772,0
28.581583,-7.5671597,0
-82.63026,43.74851,0
-74.77182,52.07077,0
9.05303,26.175575,0
-104.28837,21.586298,0
-26.628597,-11.352527,1
73.49975,50.964485,1
-39.028965,-45.65049,0
13.520554,-15.2482,0
5.2166786,-17.144842,0
-15.032974,-27.545666,1
-74.84218,41.143723,0
-5.4890747,92.07866,0
41.40058,35.670708,0
-102.36003,23.949642,0
50.1256,43.733643,0
-82.23485,44.09276,0
-83.29231,43.168163,0
-74.50136,52.8486,0
14.458653,31.368101,0
-83.24458,43.168133,0
-75.6981,39.818855,0
-6.2980347,90.524956,0
-75.678474,51.159325,0
-77.71372,48.91708,0
-89.245,36.552666,0
47.50452,42.285538,0
10.104195,32.8534,1
59.00406,71.000656,1
60.496555,49.327297,0
-11.294714,82.99124,0
-50.49326,-57.452145,0
-8.0153265,-36.503723,0
-9.421644,-39.060772,0
-73.72705,53.336,0
-90.039246,27.07654,0
-77.06598,49.66967,0
59.955948,49.26112,0
-5.6287165,91.75873,0
14.973583,31.837896,0
-83.98008,42.128605,0
5.87367,89.44363,1
-50.839622,-58.37977,0
86.39281,-22.370485,0
-40.300533,-46.672802,0
-76.87378,50.109314,0
9.6785145,26.563232,0
1.0092173,101.844666,1
16.95495,-14.634537,0
-53.19858,78.03351,0
-56.217766,74.5754,0
-56.1991,74.58614,0
-55.867813,74.94887,0
63.68689,50.0926,0
-50.68841,81.1325,0
26.250126,-8.681405,0
-26.241154,-11.106434,1
-53.793865,77.26294,0
-23.735147,-17.061466,1
-98.69873,27.73358,0
-38.710815,-45.576244,0
-93.958725,33.05997,0
-26.823141,-5.8411636,1
71.85934,50.835663,1
-51.57662,-59.7938,0
13.288369,-15.275928,0
-81.03599,45.20703,0
-40.279507,-46.68117,0
-98.695915,27.697956,0
-14.429581,79.47803,0
5.5448556,-17.153116,0
-57.83019,72.85368,0
27.176548,-8.222233,0
82.26641,-16.40127,0
-2.3702505,96.72851,0
-22.514948,-26.376627,1
-91.16978,35.061478,0
-78.54354,47.662533,0
75.6124,-11.012131,0
49.790894,43.54469,0
41.854015,36.134487,0
4.658138,-23.064692,0
61.734913,49.58022,0
-3.9997277,17.412743,0
-59.724594,71.217026,0
18.748613,-13.930861,0
6.7533755,-16.95321,0
-24.914066,-21.516455,1
48.294327,42.729332,0
-77.594376,48.9057,0
12.745501,29.438225,0
-11.969458,-32.50674,1
4.059711,22.654642,0
35.173058,-5.1896358,0
5.2396913,23.550262,0
-56.44595,74.280464,0
-93.657646,33.78169,0
-53.834988,1.6684455,0
-58.12442,72.57188,0
-98.387115,28.069057,0
-1.4168125,98.00549,0
73.58839,50.925518,1
-81.78203,44.51487,0
13.276484,-15.296352,0
-73.79082,53.285664,0
-40.857243,-47.102283,0
-77.61991,48.866707,0
-100.13936,26.029741,0
-10.275599,-26.205547,1
-50.465317,-57.734135,0
-89.521324,36.15331,0
6.817853,87.77344,1
-10.628616,83.84727,0
-51.24329,80.36612,0
-73.84791,41.629414,0
-43.515675,-48.251217,0
-50.97567,80.91933,0
37.024914,-4.5510406,0
62.17638,49.706123,0
29.517752,54.0299,1
-38.44111,-45.386494,0
-81.78275,44.426846,0
-83.41829,42.892864,0
-75.17656,51.56316,0
-98.008736,28.535606,0
-78.827324,47.293415,0
7.188374,-16.963451,0
-104.390465,21.208479,0
-102.357254,23.932789,0
48.93557,43.059864,0
-52.930622,78.37901,0
-8.1218,87.362206,0
8.729864,30.63147,0
4.391542,-17.529167,0
-11.744383,82.36228,0
5.1069946,85.68527,1
14.491534,31.375792,0
28.655678,-7.834811,0
3.6809783,22.324923,0
-53.979427,76.721275,0
-7.9704638,87.58773,0
1.3942491,20.425396,0
-50.66115,-58.409008,0
7.8737035,30.865253,0
86.633865,-25.588245,0
32.183468,-5.992569,0
-97.12659,29.527079,0
-38.178036,-44.931404,0
14.331228,31.27679,0
-35.217304,23.406622,0
33.10826,-5.8488064,0
19.92043,-13.386842,0
-98.650116,27.619349,0
41.062874,-3.4741616,0
-75.18326,51.484997,0
-83.1094,43.09671,0
28.316002,-8.114769,0
-33.244205,22.419313,1
-50.150642,81.43527,0
-51.710773,-60.596695,0
-96.85458,29.87402,0
28.681042,-7.8216014,0
-53.339523,77.55767,0
31.84311,-6.6428843,0
-97.950424,29.778502,0
-89.490074,36.094753,0
-57.579815,72.97738,0
-5.830966,91.29079,0
-102.38985,23.599983,0
41.554314,35.738052,0
46.16862,45.448986,0
-52.75701,78.32133,0
86.40001,-21.104935,0
-97.34316,29.468485,0
-98.69789,27.603624,0
5.2798004,23.533548,0
3.6926157,22.308552,0
19.93571,-13.382727,0
-50.64882,81.04475,0
-39.995888,-46.565628,0
-7.181622,88.73005,0
-52.546455,78.76237,0
-29.21604,-8.467905,0
4.6927643,23.105366,0
-57.332397,73.15299,0
72.59515,50.853256,1
-50.77343,-58.825676,0
21.001509,-12.836296,0
-74.18061,52.50049,0
34.16557,-5.6186247,0
50.343037,43.752613,0
-39.683,-46.37141,0
41.555435,-3.442414,0
-81.330505,44.77557,0
-57.576424,72.92744,0
19.622253,-12.662434,0
-83.4144,42.846565,0
33.661602,-5.747412,0
-93.869896,32.9389,0
-98.65692,27.568636,0
15.784714,-15.19938,0
-100.14407,25.98178,0
9.089126,26.12322,0
-56.124763,74.5409,0
41.740444,-3.3480947,0
-58.174103,72.392166,0
-22.792048,-25.453838,1
40.78812,-3.5891352,0
-41.247253,-47.475025,0
8.285747,25.575176,0
-83.458916,41.99604,0
2.4929016,103.9953,1
28.00867,-8.312178,0
-42.874554,-48.31719,0
21.02804,-12.868407,0
-40.524017,-46.993633,0
48.79119,42.893566,0
27.088871,-8.575205,0
-8.437773,-37.067524,0
-57.273773,72.99488,0
-55.30594,1.2629136,0
-52.789223,78.34947,0
-4.609425,93.74179,0
-102.154434,23.873274,0
-51.125256,80.26819,0
-97.05456,29.46039,0
-29.15324,-5.7147284,0
-53.563854,77.11778,0
-33.396873,23.228767,1
-38.178997,-45.09215,0
0.9031889,101.42882,0
-50.22912,81.2338,0
-75.75779,50.670258,0
6.0014353,-17.181202,0
55.657684,66.1233,0
-102.66784,23.170603,0
55.822697,66.3751,0
16.11384,-15.140304,0
61.209698,49.364365,0
-51.694725,-60.52836,0
42.481667,36.757572,0
8.981607,31.797289,0
69.041504,-7.058119,1
-78.4671,47.404922,0
31.738192,-9.587797,0
-93.353455,33.443188,0
-78.79773,47.09619,0
71.728035,50.773773,1
-77.70406,48.454594,0
86.96496,-28.770748,1
42.520557,36.741535,0
-91.01512,34.89019,0
16.489233,-14.990278,0
65.128136,50.34181,0
-96.334404,30.292053,0
40.419758,-3.7518244,0
72.93694,-9.085283,0
-51.871017,79.21273,0
-8.798926,-40.954823,1
-75.39276,51.034058,0
7.3327866,-17.114704,0
-101.84712,24.16467,0
-72.51412,48.972122,0
-104.40982,20.762579,0
-7.3827906,-27.201344,1
4.094775,-17.637878,0
17.748346,-14.449997,0
-50.09188,81.301254,0
-51.675896,-60.70778,0
-92.78383,33.68195,0
2.915215,104.56355,1
-82.74614,43.239735,0
13.894096,30.760597,0
-99.31157,26.478834,0
35.819904,-5.2768626,0
63.55028,50.025093,0
-73.58533,53.216732,0
28.027899,-8.471039,0
-7.1237416,88.71823,0
-75.613556,50.488293,0
17.110628,-33.673855,0
-90.98319,34.883144,0
72.12023,-8.48012,0
62.20795,49.685734,0
-8.4033985,86.8542,0
-56.715393,73.694305,0
3.8629067,-17.733982,0
-102.3744,23.481773,0
6.240862,89.812515,1
-57.568737,72.80533,0
71.191444,-7.7266736,0
-12.18186,-45.41799,0
-89.16957,36.128777,0
27.15251,50.310936,1
62.398777,49.727554,0
36.47361,-4.899913,0
50.95373,44.078457,0
5.1772995,-17.504032,0
56.162804,66.87457,0
8.160449,30.732065,0
-97.7818,28.436811,0
-39.931793,-46.634323,0
-53.196865,77.42004,0
-97.62066,28.620205,0
-51.473137,79.79912,0
4.0585303,-17.677446,0
4.4252167,22.822275,0
-33.88025,22.910784,1
-98.91411,26.930317,0
-5.7516313,91.29659,0
-10.384566,84.03343,0
-40.50357,-47.09882,0
-42.611362,-48.218853,0
8.7788925,25.87725,0
-73.4922,53.43079,0
-97.72665,28.465313,0
-1.2313863,98.12966,0
31.671041,-6.73352,0
-104.18527,20.993475,0
-43.14345,-48.315746,0
-103.97285,21.274242,0
-57.535816,72.66037,0
-12.440769,-45.47614,0
31.792412,-6.742043,0
-5.429986,91.84281,0
33.77023,-5.8408694,0
5.980028,-17.366426,0
29.197292,-7.8321943,0
-34.908558,25.237087,1
42.9051,48.420856,1
62.17833,49.65385,0
-38.1384,-45.268524,0
50.535667,43.788193,0
-10.444863,-42.13439,0
-83.83891,42.05346,0
-55.353718,1.2593422,0
-51.671776,-61.857388,0
68.208496,51.40431,0
48.831436,42.77378,0
15.412548,-15.511701,0
19.387028,-13.940481,0
28.873446,-8.243324,0
-77.20765,48.647446,0
-40.25649,-46.942375,0
-84.29685,41.37712,0
-98.88105,26.863932,0
3.8519685,22.363735,0
-50.36242,80.86751,0
-97.5297,28.603573,0
79.95537,-17.450455,1
41.590523,-3.6058488,0
-3.3830004,17.64222,0
35.88555,-5.40193,0
70.959496,-7.443922,0
31.908972,-6.682625,0
-29.177296,-6.4160686,0
-57.200993,72.669785,0
-73.90733,52.384117,0
-92.14063,33.967793,0
-73.52845,53.180454,0
-75.70989,39.81578,0
8.852987,30.60964,0
-53.15654,76.78375,0
19.79622,-13.690399,0
-101.7035,24.168282,0
15.268995,31.906979,0
-94.27693,32.30372,0
42.225998,36.363056,0
16.229475,-15.370907,0
56.824078,67.76308,0
15.675639,32.18367,0
49.409916,43.091774,0
-73.690994,41.797356,0
-3.9107597,17.316889,0
16.521076,-15.207529,0
-104.60971,20.130966,0
-49.512573,-57.2359,0
41.64887,-3.645201,0
-5.244939,92.02286,0
-91.74204,34.145866,0
1.130534,20.168736,0
73.16281,-9.200552,0
-50.169636,-58.54705,0
60.144054,49.009945,0
29.417158,-8.13131,0
-27.945152,-10.092905,1
28.872055,-8.191369,0
-74.230896,40.592735,0
-8.549393,86.58871,0
19.02609,-14.175127,0
-97.125854,28.90306,0
34.77184,-5.763591,0
-104.29288,20.585567,0
64.61042,50.12504,0
-104.45703,20.303335,0
-50.960968,80.052414,0
-59.58286,70.97806,0
-51.470688,-60.5073,0
-2.954749,18.575857,0
37.550514,-4.805235,0
-92.101395,33.908146,0
-8.82279,-41.008034,0
28.925177,-7.9526196,0
-24.122559,-13.680849,1
-89.206375,35.612995,0
-8.230606,87.033264,0
64.23039,50.069103,0
-76.682144,48.99101,0
-51.618202,-62.002724,0
-9.258651,85.7644,0
-51.982437,78.56342,0
1.5220466,102.23028,1
34.364704,-5.882403,0
28.228355,-8.613058,0
-103.71024,21.131535,0
6.0512733,-17.467863,0
-6.7241774,89.28657,0
-9.997911,84.476326,0
56.514755,47.345524,0
19.507885,-14.003393,0
-9.741981,-27.18782,1
-39.843185,-46.72311,0
37.535793,-4.7626257,0
-49.777206,81.189865,0
-103.734764,21.111635,0
16.073122,32.341324,0
18.087595,-14.765952,0
-26.058674,-11.265007,1
71.30562,50.738377,1
-49.38905,-57.131935,0
34.829475,-5.838565,0
-24.809675,-12.693865,1
-101.60492,24.124289,0
-82.33902,43.06239,0
-50.899673,80.19103,0
-40.55595,-47.391205,0
109.8112,8.672513,1
56.23421,67.01154,0
-76.019806,49.619396,0
86.63186,-23.742891,0
82.69939,-16.489607,0
74.89652,-10.418489,0
-59.71105,70.87711,0
-91.580826,33.91278,0
-76.73448,48.819454,0
39.256752,-4.4948516,0
-74.21989,51.69599,0
58.813225,70.81129,1
41.689495,35.655792,0
107.37791,8.103229,1
15.588937,32.075867,0
-10.306047,-26.279459,1
8.642118,-17.484756,0
65.09207,50.204998,0
-51.146515,79.5609,0
37.153904,-5.0817456,0
-5.173953,92.004105,0
8.108957,25.291574,0
49.185234,42.875088,0
-37.975563,-45.321842,0
13.03687,29.62464,0
-51.845543,77.93201,0
-89.487564,35.43206,0
-73.913315,51.942223,0
-90.53232,26.74837,0
-55.84819,74.41577,0
-91.67846,34.087757,0
-8.965434,-41.38333,0
-5.0703974,92.15434,0
-73.90079,51.9618,0
-92.03254,33.813675,0
-90.7808,34.702076,0
-0.24503815,19.064272,0
15.786309,-31.151747,0
-104.660385,19.715523,0
71.143394,-7.59885,0
-52.240616,78.1064,0
-13.467342,80.154335,0
-11.830204,82.00985,0
-98.24734,27.053041,0
89.13309,-30.765673,1
-59.317547,71.05453,0
-10.752331,-42.05262,0
-42.53121,-48.832325,0
-91.695755,34.118526,0
8.425531,-17.659487,0
-50.81619,79.93219,0
41.75086,35.688385,0
3.6036282,105.12523,1
3.533439,-17.992678,0
-49.850567,-58.884983,0
21.456007,-13.179449,0
-96.21768,29.622892,0
-42.456608,-48.42365,0
59.500603,48.796432,0
1.8294508,102.57667,1
-73.83969,51.921898,0
-10.790883,83.249344,0
0.98835486,101.27597,0
50.596905,43.724403,0
-75.95165,49.50755,0
-77.63809,47.592113,0
-99.41302,25.394632,0
-1.3858242,97.58428,0
-76.57334,48.77153,0
-79.73197,45.04992,0
8.102337,25.248066,0
-41.215614,-48.131973,0
-8.209085,86.948975,0
5.6690674,89.63132,0
-52.10869,77.529816,0
-98.78699,26.177736,0
-42.443924,-48.438564,0
-12.780488,81.03776,0
-59.040447,71.19353,0
6.639754,90.04108,1
-59.696728,70.83702,0
-9.616043,84.92004,0
69.74478,51.545696,1
-73.499466,52.51659,0
-96.8345,28.76646,0
-51.633575,78.347984,0
13.929036,30.684063,0
71.86131,50.605835,1
50.910885,43.948673,0
20.246437,-13.933824,0
-25.530573,-5.8747835,0
74.77302,-10.310875,0
-38.715427,-46.27671,0
43.17177,48.495453,1
68.3045,51.79899,1
-51.501797,-62.578335,0
-49.402573,-57.94952,0
-102.8613,21.637106,0
61.8895,49.42916,0
-103.63318,20.97902,0
3.1801515,104.4801,1
-49.962162,-59.134285,0
-95.91105,29.578869,0
-81.22581,43.6093,0
36.12596,-5.8349667,0
-97.36159,27.960474,0
-49.700684,80.97567,0
-53.0242,76.125404,0
41.53651,-3.9622653,0
31.509691,-6.9988017,0
-96.75761,28.751665,0
-102.45887,22.041656,0
17.218649,-15.378773,0
-90.51093,27.036007,0
75.65784,-10.93335,0
87.188965,-27.269896,0
-1.2724882,97.72621,0
30.751684,-7.377289,0
-53.656895,1.636751,0
9.863204,32.941605,1
-6.508356,89.52131,0
16.833065,-33.37466,1
41.463623,-3.9328701,0
-4.1609898,17.0345,0
-103.15838,21.265902,0
-57.205032,72.23708,0
-77.44202,47.63627,0
-89.60968,27.154118,0
3.5157654,104.966965,1
14.731755,31.516548,0
-52.09083,77.46488,0
-11.504232,-34.96641,0
15.234614,-16.092937,0
49.95701,43.186413,0
-2.3788297,17.983515,0
21.797443,-13.095489,0
86.78039,-24.636698,0
75.86049,-11.224044,0
21.577257,-13.362847,0
78.12965,-12.8663025,1
2.9319942,104.02544,1
-8.870934,-37.86413,0
-35.210392,24.758753,0
-59.658485,70.81759,0
-13.178672,80.47614,0
-82.26242,42.049553,0
-41.174435,-48.349407,0
-9.546854,84.97234,0
4.248517,-18.234919,0
-73.365616,52.83195,0
8.614525,25.610502,0
86.47339,-21.870838,0
16.194174,-32.14144,0
-22.471733,-9.630872,1
-74.21022,41.143776,0
10.408418,-17.672379,0
41.484173,-3.9796274,0
-88.71954,27.861135,0
-52.91853,76.0211,0
-93.23878,32.051983,0
-37.747902,-45.49782,0
28.633163,-9.125819,0
8.940864,-17.825583,0
3.4894714,85.304726,1
-49.431107,-58.35936,0
-49.24359,-57.98106,0
-92.84753,32.327477,0
-25.41943,-27.562138,1
61.055046,49.020077,0
73.19159,-9.158287,0
-42.587036,-50.556683,0
16.177505,32.336525,0
54.260612,64.04434,0
13.256602,32.08344,0
4.406822,22.59555,0
39.479523,-4.676836,0
4.635081,85.70956,1
-42.78986,-50.704914,0
58.791027,70.8288,1
-42.6386,-48.563652,0
-14.062217,79.39121,0
3.2532778,-18.096914,0
-48.770374,-57.23782,0
8.9180565,-17.841223,0
-29.152058,-5.181755,0
30.364065,-8.002097,0
-57.741318,71.73007,0
-33.89826,23.640127,1
-104.27406,19.81305,0
-41.13748,-48.473316,0
50.33197,43.390797,0
-6.6104236,89.208626,0
6.6929803,85.45907,1
-59.456593,70.86023,0
55.94607,66.649185,0
-57.15363,72.01277,0
31.454775,-7.125911,0
5.0659175,-18.372334,0
30.603172,52.755466,1
-88.622185,35.39785,0
-54.36085,1.0683631,0
-49.30868,81.0316,0
5.8779473,89.10688,0
-28.996542,-6.909778,0
1.36023,101.62745,1
72.10751,50.538376,1
-86.68194,36.276802,0
3.0159488,103.99086,1
-49.439182,80.924576,0
73.47249,50.597645,1
-49.726303,-59.29211,0
-80.18425,44.058807,0
1.5332674,21.763636,0
-51.22738,78.10365,0
-6.0063667,90.3497,0
-51.35896,-62.688683,0
86.54179,-22.716805,0
15.577381,-16.24902,0
4.6326923,-18.446966,0
87.22769,-27.014767,0
-2.8354304,17.716162,0
-98.73851,25.173737,0
39.96869,-4.603964,0
29.701635,-8.490176,0
-103.008,21.123053,0
-34.740826,25.272884,0
-90.943924,33.923782,0
4.6444955,-18.68553,0
36.766167,-5.8595104,0
58.88777,71.003426,1
68.76831,-3.8323064,1
-80.69514,43.714577,0
1.3883828,20.085413,0
28.293608,-10.0708,0
16.123304,-16.064802,0
21.964315,-13.213562,0
17.090391,-15.640485,0
-88.92486,35.158985,0
-24.16936,-12.253541,1
-75.007385,40.245083,0
-22.122705,-26.769196,1
-41.957893,-48.674675,0
-83.64576,40.314278,0
-96.680565,28.265867,0
-25.483822,-27.513414,1
3.1477978,104.11503,1
-50.45226,79.56641,0
86.49916,-21.185856,0
-74.58605,50.19017,0
41.985126,35.710896,0
-104.42079,19.542646,0
21.572353,-13.711661,0
-104.20257,19.700256,0
-75.975006,48.862198,0
1.0651956,101.109924,0
16.396858,-15.994411,0
-51.309174,-62.72149,0
-74.5325,50.448338,0
-95.18425,29.460108,0
58.668556,70.15763,0
71.55624,-7.910973,0
42.200245,-4.097882,0
-12.380388,-16.300678,1
-11.471522,-33.98379,1
-74.88572,49.676357,0
-73.12919,52.26448,0
8.234292,-18.22851,0
4.368391,85.80616,0
-51.420193,77.70548,0
-52.765038,75.88461,0
-73.79627,50.870155,0
41.001194,-4.490477,0
-98.32396,25.293398,0
-8.337689,86.59409,0
-88.98227,34.99855,0
-91.97103,32.192432,0
9.659966,26.196604,0
8.142415,-18.152077,0
-3.4460957,17.435892,0
8.572897,-18.059523,0
41.643486,35.366795,0
-48.96616,-58.01488,0
-49.17062,-58.392593,0
27.693615,-10.729804,0
21.624378,-13.791402,0
35.029404,-7.140722,0
48.802025,42.212807,0
-26.518044,-5.599679,0
-45.732193,79.040405,0
40.02144,-4.686181,0
-76.46509,48.098637,0
40.983543,-4.5041447,0
-29.074196,-8.602372,0
15.8326235,-16.46374,0
10.231389,26.420515,0
-76.180916,48.464592,0
3.6479604,-18.29977,0
-1.3438518,18.293129,0
38.500385,-5.2048235,0
-8.967208,85.76861,0
-58.365932,70.953476,0
8.193407,-18.232702,0
50.7165,43.57108,0
8.218279,-18.26214,0
-89.63295,27.408169,0
69.172554,-7.2941375,1
41.29876,-4.346111,0
-88.946106,34.942596,0
18.409502,-15.144198,0
-85.50282,36.739014,0
-10.957872,82.660774,0
86.73823,-24.169977,0
3.889792,-18.40223,0
-14.329709,-28.416397,1
4.8237357,22.752346,0
-81.77524,41.531628,0
-48.20559,-56.925987,0
-12.402045,-16.381313,1
38.539196,-5.2380443,0
82.11598,-16.318918,0
-48.537685,-57.629395,0
0.8171786,21.265238,0
-42.25298,-48.740547,0
108.18123,8.371548,1
-98.75045,24.560457,0
109.6329,3.8701828,1
39.56886,-4.891114,0
17.108444,-33.653282,0
-79.76026,44.12388,0
6.5567107,-18.892233,0
-82.2937,40.789825,0
-27.536104,-5.8851485,1
-79.840454,44.124294,0
-4.375512,16.75453,0
-99.8595,21.740654,0
-90.097786,33.702194,0
-57.67181,71.28698,0
-52.025482,76.50673,0
55.90978,46.770554,0
-98.4834,24.792645,0
-77.12138,47.350502,0
-47.977814,-56.705917,0
-0.33768362,18.856375,0
-50.715313,77.89707,0
3.7379575,104.92329,1
-76.38604,48.03482,0
-104.525345,18.963728,0
-45.565735,78.863434,0
40.049595,-4.7609086,0
40.399925,-4.6327505,0
49.32864,42.47736,0
-83.177376,40.283154,0
-48.1266,-56.95401,0
65.48257,49.958908,0
4.159455,-18.574364,0
70.616165,-6.8036933,0
-23.82808,-11.707195,1
-49.502476,-60.141006,0
-50.298573,78.765045,0
49.44574,42.592754,0
-90.11473,27.01962,0
-90.137825,33.938797,0
28.351154,-10.468558,0
-35.334393,24.742281,0
-80.30235,43.346615,0
4.5253386,22.500546,0
43.76968,37.019547,0
28.084358,-10.181567,0
40.440987,-4.6595044,0
-102.320595,21.102636,0
-8.2638855,-36.916172,1
15.578614,31.801266,0
-8.261502,-37.28345,0
-101.32155,21.499311,0
59.54095,48.466423,0
-79.533356,44.27781,0
-49.141033,-59.224716,0
36.0609,-7.0290647,0
7.5021396,24.469446,0
-91.0845,32.893387,0
-76.775826,39.511185,0
-94.95951,29.073069,0
-48.92557,-58.456303,0
56.572647,47.15362,0
-8.537533,-37.059723,1
-57.14888,71.078476,0
-92.351166,31.4849,0
-9.623281,-39.60099,0
28.066439,-10.844727,0
-8.254219,-26.807299,1
-40.654533,-49.021477,0
-92.38698,31.434906,0
-74.31881,40.692146,0
-10.039799,-39.64529,0
-83.50138,40.01374,0
9.670306,-18.118795,0
-101.42846,21.290787,0
-81.002914,41.88706,0
10.082415,-18.069443,0
-36.577606,-46.48931,0
-58.591938,70.692055,0
21.904434,-13.969788,0
74.94921,-10.363688,0
-4.0389333,16.974842,0
-7.926958,-36.176136,0
-50.32107,78.058754,0
-42.79619,-50.77249,0
-103.78347,19.523151,0
-72.80434,51.9546,0
21.659773,-14.229217,0
-86.68387,35.76049,0
-72.80933,51.768467,0
75.44689,-10.688585,0
-52.25739,75.25395,0
-93.615875,29.87,0
80.321976,-17.227432,0
-75.205376,49.15071,0
-86.768585,35.67249,0
48.976173,42.138763,0
74.19779,-9.821777,0
6.0188007,88.35243,1
40.10346,-4.859067,0
16.139303,-16.93347,0
-48.77932,80.88681,0
-103.76998,19.490746,0
-6.626652,88.40219,0
-48.778553,80.869194,0
20.880062,-14.723355,0
-58.57421,70.66629,0
-48.217186,-57.645996,0
-51.32654,-63.377136,0
-28.974653,-6.1097016,0
11.813552,27.105982,0
-79.801994,44.002617,0
-3.8411036,17.157387,0
-48.76421,80.86104,0
59.090088,48.387714,0
-103.45665,19.670645,0
-91.83667,31.888254,0
-55.593372,1.2577935,0
16.754051,-16.926752,0
28.69816,-10.332151,0
-24.783623,-13.8965645,1
54.14606,63.869267,0
109.30236,3.925028,1
-74.31226,40.8551,0
-52.25126,74.904816,0
-99.86642,21.675755,0
86.66303,-23.226343,0
7.002099,24.004318,0
-50.928856,-63.126434,0
30.483208,-8.564666,0
36.070614,-7.315208,0
42.057365,-4.324008,0
7.701678,-18.80487,0
-22.409704,-26.473616,1
8.251919,25.014202,0
-57.885654,70.799644,0
-51.39491,76.660255,0
30.554146,-8.513098,0
-98.53352,24.094742,0
35.875008,-7.4797626,0
-12.112851,-32.31556,1
16.154408,32.07432,0
6.3843746,87.98377,1
36.450794,-7.0267806,0
27.781418,-11.233696,0
-36.418293,-46.519905,0
22.332693,-13.891841,0
-8.158625,-26.573326,1
8.082851,24.852217,0
1.4824032,19.971088,0
-9.315569,-36.70322,1
-49.052,-60.449062,0
5.90482,88.27798,0
7.787199,-18.993319,0
84.11007,-16.730572,0
-76.386284,39.514942,0
-76.42539,47.60534,0
75.09035,-10.431567,0
10.187377,-18.202183,0
9.146304,25.72181,0
55.796326,46.609478,0
-93.10975,30.246798,0
-4.2416277,16.743465,0
-100.58865,21.325882,0
-99.71307,21.775812,0
54.42298,64.47182,0
9.457809,-18.376925,0
-9.718047,84.26898,0
73.88229,50.409256,1
-93.68542,29.781961,0
-51.69571,-63.73434,0
-48.771935,80.609406,0
-80.58032,42.106476,0
-81.98901,40.5512,0
-50.76108,-63.23109,0
-88.61404,27.816225,0
-40.74427,-49.27645,0
1.7934808,21.878086,0
-0.3743375,18.767412,0
8.826761,-18.495335,0
-36.229485,-46.464897,0
6.699721,-19.39028,0
-4.2086573,92.07659,0
59.682404,48.32037,0
7.8990088,24.658615,0
-25.004065,-15.840559,1
-9.2604685,85.033806,0
28.44438,-11.063134,0
-87.187004,35.117645,0
59.986042,48.285004,0
82.45778,-16.42243,1
55.43344,46.39622,0
68.830925,-3.846662,1
-40.554672,-49.469353,0
31.875341,-9.635433,0
27.328302,-11.539289,0
17.823652,-34.45186,1
-41.215797,-49.977463,0
3.5733175,104.1342,1
-94.608185,28.93885,0
2.604932,20.699924,0
14.090892,-18.36239,0
-56.24897,71.0943,0
6.747179,23.73737,0
1.4732649,101.10926,1
35.26315,-8.51378,0
10.253096,-18.27625,0
17.160019,-33.66164,0
-97.47533,24.840458,0
35.81495,-7.8177743,0
16.5159,-32.668713,0
-91.2599,31.762197,0
-40.33599,-49.50006,0
-22.597685,-17.28683,1
-76.03332,47.767197,0
42.592197,-5.387737,0
-35.509575,23.499529,0
7.074646,-19.325214,0
20.831787,-15.120697,0
-98.20642,24.255651,0
-94.86777,28.582493,0
-8.879131,-30.920408,0
-81.35514,41.07158,0
6.692153,-19.509077,0
49.014996,41.955673,0
-49.877483,77.86098,0
106.502914,4.759726,1
106.87246,4.5669937,1
42.3632,-4.594989,0
-86.72267,35.287144,0
-98.19298,24.22595,0
6.348919,-19.616825,0
-34.18855,-43.758575,0
-0.8632077,18.37965,0
108.71021,4.0125637,1
-13.809753,79.20158,0
58.107285,69.908585,0
-97.445015,24.963715,0
-10.907174,82.23916,0
36.202663,-7.5325274,0
50.19435,42.622574,0
-5.92128,89.815704,0
16.437496,-31.997158,0
-13.466509,79.56637,0
42.490417,-5.15698,0
-92.60772,30.569849,0
86.74765,-23.725496,0
-56.81807,70.87879,0
22.045961,-14.570937,0
-33.9688,-43.51486,0
60.33473,48.314857,0
-80.724464,41.471626,0
-6.2925925,89.04186,0
-50.82755,-63.372963,0
55.62636,66.31912,0
-40.52894,-49.68064,0
42.57997,-5.35987,0
15.673581,31.70797,0
-40.73202,-49.712112,0
15.737125,-31.056023,0
49.03065,41.88147,0
68.89506,-3.9279742,1
14.224181,31.350933,0
-9.936681,-27.51191,1
-94.438866,28.913383,0
71.99855,50.10202,1
-51.846066,74.65892,0
-49.571346,-62.58804,0
28.219576,-11.279656,0
28.833214,-11.037975,0
-93.22729,29.647762,0
-81.56606,40.744213,0
28.543919,-11.217444,0
35.86124,-8.060109,0
-72.11318,51.769684,0
-41.52071,-50.184715,0
-35.851734,-46.392002,0
-104.368576,18.504429,0
59.275555,48.01784,0
58.84004,71.10657,1
-33.342136,-43.107822,0
-9.684949,84.14565,0
-97.29843,24.718895,0
-84.92466,36.634747,0
23.004467,-13.930574,0
32.353737,-9.623881,0
89.10131,-30.482948,1
-49.010967,-61.939835,0
39.699635,-5.387445,0
-9.620475,-27.432333,0
65.779205,49.7313,0
-45.576946,78.88607,0
-80.728455,41.444965,0
48.636642,41.455112,0
-102.02568,19.959932,0
-96.77139,24.919127,0
-31.906258,-43.139072,0
3.0020618,102.87662,1
-10.465567,82.87501,0
-14.007416,78.90543,0
-45.55888,78.42554,0
0.9318336,19.644222,0
42.310886,-4.7387013,0
-49.85076,77.55122,0
-92.44127,30.50649,0
42.06766,35.294792,0
28.583086,-11.221326,0
15.295073,-18.020086,0
17.175278,-33.795765,0
39.295795,-5.7646117,0
-104.35062,18.44464,0
17.295057,-33.728443,0
109.96777,3.7580829,1
110.51218,5.961121,1
-92.42275,30.492693,0
87.35881,-27.104101,0
-85.27507,36.19606,0
3.4704223,21.403063,0
-91.073586,31.4174,0
-48.838825,-61.641502,0
65.616066,49.569668,0
14.5907135,-18.413427,0
35.03041,-9.143556,0
-72.29565,48.79884,0
-35.867474,-46.556614,0
-92.416725,30.477547,0
-103.365715,18.753986,0
-48.45895,80.6265,0
10.1073065,-18.579376,0
-13.430195,79.47744,0
-31.996548,-42.910404,0
-8.096961,-36.60874,1
3.8054936,104.22181,1
1.914631,20.106615,0
71.69736,-7.875948,0
-93.33766,29.629827,0
-48.955585,-62.023724,0
110.27918,3.721157,1
60.558857,48.2556,0
-99.796364,21.12674,0
-52.116158,72.601974,0
-1.3126965,96.36231,0
-7.0342183,-27.667639,1
-78.87057,43.91136,0
71.63251,49.91198,1
-98.53477,22.808405,0
55.997845,46.64487,0
-49.551945,77.43087,0
-49.40387,77.61953,0
-90.73774,32.151966,0
17.047934,32.290203,0
-85.095184,36.3052,0
15.9219,31.734514,0
68.2753,51.78085,1
-45.342182,-56.42265,0
-4.0230803,16.740103,0
-1.301,96.348915,0
-48.932926,-62.054535,0
48.748417,41.560192,0
50.05758,42.299015,0
28.373503,-11.611848,0
-35.921906,-46.717434,0
-82.68806,39.758614,0
7.91975,30.945662,0
-40.367577,-49.89128,0
-74.13857,41.018856,0
36.728798,48.725796,1
-25.413397,-5.9238625,0
-62.6386,58.30599,0
56.183456,46.711975,0
-85.48533,35.91206,0
3.6668193,103.69363,1
77.68679,-12.61768,1
-91.95978,30.70633,0
-43.269703,-54.77379,0
42.633717,-5.2612906,0
-27.34191,-10.514237,1
-33.66446,-45.3475,0
16.434486,-32.402157,0
3.5877774,103.52815,1
-69.80433,48.026314,0
-10.813863,82.083496,0
-9.699122,-39.336895,0
15.4811535,31.363737,0
-1.199397,96.49581,0
-56.993202,70.52458,0
107.872475,8.299552,1
-98.49717,22.682402,0
-3.6911,92.169685,0
29.02299,-11.5065,0
-70.07871,51.010155,0
65.76471,49.609238,0
-25.938534,-5.5385385,0
-58.084873,70.00509,0
-1.2737478,96.32691,0
58.653538,47.890984,0
-49.23177,77.854225,0
36.908607,48.51208,1
16.626766,-17.845747,0
-48.742268,-61.81751,0
-78.771286,43.778267,0
22.189281,-15.216245,0
75.768654,-10.819028,0
0.4867736,98.87303,0
-14.269201,78.494545,0
6.6825633,-19.856363,0
11.897074,26.803534,0
5.722842,87.91771,0
-34.946594,-46.095497,0
-46.402237,-57.74496,0
-26.528261,-10.931893,0
-46.78653,-58.33157,0
-6.2795205,87.37299,0
89.26583,-30.77009,1
-46.371067,-57.671093,0
65.94757,49.58966,0
-1.3227167,96.222336,0
-99.473854,21.22112,0
11.368755,26.501133,0
22.444899,-15.035783,0
-98.83964,21.814817,0
-100.035,20.463142,0
-101.14655,19.857079,0
80.23335,-17.275835,0
6.326774,-19.989353,0
35.30908,-9.146972,0
-69.5696,49.835487,0
5.605105,-20.111088,0
23.852386,-14.328072,0
71.45059,-7.6186833,0
-57.55731,70.137276,0
-53.30896,1.5592077,0
-50.696644,-63.722157,0
65.37236,49.142437,0
-86.30375,34.403748,0
32.037983,-9.643191,0
6.676201,-19.918346,0
8.014468,-19.760746,0
-50.35089,-63.672806,0
-46.062313,-57.37656,0
27.16785,-12.191431,0
-55.98998,70.59916,0
-50.159668,-63.629726,0
-76.438705,39.51156,0
81.993706,-16.286013,0
6.8627615,89.75121,1
13.286521,-19.19793,0
38.33072,-7.917388,0
-40.162827,-50.106415,0
-1.8313305,17.992853,0
17.385895,-34.0344,0
31.111712,-11.3099165,0
35.0994,-9.439537,0
-50.095886,-63.6168,0
22.982738,-14.535644,0
16.721203,-33.17732,0
-1.9459101,17.550735,0
-86.12013,34.71284,0
-84.74229,36.466835,0
-50.889767,73.14266,0
1.4397556,19.699509,0
4.4207597,85.77818,0
-81.00611,40.630123,0
6.009406,22.908506,0
11.604461,26.572077,0
-3.8250613,16.713493,0
-7.7221885,-29.444906,1
-11.360585,-41.326,0
38.051327,-8.427948,0
-80.98399,40.60133,0
-80.24721,40.793858,0
-104.23482,18.158491,0
16.14498,-18.271122,0
87.50798,-29.42231,0
-93.14329,29.411877,0
1.4470063,19.705595,0
-31.095963,-42.739487,0
-9.118901,-38.988266,1
-90.81381,31.308252,0
-48.24626,80.30042,0
-48.63624,-61.97358,0
23.544407,-14.897128,0
59.69773,47.92475,0
-79.23904,42.759624,0
-22.190306,-12.057292,1
-81.096306,39.915268,0
5.5878463,-20.214762,0
-95.51341,24.682238,0
-46.14481,-57.73463,0
8.259915,31.143446,0
110.41001,6.0189424,1
-24.96482,-21.824371,1
60.505856,48.077904,0
-14.523122,-28.164707,1
-6.3802238,87.01796,0
-69.48473,47.687572,0
62.175785,48.223316,0
-102.76229,17.674433,0
-42.821854,-54.667652,0
-51.088448,72.9676,0
-31.344654,-42.986183,0
35.599976,-9.120608,0
-80.12168,40.636524,0
9.855488,-19.82033,0
48.921234,41.409832,0
0.7368301,99.35765,0
-1.1078416,96.42093,0
54.13695,63.654606,0
-92.41834,29.612041,0
13.29982,-19.365961,0
42.171036,35.07039,0
68.38557,51.158997,0
-45.55157,78.36474,1
-80.69573,40.748634,0
106.51178,4.725525,1
-48.210506,79.77821,0
-49.65511,-63.650852,0
-46.48955,-58.3639,0
-13.441837,79.18553,0
4.2194467,104.88166,1
-28.944092,-6.484929,0
-8.657238,85.35625,0
-35.877953,24.864586,0
2.3042295,101.37492,1
-13.538752,79.01853,0
-14.799967,81.02946,0
-3.3297374,92.27477,0
-8.22663,-35.951584,1
-4.0269284,90.80944,0
-97.99943,22.152445,0
-76.78192,39.47786,0
4.228108,104.87967,1
-10.853487,81.38409,0
6.683618,-20.09569,0
1.6058714,100.51424,0
42.59783,35.327415,0
31.93243,52.047436,1
23.439075,-15.282926,0
-69.3645,49.265427,0
15.828066,-18.482586,0
-79.00419,43.011448,0
-31.485004,-42.9158,0
6.734145,87.86839,0
-15.606233,-22.474995,1
-69.30906,47.66481,0
-69.62976,50.88099,0
-48.88181,-62.871033,0
55.677364,66.51902,0
79.46948,-17.746006,1
-31.292952,-42.793324,0
4.030832,103.67925,1
-69.35944,49.826202,0
-49.050777,77.143715,0
56.426155,46.692482,0
-69.353355,49.81333,0
16.427883,-18.391426,0
-25.031536,-22.714737,1
86.63484,-21.060013,0
-62.427177,58.32592,0
8.079304,31.152155,1
-80.77991,40.347588,0
14.357337,-18.995052,0
41.888016,34.719368,0
-9.0487385,-28.115158,1
-34.44496,24.041756,0
44.509983,36.717876,0
-50.120304,-63.895115,0
13.276208,-19.476978,0
-42.602695,-54.749,0
15.848891,-18.5426,0
-25.048798,-16.253794,1
-99.460655,19.520569,0
34.83566,-9.865888,0
6.9821343,23.397608,0
110.741356,5.827209,1
55.953957,46.527252,0
43.712887,36.138634,0
-8.042273,-5.257278,0
-90.007965,31.396456,0
-34.303078,24.2276,1
44.404354,-6.4160895,0
5.171245,22.288414,0
-74.0884,40.540737,0
-98.21916,21.726175,0
38.825527,-7.936614,0
-9.858449,83.10946,0
1.1313245,22.72068,0
-62.340324,58.501728,0
-51.38445,72.36949,0
-48.803646,-63.137276,0
74.18417,50.119637,1
110.51255,8.936196,1
30.796453,-12.054821,0
-24.413763,-17.305883,1
-33.26422,-45.323307,0
-48.562798,-62.873188,0
-41.724472,-54.087852,0
-34.82412,-46.45088,0
-93.32416,28.599346,0
-0.37479898,97.37591,0
-91.56429,30.41083,0
38.23096,-8.165675,0
16.228632,-18.57707,0
29.238026,-12.301631,0
-1.9483657,17.51898,0
-85.99247,32.8646,0
44.639507,36.80423,0
12.880237,-19.719755,0
-45.74022,-57.816784,0
40.881958,46.86693,1
-33.68014,24.289574,1
74.15719,50.088913,1
37.815826,-8.310768,0
-0.059964027,97.78444,0
6.4256625,-20.296492,0
-92.52476,28.97162,0
59.551056,47.751762,0
12.250057,26.788774,0
-38.470745,-51.04254,0
-35.52516,-47.54532,0
-49.027763,-63.535927,0
2.1546376,19.869026,0
-49.009266,75.242516,0
-50.745045,72.72437,0
-102.09183,17.050781,0
-84.775444,35.590874,0
-0.77460897,96.761246,0
1.8047214,100.61132,1
29.66434,-12.359833,0
-48.091816,80.2774,0
74.04423,49.991936,1
35.431297,-9.800762,0
56.462868,46.661022,0
-22.150883,-26.722364,1
-2.051687,94.149635,0
11.880549,-20.251268,0
-101.86271,17.114485,0
44.17466,-6.632383,0
73.62896,49.810055,1
-13.119007,79.26345,0
58.01354,70.07818,0
35.133842,-10.051862,0
-93.45432,22.524546,0
-69.08903,47.31457,0
4.3174477,104.75609,1
-69.25161,50.154503,0
87.41353,-26.801128,0
15.98515,31.337442,0
87.728966,-29.748318,1
-34.929123,-46.784763,0
-48.09428,-61.9368,0
-57.628677,63.82508,0
29.088482,-12.5663395,0
-69.32644,50.532356,0
55.272453,65.98005,0
-57.28862,64.475975,0
24.854616,-14.284701,0
-24.260551,-17.111813,1
-44.003998,-56.50869,0
-43.634872,-56.027596,0
-90.24214,26.595984,0
12.932736,-19.809298,0
-38.270195,-51.17939,0
-5.873681,87.08259,0
-33.070515,22.279596,1
-78.88764,42.78849,0
-26.186892,-6.3377047,1
4.699102,87.626915,0
-69.26304,50.516853,0
60.35275,47.84033,0
-3.4647233,91.429016,0
-101.98926,16.898354,0
-45.750736,-58.153393,0
-97.78166,21.826704,0
-48.054657,79.95686,0
-44.540077,-57.053017,0
-86.126495,32.46648,0
34.10955,-10.361851,0
74.65352,50.395023,1
-85.872215,32.773087,0
109.592766,3.800324,1
-14.095691,78.35328,0
-50.980766,72.43241,0
-97.4207,21.95834,0
73.78816,49.81713,1
-48.799644,76.8354,0
36.41236,-9.581889,0
35.40555,-9.880162,0
35.454807,-9.9436,0
-0.79974407,18.054102,0
-42.42419,-54.84566,0
11.846722,32.446606,0
-10.410769,-26.43,1
-31.466682,-43.18887,0
-55.528404,1.1776924,0
3.185573,20.631748,0
4.123048,103.45424,1
-29.463099,-42.155853,0
-85.405815,33.2997,0
110.39504,3.7018476,1
58.634167,47.49572,0
4.537655,21.745726,0
-62.37156,57.987404,0
-101.73223,17.008495,0
-50.05504,72.99876,0
-6.0136924,86.810616,0
-91.65924,30.040491,0
-48.240532,77.877815,0
36.006233,-9.845973,0
-10.258207,-41.914555,0
-68.982216,48.4862,0
-43.945946,-56.57311,0
107.35595,8.164596,1
12.000956,26.512514,0
-50.297,72.7245,0
4.3854523,104.72437,1
23.260223,-15.895664,0
-50.29037,72.71978,0
44.806942,-6.768819,0
75.87839,-10.78152,0
-2.4882421,93.16203,0
24.426249,-14.665286,0
-83.57687,34.91699,0
43.863403,-6.9210505,0
-91.037254,25.919619,0
-48.783276,-63.720604,0
12.541864,26.859001,0
-47.88594,78.63184,0
10.779008,-21.29919,0
-77.59015,40.20731,0
-68.950294,47.88376,0
-3.614407,16.51043,0
-7.316468,-29.98634,0
-1.6046995,17.29708,0
-10.190037,-26.730232,1
-55.60422,65.825874,0
-62.344948,57.77948,0
-11.498204,-14.751667,0
-99.29551,18.493967,0
-1.383423,17.543552,0
37.88182,-8.681347,0
54.370247,75.038704,1
-29.970583,-42.680702,0
107.98083,8.367275,1
65.78189,48.732155,0
-79.911964,40.04396,0
22.831013,-16.896683,0
-62.833214,57.408726,0
-62.330116,57.766624,0
-69.17339,50.521873,0
87.34357,-26.398775,0
-34.896515,-47.510006,0
-38.832157,-52.11078,0
2.113801,100.713776,1
66.31092,49.176674,0
12.520492,-20.236094,0
-9.583508,83.10514,0
45.93315,45.528442,0
12.91187,-19.997877,0
-102.04393,16.542519,0
-68.84989,47.17428,0
37.415874,-9.19709,0
-98.60951,18.821152,0
-34.32805,-47.02399,0
10.811288,-21.403719,0
65.00892,47.8734,0
4.342585,103.97831,1
-30.93522,-43.17529,0
-43.554813,-56.117496,0
-25.061445,-21.35531,1
-34.357796,-46.984306,0
-41.923885,-54.56143,0
-91.964355,22.405472,0
-49.52973,-64.39901,0
-62.39374,57.4532,0
-68.81264,47.464928,0
-29.876842,-42.707947,0
64.638855,47.64711,0
-33.229126,22.33562,1
-31.060135,-43.111504,0
51.709362,41.435898,0
-69.05664,50.882065,0
51.43571,41.330338,0
0.74662185,19.141888,0
13.550358,27.336323,0
7.8743935,23.504183,0
-85.48995,32.865993,0
-74.258835,40.831696,0
23.259008,-16.304995,0
48.71106,40.653694,0
-79.41614,40.426437,0
42.683388,34.987896,0
68.61371,-5.366748,1
-32.73783,-45.53715,0
4.703909,85.56575,1
-68.94638,49.699436,0
23.188478,-16.542723,0
-9.580586,82.89259,0
-98.822266,18.50528,0
110.010574,8.9075365,1
4.2394857,102.97632,1
-84.90798,33.34672,0
-80.68187,35.295116,0
30.476881,52.798637,1
-8.194474,85.3676,0
-87.68927,28.027143,0
-48.590553,-63.891987,0
-14.052293,78.248024,0
-31.864643,-44.669437,0
-53.803658,0.7268402,0
-92.648964,21.909441,0
-33.633747,23.81223,1
-1.1248803,95.53112,0
72.127945,49.118996,1
-41.87496,-54.592735,0
-4.101171,16.19692,0
16.916544,31.676006,0
-31.84567,-44.66025,0
-48.302303,76.880714,0
39.28661,-8.28487,0
-3.1947317,91.55174,0
86.72113,-21.11814,0
-1.7567534,17.12259,0
-1.3014072,17.382572,0
74.15376,49.851433,1
-93.957306,20.870083,0
-41.22505,-54.15609,0
-13.600637,78.516304,0
-43.7048,-56.74863,0
35.224903,-10.409072,0
-68.59474,47.884647,0
-50.063427,72.62105,0
-98.44038,18.630095,0
-15.170112,-27.327381,1
-5.444187,86.99008,0
86.7687,-22.093267,0
27.104837,52.21023,1
31.258718,-12.88526,0
-57.49501,63.356964,0
-39.036507,-52.529892,0
48.72049,40.579704,0
17.425808,32.088818,0
13.6806135,-19.86929,0
23.31405,-16.697208,0
-49.378178,72.7907,0
13.261619,-19.99822,0
71.80678,49.004433,1
12.118954,26.40939,0
29.919828,-13.213799,0
10.540676,-21.915415,0
66.23086,48.7877,0
-44.717884,-57.99834,0
-80.207184,35.522823,0
17.463749,32.130287,0
29.564877,-13.283699,0
-29.511187,-42.62054,0
38.781483,-8.551455,0
-57.862793,62.579525,0
-101.91548,16.35011,0
44.893093,-7.1330004,0
-91.79419,22.148571,0
-79.26399,40.444393,0
31.28254,-12.953801,0
-13.032944,78.905,0
-1.4373249,17.227768,0
0.98374087,98.81534,0
-3.0559974,91.74548,0
-7.6329317,-5.192937,0
-49.692245,72.68433,0
-62.089893,58.083942,0
-43.62019,-56.819695,0
35.526783,-10.392402,0
4.319272,102.927185,1
-14.091695,78.158005,0
16.313728,31.079819,0
-68.539566,47.38208,0
55.787724,66.878174,0
-32.97182,-46.07871,0
-11.569774,-40.08024,0
-32.584698,-45.652824,0
58.339527,70.69929,1
5.8900304,22.276121,0
16.447796,-19.482826,0
-72.12657,48.650925,0
-25.939114,-11.508815,1
-85.00342,32.924824,0
-56.9138,63.90378,0
-44.758873,-58.58481,0
71.208206,-7.156369,0
-94.2634,20.484581,0
-55.434814,65.50487,0
23.405436,-16.51939,0
40.838,33.576706,1
87.419716,-26.490532,0
-44.02273,-57.428486,0
-10.836183,-34.022404,1
-48.553165,73.20966,0
17.30127,-19.760342,0
-9.664111,-42.53159,0
-87.128006,30.964216,0
-68.57211,47.713142,0
-43.4818,-56.865433,0
-43.798077,-57.214344,0
-79.03475,40.654972,0
5.6851754,22.184,0
87.62854,-27.42953,0
68.93942,-3.7302501,1
-38.84227,-52.825356,0
65.36739,47.986492,0
23.29792,-16.735466,0
39.130352,-8.530533,0
23.081203,-17.310476,0
-29.2134,-42.456356,0
1.5433711,99.4374,0
8.359227,23.498695,0
-13.824105,78.265686,0
-68.429474,46.576244,0
87.44623,-26.68523,0
-102.338486,15.458216,0
-29.661732,-42.94364,0
-62.026184,57.79121,0
-37.514557,-51.553886,0
-99.60065,17.177715,0
-79.69827,35.59508,0
-13.918048,78.199326,0
10.273371,-22.52094,0
65.513664,48.031715,0
-11.654696,-45.4465,0
-100.97482,16.484108,0
-101.60293,16.407528,0
-85.24537,32.648643,0
68.84512,-3.5593228,1
12.057525,-21.130442,0
-101.77786,16.03072,0
1.0782725,98.70793,0
-31.649723,-44.7758,0
-62.358803,55.946987,0
-4.0046544,88.74838,0
-29.701927,-42.96365,0
-49.526764,72.58148,0
-88.13879,27.760702,0
-98.69557,20.287474,0
-48.083904,-63.939487,0
-0.45186397,96.56253,0
-55.11796,65.58843,0
-3.3598773,90.50939,0
-57.831013,62.495377,0
-38.750607,-53.460182,0
51.406685,41.039783,0
-79.11902,40.3517,0
-57.12315,63.461357,0
-48.250874,-64.38702,0
-68.62021,49.59269,0
-47.8651,-63.699757,0
11.58992,25.83859,0
45.678314,-7.2796564,0
19.561113,-35.309486,1
-81.45076,34.54135,0
1.103572,98.69829,0
-90.7627,22.120985,0
58.426514,46.81998,0
-81.45221,34.3892,0
-48.13544,-64.27261,0
-86.668015,31.206886,0
30.716885,-13.706672,0
64.795906,47.40471,0
-37.454865,-51.633133,0
-10.451771,80.54136,0
-92.21965,21.778322,0
-38.780853,-52.739315,0
-76.10201,39.32831,0
45.506573,-7.2833877,0
33.025883,-12.73259,0
49.709442,40.656525,0
12.771024,26.691051,0
59.578556,47.253933,0
44.49893,35.96608,0
-42.040062,-55.186253,0
59.08037,47.327023,0
34.70896,-11.177046,0
68.93022,-3.6811676,1
2.589427,100.786224,1
-24.455627,-14.688633,1
40.810295,33.55236,1
27.39816,-15.561569,0
12.927297,-20.587257,0
-37.694508,-52.000927,0
88.913216,-29.377466,0
-26.418339,-24.406013,1
-93.33557,20.843115,0
71.07525,-6.9469323,0
4.5626025,103.37383,1
-6.716294,-27.544495,1
-29.469639,-43.0811,0
-91.31886,22.193844,0
10.329202,-22.643745,0
65.54584,47.95257,0
-97.78929,18.32311,0
-43.549503,-57.352856,0
27.415287,-15.6159115,0
-47.52204,-63.58497,0
-93.68729,20.493967,0
-44.779537,-60.003056,0
-10.296072,-39.698586,0
-11.449253,-45.36564,0
-54.874165,65.58871,0
12.068792,-21.469357,0
-48.13047,-65.62073,0
-80.86976,34.74671,0
-33.069527,23.231272,1
-79.267845,35.599953,0
-7.3320484,-28.275269,1
-3.9931877,16.010782,0
49.986515,40.63308,0
-96.854675,18.889349,0
-10.494573,80.30312,0
56.982143,46.512466,0
-68.18978,46.320774,0
-34.20392,-48.02699,0
109.07426,8.750038,1
-102.243774,15.321776,0
29.844341,-13.673436,0
4.3572445,85.494026,0
-13.774922,78.15054,0
44.451283,-8.174851,0
-29.22266,-42.877575,0
-58.731754,62.975403,0
74.96616,-10.067405,0
29.216423,55.06388,1
-85.67339,31.896877,0
-87.195305,30.662851,0
44.93504,-7.676416,0
51.45364,40.933197,0
10.52969,-22.706995,0
-101.85383,15.424352,0
41.981052,33.6153,0
-61.977104,57.238613,0
13.997607,27.36002,0
-98.878044,17.36051,0
7.5610075,23.002207,0
-38.395763,-53.129936,0
-38.693222,-54.040775,0
-47.944447,-65.285645,0
-68.37787,49.48012,0
15.850919,28.985714,0
-47.690475,-63.885498,0
-58.10175,63.06632,0
66.25909,48.4026,0
89.39999,-30.647228,1
-91.82209,21.362646,0
-1.7025925,16.857418,0
-9.517057,-26.709745,1
-97.98853,17.971275,0
-80.70047,33.17345,0
71.27677,48.58221,1
-28.688984,-42.172417,0
8.919021,23.50785,0
14.464751,27.726824,0
44.898605,36.147697,0
17.702288,-20.325508,0
-49.494644,72.24556,0
-9.146805,82.842094,0
-11.567668,-45.391373,0
-79.13298,35.48349,0
9.892669,-23.208036,0
-26.07809,-11.852971,1
-48.38444,72.93933,0
-79.764496,35.011055,0
-33.824356,-47.86051,0
-83.78192,33.04154,0
1.222387,98.66169,0
-14.787871,-27.697813,1
-29.714388,-43.92701,0
-97.95905,17.898247,0
-1.7098331,16.83782,0
18.049774,-20.31385,0
-43.767555,-58.414173,0
66.47196,48.4858,0
-10.356297,80.34939,0
17.592459,32.0514,0
59.47844,47.108696,0
-53.211826,1.0069782,0
-49.444126,72.203514,0
45.24294,-7.6861544,0
-7.496511,-27.286287,1
-44.082195,74.26163,0
30.935516,-13.723623,0
-62.006454,55.761818,0
11.623494,25.650074,0
-79.09985,35.41402,0
48.875793,40.21331,0
36.002487,-10.884132,0
-22.176186,-26.657549,1
-68.125015,46.96276,0
-95.124245,19.264273,0
-62.029102,55.699265,0
-87.94654,27.806454,0
17.562378,31.920483,0
71.47643,48.555016,1
-57.515045,62.95888,0
-91.0471,21.799702,0
5.110794,87.47579,0
-10.599184,-39.8838,0
-100.69253,16.150705,0
-98.30568,17.514874,0
-12.7626915,78.54936,0
-56.05794,63.998665,0
-101.941086,15.190388,0
-85.07597,32.001415,0
-57.640198,62.643,0
-42.85076,-56.952003,0
-48.57748,72.68552,0
-37.488445,-52.294373,0
51.342926,40.76686,0
87.64567,-27.032408,0
-29.36476,-43.671467,0
-1.2124013,94.09563,0
86.82081,-21.18671,0
-100.079094,16.276356,0
-67.87599,44.109493,0
-54.997387,65.15562,0
-90.08848,21.940437,0
-101.259186,16.018776,0
45.108204,36.19454,0
-85.97165,31.42364,0
-10.311304,80.271614,0
8.526989,23.28441,0
45.031017,-7.8315997,0
-92.985405,20.56517,0
-48.16599,72.70803,0
-31.446238,-47.43831,0
-43.49061,-58.05745,0
31.365978,-13.731651,0
51.77497,40.896595,0
-29.14294,-43.40341,0
-13.527951,78.11862,0
-94.55784,19.427174,0
-0.54706705,95.48614,0
-48.861877,72.42692,0
-33.68186,-47.97448,0
-36.131603,23.052547,0
-5.3873224,86.235725,0
74.17269,49.444237,1
-28.198793,-5.480547,0
36.072975,-10.945134,0
-100.044975,16.22409,0
-91.69222,21.137249,0
10.378546,-23.100313,0
-54.884235,65.21469,0
-92.12453,21.372063,0
-45.13697,73.63198,0
-33.672096,-48.02338,0
2.9178805,19.311243,0
-53.548107,0.628741,0
-67.98752,47.298817,0
53.96039,64.03319,0
-61.756,56.070854,0
-26.094688,-10.615515,1
51.19569,40.641293,0
4.685811,102.65684,1
-38.681427,-54.428146,0
23.657486,-18.166086,0
-83.21485,33.136036,0
-61.58588,57.144337,0
1.5685847,99.00841,0
-44.243397,73.97389,0
-1.6949316,16.712132,0
27.476841,-16.698027,0
-101.90705,15.157114,0
-32.897976,23.95281,1
-85.00214,31.96373,0
-43.572292,-58.65337,0
-42.999073,-57.360817,0
-99.937744,16.164833,0
-55.948082,63.89216,0
86.87267,-21.766401,0
-68.08584,42.764317,0
-61.459908,57.471912,0
71.448494,-7.207177,0
6.7415314,85.23299,1
3.059689,19.301397,0
-67.860466,43.500584,0
31.836666,-13.8048115,0
58.097054,70.60663,0
74.28812,49.519085,1
10.4797125,33.140835,1
18.558453,-20.39687,0
4.579566,102.2271,1
-67.96851,43.048664,0
-11.308302,-40.18367,0
-43.11794,-57.64971,0
9.960903,-23.413137,0
-44.194656,73.9413,0
1.321593,98.611404,0
4.8876147,87.11277,0
-43.666138,-59.348816,0
-9.939175,-43.284874,0
2.1533449,99.7264,1
40.55246,-12.011065,0
-83.74493,32.529766,0
-30.876303,-47.2329,0
-90.89483,21.450758,0
72.6058,48.44937,1
-24.03983,-14.94766,1
-4.7414627,86.516136,0
-61.843987,55.27801,0
-92.78157,20.487562,0
-8.012527,-27.237488,1
-33.28686,-47.912834,0
10.211282,-23.369379,0
-67.39963,45.35306,0
36.709263,48.789307,1
-11.24754,-35.41316,0
-97.78875,17.092655,0
-55.649273,64.18437,0
-56.273186,63.236053,0
-11.967187,-32.73011,1
54.346786,64.97066,0
-28.9789,-43.606716,0
11.483891,32.587696,0
-38.106236,-53.31444,0
23.380516,-18.371918,0
-12.4599085,-16.454952,1
-37.501617,-52.78202,0
-51.47037,1.0196252,0
-54.648323,65.239,0
15.584677,-22.018679,0
8.896464,23.292849,0
12.270377,-22.536856,0
-2.3476896,91.73594,0
-95.41342,18.657625,0
-67.91149,48.805832,0
10.783619,-23.107729,0
8.599067,23.196312,0
-4.888976,86.001434,0
-91.27094,21.230295,0
-8.38526,-37.945923,0
8.596799,23.195206,0
15.871009,-21.840685,0
-24.04167,-11.947964,0
-10.337079,79.96692,0
-1.5217984,16.64155,0
-57.230713,61.951912,0
-93.98856,19.465836,0
44.709198,-8.249559,0
24.48642,-18.314253,0
10.311953,-23.464127,0
-30.865158,-47.173294,0
45.38137,36.167477,0
-82.60451,32.33465,0
87.03034,-23.954203,0
17.64513,-21.01279,0
67.86698,48.275017,0
-47.53086,-66.05294,0
43.181633,34.38017,0
-83.51488,32.757904,0
17.648489,31.633314,0
25.690603,-18.267887,0
-24.813313,-18.148514,1
32.011566,-14.152415,0
-89.489555,21.762877,0
44.36501,-8.842537,0
-93.94077,19.426016,0
-25.72542,-11.534427,1
-80.466286,33.164055,0
-84.16086,32.376934,0
-8.107535,-29.206934,1
45.290035,-8.281539,0
-8.36151,-5.4905796,0
-33.381588,22.469738,1
-2.6402242,90.956276,0
-91.19311,21.13243,0
-47.386486,-65.9765,0
5.24252,103.06121,1
-47.11026,-65.72672,0
25.46325,-18.36086,0
65.339836,47.21903,0
-43.811104,73.91823,0
106.711945,4.5635796,1
50.829372,40.35923,0
87.57658,-26.489857,0
31.24472,-14.102426,0
11.88923,-22.840504,0
74.32474,49.409996,1
58.45782,46.425316,0
-86.64705,22.492931,0
10.436226,-23.37458,0
-53.544193,0.49828425,0
41.18134,46.52639,1
-48.846703,71.93715,0
27.022526,-17.58292,0
-43.211376,-58.592194,0
-42.215427,74.12256,0
-58.641033,59.333706,0
-101.53979,15.01255,0
-38.530064,-54.58981,0
-35.65754,24.716074,0
44.39282,-8.889792,0
-68.48136,42.428886,0
57.639694,46.41005,0
-43.408527,73.98432,0
-11.142512,-40.921215,0
-43.595524,-59.976074,0
55.97812,67.54841,0
-37.052937,-52.930656,0
42.357006,33.48992,0
13.864297,26.965763,0
-67.41622,46.13412,0
18.210308,-27.070124,0
-4.6144843,86.4049,0
-29.520697,-46.056774,0
-46.982895,-65.81498,0
-97.7322,16.747988,0
-29.821487,-46.545303,0
33.354034,-13.754138,0
66.80852,48.024014,0
-79.54068,34.22364,0
-39.43446,-57.845917,0
-56.85138,62.16181,0
12.875471,26.298595,0
-101.71094,14.8913,0
-25.58118,-11.859468,1
-28.873419,-44.33017,0
-80.36979,33.6437,0
42.1495,33.227005,0
25.891556,-18.374784,0
31.337763,-14.298809,0
-67.807,42.92547,0
57.035973,46.30823,0
-101.46398,14.920118,0
-91.57934,20.832088,0
71.17837,-6.8390026,0
-79.1394,34.369087,0
87.07439,-23.49232,0
13.649055,26.812016,0
-32.763485,23.773167,1
-47.11615,72.56455,0
50.632,40.226257,0
-3.1276662,15.702434,0
31.69568,-14.410263,0
-92.72197,20.18563,0
-61.144875,56.13474,0
-43.33322,-59.475895,0
6.8642783,22.102903,0
-78.609184,34.94703,0
-78.61455,34.926785,0
46.39976,-8.336731,0
16.048347,-22.329319,0
0.9976674,97.6492,0
-43.994408,73.66673,0
18.882442,-20.640491,0
32.549545,-14.096508,0
-92.13908,20.489532,0
-28.318983,-43.302532,0
-12.040658,78.24178,0
5.0050154,102.59346,1
-83.62813,32.404346,0
-90.72772,21.222004,0
64.65925,46.38471,0
-55.70709,63.792236,0
-0.69844055,94.27037,0
110.47711,9.072242,1
-54.939747,64.55253,0
33.087746,-14.098458,0
-55.628643,63.656895,0
40.44544,-12.550941,0
-15.616848,-22.387941,1
-61.362217,55.273727,0
-48.500137,68.76647,0
-67.862564,42.06232,0
-28.879715,-44.947823,0
41.24748,-11.952964,0
-2.5246415,90.35413,0
26.679054,-17.978153,0
-54.832085,64.73417,0
4.350284,101.030365,1
-0.661778,94.28081,0
107.32839,4.1708083,1
-54.386642,65.07408,0
-78.27496,34.8348,0
-11.88307,-15.375028,0
58.77311,46.457554,0
-0.087740526,95.04977,0
11.605834,-23.377317,0
-98.46247,15.794212,0
48.536854,39.447334,0
30.994703,-15.114713,0
12.510705,-23.065826,0
-54.548355,64.87359,0
-91.89248,20.7327,0
46.255028,-8.45003,0
-44.351536,73.343025,0
-58.91015,58.794224,0
-53.18374,0.6944547,0
-8.403472,82.735405,0
-78.37068,34.98552,0
8.882398,23.134777,0
-99.53293,15.636564,0
17.500072,-21.7969,0
-38.319466,-54.57834,0
26.681274,-18.04336,0
-43.217945,-59.654945,0
43.84856,34.507423,0
-96.41411,16.880337,0
17.706953,-21.463753,0
-66.95995,44.90299,0
-45.504017,-66.33881,0
45.376312,35.89874,0
-92.22374,20.455366,0
-82.58127,32.28632,0
-28.842697,-45.073906,0
-78.70856,34.490376,0
-10.434812,-39.886993,0
-27.259827,-11.990819,1
28.487381,47.98528,1
-61.48392,54.535217,0
-67.33949,43.83346,0
16.853878,29.303503,0
-47.95723,70.91089,0
90.683754,-6.731002,1
-96.38199,16.84573,0
-78.33337,34.93449,0
10.411988,-23.777609,0
-21.996908,-13.577503,1
-11.089444,78.6457,0
-28.144135,-44.623188,0
-84.17021,31.926521,0
-61.01137,55.60736,0
-45.25504,-65.70263,0
-29.979975,-47.320477,0
-66.91011,44.864216,0
46.675694,-8.494143,0
6.7388306,21.862017,0
39.155476,-14.759526,0
-38.33232,-54.83784,0
-33.068127,-48.906685,0
-57.149242,61.40209,0
-69.24522,41.854782,0
55.544575,66.97177,0
-47.079483,-66.299355,0
-9.802688,80.09204,0
-87.63222,27.888876,0
-9.680644,-42.15267,0
-93.90195,18.824764,0
-28.446024,-44.201885,0
17.735928,31.076666,0
-10.996632,-39.983265,0
-59.013565,62.93612,0
10.238731,-23.930098,0
46.765945,-8.519606,0
-100.60616,14.882088,0
41.201534,-12.472205,0
45.10724,35.550045,0
-29.287642,-46.284584,0
75.63939,-10.248452,0
40.925102,-12.597995,0
6.3502216,85.80287,1
12.2930765,-23.511198,0
-84.973656,23.52809,0
-39.12686,-58.126354,0
-27.552258,-10.172581,1
45.406734,35.82176,0
-45.969982,68.60016,0
-4.495965,86.08419,0
45.22352,-8.828267,0
-4.5700655,85.703964,0
-60.92879,55.338036,0
10.418627,-23.847363,0
-93.88737,18.728334,0
58.61557,46.294865,0
-29.527977,-46.765537,0
-1.2080514,16.270205,0
26.782106,-18.515085,0
7.153214,87.90218,1
-88.54666,21.504068,0
-28.859785,-6.7515097,0
-78.4027,34.675842,0
-39.25313,-58.447315,0
5.254971,102.60494,1
-37.039078,-55.020866,0
11.28472,-23.786715,0
-23.071943,-11.833993,1
-58.039722,59.38815,0
29.756317,-17.9962,0
-56.04584,62.197803,0
66.184204,47.20595,0
12.600715,25.697355,0
73.47518,-8.504645,0
-78.582855,34.2071,0
12.310526,25.37815,0
25.156775,-19.439373,0
26.022324,-18.730215,0
-45.54971,-65.92618,0
-24.783749,-19.514467,1
87.19109,-24.765877,0
-95.482796,17.252337,0
-57.95582,59.565094,0
-3.082531,88.63923,0
57.40628,69.92353,0
20.145815,-35.152336,0
-28.50474,-45.09101,0
-52.491024,1.355908,0
3.070844,18.857355,0
-36.718956,-54.224483,0
9.897646,-23.968754,0
-61.448643,54.022892,0
25.457048,-19.031813,0
-54.178776,64.93163,0
19.848206,-35.358334,1
-79.16698,33.041164,0
-35.949924,22.587944,0
-66.52116,44.96949,0
40.358696,-12.93858,0
67.38602,47.74518,0
-3.083368,88.62807,0
-97.83946,15.425911,0
-96.96726,15.997256,0
46.092083,36.350437,0
72.83326,48.014183,1
-90.94519,20.800777,0
-24.97086,-17.569944,1
40.375584,-12.969575,0
-41.076218,-60.758995,0
-67.85302,41.381763,0
74.051834,48.552948,1
-42.8672,73.65881,0
-55.22508,62.986984,0
-54.42031,64.397934,0
-32.45802,23.962679,1
-84.87052,23.550909,0
-28.611607,-45.32023,0
-60.93473,55.07412,0
-96.60887,16.259357,0
-43.930744,-65.826294,0
-85.446,22.40029,0
-85.038086,23.049517,0
-8.577287,82.10077,0
-29.681723,-47.38603,0
64.80001,46.184025,0
9.087011,23.006838,0
1.9500692,98.63463,0
-28.839708,-45.84137,0
-1.8063823,16.049162,0
-29.58788,-47.24734,0
-100.53378,14.7499695,0
-36.13103,-53.378708,0
-11.942154,77.906296,0
-29.133139,-46.374886,0
17.006493,29.21872,0
-43.377827,73.47998,0
-97.00852,15.77003,0
17.611662,-22.090097,0
89.08333,-29.105953,0
-11.156329,-33.687,1
16.473467,28.708849,0
71.412964,47.976856,1
-4.4375,85.99761,0
11.156548,33.415062,1
-9.701835,79.95457,0
40.683006,-12.951392,0
107.87015,5.2094207,1
-46.40842,-66.3446,0
3.4078758,18.813316,0
-30.301971,-49.30265,0
0.43315762,95.20955,0
29.218992,55.730206,1
46.71187,-8.907444,0
-85.16828,22.602757,0
-67.42821,42.42682,0
40.83675,-12.759321,0
14.924186,-23.590614,0
-3.8310242,15.222706,0
-78.22919,34.511673,0
107.49545,5.8572893,1
66.71258,47.31923,0
-66.761406,43.821068,0
-57.545284,59.963127,0
-39.269787,-59.054707,0
69.00954,-3.4678235,1
-44.32933,72.51131,0
2.3859258,98.944695,0
-78.88518,33.348644,0
26.116898,-18.940395,0
-73.97705,40.35552,0
-94.69243,17.608759,0
-60.47411,55.44292,0
33.406216,-15.263206,0
-88.57436,21.27308,0
-47.62019,70.11309,0
71.62287,47.9358,1
5.09496,85.39667,1
44.00818,-10.269924,0
-36.4158,-54.211018,0
45.63483,35.82596,0
44.054573,34.29269,0
24.308023,-20.781183,0
-59.774513,56.1785,0
-66.48296,44.11531,0
-100.768196,14.545507,0
29.21892,55.791065,1
76.0207,-10.422337,0
6.3185863,103.239105,1
-96.5379,16.09031,0
14.310961,-23.877445,0
-22.319868,-9.964101,1
-39.192924,-59.097557,0
-4.219748,86.118515,0
23.977678,-21.112171,0
-29.571472,-47.602077,0
-45.504444,-67.35609,0
-29.539087,-47.52544,0
17.848001,30.547667,0
-41.8742,73.65676,0
-8.610613,-27.24,1
76.02639,-10.418001,0
69.435646,-4.079572,1
-24.516615,-14.888524,1
-28.104912,-10.028043,1
73.12969,47.915928,1
71.96225,-7.333639,0
40.5887,-12.975572,0
58.758484,46.08974,0
-53.32644,0.09865487,0
4.739577,85.46066,1
73.37435,-8.309496,0
40.439995,-13.164783,0
46.783264,-9.083519,0
16.927488,29.01058,0
-43.992203,72.69141,0
30.729815,-17.875195,0
-4.438384,85.27903,0
65.36742,46.314766,0
-36.394573,-54.681366,0
-60.321987,55.396538,0
6.5261283,103.318825,1
24.707117,-20.521976,0
-39.37093,-59.74824,0
-37.011604,-55.763756,0
-61.1351,54.15074,0
-94.20314,17.843723,0
-78.82916,32.7315,0
17.868902,30.740429,0
-29.992748,-49.04507,0
-46.941505,-66.6233,0
46.95323,-9.049171,0
9.240431,20.072983,0
-78.45569,30.09316,0
27.052843,-18.92753,0
-97.061905,15.22671,0
13.970734,-24.008924,0
-28.427277,-7.9554634,1
-10.910859,-25.930685,1
-11.721842,-33.388798,0
14.75179,26.927114,0
26.171942,-19.197311,0
-8.690057,80.58893,0
-2.9149733,88.58333,0
-52.143555,2.8368702,0
-10.601611,78.66782,0
0.3281982,94.806725,0
-54.962177,61.939426,0
-57.638298,59.339672,0
-48.06548,68.21927,0
75.46489,-10.008189,0
-86.673225,21.27745,0
-11.112613,-35.26451,0
-96.76923,15.56847,0
-44.34384,72.425606,0
40.733124,-13.157316,0
-44.14312,-66.298256,0
-9.731313,79.66459,0
-67.60117,41.067577,0
45.403965,35.431393,0
-92.688416,18.930492,0
-43.868923,72.47942,0
-41.858116,73.56415,0
-67.45104,41.276455,0
-85.195114,22.129883,0
-78.33142,33.755035,0
-46.5764,-66.57498,0
7.2304816,88.12263,1
53.21926,39.789944,0
40.98489,-12.9939575,0
30.196007,-18.809954,0
-61.073456,54.05249,0
-44.54693,72.00208,0
17.66857,29.865128,0
-28.200876,-6.4203877,1
16.722765,-23.217,0
-85.362335,21.71729,0
-41.776714,73.53202,0
-28.663641,-5.358306,0
-0.78408617,15.606431,0
-8.440746,-26.24666,1
87.85207,-26.747572,0
110.36034,9.128051,1
14.068814,-24.081682,0
-44.469013,71.81164,0
36.54316,48.691578,1
-35.50678,22.465904,0
39.463524,-14.854273,0
89.672615,-30.802198,1
34.026424,-16.609491,0
-29.762814,-49.165794,0
-47.62938,69.0725,0
-40.27036,-61.437984,0
-43.804073,-66.197586,0
-46.667206,-66.66919,0
18.28373,-27.067211,0
65.37527,46.188484,0
45.73537,-9.673377,0
-10.38393,-41.095116,0
-40.562363,-61.678272,0
-13.140455,77.473015,0
-61.03735,54.04655,0
-94.49058,17.331692,0
-4.4158173,84.665886,0
9.28876,20.08152,0
67.63802,47.235546,0
-65.290825,44.840557,0
-12.675271,77.45215,0
64.96077,46.010574,0
-4.033625,86.24479,0
-36.11293,22.952946,0
-10.379754,78.82345,0
15.720869,-23.755085,0
13.66695,-24.152239,0
-36.34069,-54.6621,0
39.305187,-15.002797,0
-53.445183,0.1732905,0
3.349407,18.66476,0
-58.37428,56.5287,0
-78.3108,29.919147,0
-12.288961,-41.260445,0
-11.408379,-14.600501,1
-3.6493604,87.012535,0
7.1298513,21.647186,0
5.5141797,101.92335,1
-22.16873,-10.102916,1
39.01868,-15.198689,0
-11.006053,-25.145157,1
-36.386543,-55.942535,0
-7.2248483,-5.177728,0
-41.86748,73.41499,0
-45.755756,-67.16094,0
11.450493,-24.420399,0
18.218506,-22.307577,0
15.75587,-23.696602,0
-25.403242,-45.155247,0
47.145985,-9.304438,0
-45.813385,70.867065,0
-95.93244,16.155832,0
-63.444447,46.16445,0
109.98229,3.5399528,1
-97.063126,14.588805,0
-46.032215,-66.718346,0
-54.654984,61.453568,0
11.165057,33.179043,0
44.276104,45.783066,0
11.583364,23.340109,0
47.08425,-9.479914,0
-41.411987,73.46113,0
73.41653,47.797523,1
42.42644,32.740856,0
-11.181815,-45.49987,0
-96.61372,15.200112,0
90.80778,-5.8820343,1
41.51277,-13.10668,0
70.65174,47.72228,1
-65.52818,44.10883,0
88.00239,-27.074383,0
-30.418009,-51.043816,0
-93.7961,17.654783,0
40.25656,-13.473852,0
-10.997382,-45.477196,0
107.11348,8.172655,1
-28.959839,-49.21194,0
-77.85867,31.138454,0
52.53524,39.4195,0
70.2288,47.46991,1
9.62105,22.857508,0
24.178926,-21.53392,0
16.701614,-23.45495,0
-43.517197,-66.350586,0
-25.244137,-45.20729,0
45.734818,35.628086,0
51.86782,39.319786,0
56.18858,68.58824,0
73.23986,47.71876,1
-8.484113,-5.567793,1
-46.92069,70.02551,0
-4.0381317,14.901952,0
-42.241768,73.17342,0
-1.45507,90.6281,0
65.45625,46.07699,0
-28.59009,-46.673206,0
0.51442593,94.656715,0
45.303204,35.095795,0
-54.677258,61.10973,0
-57.22408,57.179245,0
-59.16644,55.826797,0
3.8689973,18.62127,0
53.27062,39.43811,0
-39.734207,-61.364174,0
-29.772348,-49.883324,0
87.32276,-22.846918,0
12.720523,25.182924,0
-39.331142,-60.802856,0
-43.413128,-66.41523,0
-79.36519,27.365118,0
73.04647,47.678314,1
18.03819,30.15365,0
-24.024508,-12.040975,1
43.052208,32.96469,0
-7.98475,-38.050747,0
-46.282677,70.40121,0
-1.390689,90.61916,0
17.413692,29.213705,0
-25.184603,-17.91141,1
79.34287,-17.820013,1
-4.0276346,14.862136,0
30.01318,-19.319096,0
-65.20378,44.307076,0
16.703415,-23.556774,0
-27.175602,-45.974037,0
30.00972,-19.305166,0
-25.76151,-45.595646,0
-93.99318,17.402613,0
-37.39752,-57.678604,0
-34.122616,24.124804,1
57.47194,70.33006,0
35.222473,-16.95667,0
-85.15718,21.46736,0
45.621517,35.427937,0
46.04917,35.874657,0
-24.479675,-14.90812,1
-57.65458,57.013355,0
-37.98759,-58.542385,0
42.044106,-12.907739,0
23.498402,-22.029772,0
30.454115,-19.16545,0
40.760426,-13.40358,0
26.074642,-20.30757,0
17.555216,-22.945183,0
-63.766872,45.81912,0
-53.407066,64.178185,0
-36.130978,-55.131763,0
-58.8131,56.027664,0
-10.027724,-27.298481,1
-78.27744,29.34415,0
5.6279917,101.3019,1
-7.329844,-28.525553,0
11.301908,-24.665726,0
-2.921412,14.719258,0
-9.013649,-42.68355,0
-25.776653,-6.930403,1
-85.83648,19.890377,0
25.053223,-21.131264,0
-52.100563,1.6970383,0
-98.25386,8.729524,0
-28.684244,-7.2791634,0
-29.770002,-50.49198,0
66.51846,46.338573,0
-39.221256,-60.956627,0
14.710207,-24.37193,0
26.089603,-20.401728,0
-45.261143,68.82728,0
-2.0814824,15.140399,0
-29.649534,-50.036053,0
-29.04787,-49.034977,0
-36.84368,-57.07061,0
-77.568054,33.69284,0
-85.5816,20.240547,0
5.1953135,99.51657,1
-85.339226,20.881834,0
-36.216255,-56.1786,0
-0.5416197,15.136611,0
-66.61474,41.41571,0
90.57432,-4.341403,1
-77.264145,31.805859,0
47.386482,-9.686483,0
-37.81132,-58.443237,0
44.552593,34.0661,0
42.48577,32.597157,0
107.95921,3.8442063,1
-60.810936,53.83656,0
11.214418,33.262325,0
35.012768,-17.178833,0
-77.36837,31.424097,0
71.026474,47.563236,1
-59.02044,55.23628,0
-67.257866,40.65834,0
18.174162,31.181362,0
20.357006,-35.194954,0
-45.243088,70.679565,0
-38.912544,-60.669674,0
0.34599096,93.85706,0
-67.28412,40.629734,0
29.199669,56.54481,1
-9.752742,-44.030285,0
87.36714,-22.82773,0
-96.23951,12.428967,0
-9.049331,-30.691044,1
41.261887,-14.188328,0
-98.2626,8.690876,0
-77.207375,32.170887,0
-63.178787,46.432972,0
-47.894783,67.17477,0
-11.319959,77.56584,0
-54.20283,60.88287,0
-63.483303,45.856014,0
-84.44547,21.959146,0
-66.24681,41.87915,0
-57.50783,56.739166,0
-42.946983,-66.28876,0
-36.26133,23.710138,0
-64.89948,44.470947,0
-40.323063,-63.002743,0
52.980793,39.129448,0
109.00245,8.891318,1
1.3739488,96.037895,0
40.636726,46.482777,1
-38.094242,-59.163445,0
-11.123044,77.681526,0
36.249893,-16.912333,0
87.66986,-25.990927,0
-54.145466,60.863495,0
-9.073659,-31.255262,1
40.915054,46.602108,1
16.106129,-24.03056,0
-98.2143,8.646821,0
-12.1734705,-41.22112,0
2.7379189,98.48577,0
-28.821548,-49.152287,0
-63.180183,46.310623,0
-36.02863,-56.04717,0
24.063005,-22.00178,0
-29.403076,-50.946003,0
-25.2306,-45.551727,0
3.6640198,18.474329,0
28.87047,-20.070066,0
-63.314354,46.027706,0
-67.55173,40.27951,0
-51.555035,1.7429118,0
47.555,-9.6869545,0
-83.212715,20.302214,0
-84.693436,21.64624,0
68.52283,46.764668,0
27.12888,50.213684,1
-54.732117,50.611996,0
47.383854,-10.369432,0
-96.11894,12.256286,0
-65.14337,43.472935,0
57.968594,71.3803,1
46.262657,-11.832275,0
-1.2665552,90.40227,0
-66.81724,40.907337,0
-39.021935,-61.15666,0
70.84573,47.57245,1
34.787266,-17.476051,0
-56.383625,57.808628,0
26.43415,-20.788973,0
31.105474,-19.265732,0
30.673708,-19.404276,0
-55.750195,57.954144,0
34.496273,-17.673105,0
-8.447557,79.92799,0
-79.511986,26.636106,0
-42.68636,71.83564,0
-43.36821,-67.835526,0
73.35495,47.503883,1
-95.840485,13.52591,0
-41.147682,73.03667,0
34.566174,-17.754366,0
-45.525974,68.6314,0
-40.255463,-63.117634,0
-29.018421,-51.839996,0
-47.394543,68.25091,0
-2.376774,88.754036,0
-59.158997,54.994347,0
15.773573,26.976433,0
28.333475,-20.336782,0
24.358953,-21.955656,0
-43.74945,70.94545,0
-36.146286,-56.757233,0
7.1295333,87.147026,1
-9.746259,78.90191,0
-84.26641,21.841362,0
-22.528048,-17.61115,1
-77.97837,29.368973,0
44.618435,-12.973228,0
-90.7309,14.733185,0
-3.9242997,85.34211,0
-42.942154,-67.10451,0
-42.650455,71.76888,0
25.868618,-21.048973,0
-40.839645,73.14153,0
-98.02495,8.642139,0
-98.08473,8.607711,0
11.638279,-24.892775,0
47.4525,-10.537979,0
70.88374,-5.752133,0
-58.32466,55.785034,0
-59.1027,55.626774,0
1.0354377,95.03846,0
-4.0696073,84.58649,0
-28.121244,-8.987632,1
-85.532265,19.50483,0
0.8896572,94.66781,0
24.40636,-22.032063,0
40.54784,-14.455708,0
-83.22054,20.274315,0
15.84243,-24.4595,0
28.879545,-20.18146,0
-39.190784,-61.750774,0
-21.973951,-26.713379,1
-47.64508,66.67866,0
-86.10086,18.398073,0
16.421288,-24.11941,0
42.719704,32.43534,0
41.020157,46.41985,1
-59.372337,54.78832,0
-22.53632,-17.541471,1
16.687735,-24.003786,0
-0.30622542,-33.244698,0
-95.78925,12.771146,0
45.039078,34.213882,0
-57.216602,56.678944,0
-47.677235,66.95833,0
29.625729,-20.040304,0
15.854375,-24.492464,0
16.3501,-24.220907,0
5.3992915,85.33789,1
-39.53609,-62.20299,0
-67.46728,39.962566,0
7.433084,88.09031,1
40.86261,-13.892414,0
-11.317254,77.2451,0
-47.293026,67.32712,0
-39.538395,-62.23822,0
40.911674,46.91976,1
14.583224,-24.922243,0
-28.454308,-49.10178,0
-39.478992,-62.1526,0
5.861286,100.82839,1
24.237211,-22.360468,0
-47.560074,67.452095,0
-12.2191725,-32.461163,1
-64.689285,43.660275,0
66.68305,45.945423,0
44.469986,-13.390796,0
-25.175016,-46.017765,0
-38.754993,-61.33139,0
35.626602,-17.30813,0
69.03098,-3.1612892,1
53.163,38.91983,0
-56.05929,57.01403,0
-9.446382,-42.29077,0
5.7858653,100.026474,1
-9.346318,79.18909,0
-4.014044,84.46939,0
-58.93417,54.800194,0
-54.244614,59.02901,0
5.8824034,100.81145,1
-24.86505,-18.613453,1
-28.323565,-49.07063,0
-64.61855,43.59112,0
-98.085884,8.572154,0
-4.655301,82.50347,0
42.444225,32.387985,0
-24.758188,-45.2368,0
11.955817,23.033018,0
-25.019522,-46.454193,0
31.451017,-19.508524,0
-78.7056,27.367783,0
73.74313,47.462734,1
-24.302689,-19.081244,1
109.77578,3.47726,1
24.788645,-22.021053,0
45.485146,34.617023,0
31.970615,-19.333954,0
30.954596,-19.660452,0
-85.17246,19.616655,0
-43.08145,70.81107,0
-35.815926,-56.320515,0
47.732067,-10.528967,0
15.094606,-24.928995,0
-9.839679,78.51149,0
-52.052177,2.852155,0
-35.87095,-56.61657,0
-47.60232,66.841354,0
5.743434,99.59459,1
107.62505,3.8944178,1
-98.106224,8.534342,0
24.836906,-22.092419,0
-34.155334,-57.302807,0
-24.798546,-13.422778,1
84.513275,-16.348303,0
-42.28477,-66.45811,0
44.326767,45.693794,1
17.511335,28.69497,0
-11.185404,-40.885952,0
-78.2101,28.173239,0
8.00837,102.16855,1
15.567604,26.612942,0
-4.2977643,83.10169,0
74.283745,47.57576,1
73.94551,47.46275,1
-24.889105,-45.47055,0
-42.756393,-67.77953,0
18.479757,-35.984013,1
-66.81248,40.4013,0
-66.350105,40.940716,0
57.16332,70.16305,0
59.79429,40.882935,0
-65.077415,42.831787,0
47.851326,-10.609814,0
-40.620777,72.9629,0
45.261734,-13.027596,0
12.599801,23.973019,0
18.00649,-36.220737,0
-53.824345,59.731983,0
-28.737478,-51.872074,0
-7.7993693,-38.394665,0
34.902515,-17.91607,0
29.272245,-20.767778,0
-28.392529,-49.37966,0
-91.8896,13.546546,0
-95.74619,11.641862,0
15.710161,26.658762,0
29.721155,-20.252594,0
-55.775856,57.3109,0
-0.90750843,90.41458,0
-93.086845,12.8397875,0
-77.8182,29.026558,0
18.11658,29.474892,0
16.70204,-24.198402,0
-57.5347,56.116547,0
-86.18137,17.841724,0
4.8879304,18.28111,0
-67.927376,39.74838,0
4.028499,18.325146,0
-42.501873,-67.4242,0
-52.60399,60.96317,0
57.253124,70.31761,0
-79.699196,26.115524,0
-25.242113,-46.736095,0
47.875156,-10.7246275,0
34.165783,51.153034,1
32.221943,-19.481531,0
74.77773,47.447952,1
-84.27926,19.709135,0
-76.41601,30.941261,0
47.465633,-11.385958,0
-33.99651,23.753246,1
51.345264,38.011795,0
-85.43339,18.968761,0
40.93165,46.56602,1
-83.8293,21.876045,0
-54.397892,58.390285,0
39.613354,-16.461485,0
-28.74889,-52.35551,0
39.25254,-16.831858,0
47.68627,-10.921638,0
-42.917416,-70.31671,0
5.990709,18.413778,0
-24.78937,-45.514187,0
-83.72768,21.522234,0
44.767307,33.5849,0
-12.181373,-31.203953,1
35.068306,-18.09756,0
0.954117,93.75344,0
-28.773905,-52.50088,0
4.4565024,85.26565,1
-85.09074,19.369566,0
-40.695427,72.32453,0
-64.07304,43.692463,0
-53.14604,60.3816,0
-2.9834886,14.057808,0
28.406984,-20.700903,0
14.053331,-25.3666,0
-43.335262,69.78949,0
45.82594,-12.893189,0
-35.766766,-57.853218,0
46.689175,-12.184367,0
44.293015,45.737206,1
-42.55353,70.891106,0
-3.8669453,84.13629,0
-42.683945,-69.02052,0
-53.460545,59.80848,0
-83.71259,21.818773,0
60.22223,40.775616,0
-54.3403,58.305233,0
-28.473223,-6.3614902,0
-42.2468,-67.079346,0
-11.164972,-34.957302,1
-56.030643,56.893612,0
14.745333,-25.244787,0
-97.53321,8.528961,0
-79.523834,26.291342,0
87.53958,-22.570782,0
15.638211,-24.917915,0
17.986557,28.921091,0
-83.79403,21.57832,0
11.573184,22.459494,0
106.32624,4.574078,1
-53.4501,59.74222,0
72.70156,-7.448257,0
-90.041565,14.325957,0
59.84204,40.733807,0
73.60162,-8.080718,0
27.795343,-21.126266,0
-58.270695,54.981277,0
-76.24594,30.87146,0
47.074596,-11.81829,0
3.8169718,18.238811,0
-24.471447,-46.640484,0
-6.8582273,79.66707,0
65.90637,45.554466,0
-37.752342,-61.378407,0
-0.20358355,-33.66872,0
-94.95778,11.688935,0
-97.5157,8.508802,0
4.4004917,18.205507,0
-37.743114,-61.271965,0
-95.78479,11.110615,0
88.12513,-26.636358,0
-43.55167,69.18055,0
40.927338,46.394886,1
-41.203014,71.584946,0
-47.359554,65.77785,0
-77.42792,27.784702,0
47.99663,-10.958721,0
82.301956,-15.761397,0
67.93845,46.07646,0
32.49935,-19.642637,0
-28.678461,-52.70017,0
-42.655464,-69.555595,0
-28.625124,-52.609562,0
67.95776,46.06491,0
51.473217,37.90154,0
-52.58194,0.5942501,0
18.303972,29.541613,0
18.22034,-36.171604,0
-24.28633,-12.03924,1
-42.089813,-68.197655,0
-77.63087,28.663061,0
-52.790062,60.521408,0
-9.646678,-44.29428,0
-66.663284,39.94011,0
65.55603,45.481834,0
-34.04423,-57.51378,0
47.634533,-11.67828,0
87.16972,-20.718988,0
5.346397,19.009094,0
34.20991,-19.033434,0
-42.657825,70.375206,0
47.860435,-11.236496,0
35.02099,-18.312801,0
-40.426514,72.40601,0
70.34197,-4.602852,0
18.793844,30.587084,0
15.244502,-25.209106,0
-55.467216,56.891636,0
16.09105,26.673618,0
-25.178339,-48.000786,0
-11.263191,-33.36199,0
-90.51801,13.77946,0
18.321314,29.512482,0
72.728264,-7.401572,0
-42.643867,70.337875,0
31.993494,-20.064653,0
1.6184424,-32.59231,0
-37.294968,-60.992783,0
-94.92832,11.55705,0
-39.82089,-64.075,0
-66.41581,40.042236,0
-40.328487,72.75118,0
-41.797684,-66.728874,0
26.609877,-21.879848,0
-40.451,72.093315,0
53.075974,38.49504,0
16.593271,-24.616957,0
-84.70384,19.484037,0
26.870552,51.97509,1
39.473164,-17.488964,0
31.317085,-19.976292,0
-54.10202,58.18762,0
-6.9242363,-27.417694,1
54.230595,65.88015,0
-74.65783,31.052944,0
-25.052849,-47.649014,0
-50.589233,-0.4297286,0
-78.15173,27.365555,0
-53.21773,-0.78309065,0
-36.848145,-60.828342,0
-2.0191991,14.176088,0
-40.010063,-64.999405,0
-45.226357,68.660385,0
45.178913,-13.618422,0
-42.16318,-67.666664,0
-62.862797,45.50706,0
6.0722227,99.61797,1
-75.29654,30.838612,0
-75.22307,30.803154,0
-95.351685,11.141484,0
-10.589856,-45.49198,0
-10.9402,-25.232132,1
-34.87832,-58.207172,0
-28.484287,-52.793137,0
-42.226475,-68.24949,0
34.26966,-19.205503,0
-37.131313,-61.23729,0
-83.988335,21.290716,0
48.190556,-11.294129,0
-40.302204,71.93318,0
-16.22009,-26.181238,1
-53.228462,59.533363,0
-93.36762,12.182499,0
-78.55171,26.885788,0
6.1492434,18.361778,0
14.864435,-25.455172,0
24.71795,-23.348648,0
-43.62622,68.36217,0
-42.35832,-69.701416,0
-28.18033,-52.42051,0
27.627342,-22.28972,0
24.824835,-23.12349,0
26.607851,50.047634,1
-0.031444035,-33.887108,0
106.54909,4.38874,1
39.411167,-17.248322,0
69.11146,-3.0647774,1
-25.11118,-48.116867,0
34.30981,-19.23324,0
-41.943848,-67.200554,0
5.9870844,99.17524,0
57.870705,71.8952,1
31.671688,-20.609282,0
-0.25384977,14.489299,0
-28.464306,-52.924274,0
66.22955,45.459614,0
-0.21214542,-34.050213,0
-37.90297,-62.502205,0
6.4175463,18.399137,0
33.718914,-19.52587,0
-5.14225,80.74542,0
47.76279,-11.881196,0
-90.7858,13.385923,0
41.160606,-16.574896,0
-53.6051,58.47578,0
-95.0339,11.228563,0
-9.43568,-27.915836,0
87.79784,-28.475676,0
-9.777485,77.11561,0
-35.208298,-59.197994,0
-25.383297,-48.97256,0
6.414904,18.390429,0
-51.844467,2.8884878,0
18.429224,29.07661,0
75.9929,-9.8796215,0
53.114048,38.344116,0
-92.28939,12.5428295,0
-42.142353,-68.899,0
39.590107,-17.543772,0
-38.54273,-63.007523,0
34.731194,-18.981865,0
-95.286316,10.937797,0
-37.072357,-61.127422,0
-42.15663,-68.91298,0
-63.53948,43.507393,0
68.01883,45.896393,0
11.083326,21.88271,0
-54.647137,50.68352,0
-83.53949,21.441244,0
-62.681618,44.447945,0
-47.263577,65.05829,0
-42.673035,69.678566,0
-92.63174,12.351873,0
-97.34433,8.247042,0
-52.604435,60.41051,0
-24.2448,-46.36788,0
45.05353,33.31211,0
-36.348473,22.564379,0
12.060441,34.019043,0
-53.563164,58.39368,0
-42.03431,-69.362465,0
27.263706,-22.015627,0
43.118652,32.024036,0
67.277824,45.66871,0
11.902498,22.34599,0
-52.62223,60.30877,0
17.322739,-36.6501,0
-85.6698,17.512379,0
84.14012,-16.172853,0
-10.658113,-33.883034,0
-41.507668,-67.91028,0
-0.34035882,14.404077,0
24.881912,-23.371645,0
44.97989,-14.23361,0
45.399227,-13.90318,0
-25.040245,-48.2245,0
54.098827,38.58394,0
-7.9495187,-38.663155,0
-85.44477,17.520569,0
-9.572583,-44.344208,0
87.15932,-20.611492,0
-85.28899,17.84336,0
40.968952,-16.449303,0
1.4551924,94.67282,0
-28.427023,-53.232857,0
38.840565,-18.149532,0
-25.506618,-27.282883,1
-85.30498,17.823294,0
-50.633183,1.6538566,1
-46.236965,67.869064,0
69.13422,46.240433,0
43.228302,31.92769,0
6.585739,85.22399,1
-63.0674,43.597733,0
109.892715,9.259408,1
-53.203987,58.73562,0
56.046906,38.66756,0
47.60466,-12.357922,0
-6.5250907,79.28206,0
-66.547935,36.79712,0
-84.15932,19.162111,0
-55.121586,56.538918,0
-37.82083,-62.626785,0
-34.99708,-59.361088,0
-42.26642,-70.58495,0
6.2187285,18.213621,0
58.200363,39.439632,0
-43.53766,68.13377,0
89.956245,-30.446924,1
-32.67621,24.181274,1
40.286472,46.20251,1
15.482748,-25.567856,0
-55.076378,56.51796,0
-63.70711,42.97744,0
-9.131687,-30.680134,1
-83.140495,19.501188,0
-45.78722,65.498375,0
-7.2080097,78.93177,0
-44.92167,68.939804,0
74.9651,46.948048,1
-33.510117,-57.88919,0
42.767754,31.75771,0
-97.29649,8.098212,0
60.472225,40.487755,0
56.611137,69.7547,0
91.12664,-7.1996713,1
-94.86997,10.914455,0
57.492687,38.989933,0
-89.91915,13.564138,0
-84.709724,18.60343,0
-12.111965,-32.54203,1
41.3794,46.078068,0
-43.892662,67.40993,0
-0.2688714,90.28547,0
0.1138132,-34.266876,0
20.078314,-35.635864,1
-53.42869,58.15976,0
-1.0240824,88.704796,0
-3.592688,83.17069,0
-12.72059,-16.759007,1
27.070211,-22.922428,0
54.45838,67.07125,0
0.96225804,92.27403,0
-0.21939094,14.358747,0
-10.527542,75.3467,0
-77.388664,27.251995,0
30.811255,-21.719276,0
42.940674,-16.828697,0
73.44261,46.503853,1
53.94939,65.31547,0
-37.24876,-62.375088,0
-29.185022,-55.77335,0
-27.682014,-6.418812,1
52.47116,63.7515,0
-7.730086,-37.78409,0
8.586108,101.51224,1
-15.633606,-22.304413,1
-57.047085,54.64782,0
-97.0533,8.076978,0
-63.40755,43.17342,0
41.66177,-17.141958,0
67.01683,45.45958,0
8.744485,102.181656,1
-78.0314,26.911772,0
-94.7348,10.673475,0
55.86408,68.77373,0
-84.890396,18.089384,0
-8.422885,-5.5858526,0
30.306934,-21.975763,0
46.3645,-13.744869,0
-25.07235,-48.685295,0
-51.232,1.5856632,0
18.162876,28.36636,0
68.498566,45.891853,0
-41.855103,-69.54118,0
-46.07055,65.421394,0
1.5299313,94.02262,0
29.082823,54.770237,1
-23.918602,-14.825107,1
-29.633251,-56.305115,0
-57.473457,45.560062,0
43.30058,31.783758,0
6.2039485,98.915665,0
-84.46917,18.56767,0
19.504482,-36.305656,1
73.48822,46.38044,1
-21.444962,-10.976491,1
-36.038857,-61.85425,0
87.5423,-20.969757,0
6.5061035,18.378345,0
-42.094894,-70.73508,0
0.2888186,-34.240623,0
-40.220013,70.74023,0
-15.834487,-26.639488,1
24.81943,-24.184727,0
-27.764881,-53.534782,0
-73.71658,30.974834,0
1.4046639,-33.549118,0
-43.113182,68.305275,0
-53.128483,58.172558,0
-25.271046,-49.620087,0
-10.594281,75.03193,0
-65.45983,37.759182,0
-85.11976,17.584328,0
-10.85098,-13.828959,1
2.6320598,-33.97448,0
-3.4599195,83.04213,0
-54.80897,56.46695,0
-24.898426,-48.4137,0
-39.646145,71.55202,0
-86.05745,16.577534,0
1.773844,-34.157753,0
-1.1154063,13.983845,0
-63.267662,43.116467,0
-73.63174,25.736036,0
41.232555,-17.16779,0
57.331066,38.856987,0
53.65851,38.234005,0
-25.273684,-49.643806,0
8.758896,102.04459,1
27.467953,-22.732937,0
-41.849968,-70.07858,0
-53.18501,58.04072,0
66.5832,45.292885,0
-57.138294,54.221905,0
-89.765854,13.334054,0
57.132168,38.78353,0
49.017685,-12.268169,0
6.5043783,99.41723,1
54.56818,38.411304,0
34.711964,-20.087147,0
44.937073,32.763046,0
-1.8102313,83.77483,0
43.29974,31.755978,0
-77.32588,26.987297,0
1.6587048,94.51342,0
-74.00882,30.4606,0
34.370983,-20.24369,0
-54.29661,52.166546,0
-40.458637,-66.73334,0
-27.713198,-53.546997,0
38.407574,-19.166489,0
1.6168253,93.393364,0
38.79272,46.248478,1
45.5951,33.03681,0
34.71884,-19.799599,0
32.13576,-21.743942,0
-39.897236,-66.026596,0
68.67087,45.879326,0
-39.67466,71.13545,0
-33.619415,-58.481342,0
-77.31195,27.07676,0
-25.45309,-50.089233,0
71.83803,-6.258664,0
34.007046,-20.562384,0
-41.779408,69.42194,0
-45.010612,65.33125,0
-91.80272,12.001064,0
-34.65688,-59.644314,0
-65.60072,37.29736,0
90.021194,-30.373878,1
-83.15917,19.276527,0
-15.631559,-22.315256,1
23.601124,-26.124847,0
-57.52839,45.308865,0
-0.39871904,14.175323,0
49.129494,-12.4273615,0
-42.014034,69.082436,0
-24.907625,-48.481895,0
39.655388,-18.124193,0
46.280533,-14.3408165,0
-85.111496,17.117847,0
6.391933,98.97762,0
-46.86824,5.3835464,0
89.94997,-30.058191,1
-40.02528,70.52877,0
-45.422752,65.26833,0
-24.913063,-48.491688,0
25.5243,-24.503798,0
56.887974,38.710743,0
-24.38508,-47.469482,0
12.726989,22.531715,0
2.314435,-34.226067,0
60.115757,40.204876,0
-8.951289,76.58958,0
-28.386671,-10.679796,1
-27.739887,-54.04513,0
15.264329,-26.002815,0
-50.947327,1.7137746,0
-40.399788,-66.776276,0
-28.015413,-54.749393,0
57.042446,70.493454,0
-2.5998805,13.338684,0
40.77406,-17.80563,0
68.09803,45.611324,0
-95.20595,9.43863,0
-46.70405,64.62639,0
1.3493357,91.791084,0
-15.527003,-26.662434,1
-4.044355,81.72257,0
-9.935747,-27.691475,1
-9.03207,76.39037,0
-66.288475,36.067726,0
-27.718645,-54.06169,0
75.11606,46.795593,1
-6.4593663,78.91632,0
57.97171,39.058693,0
-36.40612,-62.739258,0
-53.812428,57.03492,0
-39.445507,71.34736,0
-0.11882623,89.98808,0
-94.05554,10.4254875,0
-10.481917,74.87699,0
-39.754448,70.741295,0
23.253727,-26.520275,0
48.60407,-12.691906,0
-62.794136,43.187687,0
48.28898,-12.877609,0
49.73065,-12.8376875,0
53.5755,64.80163,0
1.5763017,-34.501392,0
-96.316086,7.846306,0
20.728468,-35.296158,0
-85.12778,17.28077,0
53.89992,38.144703,0
-89.59299,13.010963,0
-57.640053,45.127197,0
-77.01904,27.115389,0
48.30294,-12.894942,0
-54.82308,55.966915,0
-76.78272,27.43212,0
-34.08398,-59.119766,0
-24.828064,-49.02137,0
56.222088,69.45683,0
-33.610043,-58.701637,0
-54.17923,56.59789,0
-78.42308,19.3936,0
-53.759495,56.995796,0
-3.3846424,12.918961,0
-41.34153,69.198524,0
-90.1961,12.469329,0
-85.63075,16.682535,0
-64.95528,37.440575,0
-37.716057,-64.866684,0
-35.692013,-61.83104,0
-40.489716,-69.39216,0
76.92314,-10.169266,0
53.448505,37.90943,0
-8.29248,-30.411398,1
88.54428,-26.934116,0
43.01253,-17.259338,0
47.995804,-13.332648,0
-77.38594,26.749699,0
-36.08415,-62.57489,0
-41.11151,-70.4396,0
-40.191013,70.05302,0
54.34422,38.234592,0
-43.13334,67.726234,0
-73.46729,30.434738,0
-44.54406,65.37499,0
-1.2897056,84.07677,0
16.59948,26.372053,0
1.4077773,-34.502216,0
-65.72824,36.60592,0
-29.07336,-56.403763,0
60.80826,40.375866,0
-57.43077,45.227768,0
-85.695915,16.62474,0
66.66145,45.13466,0
-93.413635,10.547221,0
-52.22794,-0.34494525,0
-53.063747,-0.8047299,0
-3.9590669,81.65204,0
-73.366806,30.412298,0
-11.048703,-24.98593,1
54.181736,75.012596,1
21.56458,-27.063545,0
25.636074,-24.983751,0
2.017973,-34.51158,0
-39.565125,70.53127,0
8.940751,101.927986,1
-40.72629,-70.30815,0
30.22806,-22.970661,0
-33.421978,-58.526806,0
-44.50909,65.33237,0
49.264107,-12.739278,0
-91.94755,11.206804,0
-93.903786,10.262398,0
-39.176933,71.344894,0
57.21149,38.68458,0
22.236355,28.681295,0
-34.158585,-59.449303,0
-1.5325301,83.666504,0
49.522556,-12.957098,0
106.48526,4.3364596,1
-28.646198,-56.044662,0
-55.126,46.61962,0
-94.23168,9.989444,0
-27.729128,-54.97449,0
87.98812,-22.990347,0
-52.354336,57.921436,0
-95.72799,7.869483,0
1.4537442,91.55356,0
-40.72375,-70.27032,0
-10.591936,74.4396,0
9.457027,19.830135,0
37.352036,-20.155306,0
-39.958412,69.94118,0
-52.872547,-0.5561307,0
90.1327,-30.631174,1
-37.58015,-64.95677,0
17.617872,-36.825718,0
52.475437,37.27523,0
16.66489,26.351866,0
22.932264,-26.86201,0
22.179117,-27.035917,0
89.8538,-29.326336,0
-33.601593,-58.77772,0
9.163846,101.12154,1
-41.84068,68.48803,0
-91.875854,11.199011,0
-8.831792,-5.8960834,1
-47.074566,4.9499817,0
35.64822,-20.650408,0
-85.44868,16.74764,0
-39.112137,71.26559,0
-11.219052,-35.352245,1
-27.331928,-54.133354,0
19.468796,-37.397575,1
0.50326824,-34.933395,0
105.84544,6.4663153,1
12.289848,21.931444,0
2.8717191,-34.394253,0
27.266205,-25.429216,0
16.914825,26.468298,0
-40.105423,-69.87071,0
11.145376,33.521683,0
-25.164976,-50.488148,0
-66.157364,35.73216,0
32.267376,-22.611206,0
37.949356,-20.11208,0
-40.626,69.74999,0
4.0326667,-34.32714,0
47.108513,32.243248,0
-28.85256,-8.610701,0
47.22572,-15.038607,0
18.209768,-36.389782,0
32.494724,-22.449593,0
-11.17554,-25.085732,1
-54.229897,55.237843,0
26.086136,-25.823877,0
-25.058329,-50.084034,0
-41.104248,-70.929665,0
57.67706,71.89836,1
-11.077159,-34.52195,1
-37.687897,-65.17709,0
-26.972303,-54.837425,0
-35.895805,22.157242,0
-57.471153,44.990635,0
-8.924375,-43.93412,0
-4.7778587,80.32735,0
-45.776848,64.61902,0
-52.167206,57.845078,0
-35.871456,-62.852497,0
12.988896,22.296934,0
-8.463798,-43.737244,0
55.025608,38.276543,0
-57.676704,44.839542,0
57.029934,38.58252,0
-40.786495,-70.77088,0
-41.65527,-71.36493,0
9.105432,100.75549,1
38.978584,-19.564112,0
35.24169,-20.988499,0
-40.37658,-69.96131,0
42.377132,-17.502028,0
-44.850586,64.81177,0
-51.83146,57.60312,0
-54.767143,50.21196,0
109.86958,3.2619867,1
106.170334,4.64365,1
-77.08718,26.55757,0
74.69517,46.25774,1
-61.84648,43.080246,0
-25.8126,-53.48726,0
-27.971722,-55.8505,0
-85.209175,16.64021,0
8.6482,99.90856,1
48.080242,32.510994,0
-35.40243,-62.34822,0
17.434496,26.709929,0
-8.490061,76.35551,0
-2.1877549,82.99464,0
69.34016,-3.0064642,1
-73.12715,30.30065,0
-65.87051,35.916027,0
-89.53026,12.075439,0
47.353058,-15.248165,0
89.76859,-5.019185,1
-54.74357,50.271034,0
38.04434,-20.196503,0
32.45455,-22.816046,0
19.018057,28.370062,0
-0.048824336,89.339874,0
4.398078,-34.412712,0
43.379963,-17.441631,0
-44.510326,64.84054,0
-25.35809,-12.931233,1
44.27913,31.501081,0
-10.232076,-45.989338,0
48.09059,32.514664,0
-90.3216,11.4880085,0
-72.93439,30.050268,0
110.61727,6.085932,1
-78.06746,19.18626,0
42.3539,-17.537779,0
-64.55143,37.743202,0
109.377655,9.237636,1
41.22081,-18.216097,0
2.02774,93.262344,0
-24.685675,-49.64768,0
89.80458,-28.837156,0
-44.470474,64.804306,0
-66.92238,34.73588,0
-95.41427,7.6511173,0
18.091255,-36.70455,0
40.19944,46.152416,1
-35.712116,-62.82154,0
17.762346,26.864851,0
-95.318344,8.022242,0
-41.18683,-71.271866,0
-27.835949,-9.420786,1
26.974613,-25.795118,0
-26.518303,-54.68731,0
-96.00411,6.67393,0
-3.4679046,81.80316,0
-37.362923,-65.021,0
-61.494667,43.137604,0
26.973007,-25.903349,0
-49.00464,58.01821,0
1.728686,-35.058968,0
-93.91522,9.554258,0
-66.58813,34.849792,0
-51.755444,2.51618,0
-1.1986611,-36.257637,0
-9.038939,-44.251347,0
-26.192162,-54.362614,0
-10.375295,-45.68853,0
-95.266045,7.96515,0
-61.553455,43.10399,0
3.988113,15.460291,0
73.76375,44.2119,1
-27.805365,-56.00431,0
-64.78372,36.6447,0
57.506554,71.6392,1
-40.87185,-71.14302,0
-4.697913,80.2766,0
69.230965,-2.7540774,1
-41.044464,68.20094,0
-11.051445,-33.50704,1
-34.204105,-60.61825,0
-0.6192831,13.788521,0
11.851989,21.431372,0
-4.023161,81.132904,0
-95.71375,6.9651055,0
-41.11703,-71.323006,0
-3.2033105,81.99006,0
19.851753,-37.412052,1
32.33517,-22.817245,0
-31.311878,24.129856,1
25.616999,-26.218582,0
1.6754366,-35.16244,0
6.4084277,17.866955,0
-27.667,-56.07985,0
-42.28714,67.82428,0
-66.06421,35.38831,0
-61.681366,43.015125,0
-94.24431,8.851562,0
-31.526733,23.92541,1
-76.98026,26.179165,0
12.014828,21.512035,0
11.7259445,33.893883,0
19.447107,-27.641556,0
-66.35074,35.025864,0
-28.082155,-6.8826237,1
-94.2154,8.678813,0
4.132399,-34.605354,0
2.6087825,-34.844917,0
35.06085,-21.581182,0
-54.322613,51.363342,0
-24.70617,-16.601316,1
2.1327908,93.36693,0
-1.5661899,83.13954,0
-51.176624,-0.62930346,0
-65.05615,36.358494,0
2.6183026,-34.86364,0
-51.859417,57.32847,0
23.386307,-27.096872,0
7.0685673,18.26675,0
-54.857292,46.328537,0
-0.5934099,-36.065624,0
54.210804,37.882465,0
-76.76925,26.537117,0
3.425778,14.761406,0
56.690876,70.25063,0
38.30857,-20.3255,0
-85.28277,16.112562,0
-72.86734,30.189014,0
42.984295,-17.963274,0
2.6194184,-34.924,0
-53.21005,-1.2250237,0
-34.740448,-62.003693,0
-44.517273,64.52753,0
-78.23873,18.184399,0
-88.5401,12.106942,0
68.84558,42.22634,1
60.405327,39.80092,0
32.971188,-22.924759,0
23.093239,-27.264973,0
-82.82275,18.070065,0
49.775322,-14.331935,0
75.271965,46.420265,1
-34.77417,-62.069885,0
29.025389,54.3003,1
-39.59838,-70.811806,0
21.186405,-35.228268,0
38.758472,46.18685,1
43.013023,46.064247,1
-65.042786,36.3695,0
47.391167,-15.861704,0
-10.4610815,-45.78041,0
24.055199,-27.246145,0
-26.669365,-55.280563,0
2.2054677,-35.206882,0
-5.8818274,78.608894,0
-92.04891,10.167006,0
-49.08268,57.84049,0
-54.866055,45.763275,0
41.267807,-20.090702,0
74.1003,44.252186,1
-46.310192,5.6606994,0
-52.958702,-0.9339461,0
-39.090954,69.631676,0
7.506832,98.78244,1
18.602787,27.470566,0
19.1633,27.976885,0
-27.836803,-56.55199,0
29.086327,57.185272,1
-94.78768,7.8900976,0
-9.706754,75.05859,0
-0.15722883,13.873918,0
-77.807434,18.434137,0
-92.43683,9.51838,0
58.2534,38.68006,0
-31.396393,23.900364,1
-27.984879,-56.57875,0
33.004227,-22.98327,0
17.92831,-36.574352,0
31.486929,-24.034033,0
47.589333,-15.793935,0
-36.34618,-64.34781,0
-44.159126,64.54128,0
-1.1384903,-36.332943,0
-90.50131,10.817315,0
0.04979416,89.11428,0
35.09156,-21.776566,0
-89.245865,11.5208235,0
-51.367455,1.3630545,0
27.529518,-25.933956,0
47.811615,32.146427,0
-3.0862575,12.604329,0
-27.460081,-56.340958,0
68.40246,45.091244,0
79.31723,-17.826174,1
38.400566,-20.47999,0
-9.407834,-44.676067,0
-77.46785,18.816225,0
44.997787,31.43823,0
27.500193,-26.038794,0
26.311172,-26.454674,0
-4.8108106,79.78707,0
50.024788,-14.548886,0
-57.324017,44.49721,0
2.226895,92.95699,0
-71.503944,28.375439,0
1.0620943,-35.86901,0
-39.738182,68.56722,0
26.71425,-26.35757,0
73.509544,43.738464,1
35.447,-21.658714,0
73.84543,-7.634944,0
-10.499231,74.15374,0
-37.121456,-65.19883,0
73.80007,-7.594747,0
-40.157368,-71.357704,0
26.70477,-26.341415,0
-55.0509,45.459206,0
-10.652284,-33.472115,1
-61.109676,42.97764,0
-6.3871355,77.357216,0
48.381565,32.582535,0
-2.967156,12.626202,0
22.868467,-27.546293,0
-65.814316,35.06529,0
-50.632797,53.144093,0
89.767876,-28.250046,0
53.774326,37.526443,0
22.3039,28.414234,0
-0.12316222,13.838673,0
-27.527006,-56.33441,0
1.446268,-35.812176,0
8.255708,99.039665,1
-54.930656,45.944607,0
60.695137,39.838043,0
1.6677479,-32.46557,0
52.989353,37.0478,0
-76.428825,26.52194,0
-47.100224,4.4903755,0
87.810616,-20.754702,0
68.278015,44.96185,0
76.801865,-9.760428,0
-23.635153,-7.2971706,1
11.635002,20.949339,0
3.8455408,-35.02451,0
-37.866726,69.93335,0
49.45847,-15.40502,0
39.8652,-19.974325,0
-0.019143645,88.79053,0
0.8030606,-36.067944,0
-77.910126,18.27492,0
0.2021442,89.339386,0
-48.693367,57.711414,0
-35.576027,-63.77967,0
36.84546,48.421043,1
75.134476,46.096867,1
41.464123,45.820423,0
56.57334,70.196945,0
47.845455,-15.993601,0
-25.889679,-55.27087,0
-27.840624,-56.785667,0
-9.639243,74.99225,0
7.565022,96.82718,0
26.760164,-26.516632,0
-9.451303,-45.085243,0
-50.041504,54.806084,0
23.50369,-27.403698,0
30.632387,-25.530996,0
-33.907093,-61.20939,0
-9.603557,74.919464,0
50.254726,-14.683444,0
-66.271774,34.32374,0
8.416772,88.17451,1
-54.636196,45.956425,0
59.836143,39.398136,0
-2.9190786,81.70663,0
-26.147917,-55.596577,0
-8.665614,-33.631203,0
-72.25086,29.495356,0
-77.870125,18.249163,0
-89.05567,11.244627,0
-38.91297,-71.100975,0
-7.6502485,-33.929726,0
-43.958088,64.329254,0
9.505594,100.50573,1
9.477199,100.40623,1
1.4850161,-36.001575,0
-38.51005,69.579994,0
-41.16393,-71.863716,0
25.143608,-27.039396,0
-31.476603,23.979727,1
-7.379663,76.31756,0
-89.41445,11.023527,0
47.539585,-16.226118,0
19.557486,27.883467,0
47.294907,31.715818,0
109.80408,9.717323,1
-72.2183,29.48607,0
-43.94128,64.29269,0
-47.784576,3.9157832,0
35.541447,-21.89884,0
-27.859793,-57.145424,0
-54.433826,45.743023,0
-39.831833,-71.68037,0
-38.511787,69.57515,0
57.53403,38.286667,0
-95.2919,6.1305585,0
-21.786259,-26.58919,1
-92.21273,9.129814,0
-72.14273,29.300276,0
-77.62665,18.349674,0
45.087746,31.24581,0
-54.687477,45.56188,0
-95.28635,6.148384,0
-9.429233,-44.89268,0
-9.17447,-31.028786,0
57.146614,71.21271,1
110.47099,9.430811,1
35.181683,-22.119186,0
44.97364,-18.926199,0
-3.1563973,81.44822,0
9.171582,102.05307,1
82.37539,-15.100819,0
2.520824,-35.958366,0
-8.57654,75.56452,0
54.09237,37.537872,0
49.14021,-15.893219,0
-35.407173,-63.261436,0
-8.623918,75.59029,0
-92.92737,8.604487,0
-40.048206,66.2513,0
-54.362144,46.11427,0
-47.70671,57.748577,0
-1.3049513,82.7752,0
-6.6014886,-5.297609,0
-35.099533,-63.277145,0
-50.080746,-0.7388801,0
-48.333694,57.403744,0
-25.310114,-55.239616,0
29.839678,-26.388512,0
-39.018353,68.96792,0
-10.033206,74.53975,0
43.30556,30.011326,0
-77.56953,18.315777,0
-54.52441,45.406357,0
-54.31375,51.224922,0
53.80306,37.37121,0
-2.371288,12.749717,0
-39.79229,66.68584,0
-46.251614,5.6193285,0
-12.884062,-16.954594,1
-84.35013,16.10486,0
57.809616,38.26586,0
-64.83322,35.411324,0
-2.1734931,77.143074,1
-43.42672,64.27358,0
23.668758,-27.645247,0
-38.733162,-71.26003,0
48.103603,-16.224878,0
22.519829,-28.154417,0
-49.72601,54.03429,0
-50.31127,53.076153,0
-38.97276,-71.480675,0
-35.560204,-64.94928,0
22.923286,-27.68083,0
-43.755066,64.16774,0
-27.937338,-57.654816,0
-43.526844,64.23704,0
50.375183,-14.941986,0
55.960686,69.54284,0
87.52635,-20.498844,0
53.769356,37.307842,0
-38.320587,69.441216,0
50.26108,-15.141349,0
-39.940315,66.07054,0
-43.47134,64.229904,0
-77.38299,18.534674,0
-89.71704,10.601777,0
89.18767,-27.157118,0
60.607418,39.5976,0
-47.24782,57.882156,0
-31.349665,23.833948,1
-21.590559,-55.412197,0
5.018869,-35.00759,0
33.77397,-23.293314,0
-30.08775,20.84452,1
-6.6985393,-5.318999,0
33.318222,-23.440073,0
29.139204,56.175526,1
-49.743847,54.5708,0
-71.976875,29.196007,0
-28.46392,-8.437881,0
-37.615475,69.58547,0
2.0425806,-36.269493,0
-38.913685,-71.609955,0
-40.01395,-71.92229,0
-25.7442,-55.914314,0
49.63404,-15.81574,0
-41.150215,64.52128,0
-0.82553434,-36.42506,0
36.99949,48.042152,1
69.38935,-2.7089097,1
-55.745464,43.854134,0
3.163952,-36.17889,0
43.59696,30.111523,0
20.224646,-36.148968,1
-29.987349,20.243876,1
-63.767857,36.124626,0
72.93415,-5.6515093,0
-89.57796,10.513729,0
-31.270823,23.413366,1
40.398785,-21.591808,0
9.566037,101.30426,1
71.62828,-4.72939,0
22.95269,-27.829042,0
50.287548,-15.229406,0
23.666128,-27.702534,0
-39.19146,-71.83191,0
-27.277552,-56.969734,0
-91.314186,9.127732,0
-55.477367,44.090607,0
-88.88681,10.932024,0
5.215024,84.625336,1
-28.299374,-11.5933,1
40.580902,-21.686527,0
52.922047,36.723213,0
-73.294075,25.744928,0
-74.731285,20.173832,0
-21.319298,-55.44091,0
-7.3000507,-26.684742,1
60.47235,39.419895,0
22.91892,-27.762686,0
-49.95714,53.2771,0
26.902557,-26.996891,0
-1.3102539,13.160281,0
79.41152,-17.75112,1
107.43383,3.6246588,1
29.141752,-26.68819,0
4.7862997,-35.272923,0
-94.617165,6.389835,0
4.4161634,-35.75344,0
2.690256,93.14143,0
44.53791,30.819494,0
-34.92348,-70.16971,0
-1.9655617,12.839938,0
-9.710785,74.72034,0
48.852444,-16.392248,0
13.308127,20.758644,0
110.89647,5.9963155,1
7.8601213,96.78199,0
109.24523,9.3156185,1
-55.71903,43.69682,0
-87.22286,11.249898,0
-37.826607,57.615498,0
41.959427,-21.371876,0
26.513054,-27.213408,0
-20.14322,-54.06679,0
50.25204,-16.015038,0
-94.7542,6.119732,0
17.071888,-39.163933,0
0.2610498,88.96234,0
-74.67652,20.090345,0
18.215366,26.496603,0
-24.045235,-14.911656,1
-5.7814455,77.70478,0
-40.514034,64.685844,0
17.132626,-39.061714,0
-74.92914,19.881775,0
17.248327,25.958397,0
-1.2632561,-36.95936,0
43.646896,-20.663742,0
2.1663613,-36.55482,0
76.52941,-9.407317,0
34.63201,51.063683,1
-63.427036,36.205482,0
26.550236,-27.277521,0
22.461733,28.287775,0
2.6445553,-36.450153,0
-21.066458,-55.47336,0
-94.71396,6.069158,0
3.916478,14.572003,0
7.6877475,96.48964,0
109.76461,9.464008,1
-31.008886,-64.0937,0
-25.379246,-56.710354,0
3.1661901,-36.365902,0
45.692364,-19.217196,0
3.6606998,-36.240837,0
-54.49573,44.83439,0
-46.63594,57.561077,0
49.560658,-16.60237,0
-95.02535,5.6079936,0
-12.937228,-31.80606,1
-34.821198,-70.23004,0
-57.386356,39.375645,0
17.58009,-37.89014,0
-92.49865,8.245936,0
75.331085,45.914574,1
-38.658314,-71.78318,0
-65.42241,34.123066,0
34.75901,51.076458,1
-37.582905,69.33432,0
47.33141,31.373087,0
-8.303862,75.39887,0
45.607185,-19.247375,0
-10.050154,74.30664,0
24.800846,-27.905457,0
-3.1168823,80.99061,0
-87.45806,11.046298,0
-54.37303,44.777466,0
74.61454,43.695923,1
-5.9048877,77.35306,0
-64.59248,35.091675,0
75.45169,46.11504,1
-3.144098,12.261386,0
6.698729,95.44251,0
59.854286,38.762817,0
88.77661,-21.179155,0
43.92102,30.129974,0
-66.747215,31.777868,0
-87.80275,10.956569,0
1.4266366,-36.87191,0
-65.33241,34.136356,0
-89.47236,10.30144,0
20.509064,27.65151,0
-38.60751,-71.85637,0
26.994152,-27.280422,0
79.31731,-17.820763,1
24.435337,-27.948555,0
45.327843,-19.567726,0
6.1867747,16.63842,0
42.092957,-21.43538,0
46.90665,-18.703129,0
-76.53735,18.591146,0
-65.78374,33.39287,0
-64.21542,35.43228,0
-21.222689,-55.74637,0
40.100075,-21.870914,0
109.88086,9.491559,1
-27.622532,-57.89616,0
46.634018,31.062841,0
41.850197,45.25716,0
-39.94512,64.8897,0
-63.80305,35.817745,0
50.56738,-15.301932,0
-91.10524,8.843614,0
-92.088844,8.337701,0
-30.349754,-64.03471,0
-55.216675,44.233395,0
9.663084,99.65328,1
22.939383,-28.05222,0
-46.00624,5.5268764,0
-57.40977,39.089703,0
66.13485,39.57129,0
-43.893192,62.78058,0
-93.804504,6.78989,0
49.535835,-16.604319,0
-89.536,10.222204,0
-63.304928,36.148697,0
31.094397,-26.756985,0
-77.16497,18.002398,0
-25.07174,-6.9637117,1
50.59202,-15.32578,0
-49.52559,53.15841,0
-70.802765,28.23113,0
53.27476,67.23836,0
20.565002,-35.963493,0
-3.461351,11.994207,0
50.040546,-16.58105,0
6.0110726,16.183037,0
-2.162152,77.11452,1
-40.768814,64.196396,0
43.608494,29.771523,0
-12.583471,-42.224567,0
90.16098,-28.867516,0
-87.97099,10.705563,0
9.812989,100.3829,1
-54.219967,44.92534,0
3.831254,-36.468044,0
-66.67223,31.81578,0
13.752217,20.548094,0
-4.367101,79.31229,0
8.725228,98.08947,1
-22.741444,-56.201515,0
-1.6866946,81.867226,0
22.584557,28.28275,0
-39.0185,-72.28277,0
-65.6101,33.31815,0
-21.429777,-55.97005,0
-74.506004,19.96534,0
-10.010263,74.1948,0
-3.2014093,12.158975,0
-55.25396,43.81315,0
-92.06435,8.259381,0
31.938892,-26.621204,0
-47.1861,55.62276,0
-74.23406,20.076183,0
-33.933548,-70.165695,0
-63.493984,35.963417,0
-25.23738,-57.117043,0
1.8651083,-37.10148,0
-10.142947,74.06941,0
-54.53069,44.51844,0
9.827798,99.96976,1
-8.482091,-30.019154,1
109.90941,9.523358,1
-6.333612,-27.473568,1
-53.640995,45.424557,0
42.132183,-21.660368,0
2.9990757,92.92948,0
-2.2962644,81.40946,0
44.447758,-20.399372,0
-39.548004,-72.64877,0
-40.31959,64.41202,0
0.06188563,82.92105,0
-2.9531488,12.254705,0
3.423647,-36.67934,0
-55.64002,42.94433,0
68.418755,41.299522,0
9.817277,99.75043,1
26.262833,-27.844097,0
-0.50101984,13.3357,0
-27.690191,-58.344078,0
43.127125,-20.040451,0
-57.200455,38.903282,0
-75.59764,19.040422,0
9.770607,99.54883,1
29.035238,57.29038,1
39.89569,46.064606,1
35.17771,-25.480116,0
-37.367905,69.05186,0
-56.865837,39.40069,0
-46.251476,58.310226,0
-46.24395,57.30536,0
-37.325684,69.10924,0
58.644257,37.956947,0
-46.155075,58.224174,0
-30.851217,-64.43704,0
-3.0380046,12.202003,0
2.746564,-37.037266,0
-87.35528,10.827461,0
-15.202142,-54.473682,0
-75.03056,19.54275,0
-33.68093,-70.06615,0
66.455246,39.600628,0
-24.20766,-10.214279,1
-0.5526464,82.44709,0
-37.678787,-71.796486,0
9.822544,100.97987,1
-7.5678263,75.112755,0
-89.27005,10.071102,0
-53.025543,-1.3116423,0
71.96214,41.74276,0
4.3198624,-36.58231,0
-23.530756,-7.43356,1
22.288733,28.034933,0
43.264748,-19.6431,0
41.46893,-22.05784,0
-24.85947,-57.12957,0
-40.627342,63.978603,0
41.451664,-22.061016,0
-20.687498,-55.34426,0
-73.72862,21.501423,0
-34.946594,20.480171,0
5.834533,15.718584,0
31.21346,-26.918888,0
-46.173462,57.254307,0
49.864525,-17.128716,0
44.61596,-20.574682,0
64.69183,38.92304,0
-23.1268,-17.374231,1
4.711797,84.422585,1
42.201588,-21.776043,0
50.42904,-16.589228,0
47.8425,-18.291595,0
3.888003,-36.788754,0
68.42388,41.29359,0
0.4455227,88.92768,0
-54.72864,43.469196,0
-48.093384,3.5881805,0
-25.420815,-18.264894,1
-37.33238,68.990685,0
-20.325386,-54.496887,0
108.01969,9.020178,1
-48.91872,53.276295,0
-23.310663,-15.244579,1
-74.984055,19.462614,0
-24.838032,-57.22258,0
-69.19305,27.706646,0
8.242009,96.50911,0
-21.178082,-55.98789,0
-2.5706835,80.79065,0
44.02668,29.852081,0
-8.545908,-33.49376,1
24.924307,-28.237747,0
-41.71588,62.9084,0
20.761349,27.436106,0
36.076904,-25.538527,0
28.526472,-27.527721,0
-0.8035693,82.1746,0
90.52214,-30.626984,1
-48.462627,53.861042,0
-38.686016,65.13912,0
-21.619986,-56.324444,0
71.534904,41.670464,0
47.899834,-18.276155,0
26.712172,-27.889603,0
31.651253,-26.896114,0
-8.635157,-44.310555,0
-76.87743,15.501565,0
-65.79166,32.679268,0
-45.996307,58.128727,0
-51.26412,2.5623467,0
58.99505,37.95144,0
-36.308544,58.845562,0
-93.92482,6.0377946,0
90.09849,-28.215117,0
-38.360146,-72.32804,0
-90.54287,8.844841,0
-31.129465,24.12664,1
-38.203728,-72.165855,0
22.70424,-35.085033,0
28.566496,-27.554173,0
91.34074,-7.676541,1
-68.8448,27.243233,0
-28.698994,-63.47603,0
56.99198,71.28854,1
-94.39865,5.32833,0
1.5278071,-37.833828,0
-90.47904,8.896112,0
0.66121924,89.130066,0
3.9661005,-36.92971,0
-46.546036,55.907097,0
-88.16739,10.312275,0
36.176327,-25.783316,0
50.301254,-17.260132,0
-64.2974,34.63444,0
46.144035,30.644463,0
-30.929373,-64.72244,0
8.171365,-36.858547,0
-6.439665,76.01386,0
47.664608,31.129976,0
-21.21668,-56.38421,0
90.52238,-30.76457,1
89.56405,-27.189724,0
43.53586,29.449747,0
44.713562,-20.653599,0
21.721693,27.728836,0
-9.5015955,-45.67402,0
-3.3254383,79.99228,0
-94.09181,5.687568,0
74.398056,43.189117,1
68.49777,-5.5035744,1
44.678967,-20.770983,0
-73.60206,19.976988,0
3.9715292,14.090805,0
-46.12768,56.671867,0
68.52176,41.42662,0
-48.949146,52.888256,0
-55.57334,40.787365,0
31.080442,-27.357292,0
58.79968,37.737373,0
-38.54238,65.05657,0
-7.3136244,-34.268196,0
-65.99133,31.83409,0
-74.499725,19.601759,0
34.741623,51.035793,1
25.268581,-28.458689,0
-17.682957,-55.71486,0
9.716434,99.007164,1
22.594769,28.103786,0
41.64626,-22.315742,0
-18.773178,-55.965942,0
-25.617538,-7.3093696,1
33.06282,-27.490128,0
-1.4821279,81.61293,0
-48.310112,55.09256,0
28.036724,-27.801258,0
48.99398,-19.03041,0
-33.78797,-70.584526,0
-38.21589,-72.44375,0
26.779203,-28.070322,0
4.0409746,-37.057915,0
57.43883,36.642544,0
5.6340775,15.220282,0
36.98431,-25.74655,0
-25.777002,-23.899853,1
37.010548,-25.269075,0
-29.074156,-63.9876,0
-37.788334,-72.13497,0
60.113014,38.528576,0
25.817259,-28.402132,0
-26.218071,-7.6065164,1
37.532597,-24.898935,0
-76.411095,15.870768,0
-39.42437,64.40352,0
55.69449,35.1425,0
14.0842285,20.156536,0
-45.805042,57.559258,0
2.3677962,-37.58262,0
-53.53371,44.19317,0
1.9923272,-37.723415,0
46.042004,-19.904804,0
46.718563,30.77148,0
17.553793,25.576197,0
47.164024,-18.84964,0
33.040924,-27.463457,0
43.729195,29.467463,0
-24.181221,-58.99603,0
9.478403,98.41274,1
19.90867,26.249691,0
18.884005,-38.10691,0
-65.42432,32.595615,0
-48.354023,3.0168843,0
-94.26789,4.946578,0
-42.13436,61.595413,0
65.402794,38.936214,0
-46.05596,5.0416927,0
-18.149782,-55.90396,0
-10.990035,-24.906298,1
-48.073826,3.1703708,0
47.146233,-18.888573,0
-5.730465,76.904144,0
2.3714895,-37.649376,0
-29.224775,-64.16835,0
-87.192375,10.538518,0
-39.90295,63.71046,0
9.37035,-36.573933,0
-46.15575,56.175507,0
52.03894,63.78734,0
59.88699,38.296925,0
5.53693,15.057729,0
-28.568127,-11.068376,1
66.20215,39.268833,0
-5.890036,76.6226,0
-73.523605,19.953373,0
-38.742622,64.6825,0
22.404026,27.91416,0
-33.379536,-70.359375,0
-16.08692,-55.096756,0
-54.94183,42.188114,0
32.302837,-27.047956,0
-16.092316,-54.965206,0
46.007175,-20.054533,0
8.490826,96.51991,0
-36.97882,68.711716,0
-86.98973,8.731425,0
-53.993416,43.531006,0
47.743496,30.975279,0
-29.525955,-64.50487,0
75.16508,43.381115,1
19.611616,26.359268,0
10.840503,89.70646,1
-53.33329,44.025906,0
9.948981,19.327623,0
-53.32538,44.02112,0
75.17536,43.365177,1
-31.075642,23.342413,1
-48.371914,53.39578,0
1.5515286,-38.088863,0
3.102555,81.66556,0
-87.28389,10.306953,0
-20.452969,-56.3023,0
-91.169235,7.3672423,0
-36.89818,68.73052,0
-57.28439,37.630676,0
50.58678,-17.925102,0
-35.62834,-75.40866,0
-65.120865,32.713196,0
-7.2752676,75.15698,0
66.2088,39.200275,0
35.94401,-26.305262,0
49.65884,-19.020597,0
-48.502934,53.01613,0
-65.77064,31.632711,0
-94.19271,4.8931565,0
45.263573,-20.633263,0
-40.225636,63.072456,0
-33.43134,-70.54619,0
90.992035,-6.851368,1
30.99135,-27.427238,0
36.69945,-26.040178,0
-68.5051,27.024076,0
-3.3950593,79.68386,0
-55.592754,39.940407,0
6.1308675,-37.82508,0
-56.504166,38.604553,0
73.437065,42.142365,1
-45.849495,56.52223,0
-7.929581,-44.10461,0
-6.3390827,75.83669,0
-41.59871,61.633667,0
-48.068897,53.703888,0
-68.07102,27.446987,0
5.374393,93.80231,0
42.54842,-22.291307,0
-20.95463,-56.794163,0
-33.279438,-70.42503,0
-10.896396,-34.676132,0
-76.244316,15.649057,0
33.618916,-27.484694,0
8.729548,-36.97063,0
-16.384146,-55.100468,0
44.90126,-20.983479,0
45.676968,-20.422491,0
-67.75446,27.80879,0
90.338005,-28.378523,0
-16.384077,-55.113995,0
-68.46434,26.955133,0
-47.332584,3.779,0
-46.48028,55.33707,0
-74.16854,19.42436,0
-73.593346,19.84498,0
68.6792,41.74143,0
-15.6446495,-53.973186,0
64.2853,38.60784,0
-18.520327,-56.114983,0
-27.920834,-63.165287,0
75.33666,43.340137,1
71.29006,-4.0433984,0
49.76243,-19.148125,0
2.4615946,-37.82638,0
13.471629,19.706785,0
-90.95729,7.442403,0
-90.89678,7.3537526,0
50.437584,-18.511465,0
-15.702132,-55.097683,0
41.640118,-22.895655,0
45.92562,30.283995,0
32.957188,-27.69549,0
73.026215,41.759434,0
22.736504,28.023132,0
-3.4772086,11.654339,0
8.716218,96.57957,0
36.025826,-26.605877,0
-37.880947,65.022804,0
-73.325745,19.892675,0
90.16495,-22.678368,0
-65.437294,31.75684,0
21.527138,56.767513,1
-23.370865,-59.38914,0
-8.546321,-33.430546,0
-2.9814403,80.046555,0
-68.3307,27.181942,0
66.594795,39.25466,0
-46.1905,55.672432,0
54.160423,34.04602,0
-94.1169,4.684105,0
4.250502,93.0544,0
-18.033197,-56.043655,0
-25.397295,-9.3074465,1
-37.81226,65.02135,0
-18.509832,-56.188557,0
-54.999386,40.873215,0
-2.6997058,80.15314,0
-15.16762,-55.10927,0
-0.36051208,81.94698,0
0.6096371,13.244235,0
47.01893,30.678444,0
-29.297798,-64.70771,0
-59.160023,34.05659,0
17.294828,-39.511105,0
-75.64387,16.109394,0
89.30149,-21.114416,0
-90.93006,7.0824914,0
-73.20845,21.787342,0
75.9978,-8.467029,0
53.50816,68.15448,0
-44.94713,57.670265,0
52.185646,-17.986134,0
-15.683419,-55.16924,0
72.67075,41.483646,0
-46.21058,4.699913,0
8.361946,-37.23058,0
-75.28519,16.689802,0
-38.09083,64.80393,0
-6.716438,75.27879,0
85.30265,-15.633342,0
-16.714193,-55.683395,0
-56.287483,38.371124,0
109.071434,9.443428,1
-54.927498,40.65986,0
-40.148052,62.683422,0
-93.91186,4.7570233,0
-20.765585,-57.0574,0
-29.073233,-64.584885,0
36.058735,-26.759247,0
-23.594963,-59.624092,0
-9.9302435,73.65334,0
-16.815899,-25.57692,1
10.3061905,99.72884,1
6.2513013,-38.38827,0
-20.015884,-53.890594,0
-18.469475,-56.24349,0
50.54173,-18.774946,0
-68.30324,26.819094,0
71.851814,-4.3376293,0
69.53248,-2.2844527,1
-75.40579,16.320236,0
-41.00083,61.731346,0
-11.5295105,-14.713357,1
-45.74073,55.964336,0
-65.37069,31.86195,0
50.224594,-19.125443,0
-65.36446,31.722126,0
74.977234,43.113533,1
73.029495,41.64406,1
-52.55138,44.30023,0
-67.90411,27.241377,0
8.889629,88.19762,0
9.222155,-36.97309,0
-56.4044,37.908257,0
-18.563114,-56.39343,0
-23.60847,-7.1734986,1
17.746433,-38.554394,0
-47.926083,53.10477,0
9.551956,97.34522,1
43.626328,29.111887,0
11.625938,17.612963,0
-2.6619577,80.115685,0
13.380083,19.470104,0
-9.638535,-46.551056,0
-45.82612,55.53141,0
-22.991735,-8.943844,1
-93.92206,4.6407228,0
27.837046,-28.619911,0
-40.26082,62.263092,0
87.57946,-29.836485,1
26.000391,-28.979652,0
-68.26229,26.780437,0
106.70715,8.696191,1
51.50309,-18.198372,0
8.4801235,95.974075,0
-28.983107,-64.67011,0
-40.142487,62.435184,0
46.761646,30.478075,0
-53.087135,43.31772,0
-9.788498,-46.03203,0
-48.32002,52.378265,0
-7.345369,74.59319,1
-33.309723,-71.73254,0
10.059234,98.70838,1
13.129073,19.322634,0
-35.06445,-75.492676,0
-58.915165,33.96117,0
-38.292732,64.47991,0
-54.975582,40.11786,0
11.940971,17.912079,0
-51.032486,-1.062138,0
-36.532665,68.463715,0
-65.31358,31.651564,0
-48.11895,52.74173,0
35.192677,-27.632414,0
9.658007,-36.923775,0
-44.981163,57.15648,0
-41.296085,61.222202,0
90.79653,-30.246881,1
10.627731,-36.577084,0
-2.518512,80.228386,0
74.36317,-7.143318,0
-19.84511,-56.70652,0
59.62823,37.697624,0
-6.741077,75.07282,0
-14.943611,-55.108135,0
50.93016,-18.715162,0
73.22455,41.711086,1
-6.3485756,75.457436,0
-22.205618,-59.239716,0
53.527378,68.25773,0
-52.001934,-1.5227671,0
56.129093,70.22559,0
-53.004986,43.17351,0
-64.79285,32.112514,0
-26.905617,-62.528637,0
50.351524,-19.327583,0
-6.2108574,75.61987,0
-22.621433,-24.729248,1
-27.210703,-62.965282,0
-36.518658,68.44681,0
48.3919,30.580536,0
-56.124943,38.263557,0
-67.51123,27.42683,0
-91.44636,4.868144,0
53.034027,67.77446,0
45.89291,-20.827955,0
-86.33261,8.224015,0
-2.5381987,11.997169,0
-52.831116,43.338764,0
43.10155,-23.514086,0
-10.082617,-28.500576,1
3.5849307,13.212806,0
41.98183,-23.436043,0
8.42038,95.70557,0
-72.78554,19.48845,0
31.482014,-31.1012,0
9.3060465,-37.06418,0
-34.76411,-75.28213,0
16.273365,-41.104702,0
59.807182,37.78843,0
-6.2032056,75.61892,0
-37.217163,65.10683,0
-33.20658,-71.93426,0
-76.39368,14.230866,0
-3.021424,11.811832,0
36.92739,-26.585562,0
-9.401024,-46.348137,0
35.82844,-27.412308,0
-0.21603464,81.78729,0
-15.975999,-55.47657,0
36.137245,-27.0831,0
44.14936,-23.300505,0
-56.212624,37.633183,0
-41.14023,60.914845,0
-48.427494,51.34969,0
-27.198282,-62.979996,0
-15.62986,-55.364704,0
51.03698,-18.850222,0
5.1262784,-39.60305,0
-2.3145127,76.931496,1
21.327797,26.959364,0
6.4914393,-38.728718,0
67.13168,39.135113,0
42.896473,-23.40861,0
43.123863,45.097736,1
-45.094345,56.204422,0
6.4128194,-38.69682,0
110.37602,9.676428,1
10.368759,99.256294,1
-22.580236,-59.566273,0
90.33338,-27.79603,0
-4.2391214,78.1719,0
-32.745045,-70.73206,0
-45.8035,55.44508,0
58.298626,36.41475,0
6.3066363,15.81577,0
-22.152107,-59.343155,0
5.7955647,14.9811735,0
51.939053,63.796867,0
-16.484917,-55.93509,0
-16.2977,-26.196806,1
65.3673,38.3658,0
-65.22242,31.506647,0
51.501823,-18.538687,0
-92.02366,4.12745,0
-38.091003,64.34274,0
-15.949722,-55.58399,0
-30.264862,22.017138,1
-75.15906,16.006111,0
-0.507251,81.590385,0
-35.785946,59.145508,0
-72.41412,19.514801,0
-48.39891,51.31522,0
-21.794167,-26.524035,1
38.7721,45.909767,1
73.16795,-5.2075496,0
-68.03765,26.512407,0
-86.2437,8.00442,0
5.7633467,-39.302288,0
-21.209522,-12.471654,1
36.780003,-26.766756,0
75.38221,43.037453,1
-34.880375,-76.093254,0
7.0117126,-38.656025,0
90.49928,-4.358359,1
-64.988556,31.707499,0
-52.817223,42.932854,0
2.9650145,81.70706,0
11.532675,-36.460144,0
-75.5101,15.503752,0
14.9674635,19.699965,0
-76.30121,14.124087,0
-20.852919,-58.329533,0
105.766495,6.599357,1
-44.21354,41.912632,0
-2.392892,11.945422,0
51.856873,63.71864,0
-46.544785,54.20343,0
4.6482663,-40.312813,0
-25.033972,-24.254107,1
45.375874,29.501272,0
-90.685295,6.8276176,0
-36.417892,68.17198,0
-37.047047,57.75182,0
69.650314,-2.2958438,1
18.997602,-38.15968,0
-86.17619,8.161716,0
43.961468,29.02476,0
-8.057752,-44.443016,0
59.70862,37.45833,0
-22.683475,-60.031178,0
-22.044628,-59.4235,0
20.323397,25.907455,0
5.6121936,93.587425,0
-33.10302,-72.921524,0
8.052602,95.39176,0
-67.81789,26.555313,0
21.047441,-36.420788,0
-75.72211,15.115869,0
77.57679,-9.267795,0
-41.34463,60.41202,0
-34.24937,-75.02742,0
-93.7561,4.3046913,0
-58.644417,33.530563,0
90.755516,-30.784887,1
-33.723927,-74.32928,0
-34.09949,-74.56512,0
-59.0509,33.1441,0
-55.30274,38.300728,0
-22.97006,-60.256138,0
-40.19093,61.473965,0
55.91255,70.05028,0
56.132645,70.317604,0
90.95174,-29.882912,1
-55.98397,36.717453,0
-7.2407093,-34.181038,0
75.1096,42.89354,1
55.959045,34.096836,0
56.048424,34.021145,0
-20.543352,-58.115604,0
-39.91456,61.702343,0
15.023756,19.640104,0
-44.681698,56.11118,0
19.662647,26.531754,0
-6.0282717,68.3758,0
50.343266,-20.446432,0
-36.66506,64.97154,0
10.506237,99.1229,1
-40.540848,61.039345,0
11.981668,17.79874,0
-54.12618,39.94469,0
-21.208893,-11.78456,1
-47.51507,52.91134,0
-28.542198,-11.869483,1
-36.278526,58.67074,0
-28.698254,-65.45582,0
-92.67731,3.8605478,0
-34.25253,-74.903755,0
45.55268,-23.552588,0
-40.73812,60.750587,0
51.147266,-19.238373,0
-3.451197,11.433439,0
106.24704,4.140397,1
-28.685863,-65.4061,0
-18.812,-57.351013,0
75.60722,42.918293,1
56.186726,34.119926,0
20.501005,25.951689,0
11.217693,-36.751408,0
-59.057903,33.050663,0
-48.323463,51.25187,0
-16.92913,-56.465626,0
-19.84982,-57.795635,0
5.1709027,-39.95282,0
-48.514717,2.6890836,0
19.398268,25.262701,0
16.121408,96.31463,1
35.66631,-28.114677,0
49.584324,30.190752,0
49.754936,-21.129581,0
9.550377,-37.377674,0
44.73072,-24.000982,0
44.865967,29.17769,0
66.35866,38.61373,0
-18.326569,-57.217068,0
50.608845,-19.950525,0
4.748176,13.626197,0
22.923584,27.611412,0
11.213558,-36.769924,0
44.10058,28.939589,0
6.9930487,-38.848366,0
-34.648003,-76.25594,0
50.033382,-20.81502,0
51.907833,63.819427,0
45.56384,-23.797375,0
-44.300987,56.438446,0
-35.52095,-76.20702,0
-67.78391,26.170128,0
-67.602356,26.299658,0
88.3149,-20.2878,0
-6.2037935,-5.2500963,0
56.453014,70.83353,0
35.701183,-28.174784,0
30.705807,-32.25423,0
10.703496,34.8057,1
-34.654858,-76.060616,0
49.61054,30.16001,0
52.315277,-18.313108,0
-67.85258,26.226463,0
-25.767706,-8.020388,0
-56.148006,36.03264,0
-14.347547,-55.608494,0
-58.659573,33.172455,0
4.4881477,80.88845,0
72.46776,40.924774,0
-66.39473,25.842808,0
17.382345,-39.807426,0
10.233372,-37.365345,0
-90.254585,5.364603,0
9.951942,19.209986,0
34.580727,-28.922422,0
31.586334,-31.82882,0
-19.923767,-54.17538,0
9.929775,-37.31052,0
73.23232,-5.113745,0
55.071007,33.31129,0
8.219081,95.02612,0
-8.836325,-25.120722,1
-52.55261,42.40622,0
-14.915803,-55.820377,0
10.559304,-37.28114,0
-34.47858,20.139877,0
3.6525335,80.65192,0
-31.889187,-70.696205,0
39.035454,45.87555,1
58.62596,36.315876,0
12.31429,18.117054,0
-57.365227,34.34196,0
-56.824368,34.65419,0
-75.00179,15.471679,0
8.297784,-38.338676,0
56.339054,70.68465,0
-48.092266,51.49105,0
51.193924,-20.10002,0
-52.552837,42.454983,0
67.23481,38.884796,0
-74.81188,15.67302,0
-75.0903,15.564688,0
-47.922253,3.0510066,0
-16.14161,-56.390556,0
32.694813,-31.330051,0
-45.225822,55.27928,0
11.53328,-36.62774,0
-91.19581,4.174578,0
-34.306698,-75.9808,0
20.47763,25.73861,0
-29.087223,-66.564255,0
20.626646,25.822771,0
-76.04464,14.035444,0
-34.104748,-75.69633,0
55.461678,69.700165,0
-54.106552,39.209103,0
-1.8802768,80.238045,0
51.840355,63.75646,0
-32.810295,-73.40667,0
15.13925,19.51493,0
36.559254,-27.871498,0
-29.108223,-66.568665,0
58.872646,36.434353,0
0.025298065,81.54713,0
10.278485,96.934204,1
-32.00085,-71.60647,0
5.0798974,92.91931,0
5.811037,-40.00445,0
44.16117,28.864647,0
-22.166203,-60.065155,0
-4.8402166,76.27388,0
-28.629053,-65.98002,0
72.81729,41.013725,0
6.5791936,93.9695,0
33.88487,-29.524443,0
-43.513927,56.763237,0
-85.90815,6.989746,0
17.912956,-38.795692,0
-93.00307,3.6505444,0
9.004687,95.63813,0
-33.340958,-74.50526,0
22.0146,-35.61,0
-73.04179,21.89001,0
-22.740643,-61.15515,0
-20.419863,-58.690037,0
-47.771023,-3.160158,0
-40.722668,60.25632,0
-25.09919,-20.808994,1
-39.867393,60.979427,0
-33.524105,-74.94738,0
50.096138,-21.1235,0
-91.257706,3.8124223,0
33.425495,-29.8617,0
50.706745,-20.223145,0
-85.79025,6.905394,0
36.230034,-28.178915,0
35.865444,-28.399033,0
49.44803,29.99141,0
-56.358185,35.069508,0
22.194004,-35.541466,0
-22.910986,-15.259409,1
14.253187,19.295824,0
-74.76068,15.700575,0
-75.7898,14.177936,0
-22.085794,-60.154537,0
-55.13252,37.229156,0
72.12554,-4.218567,0
32.069763,-31.842392,0
-20.466011,-58.73059,0
-36.086086,68.02211,0
-34.287018,63.437,0
-52.31277,42.484417,0
11.81027,17.403908,0
-86.296,6.1456165,0
3.8155017,12.944637,0
-53.1521,40.420185,0
80.81356,36.822025,1
-86.34674,6.097656,0
5.9296656,14.631471,0
90.95564,-24.461449,0
-71.437065,18.479263,0
-15.8908615,-26.550873,1
-33.714947,-75.391846,0
42.95507,-26.872936,0
67.24709,38.785656,0
-20.512426,-58.749317,0
-33.53399,-74.865105,0
4.503816,80.80983,0
51.10084,-20.020527,0
-57.70436,33.563656,0
-41.5316,58.58961,0
-59.14691,32.252743,0
-57.06341,34.109425,0
32.447105,-31.704042,0
-70.29829,19.341352,0
42.991413,-26.90239,0
72.850334,40.926678,0
-1.8111373,80.127335,0
-29.700422,20.69233,1
-71.39817,18.441332,0
-46.10019,53.910713,0
37.338745,-27.703094,0
-20.202486,-58.581272,0
-54.177708,38.45178,0
-90.4461,4.8189526,0
37.002163,-27.897007,0
-52.732292,41.00518,0
110.739334,6.1070976,1
-23.874908,-9.7076,1
4.1316295,82.859,0
-76.087395,13.39037,0
-55.864445,35.576134,0
-33.08687,-74.685425,0
-53.92531,39.044674,0
59.362858,36.57973,0
-0.3879877,81.24937,0
-57.657013,33.525288,0
21.005386,25.900461,0
3.2618785,80.34299,0
91.01247,-24.243513,0
6.9281597,-39.58155,0
3.537431,80.87551,0
72.18222,-4.205873,0
33.07305,-31.468714,0
5.8777046,93.48982,0
-28.26453,-65.75109,0
45.879208,-24.37219,0
-39.71698,60.78359,0
85.49737,-15.481954,0
3.659102,12.833793,0
44.00612,28.68613,0
-91.293045,3.667721,0
-21.20404,-12.355179,1
33.099693,-31.411087,0
-71.31823,18.440989,0
43.58572,-26.467749,0
54.85493,33.00182,0
-6.323045,74.5513,0
55.575436,33.222034,0
10.726301,-37.659317,0
-85.77612,6.749039,0
-43.916466,56.07287,0
-9.635739,-47.55825,0
-14.691936,-56.217,0
13.156287,18.74254,0
-2.075439,79.895065,0
41.963398,44.717342,0
-85.871086,6.472629,0
8.563117,95.02441,0
34.85367,-29.305607,0
-86.23249,6.003267,0
-71.292305,18.433455,0
13.625791,19.000257,0
6.505056,-39.985058,0
-39.15185,61.06263,0
-47.34319,51.98824,0
-65.84736,25.412928,0
-71.90587,17.237068,0
-7.2338114,-45.65591,0
5.854243,-40.41285,0
-19.815598,-58.615246,0
-17.554043,-58.186176,0
46.192097,29.471544,0
-52.640778,40.940975,0
-65.97697,25.365206,0
-51.989464,42.560265,0
-28.74672,-66.79464,0
-85.76023,6.6868305,0
106.47092,3.886756,1
55.2101,33.035725,1
-56.52298,34.3944,0
-56.10316,34.930855,0
32.92882,-30.666294,0
44.5436,28.798403,0
-21.104136,-12.378959,1
89.776085,-21.042719,0
-91.24418,3.5687084,0
-27.13038,-64.91694,0
-66.3105,25.247795,0
16.053284,96.02114,1
-33.516407,62.77955,0
-19.319492,-58.458782,0
-56.176987,34.820168,0
-32.75632,-74.26786,0
-23.952724,-17.574032,1
7.943074,-39.20737,0
50.5383,-21.225979,0
16.280771,19.798346,0
-53.97588,38.159203,0
5.7627726,14.193912,0
-47.999462,2.7716072,0
-27.932404,-65.672386,0
8.431085,94.779594,0
-27.932095,-65.68835,0
-40.678116,59.712654,0
9.938326,95.994606,0
-33.49888,63.224453,0
21.25483,25.89953,0
36.19444,-28.722675,0
10.423302,89.208176,1
-29.702536,20.672777,1
-16.343908,-25.036497,1
77.31364,41.57874,1
49.935127,-21.90039,0
23.215094,26.964771,0
-34.08725,-76.64327,0
-6.1095943,74.80925,0
46.02075,-24.53927,0
-17.418537,-58.38294,0
45.323902,-25.1617,0
66.23038,38.05054,0
15.717751,19.449112,0
-35.792595,67.904755,0
8.473324,-38.978653,0
-32.253185,-74.05185,0
-10.843646,-13.807712,1
-53.764458,38.789528,0
-69.983696,19.235699,0
44.32749,-26.19525,0
-46.912354,3.7225244,0
4.6081667,83.50009,1
54.580303,-22.47194,0
-91.4362,2.9705822,0
17.176453,-40.19471,0
13.859319,18.97789,0
44.822716,-25.732847,0
-58.30448,32.549656,0
-43.98808,55.75548,0
-54.649334,36.62632,0
-15.092623,-26.387825,1
-21.828453,-61.664722,0
107.25413,3.3093064,1
44.40377,28.692097,0
57.194565,72.2517,1
-45.88417,53.694668,0
49.9302,-21.991539,0
-39.651676,60.504555,0
10.954323,96.99277,1
4.5125422,-40.90865,0
-15.751356,-57.93715,0
9.935807,-38.230644,0
-39.063572,60.884937,0
-7.1252246,-45.662365,0
85.69608,-15.400387,0
50.136345,-21.750708,0
16.096052,95.94952,1
37.864475,-28.973852,0
-32.988735,62.90108,0
-55.261597,35.79986,0
-64.84513,25.339754,0
30.6045,-33.566296,0
-23.807583,-9.229386,0
-40.99659,58.879025,0
-51.165867,-2.055888,0
73.59828,41.076496,1
-56.797264,33.876705,0
-14.687236,-56.451492,0
-56.849323,33.82928,0
-73.41447,15.017271,0
-72.23927,16.088768,0
49.835663,29.782927,0
-47.53712,3.193492,0
65.43692,37.609814,0
30.940306,-33.358498,0
-69.880714,19.212734,0
92.01416,-3.3325086,1
-33.225414,62.76748,0
-24.58215,-15.480284,1
-51.54472,-2.3344233,0
37.396408,-28.373693,0
-40.164364,57.535748,0
-15.422488,-57.625298,0
51.758694,63.76071,0
-9.607791,-47.414974,0
6.017479,-40.651897,0
-28.420012,-66.66529,0
-39.450386,60.485516,0
-41.90303,57.17396,0
-52.47038,40.820736,0
-69.84891,19.195532,0
49.831455,29.75843,0
3.8262603,80.19117,0
9.610411,95.56238,0
-5.1671815,68.76357,0
-52.161076,41.538704,0
4.0204134,80.233665,0
69.72074,-1.8983572,1
-42.23275,56.766308,0
-66.73825,24.527142,0
-37.18511,57.520645,0
-32.653473,-74.97032,0
-20.392834,-25.232088,1
31.170286,-33.478256,0
-50.395554,-1.7916988,0
90.160355,-21.44171,0
-29.66384,-73.07184,0
11.159822,-38.028515,0
-37.598076,57.23559,0
-6.107201,74.59964,0
89.50861,-20.619835,0
-33.455418,-76.12734,0
-64.57396,25.262667,0
5.672881,-45.517906,0
54.731647,-22.705013,0
49.464066,29.555706,0
72.30154,40.28855,0
32.676594,-32.236485,0
65.84769,37.723778,0
-69.11725,20.06385,0
5.9294257,14.227339,0
77.91937,41.322517,1
-75.69079,12.892119,0
47.051765,-24.315855,0
55.679863,32.97569,0
91.07049,-31.15947,1
20.674393,25.55506,0
6.692295,-40.32084,0
21.37445,-36.40977,0
-91.492676,2.5087335,0
54.787567,-22.721375,0
-27.260616,-65.55664,0
43.882397,-26.943672,0
-32.76916,62.89831,0
-42.64932,4.1675024,1
52.316288,67.45135,0
91.13166,-23.801117,0
-22.203585,-62.25966,0
31.51786,-33.322063,0
41.61258,45.010464,0
-65.16734,25.175213,0
11.008858,-38.24864,0
28.15089,50.76066,1
-58.16625,32.33663,0
-70.8361,18.203367,0
23.760668,26.49608,0
46.24967,-24.669374,0
15.450922,19.147955,0
-27.252169,-65.41753,0
8.794644,95.01637,0
-32.826553,-75.35744,0
-58.4619,32.08108,0
-29.923666,-73.44064,0
-66.1765,24.865856,0
-21.58503,-13.548761,1
65.877846,37.66879,0
-16.434738,-58.997944,0
72.0988,-3.9379883,0
46.224937,-24.87073,0
11.838626,17.08077,0
-58.43768,32.07451,0
-33.20155,62.714752,0
-74.12857,14.542542,0
-57.226006,33.211308,0
45.447346,28.883919,0
-56.578667,33.732243,0
9.925215,95.659,0
-33.276764,62.632088,0
17.068869,-40.322834,0
6.45913,-40.95585,0
53.62304,75.18415,1
4.8951745,13.046421,0
22.402916,-35.531254,0
-66.382706,24.631025,0
19.849886,-37.992165,1
6.462088,-40.541584,0
-6.0959024,74.427086,0
-20.48825,-61.73181,0
-50.653385,-1.9584422,0
-30.73876,-74.059494,0
32.355186,-32.725338,0
56.56559,33.306705,0
4.508994,80.42241,0
-90.55001,2.6502554,0
-32.667652,62.720444,0
90.44101,-21.706717,0
72.8174,40.46547,0
11.471945,97.0689,1
5.7995753,93.18735,0
-85.47176,5.9368978,0
11.231126,-38.26476,0
21.693113,25.772408,0
65.368225,37.34767,0
-1.6720748,73.00528,0
-27.612597,-66.00901,0
15.965491,19.37676,0
20.374664,-37.81734,1
-3.460456,10.921401,0
-65.42235,24.96918,0
66.96541,38.15851,0
60.31512,36.295776,0
-47.528282,-1.799259,1
4.6777544,80.45041,0
-55.207302,34.984245,0
-91.65143,2.164498,0
-33.530872,-76.83851,0
-29.585419,-73.38465,0
52.410225,67.72287,0
107.40338,3.1440217,1
-10.890649,-30.509329,1
7.826565,-39.90113,0
6.0527663,-40.859154,0
-5.560711,67.87361,0
-21.070736,-62.148193,0
-69.60066,19.004753,0
-2.794801,-49.51053,0
36.831547,-29.317816,0
-33.419754,62.513744,0
-55.561264,34.540592,0
-21.006151,-62.188248,0
-66.32458,24.531717,0
91.17345,-23.78679,0
-11.048065,-30.443178,1
6.577328,-40.758003,0
46.291348,-25.107283,0
28.698313,53.18614,1
16.105839,19.34638,0
-71.92868,15.500885,0
-43.432304,46.954323,0
4.704628,80.42563,0
-86.83531,4.302423,0
-5.347539,68.16036,0
40.43873,44.98328,0
43.125763,-27.820118,0
33.588142,-32.445004,0
-40.830936,58.39703,0
-74.8983,13.126159,0
43.631664,-27.516071,0
45.033844,28.671013,0
-6.233304,-5.3878527,0
-83.6424,6.391987,0
-39.307537,60.148872,0
-32.799984,62.596905,0
9.389279,88.32054,1
65.61063,37.322376,0
-30.59275,23.062529,1
-66.2684,24.45185,0
-15.859056,-58.978527,0
55.279167,-22.956327,0
-52.26414,40.6548,0
66.33468,37.344482,0
-0.6290116,74.168015,0
-53.775715,36.18227,0
5.963076,-41.44027,0
46.04555,-25.286932,0
-31.899727,62.587124,0
-55.559097,32.31486,0
28.802443,54.282215,1
20.938404,-38.0845,1
-42.17335,56.465588,0
-63.554726,25.042313,0
109.197,2.4846833,1
-69.71927,18.669516,0
-29.27387,-73.30201,0
42.82439,-27.95901,0
-33.280544,-76.69059,0
-31.752226,-74.89246,0
-7.2145596,-45.720947,1
37.33266,-29.36359,0
-90.91043,2.1518002,0
-20.908838,-11.911098,1
16.00244,19.206549,0
11.0999365,-38.61923,0
-42.01887,55.650387,0
-42.50378,4.112248,1
55.99244,32.833706,0
6.1111274,-45.502895,0
-32.20672,20.270824,0
-53.569706,36.4016,0
-17.328276,-60.73797,0
8.752868,-40.010784,0
37.434628,-29.396505,0
-43.366787,46.921505,0
43.234966,-27.813492,0
-55.360104,34.38271,0
-85.97607,5.0227137,0
-77.36207,9.391075,0
66.34148,37.734303,0
16.145153,95.696785,1
106.9413,3.4265213,1
8.323215,94.47473,0
-33.46298,-77.14846,0
55.03311,-23.135258,0
6.2765694,93.50396,0
-30.302416,-74.2757,0
-53.37199,36.848114,0
-55.769848,34.020878,0
78.08374,-9.296039,0
65.58441,37.338013,0
89.85258,-20.82269,0
-5.3086305,68.11562,0
10.067649,95.54041,0
65.70813,37.450577,0
-25.626509,-27.830755,1
-89.00697,2.6086538,0
-37.447906,57.30548,0
-84.56221,6.197619,0
28.520676,52.942085,1
-85.20765,5.7998276,0
42.54443,44.26073,1
72.6115,40.110584,0
11.17717,-38.7371,0
10.833386,96.20878,1
83.00696,-14.044771,0
45.088604,-26.446177,0
-76.05831,10.435741,0
12.667526,-39.433228,0
-41.587814,56.853455,0
-63.24528,24.869303,0
-52.31684,40.206234,0
-52.07835,40.496407,0
-41.914227,56.020943,0
-69.569725,18.59,0
-31.945892,-75.35251,0
32.045143,-33.642326,0
42.81728,-28.098446,0
-15.558356,-58.967403,0
73.838394,40.56053,1
22.548754,-35.511536,0
49.977226,-23.246702,0
-28.010643,-67.41245,0
-68.87604,19.612528,0
78.10504,41.094643,1
57.8685,33.993725,0
46.139122,-25.451674,0
-32.57791,-76.14884,0
74.29765,-5.6302733,0
-15.537175,-58.992836,0
68.41328,-5.3881273,1
4.828142,12.813306,0
4.6596026,12.762278,0
77.98025,41.06181,1
66.596436,37.803223,0
55.52722,32.619316,0
-32.907017,-76.54005,0
-85.1725,5.6028686,0
26.863554,51.770317,1
-16.355644,-59.75013,0
43.14617,-28.197659,0
28.859795,57.487724,1
66.026985,37.36992,0
55.28079,-23.164661,0
-25.108555,-20.666803,1
55.415195,32.560955,0
61.544518,36.11998,0
5.5902214,-46.062473,0
4.041189,79.33081,0
-57.49987,32.195652,0
11.586127,-38.498306,0
76.57413,40.98689,1
-83.5662,6.4559107,0
-76.74251,9.809957,0
-48.317383,2.2206032,0
-38.80971,60.12943,0
9.163307,88.12198,1
10.493181,95.79396,1
-69.29802,18.798464,0
-20.580204,-62.616592,0
39.074924,-29.77112,0
-41.911636,47.556892,0
78.25311,-9.47411,0
55.17677,32.48706,0
78.119286,41.06628,1
-51.752922,41.135414,0
56.940163,33.15578,0
48.3932,28.761482,0
-13.2505045,-31.695469,1
-17.978115,-62.24362,0
6.2983522,-45.624138,0
5.7405577,13.2684,0
50.22876,-23.324932,0
-32.436172,62.280407,0
77.3483,40.93153,1
-35.72994,58.868244,0
-7.4443054,-49.972923,0
45.262352,-27.198378,0
-91.31483,1.6890937,0
34.03841,-33.257595,0
-16.141615,-59.486904,0
54.70861,-23.68034,0
-76.7198,9.827671,0
-75.59344,10.62259,0
-31.572338,62.302963,0
78.12497,41.048546,1
-7.7517133,-50.526066,0
-0.97458684,73.35008,0
-41.35419,56.72376,0
78.3982,41.107754,1
-27.525194,-66.74297,0
-69.23467,18.727154,0
57.08012,72.32159,1
-45.878563,3.2638676,0
10.331459,89.056274,0
91.43503,-28.16517,0
-85.52511,5.042568,0
-41.861946,56.341335,0
-2.8250692,-49.542717,0
5.5215836,92.59632,0
-55.543037,32.19839,0
-10.44818,-29.710289,1
21.46612,25.548473,0
31.474691,-34.261364,0
39.36749,-29.959803,0
-53.198044,36.59956,0
-15.876833,-59.650032,0
10.871141,-39.32419,0
-53.301605,36.09518,0
31.499283,-34.279945,0
45.829884,28.687119,0
14.925127,18.483604,0
67.17397,36.092167,0
-29.570723,20.888723,1
-32.366558,62.1925,0
-24.681149,-24.35851,1
50.32423,29.298786,0
91.6698,-29.704151,1
-13.446299,-32.192524,1
-76.37014,9.984986,0
20.430737,24.75968,0
-71.489044,14.432719,0
-5.3990088,67.73645,0
-42.157597,47.25688,0
-1.7817641,72.158905,0
-90.285065,1.5183365,0
-46.377903,3.0121627,0
55.581703,-23.36771,0
108.70756,2.4557903,1
38.874218,-29.877995,0
-43.398922,46.59732,0
73.101685,40.16589,0
49.235413,28.726809,0
53.639164,68.94416,0
-87.26888,3.1535587,0
-53.268486,36.12123,0
9.538339,94.96426,0
-39.031487,59.386353,0
-43.61682,46.186718,0
35.493973,48.882343,1
6.214637,93.353264,0
-5.3284245,67.75264,0
8.702683,94.47644,0
-22.307173,-18.124872,1
11.780332,16.547192,0
55.237114,-23.654175,0
24.072905,25.75032,0
10.39817,95.55337,0
-89.2448,2.1947274,0
91.4177,-27.752405,0
55.88506,32.51216,0
50.044037,-23.620657,0
38.57731,45.966297,1
-17.256685,-62.062077,0
19.241468,-39.49672,0
-90.42018,1.3636211,0
55.08389,-23.80465,0
40.267597,-30.214268,0
-21.829441,-14.10619,1
6.296889,-45.933006,0
-85.450386,4.901616,0
-15.762351,-59.471596,0
-75.92764,10.179609,0
-19.081558,-63.004707,0
-36.854733,57.63114,0
-71.65056,13.573767,0
15.389376,18.547869,0
-20.809385,-11.532916,1
-25.757635,-27.680002,1
-27.295403,-66.776115,0
38.372036,43.198093,1
-28.4941,-73.59288,0
-51.14885,-2.5206401,0
44.347763,-28.134443,0
47.7266,-24.991196,0
-33.013515,-77.385864,0
73.035095,-4.4712253,0
8.453455,94.32362,0
-28.353647,-73.66401,0
67.13774,37.71188,0
-53.450436,34.93885,0
-61.019085,24.868143,0
-29.441353,20.149405,1
22.71104,-35.61353,0
33.594402,-33.95485,0
6.1945453,93.32379,0
-71.8858,13.1416025,0
10.81124,34.59322,0
-20.146303,-63.037895,0
-57.247253,31.886728,0
31.814796,-34.35064,0
44.119522,27.732862,0
-23.699799,-7.3580747,0
-16.157507,-60.189247,0
34.31618,-33.67204,0
40.268612,-30.2808,0
-42.093372,47.2125,0
10.647974,-40.36786,0
44.36843,-28.195377,0
-57.75205,31.41247,0
61.62528,35.95745,0
11.421395,96.3106,1
67.50369,38.030678,0
-74.90899,10.801831,0
16.65933,95.58978,1
-20.942438,-63.345245,0
-76.56606,9.557247,0
-42.774017,46.77716,0
55.518944,-23.664698,0
-15.4418955,-59.435566,0
-28.563278,-73.85165,0
60.207954,35.667767,0
-85.8143,4.337381,0
11.434773,-39.01639,0
-69.46461,17.380087,0
-75.431145,10.43498,0
-5.80759,-49.78589,0
-15.233799,-26.106876,1
69.85682,-1.6933937,1
-53.449383,34.24576,0
56.159546,32.47078,0
-17.777817,-62.520634,0
65.37394,37.076534,0
-25.365314,-9.523787,1
66.76028,37.46118,0
-15.422035,-59.746346,0
78.02953,-8.930146,0
10.903289,-39.63536,0
69.84849,-1.6774833,1
-26.796877,-66.52724,0
5.6945777,92.72106,0
91.11993,-7.714384,1
-69.119255,18.140858,0
15.914636,18.743843,0
-29.54015,20.810041,1
-40.484863,48.042835,0
-43.63096,45.88866,0
10.704077,34.79858,1
16.033403,95.21236,1
-0.5736486,73.7585,0
-53.14564,35.3456,0
-31.449774,61.946392,0
0.33719066,7.908603,0
31.165575,-34.82978,0
31.64533,-34.608177,0
15.782613,18.625051,0
111.08187,6.0069685,1
10.36851,-40.445263,0
47.34127,-25.346004,0
15.692002,94.978584,1
-61.850384,23.993626,0
90.683235,-21.691828,0
-9.563784,-47.564705,0
-42.745296,46.804726,0
57.565105,33.313854,0
-0.4129953,73.94176,0
56.3677,32.471233,0
26.396162,50.753063,1
17.29672,95.58182,1
-7.6590595,-49.94517,0
-28.873083,-74.67201,0
15.481188,18.39638,0
34.198803,-34.064053,0
11.095602,15.719659,0
10.090812,-40.695454,0
78.26113,40.88817,1
37.522015,-33.12436,0
80.93416,36.719906,1
57.914284,33.714016,0
-68.85315,18.399897,0
59.783623,35.30809,0
-60.806793,24.738905,0
-63.390812,21.455153,0
-76.82575,9.131062,0
-76.2015,9.700668,0
-62.61459,22.88693,0
9.880581,-40.83833,0
-37.410564,53.996117,0
4.6115127,12.480046,0
-53.461105,33.694546,0
2.7931318,75.10674,0
-29.113457,-75.14807,0
-16.958662,-62.145042,0
10.227934,-40.688694,0
-6.0466843,-5.756002,0
-20.437555,-63.188232,0
56.037716,-23.670301,0
31.395546,-34.724167,0
-71.69413,12.911796,0
-28.666079,-12.980967,1
-30.506662,23.429853,1
-62.196808,23.519264,0
10.371048,95.24279,0
32.361572,-34.52251,0
50.48543,-23.999386,0
-89.56157,1.1804712,0
6.795829,-45.921837,0
40.488,-30.541882,0
47.06961,-25.674019,0
-40.064827,48.201206,0
-30.168203,-76.43694,0
75.458115,-7.0344925,0
11.078884,95.90166,1
-85.157104,4.5609274,0
-74.34262,10.86527,0
-0.26173818,7.5140057,0
-43.85259,41.93596,0
-25.950455,-8.096896,1
-32.81387,58.310043,0
89.74482,-8.298087,1
-23.123737,-15.333818,1
-74.20078,10.910335,0
-62.841778,22.147453,0
-88.373314,1.8244563,0
55.319515,-24.331581,0
-29.348131,-75.62532,0
22.715189,25.425972,0
73.6692,-4.5350323,0
-74.81511,10.493315,0
45.13143,-28.621784,0
11.813296,16.250263,0
67.75696,36.81177,0
-29.024267,-75.212204,0
-32.70547,-77.598015,0
-1.3056937,72.10501,0
-31.494837,61.657204,0
-30.899054,61.739212,0
51.79397,29.220577,0
-42.66742,46.742245,0
-30.365196,22.632378,1
-71.89488,12.487798,0
10.716696,-40.282475,0
74.68993,-6.0110593,0
75.561935,39.51259,1
-36.882893,54.04962,0
-34.420876,19.677374,0
108.27294,2.5452945,1
37.307377,46.48195,1
7.4415045,-45.450867,0
23.034626,25.411293,0
-51.046604,36.44616,0
-17.915182,-63.18454,0
-30.866518,61.710644,0
-86.19026,3.6010098,0
-89.96541,0.63614464,0
91.879425,-29.943285,1
17.362135,95.55664,1
-31.179512,61.70237,0
-30.003513,-76.548325,0
105.349434,6.601513,1
-70.82895,14.32741,0
-42.63189,46.670406,0
-6.1776195,-5.5611043,0
13.209493,-39.49569,0
-36.638855,54.37568,0
-55.363167,31.780941,0
21.81264,59.938374,1
33.467354,-35.048473,0
-42.264988,46.91168,0
-86.69175,3.0954494,0
-61.019497,24.111147,0
23.075531,25.393635,0
54.373405,-26.052046,0
-76.33721,9.201941,0
91.71799,-28.144163,0
-28.087938,-74.11231,0
38.090214,-33.115242,0
55.567883,-24.339134,0
55.388107,-24.421858,0
7.7489314,-45.140137,0
-19.942802,-63.342617,0
-2.6839473,5.84513,0
31.731358,-34.87326,0
-36.76583,54.007935,0
-43.088463,4.0058885,0
44.28265,-28.880646,0
6.783623,-46.951527,0
-89.36957,0.9829005,0
-87.72557,2.2662344,0
44.266636,-28.90422,0
-6.1766577,-50.084534,0
7.280453,-45.784943,0
-31.654758,61.381924,0
7.775289,-45.166412,0
0.22452217,7.6908264,0
-31.884016,61.087578,0
-30.665287,-77.11516,0
-75.55659,9.536306,0
35.037075,-34.521606,0
-63.171387,21.383715,0
-42.94949,46.488697,0
-59.635082,25.148687,0
-32.956425,57.916145,0
-32.48321,-77.62963,0
5.210358,79.7966,0
28.797457,54.891476,1
-63.21714,21.140001,0
51.153133,29.035198,0
11.278145,-40.125584,0
-17.783195,-63.158592,0
21.752169,56.924385,1
77.8455,40.54526,1
6.689081,-46.85286,0
73.06849,39.547783,0
8.623566,13.167966,0
15.764087,94.5742,1
-68.543564,18.181894,0
41.12324,-30.80467,0
-35.02147,59.191406,0
39.322876,-32.55552,0
-17.549332,-62.865047,0
17.41123,95.495834,1
-16.532534,-62.487022,0
-28.220343,-74.50132,0
77.98384,40.582783,1
78.090034,-8.766558,0
-87.678276,2.2204387,0
-53.519955,32.68745,0
9.886693,88.50931,1
-73.52917,11.047037,0
-86.27427,3.3512168,0
-75.8668,9.296398,0
-53.290787,33.151325,0
90.822975,-21.677235,0
-20.114958,-63.536537,0
50.30578,28.697506,0
-43.5029,46.003006,0
-90.14607,-0.070718065,0
6.7424006,9.509123,0
0.24688473,7.655302,0
4.745686,78.402725,0
-69.00583,17.298326,0
-9.489865,-47.577812,0
-16.881771,-62.865704,0
54.859238,-25.806921,0
-17.34812,-62.443916,0
78.15654,-8.931436,0
-47.6063,35.397385,0
5.6130834,12.620714,0
-69.18203,16.671848,0
-73.92619,10.8035,0
5.8071404,12.654819,0
-52.14429,33.69435,0
-39.805393,48.08048,0
52.242588,68.23105,0
74.20771,-4.9576216,0
-16.949179,-62.86897,0
-10.860387,-29.671074,1
-44.85843,3.7405345,0
-28.136023,-74.65311,0
4.0423837,76.35394,0
10.562928,95.07559,0
-7.8035984,-51.007614,0
50.168613,28.554033,0
-42.002407,43.58272,0
45.468678,-29.136026,0
-71.26578,12.4529085,0
-43.99979,45.440853,0
-0.84123975,72.99512,0
-1.9057704,6.3720703,0
-76.26034,9.112856,0
13.33823,15.902419,0
10.45446,-40.835964,0
105.7311,4.2791524,1
-31.205572,61.3398,0
51.84156,67.31271,0
-39.75307,48.160328,0
-76.249275,9.097838,0
-3.738963,68.76625,0
-3.7835243,68.764885,0
-27.760271,-74.22355,0
50.74921,28.83755,0
-29.62785,-76.82956,0
-71.773834,12.179111,0
37.22478,-34.048462,0
10.246392,-41.07059,0
-13.913384,-19.417227,1
-89.55601,0.4819889,0
-33.108253,57.600296,0
81.00116,36.588963,1
-32.44979,58.27613,0
-40.410976,47.400986,0
-20.925892,-12.276411,1
-36.740883,53.338394,0
21.592651,19.85528,0
-30.140442,61.380367,0
28.317091,51.13756,1
-45.33049,3.2426553,0
-84.87755,4.2076206,0
-29.74317,61.34056,0
-29.55991,21.050184,1
44.534756,27.5341,0
-23.734028,-72.00897,0
52.826233,29.45195,0
105.33309,6.6121907,1
78.26157,-9.089892,0
-75.47719,9.401581,0
50.561165,28.696877,0
56.12574,31.947365,0
36.830055,46.952293,1
-53.629463,32.320595,0
-62.756084,21.29037,0
78.19791,-8.932028,0
-24.109333,-72.25405,0
17.445824,-40.47063,0
-32.135147,58.52712,0
-62.97505,20.938175,0
24.67521,25.329954,0
16.70615,-41.43038,0
-41.470257,46.988335,0
31.173853,50.870647,1
55.36272,-24.982971,0
34.57349,50.875122,1
61.31001,35.687805,0
8.3394985,-44.939735,0
44.402897,27.458864,0
80.75079,36.776882,1
-63.75101,20.353497,0
-22.082386,-70.9857,0
-32.35234,-77.841515,0
24.095829,25.242056,0
-2.8008733,-49.71631,0
72.344826,-3.1911416,0
-40.340485,47.326855,0
90.7698,-18.523596,0
52.515083,29.25197,0
56.895203,32.206562,0
78.42808,40.680267,1
55.7509,-25.088612,0
41.641052,-30.97498,0
4.8107686,78.02375,0
-70.35315,12.486389,0
-28.757187,-76.19143,0
-2.8226244,5.540368,0
5.6766057,80.06177,0
46.60271,-29.71892,0
31.879581,-35.28569,0
-25.485435,-23.731081,1
46.307888,-29.699936,0
41.30284,-31.160963,0
37.69669,-34.010464,0
18.885485,-40.02289,0
-9.518411,-31.759588,1
-18.016104,-63.778095,0
-4.6992106,67.79366,0
-51.50162,33.501472,0
8.416096,-44.70616,0
55.827663,-24.806065,0
11.748098,-40.152153,0
-50.046524,-2.1771207,0
-84.64012,4.1251283,0
55.636185,-25.114273,0
-75.345436,9.206124,0
-62.65802,21.181477,0
-62.384384,21.49067,0
37.998085,-33.69955,0
-43.486248,45.715015,0
-86.63098,2.6821308,0
50.7605,-26.054747,0
34.621166,-35.665936,0
56.56351,31.984283,0
-47.55764,35.062252,0
4.8178883,78.013916,0
15.866938,18.026783,0
-5.47689,-49.929844,0
-40.27457,47.358376,0
-52.293575,32.990982,0
-29.327435,20.197577,1
-14.774462,-60.496784,0
8.032243,-45.297226,0
-89.20877,0.54138935,0
19.645252,-39.639324,0
-88.80047,0.97859466,0
-7.7990274,-51.570457,0
-40.26285,47.20345,0
-29.728773,61.188118,0
-76.371765,8.744495,0
55.45318,-25.53803,0
-71.23387,12.256511,0
-47.28148,1.6581362,0
37.105816,-34.556602,0
-40.251423,47.45339,0
24.837233,25.268103,0
-40.96922,46.812763,0
39.056934,-33.45845,0
41.333492,-31.280792,0
-21.370312,-70.70727,0
-14.570668,-60.407932,0
16.314041,18.357986,0
-63.718895,19.557087,0
5.5746493,79.66798,0
56.418777,31.878502,0
-15.570397,-62.073406,0
-89.49752,0.20670287,0
-15.577703,-62.075993,0
-38.682022,48.99653,0
56.483086,-24.387365,0
73.52917,-4.8786745,0
4.119315,76.21199,0
-34.014526,18.50806,1
24.801443,25.285664,0
-36.16843,53.503113,0
35.74671,-35.225525,0
105.64139,6.6699634,1
51.026722,-26.109879,0
-60.28318,23.504837,0
-17.081884,-63.533905,0
-47.30403,35.25313,0
44.507767,-29.682278,0
105.730644,4.2266774,1
-59.51983,24.136656,0
-15.831012,-62.53868,0
39.562405,-33.22253,0
41.085556,-31.540941,0
-2.5513468,5.730231,0
-45.051926,3.2644138,0
-14.9192,-60.836643,0
-73.14029,10.826374,0
55.90507,-25.259642,0
-51.400608,33.11116,0
-28.321209,-76.049965,0
9.182345,13.182007,0
51.57774,66.681366,0
-72.867714,10.815819,0
-26.243801,-74.06465,0
5.1051235,78.34041,0
7.800762,-46.415966,0
51.648254,66.93735,0
18.217148,-40.2429,0
-63.34183,19.842855,0
55.953815,-24.995907,0
34.666195,-35.91029,0
-1.027129,71.543526,0
-37.07045,52.29194,0
7.660255,-48.66699,0
75.71606,39.06259,1
-25.020477,-21.512167,1
-29.37478,20.622944,1
60.47268,35.292595,0
14.8431015,16.61722,0
-17.82983,-63.97876,0
3.3332155,74.85423,0
-30.630857,60.060234,0
-7.8790464,-51.5465,0
-0.79312056,71.81811,0
19.121058,-38.601273,0
-89.69113,-0.46834236,0
16.50522,18.363005,0
46.843414,-30.019213,0
-29.141518,-78.48176,0
-89.83447,-0.73973197,0
70.08317,-1.5482035,1
-12.051623,-24.967346,1
-63.33771,19.779993,0
-33.94157,18.835138,1
-36.450684,52.463108,0
-70.616615,12.239871,0
-32.64459,57.59624,0
109.36904,2.1186385,1
-89.56026,-0.23977315,0
-39.01204,48.441208,0
-29.14415,61.13356,0
-25.408953,-73.685875,0
-1.655627,70.378784,0
3.467458,75.09138,0
4.15806,76.15248,0
46.88127,-30.057755,0
78.24876,-8.801078,0
-62.990627,20.192295,0
-89.57725,-0.29437676,0
3.8106093,75.5422,0
56.956257,31.90772,0
-61.9735,21.280746,0
-7.359722,-50.208405,0
56.0005,-25.24778,0
-20.433588,-70.2258,0
-33.653606,18.55734,1
78.1638,-8.296603,0
91.59806,-23.924255,0
-59.46767,23.945166,0
-20.14158,-69.952415,0
-87.279594,1.9225754,0
-13.523326,-26.059986,1
8.582345,-44.711117,0
-60.321148,22.906364,0
1.1955012,7.863415,0
-3.1660416,-49.903713,0
-29.399841,60.910656,0
6.729007,-48.179565,0
56.598427,-24.560171,0
7.8951626,-46.301014,0
17.158274,-41.215633,0
24.579199,25.062838,0
16.693806,18.407917,0
77.94146,40.14819,1
-3.8076775,68.3748,0
-35.88215,53.31162,0
55.722115,-25.867664,0
-39.692574,47.52548,0
51.33878,-27.686518,0
91.60789,-24.033298,0
76.550285,39.381054,1
52.06848,28.836699,0
-38.861294,48.454586,0
29.969872,-40.68074,0
92.013794,-28.32065,0
54.297943,-27.267094,0
-22.348389,-71.61969,0
-17.744438,-66.5049,0
35.365017,-35.703087,0
16.957253,-41.35744,0
-30.163956,60.005936,0
38.369987,43.333096,1
7.840003,-46.85961,0
50.962383,28.518465,0
-1.3916436,70.72502,0
34.93814,-35.983017,0
6.658684,12.382864,0
24.831144,25.083664,0
36.6259,-35.211792,0
24.799408,25.10603,0
-68.230995,13.389403,0
36.09305,-35.436703,0
-27.977703,-76.24561,0
-51.390327,32.715,0
-63.467552,19.47315,0
-16.801561,-63.85943,0
38.23288,42.673744,0
-28.291267,-76.721275,0
-59.89745,23.31364,0
-89.05064,0.18562123,0
49.745842,27.703487,0
15.544184,17.125578,0
10.386755,-41.62994,0
67.82205,36.86044,0
-70.27521,12.02373,0
-23.819262,-72.72989,0
-22.895254,-72.1019,0
-29.191496,-79.08148,0
3.3878286,74.81002,0
74.93373,-5.988079,0
-60.747307,22.157372,0
-86.86987,2.0706334,0
34.062954,-36.836224,0
77.62078,39.92281,1
10.231668,-42.259285,0
66.49987,36.567455,0
-45.747864,35.780846,0
7.9189267,-47.151707,0
-38.496365,48.754696,0
-25.109982,-73.77778,0
-35.85141,52.948784,0
-23.343002,-72.41464,0
34.377296,-36.545036,0
-35.259,58.56397,0
-82.17603,1.2705649,0
-2.9816968,5.152572,0
-59.36951,23.82079,0
5.416183,78.42364,0
-35.866436,52.886093,0
70.021545,-1.485603,1
70.00845,-1.4945114,1
-89.49521,-0.5407361,0
17.39573,94.89302,1
22.07443,19.687046,0
-69.263176,12.303716,0
77.94869,40.096066,1
-70.93655,11.598092,0
38.086777,-34.707317,0
34.252445,50.686234,1
5.7656407,79.644775,0
-36.54553,52.009357,0
-55.24388,31.371151,0
8.437756,-45.054874,0
-36.499107,52.637173,0
-50.898914,-2.9651308,0
5.087863,77.78613,0
-74.85923,8.643756,0
-46.9938,1.1669079,0
-60.78537,22.097895,0
39.806675,-33.74908,0
61.845345,35.623116,0
73.33108,38.879627,0
7.937937,-48.964027,0
21.899418,59.941338,1
13.158709,15.358459,0
-20.656961,-70.63474,0
36.768677,-35.337395,0
51.540936,67.242676,0
-59.598255,23.531633,0
-2.854519,5.2312202,0
78.08511,40.15538,1
3.5905402,74.919945,0
-59.40966,23.576344,0
24.111555,24.956667,0
54.301037,-27.431957,0
8.292476,12.543332,0
61.56081,35.563046,0
56.104824,-25.920227,0
-22.237612,-71.770195,0
-0.10464622,7.0681157,0
21.939533,60.063194,1
10.407023,-41.905674,0
47.6164,-30.195124,0
-20.538992,-70.49276,0
-16.56747,-25.891062,1
109.26291,10.343212,1
8.026653,-47.15412,0
-38.479523,48.53219,0
-30.698973,58.791477,0
-62.373226,20.094784,0
-32.195744,19.864225,0
-38.520443,48.48845,0
36.982956,-35.344337,0
8.63468,-44.746437,0
51.568085,28.557955,0
5.792831,79.04564,0
-68.333206,12.685723,0
-28.429281,-78.13525,0
21.441645,59.488605,0
8.8763275,-44.390293,0
53.925743,-28.058702,0
46.638767,-30.67551,0
-27.188457,-76.026985,0
8.645647,-46.833782,0
24.764484,24.952236,0
51.140785,-27.883476,0
31.24851,-40.517017,0
91.41335,-22.124393,0
31.615137,-40.306736,0
-59.42055,23.495491,0
-14.658554,-26.452356,1
-20.579025,-70.68838,0
-59.24398,23.717537,0
-13.747834,-19.65876,1
-59.23152,23.71324,0
-89.43216,-0.72514325,0
-45.66682,35.717796,0
55.838043,-26.268831,0
-16.952288,-65.37339,0
41.40548,-33.034534,0
-29.139473,60.396503,0
1.2604487,7.681093,0
47.06836,24.80117,0
8.101665,12.413258,0
-75.0447,8.39373,0
-60.989815,21.328287,0
24.61476,24.818468,0
8.115771,-46.708218,0
-69.924904,11.776403,0
-89.618,-1.1956208,0
39.484734,-34.255226,0
-62.61969,19.74239,0
39.51681,-34.241943,0
1.1965292,7.5672765,0
-89.609695,-1.2047026,0
34.667107,-36.52545,0
-3.4698627,68.41219,0
-49.99645,32.612762,0
47.152344,-30.561886,0
-31.237436,57.52712,0
77.65266,39.79471,1
25.035307,24.948582,0
-47.295654,34.195652,0
-61.448357,20.843435,0
-25.429722,-74.28044,0
59.81904,34.49518,0
-26.749962,-75.67906,0
-72.78437,8.758354,0
-50.45169,32.486668,0
55.632687,-26.780264,0
-47.338253,34.18363,0
17.780209,95.16093,1
-13.73671,-25.86922,1
0.105766505,7.0743513,0
6.396229,12.26239,0
-29.267962,59.699,0
-28.376608,-78.66606,0
29.88849,-41.015526,0
-47.412663,-1.7697233,0
-50.57119,32.243416,0
92.14664,-27.973698,0
29.658295,-41.183723,0
30.28529,-40.945568,0
-2.9509134,5.013418,0
-70.36878,11.586029,0
-69.253586,12.036251,0
-62.551735,19.744087,0
34.02382,-37.607937,0
-35.74379,52.37795,0
55.79664,-26.613537,0
51.785538,-27.315727,0
51.71257,67.812355,0
-1.8825966,69.43191,0
-4.698674,66.63148,0
-16.642645,-65.07165,0
-68.24808,12.547278,0
11.902835,8.154605,0
34.377876,-36.94868,0
-50.63967,31.246761,0
16.617498,92.98536,1
-29.779022,-10.420828,1
53.242577,29.008717,0
-31.094921,57.424885,0
47.01865,-30.776464,0
-15.023737,-64.00613,0
91.77709,-22.91552,0
-16.407007,-64.77127,0
-41.98111,43.513916,0
90.567986,-20.574215,0
11.090892,94.237335,0
-35.633793,52.578125,0
-28.93584,-13.754402,1
-35.284996,52.87916,0
-86.52378,1.7666931,0
37.80155,-35.432304,0
47.025505,-30.83218,0
83.49883,-13.878667,0
9.472631,12.939651,0
-60.475163,21.794905,0
36.579304,-35.767563,0
74.18397,-4.2778487,0
39.623714,-34.437466,0
-39.29124,45.60267,0
54.124973,-27.711588,0
33.133812,-39.1707,0
37.43757,46.256836,1
42.183933,-32.959736,0
50.1311,27.722132,0
39.106804,-34.823242,0
-69.50234,11.7528105,0
-89.61533,-1.618376,0
-16.301828,-20.984194,1
33.703342,-38.333706,0
-29.586079,58.867493,0
-10.9450245,-29.094793,1
-80.48337,0.98632216,0
-23.510109,-73.06192,0
-17.476099,-67.38246,0
-7.334431,-8.802433,0
-28.874863,60.38865,0
-81.099556,0.8202785,0
106.76352,9.680917,1
-40.11027,42.34737,0
-7.1912036,-8.640739,0
-32.54382,54.82124,0
-29.258026,-13.238457,1
-19.700804,-70.187096,0
-25.799047,-74.74863,0
15.9982,16.959843,0
75.220505,38.632023,1
70.782974,-1.4272721,1
16.317308,-42.22185,0
-35.53232,52.301193,0
-65.68701,13.56597,0
-39.207638,44.66779,0
-35.341805,52.57911,0
30.504442,-41.044884,0
-31.316952,56.17606,0
-39.313953,46.248936,0
50.53544,-28.630228,0
74.824875,38.581013,0
78.35879,40.14098,1
-66.416336,13.117462,0
92.38771,-26.299234,1
4.2914324,75.50719,0
8.3048,-49.581165,0
-61.236862,20.581095,0
-45.524193,35.542934,0
-50.88063,-3.034664,0
8.604519,-46.973457,0
-4.5315986,66.63966,0
13.600558,15.051463,0
43.52844,-32.785187,0
-68.33194,12.2405405,0
-46.811687,34.18473,0
7.456418,12.198801,0
-28.777517,60.257874,0
55.92693,-26.840048,0
61.504383,35.41932,0
11.237718,94.2849,0
38.604836,-35.369247,0
17.275295,94.03049,1
-35.046906,52.777493,0
-19.234434,-69.79828,0
56.35483,-26.46712,0
75.22858,38.6007,1
47.363045,-30.854563,0
-15.367037,-64.456474,0
-25.759644,-16.971664,1
91.21449,-21.525625,0
-37.761505,48.439854,0
-49.64421,32.426613,0
-61.4307,19.930302,0
-61.496475,20.21594,0
31.939396,-40.81401,0
91.860085,-22.792566,0
43.605286,-32.854362,0
-28.416588,-79.12481,0
16.882952,92.93598,1
-14.490991,-26.261726,1
-35.633137,51.836872,0
24.610508,24.581867,0
75.3996,38.634247,1
8.350262,-47.55416,0
27.756338,52.35106,1
-27.865528,-78.05433,0
-27.19516,-76.849,0
-23.846924,-73.51937,0
73.511856,38.55622,0
-29.54064,58.7808,0
35.094288,51.22897,1
90.57692,-20.14841,0
-72.05528,8.741533,0
-29.268314,21.088148,1
-28.798803,59.730343,0
51.719368,68.52741,0
-26.548826,-24.605179,1
38.13621,-35.745213,0
-19.555534,-70.23674,0
13.875368,15.170019,0
-28.746006,59.8452,0
-49.87041,32.158062,0
30.90623,-41.089966,0
-36.095383,57.659195,0
8.372294,-48.16568,0
-16.95724,-66.674194,0
-35.92718,57.746334,1
-15.026036,-64.445114,0
-44.75803,3.2043474,0
47.92035,-30.681862,0
-28.449354,-79.39502,0
-89.46361,-1.6994461,0
0.7862401,7.1331015,0
3.4510684,74.17609,0
-29.936014,58.25795,0
-58.692417,23.757689,0
-23.435759,-73.20498,0
-19.521997,-70.256065,0
-27.893,-78.10989,0
77.2459,39.38382,1
-22.397308,-72.81488,0
53.188797,74.86497,1
-7.73202,-24.017591,1
-50.267365,30.133295,0
43.02541,-33.095627,0
-28.453585,-79.40746,0
78.083145,39.728455,1
-28.188726,-78.91218,0
-68.01369,12.05657,0
-81.945816,0.0133531755,0
1.757715,7.5035796,0
55.984505,-27.11284,0
-14.561146,-64.22301,0
56.70017,-26.535238,0
41.941845,43.73451,0
16.948092,92.851395,1
29.141136,-41.527584,0
17.99174,95.09576,1
-32.893665,53.953697,0
67.27388,35.845486,0
-17.40783,-67.17071,0
-5.1715646,-56.13187,0
-67.87717,12.212711,0
2.8731325,73.357315,0
-20.756897,-12.111948,1
-71.627045,8.911366,0
10.157732,88.67791,1
-34.967175,52.393955,0
-59.113197,22.866243,0
92.37902,-27.592497,0
-21.158783,-71.84577,0
51.623314,68.075645,0
-39.30314,44.27685,0
10.809914,7.6142483,0
-62.022957,19.255962,0
-68.485825,11.497802,0
-46.333485,34.26703,0
68.62469,32.254337,0
41.107323,-34.30304,0
107.47105,2.6585293,1
-31.55456,55.78022,0
-72.7641,8.237489,0
-27.600994,-78.80724,0
0.006508488,71.16436,0
-22.36416,-72.65792,0
-32.23921,19.983446,1
34.006226,-38.6643,0
-81.88153,-0.068905674,0
50.520676,27.732504,0
73.3411,-3.090871,0
21.758705,18.900862,0
8.391395,-50.84,0
-6.081397,-50.54692,0
8.027861,-51.564457,0
-29.014843,58.986332,0
-45.14702,35.63021,0
-29.485937,-13.874782,1
-20.53462,-71.48284,0
15.709678,-43.507828,0
-39.146843,44.265232,0
92.40729,-29.208681,1
20.550604,-39.27219,1
8.528038,-50.01932,0
46.962555,24.2123,0
-48.828255,32.588055,0
-5.911723,-50.408554,0
-72.19906,8.417088,0
3.695031,74.27465,0
12.07134,13.861604,0
15.715322,16.260489,0
15.832817,-43.022923,0
-22.699615,-73.13247,0
55.438984,-29.136843,0
39.969585,-35.146374,0
76.28328,38.861008,1
-28.39384,-79.7007,0
-14.644164,-64.46885,0
-78.03274,0.9199845,0
-20.947641,-71.82585,0
49.914585,27.305773,0
47.6529,-31.269365,0
17.183472,93.338745,1
57.003246,-26.80196,0
75.77056,38.653713,1
38.819088,42.288143,0
53.138214,74.57744,0
11.939166,8.032687,0
-16.735336,-67.08946,0
-45.721184,34.445602,0
47.304394,24.53556,0
-38.74234,44.82615,0
3.1553497,73.55518,0
25.084734,24.544178,0
-28.520388,59.581802,0
-50.67856,-3.1177669,0
55.13639,-29.479176,0
1.8989248,72.33506,0
-71.88186,8.612525,0
-16.976765,-67.32342,0
31.123926,-42.693447,0
10.9217205,89.68005,1
8.621957,-47.576527,0
3.9543087,74.353874,0
52.93533,28.3301,0
-70.91086,9.14284,0
6.3637104,78.59052,0
46.935448,-32.614872,0
41.67072,-34.160904,0
18.172913,94.70716,1
31.675652,-42.66075,0
52.34746,28.067125,0
3.1670034,73.56282,0
14.121842,85.054054,0
-36.490475,48.388245,0
21.639584,-38.622856,1
-60.698036,19.770859,0
-14.748512,-64.64253,0
31.540785,-41.224792,0
50.762577,27.734976,0
8.127166,-51.599457,0
37.688793,-36.528385,0
-28.351728,59.795265,0
22.926003,19.504503,0
55.23362,-28.245016,0
31.18865,50.576202,1
36.407715,47.349407,1
56.654022,30.750975,0
-27.850649,-79.86998,0
21.800205,18.82134,0
-62.34075,18.358727,0
92.39154,-28.804066,0
-6.9435515,-23.889872,1
-1.6798121,68.99167,0
56.663574,30.677359,0
-58.561626,22.988358,0
90.72405,-5.0895734,1
46.60966,-33.019096,0
11.392366,93.84242,0
-46.682266,33.50859,0
-46.66355,33.46361,0
-47.295776,-3.387084,0
-4.345851,66.43104,0
13.74434,84.75828,0
8.355619,-51.42623,0
40.009796,-35.30822,0
-89.05182,-2.0924175,0
57.18258,30.742437,0
-26.798065,-77.19282,0
41.783493,43.715675,0
-3.5897284,-50.31975,0
-81.40967,-0.19762976,0
41.235237,-34.526653,0
86.08786,-15.021344,0
-46.70125,33.578724,0
-0.17404234,70.73634,0
47.331352,-32.244167,0
-80.43821,0.4114074,0
-26.21091,-76.27025,0
-18.848055,-69.93493,0
39.066826,-36.105316,0
-23.779818,-74.175896,0
-23.874325,-74.10997,0
-61.740406,18.834682,0
-50.228954,-2.8478181,0
6.9691205,9.703775,0
-46.951057,1.0310925,0
-79.76097,0.33019203,0
109.95256,10.66994,1
-58.769745,22.696852,0
0.08615718,6.559787,0
-3.4483266,-50.323208,0
-49.4076,30.216772,0
-88.65167,-2.0796316,0
8.778364,-47.756878,0
-0.14921832,70.71562,0
1.1630319,6.9926915,0
-30.957537,54.85678,0
92.79797,-30.247587,1
8.681381,-50.654583,0
32.86467,-41.31038,0
38.99335,44.486877,1
1.1628065,71.59343,0
-89.40885,-2.5413454,0
33.29867,-41.17231,0
57.156,30.662308,0
33.297,-41.187798,0
3.6675694,73.83913,0
-6.4105453,-50.537785,0
-19.842756,-71.42195,0
-22.70572,-73.15935,0
30.061138,-41.687943,0
-30.129469,56.049206,0
46.775864,23.85017,0
38.717392,-36.37819,0
46.006233,-35.280514,0
-19.805758,-71.42935,0
2.7212489,72.94949,0
-72.39731,7.948056,0
69.56176,31.865019,0
-36.37282,48.267178,0
-77.71927,0.7663554,0
12.443526,14.041912,0
-60.834385,19.439413,0
-28.449945,59.082726,0
-78.46248,0.5692274,0
-35.757305,48.981384,0
-69.341484,10.666827,0
-33.7463,52.335327,0
1.4071764,7.0584984,0
6.277786,77.299644,0
12.347462,13.882239,0
8.722485,-50.72946,0
-26.201984,-24.083622,1
-14.195203,-64.67109,0
21.688704,-38.577602,1
-81.60682,-0.53362787,0
-34.044994,51.948483,0
78.52535,39.89831,1
-3.802731,66.7895,0
38.407135,-36.708706,0
31.673067,-41.464214,0
30.707054,-41.649544,0
91.300934,-18.032625,0
53.419636,75.2143,1
44.085438,-41.943398,0
8.492363,-51.591255,0
-58.495266,22.875864,0
-78.4873,0.5186182,0
8.737467,-50.824883,0
-27.781755,-79.986824,0
11.082858,87.65919,0
39.553677,-35.97146,0
-46.200363,33.816826,0
-69.5922,9.364358,0
-36.431534,48.052,0
30.386574,-41.720413,0
-69.53228,10.096481,0
-36.166473,48.347816,0
-60.547455,19.640478,0
17.252708,92.90475,1
91.64928,-21.830793,0
-3.9727662,-50.631107,0
-28.584059,58.74773,0
30.720657,-41.68505,0
-2.7213168,4.8018203,0
39.06684,44.22923,1
50.42471,27.413301,0
-78.407776,0.5042987,0
-32.86425,52.785236,0
-46.81768,33.01137,0
92.05875,-22.587374,0
50.87016,64.080666,0
21.54958,18.531025,0
-2.7140803,4.791504,0
-21.441431,-72.65187,0
-1.858025,68.49282,0
34.91204,50.98875,1
-79.06922,0.29927,0
-7.7524056,-51.426365,0
92.988495,-30.335283,1
-44.795254,-1.1935699,0
52.990734,27.893793,0
-89.24228,-2.7324667,0
-38.23482,43.58064,0
-29.714132,56.290016,0
-67.46869,11.123354,0
32.293644,-41.55997,0
-30.568842,-10.760943,1
28.622858,57.701912,1
8.89053,-50.449265,0
-31.184774,56.068905,0
8.189616,12.03565,0
-60.2457,19.712534,0
-77.45968,0.6998497,0
-49.78105,28.2419,0
-42.630486,4.071588,0
-1.4398788,69.207985,0
-39.938328,41.235832,0
39.195873,-36.391785,0
-45.275932,34.003437,0
75.2644,38.32415,1
18.33412,94.46949,1
40.253414,-35.666134,0
34.84726,-40.71719,0
-36.180927,48.176624,0
-60.23715,19.695183,0
2.8838925,7.4851704,0
-4.181591,66.31304,0
14.388933,14.915045,0
8.749836,-51.268097,0
-39.29354,41.619164,0
30.410254,-41.820316,0
6.650386,78.28192,0
58.683743,29.738672,0
-2.9343843,4.4003534,0
39.219425,-36.379578,0
56.05684,-29.799158,0
78.179794,-7.4546814,0
8.216384,12.018494,0
-34.18681,50.853672,0
23.44734,19.64764,0
-46.70211,1.2898229,0
25.509716,24.472034,0
-38.220158,43.539726,0
-48.317852,31.170406,0
-35.896423,48.475266,0
-16.824102,-68.02903,0
7.0739803,11.888425,0
2.5032175,72.5843,0
8.465211,-51.820908,0
-4.344278,-55.882915,0
-27.692024,-80.97792,0
6.1873884,76.5108,0
25.37646,24.369953,0
5.3015423,74.88411,0
7.5002484,11.923349,0
41.51433,-35.022766,0
9.063979,-50.187675,0
-80.074356,-0.15766357,0
8.950474,-50.74992,0
-29.825745,55.804714,0
55.004852,-29.881308,0
58.420254,29.807163,0
-87.9879,-2.8439965,0
47.36201,24.162558,0
-48.946648,29.743656,0
108.39414,10.437763,1
38.923664,-36.896095,0
16.464584,16.314465,0
-13.351967,-65.84373,0
-18.598715,-70.38797,0
55.10103,-30.549833,0
-22.40939,-74.01261,0
8.954967,-50.800476,0
0.010035505,6.1943626,0
-3.3041923,-50.136818,0
-49.368053,29.144087,0
42.75492,-34.59135,0
53.375557,-31.490362,0
-6.9968843,-50.610443,0
92.67001,-27.53159,0
-81.75482,-1.0241337,0
-5.450557,-5.2889423,0
34.92457,-40.834747,0
26.854301,49.89735,1
105.58406,6.7115216,1
-30.165283,55.236366,0
77.95576,39.307457,1
-45.107307,33.86413,0
-27.832453,59.128098,0
-50.80593,-3.3443232,0
-2.5166316,4.840507,0
-42.622158,42.365517,0
-63.976643,12.4522505,0
-48.652695,29.964731,0
-16.431412,-67.88598,0
106.171974,9.481538,1
32.08364,-42.077633,0
31.98446,-42.50303,0
-77.344635,0.4590026,0
-68.26796,9.7821245,0
-7.7114215,-51.632713,0
30.78207,-41.884155,0
13.505111,83.36625,0
-8.520385,-32.36559,1
-30.876717,54.616802,0
-27.635881,59.288364,0
47.86241,-33.14555,0
-65.575066,12.711583,0
28.646599,50.056732,1
33.580235,-41.710876,0
49.104855,-32.585655,0
-30.907331,55.810226,0
69.80167,31.706753,0
-31.137426,53.846317,0
-23.845562,-8.20303,1
-38.071297,43.0812,0
1.2208439,6.6592274,0
33.66202,-41.722416,0
40.41865,43.847683,1
6.8864803,77.98202,0
-26.489918,-79.99904,0
-65.5643,12.5861435,0
25.239426,23.97722,0
-2.5096288,4.811288,0
-79.52067,-0.14422378,0
-43.12572,41.981365,0
10.843648,12.71565,0
8.960364,-51.574066,0
51.250187,67.45949,0
11.853031,13.257068,0
53.53104,-31.755156,0
-66.51216,11.223839,0
-23.454683,-74.53163,0
-76.58679,0.84398293,0
17.280155,91.9486,1
-3.3169177,66.8962,0
-33.337204,51.508106,0
-32.88482,51.977436,0
-22.621964,-74.43496,0
-33.591473,51.04484,0
58.09723,-29.701206,0
47.544823,-33.49639,0
49.448505,-32.479286,0
-49.12833,28.961214,0
-19.251455,-71.91667,0
56.183475,-30.138119,0
-68.712456,9.345848,0
-49.60404,28.060356,0
-89.06849,-3.1123054,0
-38.915173,41.860096,0
-75.64871,0.09723667,0
-4.0098906,66.20853,0
-4.6861353,65.64091,0
46.6435,-35.317787,0
56.551598,-30.10032,0
-37.982758,43.05172,0
73.97411,-3.2325685,0
-16.307608,-67.95356,0
-19.00264,-71.70899,0
-49.148785,28.967106,0
-81.06076,-1.0324997,0
-22.51144,-74.31774,0
-31.437136,53.158386,0
48.919914,-32.83206,0
-88.96966,-3.1127887,0
-27.765823,58.769768,0
16.716436,16.297054,0
-80.47602,-0.5394671,0
-81.463974,-0.9193491,0
86.13883,-14.945233,0
92.73166,-29.565914,1
14.944965,14.970263,0
23.233187,19.295628,0
-25.028084,-78.85074,0
56.550797,-30.174904,0
39.279114,-36.746033,0
39.278214,-36.775158,0
93.194984,-30.328405,1
4.1709857,73.70963,0
-39.27698,41.50925,0
-79.47771,-0.26510894,0
-38.13287,42.706806,0
-37.91842,43.03346,0
-13.057077,-66.54421,0
39.296005,-37.279064,0
-79.96726,-0.47085458,0
0.37496388,70.58862,0
21.430168,-38.923023,1
-89.109604,-3.215953,0
-35.792305,47.937897,0
34.03006,50.320602,1
1.4676253,6.61499,0
-47.48149,30.499609,0
1.1254144,6.44648,0
-77.11275,0.1538141,0
38.720863,-37.167442,0
4.19753,73.723145,0
-4.9034452,-50.580864,0
14.761915,14.841501,0
-60.19895,19.21152,0
15.166576,15.054342,0
8.584294,-52.08242,0
-54.32128,20.052538,0
-38.830616,41.85384,0
83.25738,-12.971238,0
13.371201,83.15674,0
52.6731,27.406563,0
-12.970218,-67.063416,0
25.500284,24.164738,0
-22.71601,-74.48665,0
-79.911156,-0.41899404,0
73.37694,-2.4136498,0
48.873837,-32.927757,0
58.234802,-29.749825,0
-27.73187,58.48619,0
92.40166,-26.317928,1
-45.738754,32.77124,0
22.550022,18.85389,0
-37.70093,43.166252,0
-66.51329,10.974037,0
51.229,67.88715,0
-44.414692,33.647255,0
28.59683,57.840218,1
-60.47571,18.64288,0
15.122282,-54.60936,0
-30.908379,53.41109,0
47.268845,-35.12,0
69.53315,31.557915,0
-70.429985,8.150785,0
22.47241,60.784767,0
-18.797304,-72.66095,0
-44.92861,33.403816,0
-12.961722,-67.3799,0
-77.162186,0.07465377,0
-49.67158,27.652035,0
-47.592896,30.48128,0
-47.07277,30.91683,0
20.000288,-40.08844,0
13.134236,-53.833984,0
9.106658,-52.072422,0
41.682034,-35.301483,0
83.40103,-13.492115,0
-60.25994,18.841505,0
-20.239584,-73.03588,0
-25.712196,-16.935534,1
-28.957684,55.86084,0
5.7156715,74.6822,0
23.628458,19.682383,0
-1.1441472,68.721146,0
-68.51323,9.173144,0
-16.758007,-26.26999,1
14.019387,85.14396,0
22.3684,60.954723,0
56.643017,-30.368431,0
7.0962663,77.389336,0
-26.09744,-80.43021,0
-6.106337,-56.415348,0
33.841625,-42.144238,0
46.79072,23.42328,0
-25.38764,-79.79207,0
-3.287523,-51.0195,0
-8.475612,-23.74621,1
54.024467,-31.90774,0
-33.24709,50.477055,0
38.437267,43.151047,1
-66.785736,10.680758,0
14.077897,-54.248135,0
-7.6870766,-23.60602,1
0.0062120636,70.03615,0
30.476734,-42.20722,0
-49.478607,27.572697,0
38.588303,-38.28607,0
-78.89082,-0.37260282,0
47.784416,-34.66613,0
-33.54948,50.3922,0
4.608947,73.452324,0
-44.76113,1.751247,0
15.7797365,-43.5714,0
-29.870539,-12.566551,1
-35.59858,47.8776,0
-26.338089,-81.23066,0
17.095139,-55.456455,0
-60.47018,18.158855,0
38.799294,-37.62897,0
6.9208455,76.89064,0
6.1464047,75.12666,0
54.095024,-28.353935,0
-77.05408,-0.12275282,0
-48.45399,29.158157,0
-33.26649,50.854633,0
-33.532204,50.40469,0
17.215084,16.38027,0
-24.563753,-78.77787,0
74.59854,37.688927,0
-79.369514,-0.5338607,0
17.459,91.817245,1
-43.681175,33.956844,0
56.36244,-30.468508,0
25.362799,23.532856,0
48.65662,-33.295,0
35.1714,-41.45201,0
34.72296,-41.75303,0
54.373833,-31.66739,0
74.49397,-3.7163823,0
-34.034737,18.037601,0
24.095083,19.597897,0
22.068895,18.369892,0
17.465008,91.80196,1
10.707849,12.482707,0
1.7312229,71.38626,0
52.596115,27.178839,0
33.795563,-42.290524,0
-44.275723,33.467606,0
-52.99578,20.599676,0
-64.29866,12.609003,0
71.19947,31.666698,0
-43.665733,33.929558,0
-52.989,20.55822,0
-77.68955,-0.5416925,0
78.60203,-7.6254587,0
-47.120102,30.578352,0
-82.132416,-2.9069958,0
-48.39306,29.103249,0
92.685936,-28.904375,0
32.867096,-43.222282,0
39.027157,-37.348858,0
11.266515,7.671482,0
57.668182,-30.376087,0
-26.97152,58.37347,0
-1.4598241,68.10439,0
57.358147,-30.447105,0
-31.491604,52.403202,0
28.557287,51.885612,1
51.117493,68.65438,0
15.805047,15.267867,0
-88.618454,-3.8936484,0
-69.16127,9.0547495,0
-48.945713,28.163437,0
-46.68409,1.1632352,0
11.209007,12.674344,0
-18.768553,-25.292986,1
17.480305,16.4363,0
-37.53565,42.81482,0
-66.21949,10.872087,0
-26.299627,-82.871346,0
-77.06109,-0.3056508,0
22.248726,18.424463,0
1.9931469,6.405728,0
41.47389,-35.650566,0
58.20468,-29.975973,0
-18.612371,-72.542755,0
-1.4417632,68.143974,0
33.247547,-43.232887,0
9.2707205,-52.236904,0
1.0057287,70.73003,0
-30.916067,52.79802,0
58.016804,-30.146988,0
-8.23168,-23.736204,1
58.65869,29.320446,0
47.073067,23.506424,0
72.688286,-1.0703917,1
-65.51479,12.575793,0
-27.650084,55.878166,0
33.18907,-43.04458,0
17.128283,-55.523083,0
36.13528,-41.15697,0
-16.191607,-21.272701,1
70.397446,-1.1599988,1
-26.194365,-18.600819,1
-30.60322,53.074448,0
-78.75608,-0.65734607,0
-18.356094,-72.60248,0
107.114426,10.177468,1
17.354183,-55.545643,0
74.68061,-3.825538,0
33.15172,-43.0181,0
13.217826,-54.15675,0
-65.8591,10.998141,0
-28.6804,21.71402,1
34.39375,-42.188015,0
12.158965,13.118451,0
13.491891,83.298485,0
16.692568,88.16788,0
15.430496,14.947138,0
-5.744625,-56.493996,0
15.27247,-54.88037,0
54.95459,-31.729452,0
9.456716,-52.275963,0
70.11108,31.492044,0
50.493248,-33.624615,0
-26.303268,-83.040634,0
54.99206,-31.779459,0
4.0850935,73.04661,0
9.42888,-52.19737,0
-1.387125,68.005356,0
23.551636,19.256609,0
7.079173,9.361201,0
-48.274284,28.938368,0
38.13058,42.47267,1
-33.31314,50.015194,0
-13.315918,-68.699684,0
47.68704,-35.40836,0
19.626308,-40.468777,0
-32.07408,51.72052,0
86.01906,-14.78111,0
-16.279139,-20.924774,1
-46.44997,30.433792,0
-47.671097,0.17540896,0
-37.321987,42.73119,0
-36.835457,43.01295,0
-25.135483,-80.20901,0
5.9983306,74.51663,0
108.68334,2.1778622,1
24.739204,20.041252,0
-46.288204,1.0488312,0
15.585133,-55.011703,0
-44.2805,33.139378,0
-18.423595,-72.747925,0
21.67082,-38.92475,1
16.84568,-55.504253,0
-45.154903,0.9474854,0
-80.88827,-1.8516421,0
-34.42369,46.598785,0
38.847282,41.947296,1
-49.403355,-2.7125251,0
38.58703,-38.35155,0
22.405872,60.51714,0
13.954319,-54.533543,0
-44.381485,32.682888,0
-75.13991,-0.53987867,0
-3.6227298,65.82916,0
54.06594,-32.3317,0
26.027946,21.018076,0
47.518456,-35.91379,0
8.947795,11.803153,0
-2.8334937,3.9647295,0
-69.2533,8.183959,0
53.50832,27.25895,0
9.294616,11.886379,0
37.179726,46.292755,1
15.74869,-43.90629,0
92.09179,-3.4936671,1
34.043564,-42.67965,0
-47.84586,29.28087,0
46.735832,23.179554,0
-36.58647,43.140743,0
30.810234,-44.109825,0
-88.67701,-4.3172464,0
20.66501,-39.543056,1
-46.738712,30.950268,0
58.0658,-30.739595,0
19.640257,93.773895,1
50.568325,-33.70858,0
-20.478035,-11.773296,1
69.230644,30.981369,0
13.736359,83.24306,0
17.641966,91.50696,1
-32.419693,51.243656,0
67.8587,30.064566,0
-30.687504,52.67697,0
86.12155,-14.8607435,0
106.044106,9.554443,1
25.548729,23.380735,0
53.00941,27.0477,0
14.212883,84.74345,0
-45.04884,-1.0726534,1
21.972496,57.068302,1
0.92268276,5.637635,0
-20.682627,-78.80632,0
1.1351513,70.60892,0
-68.512276,8.799622,0
-2.72133,4.0583615,0
-19.262213,-76.68864,0
-47.88921,-0.08626054,0
-25.650282,-27.171726,1
-64.37298,11.587724,0
-23.578173,-8.770891,1
19.132807,93.54015,1
-48.483856,28.272837,0
47.45798,-36.389038,0
-64.36726,11.563444,0
15.113933,14.642085,0
58.268814,-30.228525,0
-31.104668,52.325542,0
75.46895,-4.2963705,0
-52.798832,20.293636,0
-17.522175,-72.13136,0
17.149927,88.89605,0
-11.585316,-67.77834,0
16.986053,-55.578583,0
-76.98994,-1.0258844,0
-68.78666,8.570946,0
-50.435123,-3.356778,0
35.293438,48.807583,1
-30.219872,52.881474,0
56.982384,-31.029621,0
-68.42313,8.782154,0
10.551932,12.281039,0
78.69435,-7.5357685,0
-44.782417,-0.9585326,0
-5.7487526,-6.4083376,0
6.1137247,74.39414,0
47.409496,-36.832256,0
-25.987768,-27.505613,1
-65.178665,11.142063,0
17.737865,91.38514,1
-44.376602,2.6965377,0
-25.350525,-82.3259,0
-43.07782,33.999138,0
-12.485084,-68.448715,0
-79.70559,-1.6711606,0
89.52337,-5.8176794,1
-4.8689294,-51.359097,0
41.32015,43.47932,0
-32.245777,18.91549,0
-30.27888,52.883163,0
33.218235,-43.846893,0
-32.57526,50.902313,0
-47.043476,-3.6154962,0
-25.519258,-82.57909,0
12.855418,-54.359837,0
-25.680058,-27.311193,1
47.23717,23.41213,0
70.67278,31.415705,0
-43.05363,33.98965,0
15.839623,-55.210804,0
34.97361,-42.28452,0
53.636673,-32.87072,0
93.49962,-26.409336,0
-24.354683,56.56629,0
-32.918636,50.456146,0
10.808546,12.351703,0
-26.617369,55.83105,0
-26.035467,56.403065,0
-47.05795,-3.6725752,1
-45.463036,30.808912,0
-1.1070672,67.938286,0
-79.63894,-1.5864108,0
-82.02908,-3.5681963,0
-34.763165,45.014694,0
59.841682,28.57943,0
-44.882755,-1.3332732,1
33.543957,-43.85751,0
-64.112885,11.729024,0
-24.635897,56.50309,0
93.22914,-24.788355,0
-12.53436,-68.712685,0
0.5956855,5.2013764,0
-6.738881,-23.874863,1
-66.18475,10.430777,0
-18.403275,-76.16435,0
-76.77348,-1.2146916,0
-88.19466,-4.7856445,0
-53.505985,18.772062,0
-18.039604,-73.3108,0
8.276157,77.30564,0
20.126392,-40.157307,0
10.337582,12.158511,0
-79.08334,-1.4324945,0
-34.441788,45.69856,0
16.06218,86.62138,0
14.366101,84.31855,0
15.729894,14.817555,0
9.556248,-52.799404,0
-4.7044835,-50.78286,0
-48.720333,27.415302,0
-11.476334,-68.29897,0
84.002495,34.758923,1
-44.055737,32.443,0
54.468002,-32.44734,0
-26.610804,55.78536,0
-88.59763,-4.703591,0
51.42924,-34.426624,0
-20.687893,-79.1192,0
9.751357,-52.68521,0
16.072054,86.61312,0
-68.9119,8.252121,0
-76.99502,-1.4076563,0
-14.604534,-26.04781,1
-86.934746,-5.531715,0
-26.62117,-17.072376,1
-46.318966,29.744919,0
47.6037,-36.76016,0
-52.9844,19.43028,0
3.5026088,6.018048,0
-55.339542,16.512909,0
-24.727991,56.51935,0
35.88021,-42.043716,0
44.385334,-42.311924,1
-75.55495,-0.81752306,0
-82.65635,-3.941743,0
72.74404,-0.8996794,1
23.146309,56.965443,1
-35.98013,43.142803,0
56.630276,-31.740032,0
-7.7136183,-23.57265,1
57.00775,-31.658064,0
-52.801205,19.721973,0
50.463932,26.182266,0
-36.041172,43.011314,0
12.080071,7.782023,0
6.310195,74.27581,0
-52.673534,20.088781,0
47.571644,-37.07115,0
7.0691214,75.682846,0
-34.813442,44.420956,0
4.1661386,72.569916,0
-2.5566065,66.03969,0
50.513096,-34.919,0
16.447483,87.17396,0
-25.917418,56.276123,0
-2.7392633,3.8157315,0
92.72937,-22.599043,0
-43.654747,32.785038,0
70.386665,-1.0646664,1
20.006329,-55.553123,0
-26.859217,55.49682,0
-27.730993,54.591187,0
58.130486,-31.05698,0
-0.011832215,4.7635875,0
-48.478546,27.585287,0
40.904675,43.496292,1
107.04631,2.6318026,1
16.423973,-55.562702,0
-64.3267,11.492773,0
-35.507977,17.214678,0
49.04531,-35.674595,0
71.21793,31.36167,0
27.86473,50.300327,1
-26.90041,55.46367,0
9.720698,-52.83675,0
-81.71141,-3.7541628,0
-43.577408,32.811527,0
1.2846107,70.45365,0
-76.94561,-1.6384153,0
53.607494,-33.214817,0
-77.08838,-1.5921196,0
53.009605,-33.51045,0
-28.74553,20.910353,1
3.0881546,5.9419985,0
-24.316505,-82.060684,0
-11.061969,-68.13573,0
77.94618,33.561367,1
91.67382,-18.258512,0
14.556564,84.51845,0
-34.29561,45.565876,0
-44.93757,1.4517864,0
-10.644282,-68.01121,0
-73.62773,-0.67168057,0
13.88433,-54.97783,0
-29.611715,52.962883,0
-23.911482,-81.89377,0
11.593165,12.570312,0
-26.332434,24.06116,1
-53.16353,19.003534,0
54.433167,-32.651123,0
-0.31151083,68.58097,0
50.59741,-35.02754,0
10.111931,11.9950905,0
15.569509,85.878746,0
50.50489,69.87314,0
-25.274137,-82.79961,0
-25.826546,-83.30258,0
92.483284,-20.931902,0
11.838953,12.640179,0
11.830022,12.65584,0
52.731865,26.54828,0
-48.54913,27.181726,0
33.2125,-44.42972,0
-36.250835,41.853687,0
13.232126,13.187748,0
-36.433098,41.26808,0
-25.247524,-82.810776,0
108.893105,1.5996289,1
-25.315947,-82.85782,0
91.67898,-18.185795,0
51.539185,-34.66698,0
-75.87144,-1.8309408,0
-88.02072,-5.632153,0
33.984688,-44.305363,0
-34.980663,43.961952,0
22.334322,17.807148,0
-28.819637,-14.502004,1
19.860165,93.043106,1
25.350252,19.846653,0
24.38263,19.175726,0
5.0680585,73.09829,0
-25.765396,-83.32408,0
54.553284,27.14596,0
-11.357559,-23.665724,1
-26.538315,55.637142,0
-81.41719,-3.8989573,0
-24.931551,-8.238465,1
17.524315,-45.89615,0
-7.7759094,-9.378388,1
-88.47762,-5.117261,0
-46.734337,28.769108,0
32.81652,-44.56292,0
76.76065,33.228558,1
52.0869,-34.476143,0
-29.720858,52.7002,0
54.399586,-32.797466,0
92.85031,-22.797832,0
25.891954,23.205755,0
-2.455844,3.8670502,0
-54.82256,16.588402,0
13.143635,-54.832348,0
1.3647627,70.34833,0
-48.383354,27.433474,0
1.9255437,5.6587076,0
-8.2960415,-32.51462,0
-77.10261,-1.9478856,0
-33.774437,46.23204,0
-17.514345,-75.598816,0
-34.820198,17.444162,0
-65.93703,10.248223,0
13.145802,-54.872078,0
93.635666,-25.979841,0
-12.136384,-68.78441,0
12.103481,12.69741,0
14.42902,13.797023,0
-29.076857,51.888508,0
108.48469,1.7880155,1
92.55866,-20.799452,0
14.478107,84.18749,0
-65.28042,10.790707,0
47.785896,-37.412617,0
-44.065716,31.561584,0
104.83056,6.673546,1
47.459385,23.245432,0
2.9270751,7.3404374,0
4.3510127,72.50957,0
59.148014,28.614948,0
49.627514,73.14734,0
-53.687378,17.809193,0
24.61312,19.24345,0
-29.332941,52.823742,0
15.829022,86.09785,0
21.530416,17.392252,0
33.799316,-44.505173,0
-7.2543917,-8.849972,1
-22.231508,-18.603588,1
-28.16454,21.91574,1
-35.632652,17.169197,0
14.239634,-55.315636,0
91.63685,-17.55303,0
24.724964,19.501785,0
-35.80857,42.091682,0
37.198933,46.15243,1
50.808765,-35.234737,0
-20.040113,-79.24724,0
33.30002,-44.61815,0
-8.902034,-68.297615,0
59.524414,28.495056,0
20.998281,93.51434,1
52.71327,-34.21452,0
-29.929338,52.510227,0
-10.469514,-68.22864,0
56.374878,-32.47257,0
-11.379256,-68.64767,0
0.0015332233,68.660904,0
47.613605,23.250902,0
48.024277,23.395088,0
18.806177,-56.334236,0
13.499954,-55.089622,0
-52.888935,18.593943,0
4.8252883,72.81596,0
28.168066,50.66432,1
-2.2929296,-53.029587,1
73.14118,-1.2304792,0
-44.764584,30.43093,0
-8.657438,-9.586845,0
53.49569,-33.63541,0
-70.65501,-1.8447338,0
18.909937,-56.21488,0
-52.233482,20.277632,0
19.804413,-55.960487,0
1.7673846,5.4377794,0
91.75867,-18.298613,0
47.804985,-38.62192,0
44.59391,-42.322384,0
24.638218,19.24279,0
-34.768208,43.86892,0
-74.997574,-0.72253984,0
-14.477526,-18.932425,1
-33.68188,46.15518,0
-76.63979,-2.06208,0
-12.222806,-69.06181,0
49.669304,64.89282,0
12.236419,-54.74539,0
3.0877025,71.50259,0
-82.667755,-4.220295,0
-14.425685,-32.009304,1
-35.7788,37.486683,0
17.866266,-45.883705,0
-17.300972,-74.71795,0
-35.212784,43.240543,0
-62.81086,11.813987,0
28.329975,54.825428,1
-46.164234,0.48848316,0
-25.417057,-83.45688,0
3.5114272,5.890164,0
-22.706272,55.96934,0
-35.631535,42.040672,0
-29.231802,-13.7434435,1
0.94901186,4.8926425,0
68.03206,29.74001,0
-43.913006,31.449553,0
54.08889,26.887201,0
-29.156916,52.233166,0
-23.098322,-82.10264,0
91.6844,-17.661652,0
22.668995,17.712622,0
51.035416,-35.447987,0
-14.289989,-31.732712,0
34.6386,49.50683,1
34.127987,-44.786083,0
13.368105,13.021523,0
11.567622,7.613952,0
48.269733,23.341696,0
-64.83943,10.939291,0
13.798246,82.348656,0
-16.76147,-73.184456,0
-25.850075,-83.73674,0
-81.313034,-4.4085474,0
48.074043,23.33716,0
-81.67028,-4.276437,0
17.40224,-56.326237,0
-44.84011,-0.3479325,0
-86.89556,-6.4095316,0
-14.5143795,-32.136944,0
19.872015,-56.00727,0
73.65016,-1.8332781,0
77.79255,33.24765,1
-76.7453,-2.3703556,0
-5.101895,-51.256275,0
-17.151197,-74.003525,0
-70.27798,-1.8141439,0
15.724119,85.86961,0
-50.2248,-3.491657,0
49.571095,74.837814,1
-81.01387,-4.2311916,0
39.529648,-47.43561,0
26.227867,23.055412,0
-22.121946,-82.01569,0
-33.932148,17.859455,0
-71.64839,-1.4753538,0
17.812702,89.583015,1
17.975405,-56.463676,0
18.582489,90.94736,1
19.002361,-56.955383,0
78.01846,33.22913,1
93.711174,-26.528633,0
53.712696,26.710777,0
58.85699,-33.09123,0
21.070583,93.39063,1
71.985176,31.059708,0
-11.514988,-68.83577,0
86.22277,-14.751874,0
-52.43161,19.163088,0
-12.612928,-69.59805,0
-44.84131,-0.51535285,0
93.72519,-26.079662,0
-76.06636,-2.3922193,0
35.344967,-46.054703,0
38.573242,-47.524326,0
60.73507,28.125463,0
-9.72366,-67.906784,0
-29.184055,52.85274,0
17.90815,89.90866,1
-45.218822,29.240303,0
-19.81178,-79.317,0
58.88607,-33.145226,0
-22.241554,-19.226042,1
-35.916748,37.438747,0
33.96326,-44.862843,0
91.727425,-17.733477,0
-35.930958,36.912964,0
-27.406487,54.225403,0
15.833779,-44.008392,0
17.282059,88.170364,0
36.526604,-46.557564,0
-28.476612,19.877693,1
1.8479226,70.49083,0
-10.419524,-68.6281,0
77.66622,33.18009,1
-23.304695,55.96851,0
-44.977646,0.7189724,0
51.85072,-35.227856,0
-81.21806,-4.239387,0
14.386964,83.56705,0
69.64325,30.237019,0
51.930527,-35.234406,0
21.11029,93.36784,1
-54.76799,15.997314,0
-53.298176,17.166628,0
-44.246994,30.69672,0
-25.730389,25.048779,1
-42.828854,32.47436,0
-45.570015,-0.019301767,0
37.088486,-46.890453,0
8.465004,76.39842,0
9.294098,77.32018,0
-0.77186435,67.4664,0
-26.548658,55.013992,0
14.255413,-55.620125,0
-0.48992413,67.81083,0
13.4491,-55.251114,0
50.108215,-36.099033,0
1.8285651,5.2216954,0
48.29418,-38.303364,0
-22.671522,55.553173,0
-43.090424,32.18498,0
53.00473,26.197302,0
-54.901997,15.611077,0
24.334826,60.09338,1
-19.666183,-79.29977,0
-22.275232,55.923073,0
14.202266,83.078705,0
-35.99801,36.79952,0
6.708036,73.66806,0
-35.927223,37.03908,0
58.99085,-33.275055,0
81.388,35.546707,1
59.71531,28.276602,0
-19.91911,-79.67343,0
-33.918564,43.929253,0
11.405141,12.105025,0
13.037487,-55.32104,0
-24.977758,-83.39368,0
81.04233,35.071438,1
68.727196,29.774101,0
7.4835353,6.203504,0
-12.508996,-69.71982,0
-6.599494,-52.78345,0
-24.051931,-82.847404,0
-2.0935307,-52.663532,1
20.126152,-56.162636,0
-24.554945,-8.179644,1
93.01352,-22.404009,0
-45.740425,-2.8702445,0
-35.387196,41.57663,0
-4.9863634,-51.655163,0
-68.796425,-2.381179,0
-17.396019,-76.77954,0
-44.584297,-0.3342134,0
-11.099373,-68.96557,0
78.04535,33.135887,1
15.616284,85.62059,0
-48.010334,26.539164,0
4.819163,70.15687,0
-34.53353,42.585934,0
-80.61034,-5.2836075,0
16.51843,14.162439,0
-77.32458,-3.1308832,0
-44.068558,30.55378,0
47.175983,22.787981,0
38.227695,-47.56005,0
-19.839876,-79.55691,0
-0.97032875,67.058365,0
22.597128,60.430695,1
19.726707,-57.105843,0
12.637036,-55.19309,0
-68.99604,-2.4465086,0
6.8581314,73.71581,0
18.141897,90.10541,1
53.0909,-34.11212,0
49.992275,64.45637,0
-70.161095,-2.740543,0
25.042479,19.14607,0
-34.159187,42.932537,0
14.47533,-55.874493,0
-17.555885,-77.11397,0
-2.485862,3.3906784,0
-53.653004,16.596212,0
87.88028,-4.8996453,1
-22.811117,-82.35156,0
17.739607,89.09635,1
34.098427,-45.155693,0
-42.65761,32.42121,0
9.014401,76.8769,0
-0.001668205,4.178635,0
-34.716686,43.25359,0
74.42962,-2.6100636,0
-45.33139,28.613306,0
93.810005,-26.075377,0
-45.52188,28.377697,0
-54.46341,15.837656,0
-76.62144,-2.9983652,0
-2.8658097,64.63279,0
39.43286,-47.574757,0
-5.0012336,-56.68678,0
-35.06193,42.798767,0
-17.07517,-76.47525,0
19.36865,91.188965,1
-22.75804,55.113228,0
-4.538417,-51.346104,0
72.948364,-0.7087023,1
-73.60882,-0.6933332,0
17.8626,-46.198402,0
3.6162398,5.79513,0
3.332998,5.72489,0
-35.880966,36.728622,0
20.205664,-56.211742,0
-0.43061727,67.60619,0
16.925295,86.87524,0
59.13812,-33.48616,0
-31.872637,19.107643,0
49.636246,64.817825,0
14.659351,-56.011234,0
91.83788,-17.986048,0
-86.8301,-7.346272,0
-22.980898,-82.50576,0
-16.96187,-76.25335,0
93.657875,-25.81345,0
22.7276,17.247608,0
-88.33085,-6.456102,0
77.84882,33.103725,1
-55.306816,14.895941,0
11.253127,-54.845585,0
-47.97456,26.491379,0
-17.479057,-77.19126,0
-8.38881,-68.79465,0
-35.537304,17.131245,0
21.749205,-39.217205,1
16.10156,86.00366,0
50.342064,-37.927544,0
58.790062,-34.066895,0
2.9978373,5.592052,0
-68.708176,-2.5419955,0
-22.720331,55.0346,0
-45.39769,0.17471541,0
-80.23533,-5.468802,0
-23.757988,51.47135,0
50.604656,-37.63018,0
-76.42341,-3.00399,0
34.64513,-45.66349,0
-16.91972,-76.39775,0
75.93648,32.433483,1
24.357975,18.505428,0
75.94366,32.43241,1
-2.5268807,3.3164058,0
-80.24205,-5.5457983,0
50.41963,-37.388477,0
50.444233,-36.020046,0
48.294277,-39.568295,0
-8.583267,-68.96416,0
-23.397535,54.053375,0
-87.7385,-7.1137633,0
8.882951,76.52262,0
21.71885,58.934772,1
-44.558823,-1.0325592,1
-17.226665,-76.9283,0
9.630418,77.415665,0
53.730793,-34.256973,0
47.65595,22.86725,0
-33.829594,43.18087,0
-52.14074,18.302044,0
52.397686,-35.466763,0
-28.865162,44.81087,0
-45.222755,28.52659,0
9.130658,76.81746,0
11.341612,-55.019405,0
19.720274,-56.692795,0
39.518036,-47.740658,0
14.517161,83.445595,0
-44.72454,29.21526,0
35.843384,-46.518307,0
2.1272497,5.1705027,0
1.0313246,4.5604434,0
-16.71933,-75.606514,0
79.00253,32.71445,1
-52.113968,18.155409,0
52.765137,-35.19625,0
35.40354,-46.340878,0
-0.75163466,67.109116,0
56.858704,-34.68612,0
-20.007805,-80.5826,0
49.496254,74.80996,1
68.48606,29.551819,0
59.75267,-33.330273,0
-34.83754,41.93429,0
38.620296,-47.881435,0
-87.65756,-7.235124,0
-2.0036705,-52.14094,0
-25.147062,-84.23556,0
35.963627,-46.57475,0
1.272311,4.5108852,0
48.919586,-38.95163,0
50.706253,-37.741405,0
21.191622,92.92729,1
39.293583,-47.835827,0
-76.22881,-3.5177374,0
19.06225,-57.497375,0
18.065855,-57.490322,0
-23.884754,-8.227165,1
-5.723837,-23.591963,1
68.31978,29.475489,0
12.138889,-55.34024,0
-22.823835,-82.61175,0
-27.054592,46.48279,0
47.26447,22.584562,0
-25.695137,25.576607,0
-22.551765,-82.64303,0
48.496513,-39.941864,0
-52.2754,17.874554,0
-27.587404,-16.849483,1
52.040886,-35.839752,0
52.417217,-35.60193,0
-55.16896,14.840728,0
26.289482,19.2621,0
-87.200615,-7.5280495,0
28.175081,50.619053,1
-35.777485,35.94032,0
20.56939,-56.143463,0
1.2868191,4.4488025,0
93.19179,-22.714043,0
59.04272,-34.124565,0
59.9884,-33.281147,0
93.76186,-25.363401,0
20.26526,-43.307724,1
22.350643,59.830288,0
-34.436306,42.19093,0
106.53594,2.7946458,1
-25.117401,-84.44182,0
-26.328201,47.872192,0
-53.46293,16.249918,0
-43.04317,31.580534,0
-29.712883,-14.222744,1
26.103043,20.868162,0
58.763752,27.83552,0
58.979412,-34.3929,0
-20.11882,-81.584045,0
-24.147062,52.162376,0
-80.36833,-5.7520614,0
-2.251002,-54.529278,1
-9.529088,-68.08869,0
79.07289,-7.173685,0
7.125951,73.53617,0
-25.917706,24.762455,0
-16.886038,-76.74149,0
-17.250664,-77.35813,0
-2.745671,-55.355396,0
49.433075,74.18624,1
9.086573,-58.475113,0
18.692492,90.38046,1
39.153397,41.562157,0
-44.10284,1.7708337,0
-24.534065,-84.27361,0
-53.29088,16.284315,0
51.89076,-36.328197,0
-45.94875,27.336412,0
14.817848,-56.35943,0
23.038252,17.060806,0
-24.048477,-83.725555,0
-87.208435,-7.644841,0
-10.738571,-69.351425,0
-34.829918,36.82409,0
13.513265,12.511344,0
-70.17724,-3.1680593,0
-79.51681,-5.186722,0
74.71624,-2.7467692,0
108.48405,10.979406,1
52.184,-36.02565,0
-22.066502,55.30566,0
60.207775,-33.32236,0
-62.52371,11.690064,0
-51.90488,17.877348,0
37.455223,-47.48145,0
27.212362,19.395636,0
-8.301647,-68.94635,0
50.11081,-38.43919,0
22.719278,57.716423,1
-22.29377,55.374706,0
-16.576683,-76.19751,0
7.3841496,73.80631,0
19.478035,-57.343822,0
-87.25404,-7.693173,0
-34.07936,42.421757,0
-21.567125,-81.942215,0
-79.6663,-5.73378,0
73.09035,-0.68211657,1
-1.8798842,64.936226,0
53.22614,25.726067,0
1.2973948,4.3352823,0
-11.2979555,-70.35705,0
-88.27942,-7.0457954,0
2.4139032,5.1767106,0
-21.834614,55.645443,0
-54.87998,14.95575,0
1.125696,4.2115626,0
18.455793,89.90103,1
18.657717,-57.894115,0
-8.976806,-69.45639,0
50.754707,-37.826958,0
38.348537,-47.99757,0
-44.388477,29.435648,0
14.258026,82.24634,0
59.655525,-33.69921,0
-88.142044,-7.171674,0
-21.800232,-82.64675,0
21.21926,92.46127,1
34.103794,50.41007,1
-80.02676,-5.923955,0
4.806551,70.0666,0
-2.4792266,64.47594,0
7.341668,5.7263656,0
28.299389,58.31804,1
14.199729,82.03243,0
-1.3760084,65.46545,0
7.4429636,5.744097,0
-2.5125022,64.45421,0
-10.249788,-69.55962,0
49.322407,65.34391,0
-33.115692,43.193096,0
17.435764,86.87229,0
-44.483208,29.063732,0
-26.8677,46.37927,0
20.829367,91.77748,1
-2.5651796,64.38881,0
14.751947,83.544586,0
-34.036587,42.403065,0
60.221027,-33.726,0
-44.877354,28.63872,0
75.692215,32.11007,0
20.33937,-57.334805,0
-75.87325,-4.024703,0
-11.478719,-29.238543,1
-22.53307,53.664356,0
59.29234,-34.366817,0
-20.013557,-81.80192,0
-53.794605,15.639357,0
-2.80336,64.35022,0
-66.93644,-3.6328638,0
50.30409,69.53063,0
105.402985,9.478793,1
-52.81587,16.419506,0
51.63403,-36.932957,0
-84.17752,-10.945337,0
53.14414,25.496973,0
77.344955,32.69515,1
104.99066,4.1674986,1
50.541264,-38.197594,0
79.183174,32.530495,1
40.89458,43.42767,0
11.58002,87.21073,0
37.42399,-47.57249,0
-26.275166,47.329903,0
37.101795,40.762337,1
34.878834,-46.4207,0
-25.893211,24.401083,0
-16.547813,-76.69346,0
-21.209103,-26.09692,1
-34.615788,36.72589,0
-21.989815,-82.90174,0
-35.308086,35.695255,0
-7.726009,-68.680824,0
7.1857433,73.27681,0
-6.270295,-52.74474,0
-67.316284,-3.670734,0
-8.15809,-69.35422,0
60.67605,27.68369,0
-1.4858981,65.16125,0
-45.2178,28.071165,0
-50.228874,-3.7813683,0
-21.834017,55.147434,0
-21.849537,54.868755,0
93.318985,-22.822372,0
-54.486027,15.06053,0
7.2659087,73.37748,0
-86.87001,-7.949136,0
35.340916,-46.617283,0
59.982594,-33.621967,0
-0.19564636,67.2867,0
-2.6419568,64.268814,0
51.98496,-36.622715,0
-26.236036,47.25995,0
-69.79229,-3.442425,0
-54.832546,14.868141,0
72.480255,30.316525,0
19.821924,-57.94694,0
-21.59486,55.55912,0
21.286455,92.39497,1
20.271683,-56.852,0
-49.176456,17.488367,0
-33.045677,18.247156,0
9.047311,-58.687443,0
17.10778,13.754017,0
-20.265371,-82.25744,0
-5.7486596,-6.8258624,0
12.135705,7.601282,1
59.021217,-35.30985,0
-7.45878,-23.022635,1
-1.8391112,2.4773195,0
27.728699,19.414206,0
1.9594746,69.54057,0
16.189287,13.367511,0
-34.34421,36.690285,0
-25.748928,24.560175,0
21.527008,93.14195,1
-87.23928,-7.8849764,0
-7.879519,-68.98702,0
-8.093617,-69.42323,0
78.03775,32.734806,1
-22.455446,53.217876,0
-70.380936,-3.4966547,0
-44.12113,28.979305,0
-75.394325,-4.1069555,0
-55.06205,14.697341,0
50.236797,-38.80089,0
-4.9812207,-56.826683,0
60.98072,27.679146,0
19.68848,-57.931915,0
22.576838,59.72323,1
86.442795,-14.667496,0
-31.107084,-10.612799,1
-75.683235,-4.1216316,0
15.265595,12.795874,0
50.311005,68.94711,0
50.584797,-38.329487,0
1.4630734,68.410736,0
2.7000248,5.155845,0
104.92841,6.6928635,1
-45.42924,27.608135,0
-44.51969,0.2459823,1
-52.72794,16.043049,0
-25.20164,48.545155,0
-33.830807,42.309616,0
44.848988,-42.253532,0
59.44414,-34.62839,0
-4.979309,-56.976826,0
19.997475,-57.40001,0
21.582516,92.94812,1
-5.138647,-51.960575,0
21.543764,92.82481,1
-77.74578,-5.4632754,0
-48.38673,17.525944,0
50.664448,22.85537,0
-14.5740795,-31.938028,0
-34.44139,36.44044,0
69.038704,29.307749,0
25.291859,18.497747,0
-21.866001,54.418694,0
17.549953,13.895147,0
-21.54818,55.003395,0
74.70713,-2.4984403,0
52.576115,-36.21291,0
-23.624355,-85.08127,0
6.687067,70.77291,0
-44.703476,28.603554,0
24.880312,18.080404,0
23.307579,16.73352,0
-26.601784,46.214798,0
-80.45728,-6.7640214,0
-47.096542,18.038044,0
60.74959,27.597944,0
-79.44311,-6.156705,0
70.05741,29.54027,0
38.869564,-48.69005,0
-19.628843,-81.77683,0
-77.150406,-5.169985,0
21.795513,58.97521,0
49.694748,71.476494,0
30.50724,50.993546,1
9.136069,-59.51875,0
-75.33369,-4.169668,0
-16.322617,-76.67263,0
20.898962,91.43345,1
59.502304,-34.72447,0
-7.694334,-23.500463,1
-19.394173,-81.40454,0
-27.95221,44.045765,0
73.2646,30.354448,0
-9.6150875,-74.76561,0
51.76467,-37.106712,0
-44.333748,1.3612725,0
17.60743,86.490036,0
-22.524725,52.939903,0
48.882584,-41.78512,0
76.27532,-3.5315511,0
-23.837328,-85.55145,0
51.79222,-37.106205,0
93.718636,-24.409771,0
-28.126492,44.002724,0
18.588413,-59.28182,0
-68.77482,-3.9398918,0
-27.86916,21.875189,1
95.63776,-30.528877,1
-84.18439,-10.967308,0
-26.899319,45.411484,0
24.55159,56.809418,1
9.738411,-60.14088,0
-87.88237,-7.8033905,0
-7.942378,-69.84034,0
7.3882833,73.21774,0
-21.543217,54.310436,0
-27.995304,43.992126,0
17.749207,-60.298763,0
-22.506365,-24.269659,1
59.29774,-35.187176,0
73.16699,-0.49521488,1
14.22643,81.40476,0
49.449467,72.96581,0
-67.22032,-3.9560492,0
18.272066,-45.810024,0
27.268105,19.022575,0
44.6644,-42.754517,0
49.593834,72.074814,0
-29.843706,-13.244887,1
61.696007,27.775005,0
-22.808577,52.387894,0
-21.10822,-83.13619,0
-26.101227,46.907505,0
-16.25884,-76.98114,0
-29.204445,-14.94367,1
-79.37909,-6.4024615,0
48.984005,-41.532204,0
-5.455742,-52.589367,0
1.1603199,3.8399162,0
19.357052,-58.72541,0
92.129105,-18.250172,0
20.559753,-57.075596,0
59.035484,-35.810715,0
-22.159584,53.369907,0
-22.975687,52.06745,0
-35.56276,17.12479,0
106.91107,2.471277,1
-86.92995,-8.546691,0
14.493729,-62.44886,0
-87.32902,-8.294769,0
-16.340303,-77.27285,0
49.779472,22.512098,0
39.517582,-48.76191,0
-16.851517,-79.006256,0
107.12436,10.633474,1
-7.3707542,-23.325815,1
-7.8831005,-69.6805,0
-26.797224,45.630333,0
-32.634045,42.64908,0
-81.3324,-7.773703,0
-80.08043,-6.780567,0
-65.468185,-3.929098,0
-26.27431,46.549057,0
-34.689125,35.687916,0
-33.2242,37.03968,0
21.259115,91.82415,1
-52.616013,15.537131,0
-48.19545,17.310022,0
18.25897,-45.835743,0
60.404354,-33.842056,0
59.300674,-35.575287,0
-76.62712,-5.009499,0
50.23321,69.10685,0
19.799248,-58.368004,0
94.29185,-27.16487,0
-23.279266,50.49836,0
9.748467,76.88255,0
27.12728,18.881168,0
17.780788,-47.250637,0
60.956802,27.524673,0
17.271025,85.742584,0
-25.974037,46.93212,0
-50.188255,16.724182,0
-69.70519,-3.8274603,0
15.830175,12.840173,0
15.034168,-62.202248,0
-17.25711,-26.27286,1
59.210064,-36.02429,0
-19.64697,-82.32354,0
79.09865,32.302086,1
70.62556,29.531427,0
-2.7327693,-55.489624,0
49.16583,-41.858192,0
80.19355,-7.600903,0
12.605532,11.503314,0
-26.47685,46.098824,0
-8.908307,-74.183876,0
14.404455,81.475044,0
-50.029118,16.689722,0
44.655094,-42.85913,1
-26.111893,46.67593,0
39.270786,-49.030983,0
9.433028,76.29436,0
-14.2091465,-26.061222,1
9.138203,-59.1862,0
49.73071,67.52811,0
-1.6479335,2.0024645,0
9.781943,76.87075,0
20.653189,90.94521,1
-0.4245631,66.36276,0
18.706944,-46.05416,0
-46.922497,17.70322,0
31.52961,50.312283,1
1.0416031,3.5794864,0
34.079433,-48.877457,0
-77.186195,-5.4568977,0
-86.84028,-8.741091,0
17.792154,-46.959328,0
-53.07533,14.812037,0
95.72187,-30.472395,1
44.311775,-42.982304,0
93.48541,-22.02519,0
-33.656654,17.714848,0
-68.67358,-4.2176666,0
17.893354,-46.694992,0
-52.861176,15.07772,0
9.608525,76.56449,0
67.53111,28.454512,0
-21.322687,54.133007,0
36.718533,46.504623,1
61.73857,27.729216,0
-76.23799,-4.841216,0
23.625853,16.533508,0
-66.708626,-4.0684757,0
-25.565987,47.357937,0
49.027565,-42.084175,0
-19.517178,-13.142948,1
17.183832,13.538734,0
14.509704,-62.6245,0
59.067276,-36.408016,0
35.41726,-47.11284,0
-69.96847,-3.8604443,0
34.095627,-48.913387,0
-52.149654,15.5627,0
-22.695963,52.22347,0
-7.6063843,-69.936554,0
59.41309,-35.439373,0
24.383448,60.175938,1
72.9904,30.010798,0
28.487404,19.350998,0
-69.65628,-3.938439,0
-80.093636,-7.147077,0
19.313936,90.05996,1
-27.41876,44.141216,0
18.109058,86.958084,0
-27.36283,44.1529,0
-87.094574,-8.764907,0
-5.600053,-52.801212,0
41.444855,43.201904,0
17.440456,-60.945026,0
50.074757,22.463295,0
-32.80976,37.42478,0
38.7265,-49.58338,0
28.59575,53.34937,1
-26.73091,45.313156,0
68.567276,28.549389,0
-19.798182,-82.836555,0
61.02804,-35.341537,0
-79.19225,-6.7738667,0
-34.48128,33.940224,0
60.647396,-34.354248,0
-8.805943,-74.26227,0
-20.055082,-83.20584,0
21.184132,-58.67324,0
-87.30233,-8.721317,0
91.97775,-17.414312,0
7.4925942,72.81582,0
-34.215847,35.0795,0
17.933802,86.46813,0
44.50293,-42.81226,0
92.11775,-17.925924,0
-32.73645,37.175385,0
-69.95227,-3.9256122,0
-4.5661144,-56.910587,0
90.97784,-6.4748673,1
39.28287,-49.3063,0
28.12182,19.16678,0
60.917038,27.347649,0
-34.46211,33.934025,0
69.91997,29.290546,0
-84.068756,-10.962669,0
-21.024845,-83.942535,0
-26.975178,44.544956,0
-21.06906,54.030212,0
7.516463,5.220974,0
7.7731824,5.362363,0
-29.514328,-14.880496,1
-69.95147,-3.9655905,0
21.757744,92.29526,1
-16.255032,-78.84766,0
52.753616,-37.209057,0
108.164024,11.02174,1
59.561302,-35.498924,0
51.526836,-41.63578,0
-7.3651204,-70.38577,0
-22.26305,52.57596,0
-10.576438,-76.13303,0
27.434902,18.79395,0
11.4080105,7.5392747,0
81.80849,34.840195,1
79.48268,-6.942206,0
108.852394,11.374538,1
61.28993,27.530127,0
-52.695408,14.917616,0
-24.334854,48.759853,0
70.123375,29.285547,0
-11.323978,-23.235153,1
-22.942663,-85.879684,0
76.03787,-1.3289666,0
-21.119879,-15.502985,1
20.951468,91.06148,1
21.55619,91.89813,1
49.67923,67.601326,0
-52.928066,14.684921,0
-2.5233412,-52.444237,0
-25.991138,-17.054613,1
-65.23637,-4.1457357,0
-22.64341,51.845737,0
-5.4475145,-6.3517585,0
95.55396,-29.726273,1
10.27916,-60.369778,0
20.551973,90.67396,1
-16.007563,-78.35322,0
9.095245,-59.682457,0
-46.99853,17.337093,0
49.121624,-42.266712,0
-4.6371117,-56.947243,0
-80.91148,-8.01302,0
-34.146763,34.94673,0
23.504524,16.313635,0
57.456615,-41.16811,0
108.35695,1.5647457,1
-68.065285,-4.764259,0
109.12726,11.725695,1
-19.053114,-82.43943,0
-20.936934,53.935078,0
-16.040066,-78.68353,0
93.460884,-20.677242,0
76.57869,-3.4503224,0
-20.883211,53.940666,0
105.934166,9.9129095,1
-22.881254,-85.9393,0
14.761116,-62.603508,0
-7.238683,-70.837715,0
-64.69756,-4.104006,0
-1.1860216,64.67028,0
-27.907621,21.811987,1
50.566772,-41.96393,0
18.335287,-60.579117,0
-68.1513,-4.616475,0
-19.58206,-83.077896,0
-25.446281,47.068172,0
-7.425374,-71.32212,0
-26.430622,-24.229507,1
-77.18487,-5.9647093,0
14.584423,-62.81475,0
6.664125,69.96185,0
15.013965,-62.89994,0
18.322008,-60.609722,0
-7.1977077,-70.89008,0
18.241575,-45.225765,0
15.073601,-62.695473,0
-6.5789576,-23.48851,0
47.76835,21.518625,0
-33.52306,36.434532,0
-26.170965,45.85619,0
19.238037,89.347755,1
16.939087,-61.551838,0
14.073969,-63.177826,0
14.257788,-63.034103,0
8.325442,5.612546,0
71.21753,29.421469,0
-21.315653,-84.860695,0
39.648857,-49.41495,0
49.255096,73.90554,1
-8.786655,-74.52707,0
-28.09137,19.855042,1
-22.826622,-86.00226,0
-27.846779,42.907574,0
19.353342,-60.008533,0
50.124287,-42.186646,0
-7.9499187,-73.47451,0
38.31147,-50.8047,0
1.1714846,3.2908218,0
-11.703303,-29.470627,1
-85.89286,-9.224083,0
37.665825,44.39614,1
19.367434,-60.023758,0
-7.59613,-72.94477,0
-25.362986,47.053894,0
20.536123,-59.343815,0
50.17955,-42.2051,0
-26.829845,44.28012,0
17.97006,-60.932217,0
-47.320934,17.137018,0
23.459925,16.187754,0
-32.661182,36.964478,0
-68.0473,-4.8748345,0
49.24719,73.63636,0
-20.24296,53.99955,0
-24.425894,48.244476,0
-27.771215,-16.881882,1
17.91763,85.87,0
61.249073,27.378542,0
-68.091736,-4.785318,0
-80.153725,-7.759658,0
-46.767548,17.11371,0
14.862859,-62.685318,0
7.101519,70.29669,0
-80.52045,-8.033661,0
-51.654198,15.193257,0
80.29588,-7.5400667,0
69.85764,29.043512,0
-15.850712,-78.87586,0
-78.57578,-7.0855193,0
-34.623734,33.397003,0
93.44211,-20.47592,0
78.26643,32.051037,1
36.887703,40.817627,0
93.69876,-21.600025,0
-63.32939,-3.9524841,0
54.34279,23.939735,0
17.499905,-61.312626,0
85.81558,-13.593954,0
9.684077,76.137886,0
-44.48675,-1.0244974,0
51.200188,22.611462,0
93.362625,-20.278215,0
19.876936,-59.898216,0
-22.430357,-85.908356,0
2.8129292,65.51445,0
-5.611736,-53.032375,0
-6.9468102,-70.49805,0
38.520714,-50.843815,0
-20.215267,-84.04142,0
-23.17032,-86.38952,0
28.659355,19.234873,0
60.56891,-34.45126,0
-25.107721,47.237026,0
49.484722,67.402016,0
-65.49453,-4.4282064,0
-48.363567,16.43433,0
-0.9147494,64.69777,0
-49.450867,14.680674,0
-1.3443458,64.26402,0
25.324041,57.06075,1
26.989347,18.190977,0
60.184277,-35.421886,0
77.48536,31.784956,1
17.980806,85.74701,0
59.502697,-36.059517,0
-18.145279,-82.61086,0
50.179874,22.280912,0
12.987282,11.258868,0
18.497492,87.05752,0
-49.813477,-3.8898158,0
-23.436031,-86.69254,0
-34.190372,33.88909,0
-7.2272224,-72.5435,0
39.52865,43.822166,1
33.776466,50.195225,1
-32.240414,37.290436,0
80.29229,-7.490542,0
51.570747,-41.98768,0
-21.583773,51.811466,0
16.668869,12.953491,0
-29.333723,39.81666,0
-86.693184,-9.530421,0
4.766025,-0.8893327,0
27.743504,18.675743,0
16.742432,82.44615,0
-26.919924,43.64762,0
59.995155,-35.74341,0
-28.666658,40.77839,0
-32.51072,36.9324,0
-46.690723,17.065756,0
-28.822124,-14.812138,1
-50.669094,15.432802,0
-8.08751,-74.24571,0
-27.56358,42.73179,0
15.923673,-63.069683,0
60.837234,-35.21285,0
-86.68433,-9.588248,0
14.109304,-63.35458,0
38.496006,-50.922035,0
49.209797,73.64589,0
-88.00198,-12.8207,0
-19.916796,53.766563,0
18.899147,-60.527107,0
49.183884,21.860497,0
105.54458,9.727566,1
-23.138105,-86.59541,0
-30.224062,-12.866323,1
-32.35408,37.00456,0
34.3366,-49.223236,0
60.64026,25.63652,0
-48.327763,16.285831,0
-67.97836,-5.2281184,0
17.298359,-48.099483,0
-52.260494,14.521112,0
39.759876,-49.69462,0
-46.353333,17.117243,0
7.138705,70.229805,0
-29.484812,-14.6556425,1
15.352934,-62.491848,0
74.68417,-1.9273425,0
-43.9189,18.074568,0
-84.0491,-11.137753,0
49.840885,22.0688,0
-52.628246,13.938394,0
-28.014692,41.908146,0
54.79257,24.006771,0
24.29069,16.301231,0
-22.266197,-85.969475,0
77.592865,-3.7861395,0
-32.295135,37.055458,0
-62.811184,-3.9386249,0
20.170727,-43.641884,1
58.105724,-41.547943,0
69.430534,28.891241,0
-8.127698,-73.96209,0
15.132344,11.851179,0
57.805927,-41.546093,0
-23.057226,-86.531624,0
-22.2453,49.707806,0
49.916996,-42.559002,0
-46.59397,17.001495,0
-25.211594,46.626198,0
-49.982872,15.602359,0
49.29378,-42.637493,0
-9.64949,-75.82001,0
27.624918,18.4807,0
67.81339,27.979229,0
-26.683565,43.621185,0
8.8996,6.020791,0
-80.69296,-8.871853,0
52.109062,-42.267353,0
-46.187466,17.126205,0
39.981182,-49.707733,0
17.99824,84.99749,0
-23.346003,-86.79743,0
79.992065,-7.0970917,0
-43.359642,18.313324,0
60.536552,-34.85417,0
48.918804,-42.84774,0
0.93068504,2.5593705,0
95.95372,-30.41231,1
20.805754,-59.798332,0
-86.651596,-9.709879,0
-5.360663,-52.68818,0
51.39693,-42.29571,0
18.409113,-60.972878,0
-7.032736,-72.58776,0
-78.88601,-7.640338,0
-1.2279701,64.11717,0
-43.888916,1.327939,0
18.376345,86.31929,0
16.104662,-63.33058,0
-22.567398,-86.27548,0
-9.360359,-75.581856,0
25.311655,16.882095,0
-20.437685,-84.83437,0
34.32881,-49.31572,0
23.15941,60.22134,1
54.794006,23.958939,0
-19.27619,-84.099724,0
74.452675,-1.5016376,0
-67.64555,-5.40772,0
-19.58321,53.52652,0
95.016396,-27.724047,0
-77.58929,-7.5202794,0
-7.2258153,-73.03335,0
14.27924,11.5406065,0
39.59231,43.6974,1
-28.248644,41.111923,0
-86.64379,-9.786909,0
15.472361,81.392845,0
-78.87215,-7.713316,0
49.70805,70.81991,0
58.628956,-41.543465,0
-24.601868,47.270374,0
16.437813,-62.536453,0
47.766888,20.75755,0
-26.619038,43.48709,0
75.9597,-2.981562,0
55.303856,-42.610447,0
39.52584,-50.208046,0
17.921211,-61.42873,0
-9.593721,-75.83007,0
-19.690845,53.37251,0
-27.975677,41.726852,0
14.44576,-63.41806,0
104.74194,6.673224,1
21.613276,-59.026333,0
14.5654,11.600643,0
-4.132212,-51.88044,0
-62.27255,-3.8616588,0
52.946655,22.863256,0
-87.27111,-12.071456,0
-26.981232,43.039043,0
-86.80254,-10.052216,0
-20.08715,51.848927,0
53.20056,23.008009,0
72.61959,29.320421,0
-63.527306,-4.469965,0
-48.23099,16.063946,0
-6.4909196,-71.1827,0
-34.249287,17.360317,0
58.67475,-41.69139,0
34.241398,-49.33689,0
79.66834,-6.7522707,0
20.617014,-60.387314,0
-49.167988,15.453478,0
18.023335,-47.01497,0
8.135823,72.860825,0
23.94876,-61.17389,0
-67.58533,-5.618269,0
7.231719,70.167786,0
37.90792,42.275124,0
73.36211,0.25277475,1
-18.315224,-83.96449,0
-64.86704,-5.098252,0
-0.8746276,1.43149,0
19.546541,89.05494,1
-13.370204,-79.66337,0
-33.72017,34.319366,0
-19.090708,53.532043,0
-33.385143,34.422028,0
-17.195955,-27.651472,1
-1.8382411,63.529957,0
-14.951966,-79.813065,0
-51.623272,14.664852,0
-1.0251472,1.3928963,0
47.87856,20.786037,0
17.912462,-62.954132,0
-9.842442,-76.086815,0
-52.004295,14.390892,0
9.895248,75.76029,0
-9.839199,-76.11103,0
-30.772062,-12.669306,1
92.26694,-17.690498,0
-71.80343,-9.297561,0
-52.29462,13.886451,0
-49.26326,15.694263,0
50.102337,-42.870686,0
73.38021,29.541681,0
-1.1419929,1.3455057,0
-28.431616,40.516552,0
49.175434,66.9097,1
79.10484,31.715034,1
17.949482,-47.1485,0
27.584183,18.19079,0
38.27758,-51.75476,0
51.371204,22.466286,0
-28.96644,39.608894,0
21.718771,-59.01769,0
74.48592,-1.4426395,0
28.62076,18.930624,0
28.40589,18.785902,0
14.845406,80.76362,0
67.65771,27.752813,0
21.702589,90.95798,1
-65.52914,-6.8365464,0
-75.02831,-9.752662,0
-6.4340563,-71.839226,0
-63.428024,-4.646414,0
-23.18993,48.21566,0
83.76366,-12.695516,0
26.09145,17.16283,0
60.92705,25.453487,0
-80.592865,-9.31577,0
73.5851,29.549984,0
-0.07276613,1.5384573,0
13.745026,7.49858,0
52.966553,-42.855892,0
-21.566292,-86.09695,0
-17.358047,-83.37131,0
-33.388905,34.1533,0
-23.283901,-87.22598,0
8.036783,71.147705,0
-5.6876335,-6.8392043,0
23.084846,-61.410378,0
-9.291777,-75.72761,0
73.40947,29.492044,0
-62.151554,-4.131468,0
14.389522,-63.60544,0
-6.400975,-71.84989,0
-50.35066,15.273983,0
38.257217,-51.857822,0
0.9527619,2.2025785,0
17.449903,82.628716,0
8.9272375,-60.025948,0
24.078665,15.956148,0
-88.00859,-13.310951,0
-31.978548,36.485764,0
-17.629164,-83.63104,0
-22.671928,-86.65321,0
17.939983,-61.730892,0
52.319115,-42.538956,0
67.67471,27.72415,0
-24.989973,43.583458,0
24.5652,-61.244347,0
-26.016294,43.23813,0
-87.22105,-12.479922,0
2.2706182,64.655106,0
-1.6575434,63.469666,0
-29.436155,-14.831207,1
78.21264,-4.3055563,1
-40.34585,0.38638952,0
50.01436,21.716322,0
22.304283,91.676315,1
-17.17285,-83.38389,0
-25.392138,43.420635,0
-80.565346,-9.420691,0
-15.431976,-81.84974,0
-6.665219,-72.74451,0
-15.383926,-81.86416,0
-43.134438,18.213144,0
-6.6480317,-72.75736,0
-14.766067,-18.76415,1
2.472222,64.77137,0
-72.05164,-9.483312,0
-6.0708613,-72.08691,0
14.253054,-63.76117,0
21.952154,-58.92379,0
38.977257,-52.112385,0
-5.7151065,-71.0159,0
50.274273,-43.181885,0
7.669727,70.435974,0
22.48502,91.97386,1
-22.639353,-86.70675,0
30.41272,50.6347,1
15.356251,11.735849,0
78.62559,31.476969,1
18.493937,-46.49946,0
51.818363,-42.73346,0
93.9375,-21.084887,0
75.01305,30.058565,1
56.50392,-42.554146,0
14.335864,-63.702305,0
58.7815,-41.95722,0
-7.3101497,-74.59735,0
-80.562004,-9.479692,0
-12.552752,-79.60935,0
16.84422,82.02562,0
-5.914535,-71.15823,0
-69.33824,-7.859108,0
-49.853706,14.183401,0
-33.177956,33.643314,0
48.806618,65.2567,0
105.60575,9.854409,1
37.93802,-52.32232,0
22.215164,-61.6868,0
75.59898,30.357748,1
-44.643887,17.061178,0
49.570004,67.97018,0
94.79004,-26.112474,0
94.8295,-26.350183,0
-18.77909,53.198975,0
-87.929596,-13.146438,0
47.52346,-45.57581,0
22.62706,92.17579,1
93.71917,-20.511187,0
-17.153807,-27.427807,1
24.139,15.869341,0
21.915798,57.92133,1
17.73878,82.8347,0
24.00587,15.827656,0
-86.29628,-10.07389,0
36.54968,40.644234,0
-18.90481,52.78181,0
17.291374,-48.19104,0
60.7899,25.21335,0
-0.9196912,1.2334243,0
8.9476795,-59.71642,0
-5.6846833,-58.83111,0
-44.597816,17.03754,0
-4.8230267,-57.538506,0
-25.283787,24.316647,0
18.51186,85.79142,0
28.532768,18.608965,0
7.448672,4.2850547,0
17.479422,12.783247,0
-19.69679,51.063713,0
-6.258888,-72.50919,0
-21.19497,49.401325,0
-45.128696,-3.3834035,1
17.163334,-62.691566,0
0.8143378,1.7881235,0
16.852337,-62.79119,0
12.859571,7.302435,0
-64.7295,-5.6016526,0
-12.71117,-79.94997,0
15.566265,81.12317,0
17.61494,-62.223076,0
82.23274,34.551285,0
-22.285969,23.138273,0
-31.461613,36.061172,0
21.820292,90.6901,1
27.184813,17.530987,0
77.08272,30.951256,1
57.276306,-42.19486,0
57.086052,-42.304146,0
106.59735,2.4820325,1
-72.02009,-9.62286,0
13.444231,11.05593,0
15.13016,11.578658,0
56.35468,-42.733322,0
-1.4773983,0.8751056,0
-18.440657,-86.082985,0
18.378883,84.07221,0
-18.865744,52.620476,0
-28.246723,40.22642,0
-24.387688,43.656097,0
4.2619896,2.2684307,0
14.644698,80.10989,0
70.10376,28.735176,0
-75.128365,-10.117736,0
84.06042,-12.770561,0
-87.827774,-13.415608,0
-65.839554,-6.2215805,0
5.5536437,2.7843223,0
22.558607,57.692455,1
-21.222464,-86.36812,0
26.418135,-60.666546,0
16.67293,-63.44178,0
108.28782,1.4003668,1
53.52446,22.893093,0
23.272186,-61.724728,0
-28.242754,40.20372,0
98.03099,-20.651115,1
-22.40245,48.476753,0
-87.964516,-13.51792,0
-5.028783,-72.4375,0
27.62308,17.668365,0
-68.77392,-7.7060885,0
26.349321,16.95691,0
-6.289054,-72.967514,0
7.377789,70.062645,0
-6.1575484,-73.09523,0
-19.698877,-14.08911,1
28.744762,18.769958,0
13.999571,7.482922,0
-67.578354,-6.918578,0
-87.10072,-12.947976,0
-32.67738,33.843624,0
-67.51754,-6.863258,0
-22.691103,-87.03694,0
-75.0965,-10.219584,0
-87.363045,-13.164634,0
-25.1758,23.00897,1
108.25959,11.274141,1
19.621738,88.63746,1
49.084232,74.73193,1
58.51725,-42.20193,0
-45.608456,16.232506,0
49.50722,71.25336,0
-19.25932,51.26134,0
55.802402,-42.9805,0
-48.463036,15.015204,0
-82.489265,-11.392097,0
-11.866489,-28.623833,1
-20.076694,50.056656,0
-64.016495,-5.5645633,0
6.0265846,2.9297462,0
18.727415,-45.661156,0
54.15128,-43.471924,0
-71.33964,-9.626218,0
-80.14299,-10.018882,0
40.419968,-52.97478,0
74.41864,29.5538,0
-45.240368,16.462206,0
57.525383,-42.10986,0
3.6440322,65.46668,0
37.015297,-53.138042,0
-17.467617,-84.798225,0
-20.77053,49.518116,0
7.5489864,70.11376,0
-63.013126,-5.424267,0
-20.57758,-15.3810835,1
24.925034,-61.473904,0
7.2917795,69.957504,0
7.4963098,70.18644,0
-24.074472,43.13004,0
-18.99839,51.59872,0
94.16779,-23.550423,0
-18.809263,52.13992,0
22.175104,90.91419,1
66.78573,27.025051,0
50.93644,-43.774513,0
32.046562,50.174294,1
-74.475044,-10.346476,0
3.3988595,65.24874,0
-47.98484,15.159637,0
22.093128,90.75172,1
2.184822,64.2815,0
23.859808,-61.73512,0
16.988497,81.89896,0
17.54423,-63.087364,0
-15.020756,-31.592392,1
43.836555,-43.87687,1
-19.163849,51.182034,0
-45.18364,16.378485,0
-1.258977,63.35205,0
3.2791567,65.11555,0
-75.046165,-10.474537,0
49.86628,69.64562,0
38.65314,-52.81571,0
58.66207,-42.323685,0
106.509224,10.596351,1
79.2021,31.42102,1
23.058233,-62.094498,0
58.635975,-42.331852,0
-23.885937,43.440678,0
18.735197,85.81996,0
-79.458,-10.491456,0
62.97388,26.139967,0
-87.91989,-13.637849,0
22.192917,-62.29003,0
14.756268,-64.33599,0
-5.346041,-71.57986,0
15.246436,80.69594,0
-18.36851,-86.64724,0
-24.357334,43.29707,0
-29.803034,36.512753,0
7.9048853,4.3129983,0
54.087902,23.17521,0
3.2939065,65.0931,0
15.796132,-64.568504,0
24.570269,15.8173895,0
5.5783024,2.7491338,0
7.6141925,70.07166,0
23.604185,59.668625,1
55.362476,-43.2381,0
-25.692804,40.11278,0
-46.060085,15.2624035,0
66.76173,26.960634,0
7.31554,3.8256214,0
-18.109316,-86.491776,0
-49.534695,14.186189,0
-43.055275,17.93231,0
-61.94145,-5.0537343,0
-22.505756,50.011253,0
22.899246,92.014595,1
-46.743103,-3.9951007,1
37.058655,-53.315,0
-12.514806,-80.32268,0
78.420525,31.075817,1
-79.42021,-10.767927,0
8.484573,70.8187,0
54.872635,-43.424416,0
55.35775,-43.268684,0
48.99018,74.49115,1
61.06778,-43.87729,0
7.6232605,4.0723147,0
-28.127382,37.90893,0
-5.9220095,-72.73478,0
-12.472839,-80.369225,0
-17.937088,-86.29814,0
-5.753287,-58.901436,0
44.092407,-43.87905,0
53.22489,22.50701,0
17.91849,82.660614,0
-67.137115,-7.267948,0
92.5053,-17.693363,0
-61.940296,-5.1658096,0
74.67074,-1.2516005,0
79.025215,31.253681,1
17.114552,-63.27533,0
61.27525,25.174168,0
24.010508,15.526636,0
54.415264,23.34537,0
77.50783,30.859362,1
-7.8098636,-75.890045,0
-14.964339,-82.87324,0
-60.949615,-4.7440376,0
60.543465,-43.59849,0
-43.91014,17.095098,0
75.97683,-2.6325226,0
-86.6836,-13.352773,0
73.593575,0.3957203,1
73.84975,29.143574,0
16.054451,81.179054,0
-5.100765,-70.99008,0
72.437065,28.38975,0
-18.26696,52.886402,0
54.264885,23.22444,0
73.464455,28.986824,0
50.634384,-44.39045,0
-74.903824,-10.870075,0
94.12875,-20.998177,0
2.5990658,64.487495,0
-24.28628,42.807503,0
-87.881966,-13.77054,0
-67.15484,-7.40909,0
-21.809494,45.121037,0
-25.432728,23.618887,1
-1.1603947,63.240253,0
40.129417,-53.29909,0
-23.345148,43.72124,0
49.051506,20.632215,0
-28.83289,36.86034,0
64.95387,25.989893,0
22.182545,90.497665,1
69.01567,27.775845,0
-18.290138,52.39084,0
-24.947031,23.830503,0
-17.091085,-85.01071,0
-44.261505,16.825054,0
-9.316729,-22.82782,1
74.86181,-1.4264039,0
-87.23841,-13.608451,0
-21.207157,-24.152267,1
-18.247276,52.354687,0
52.890804,22.193338,0
-70.64345,-9.836376,0
67.838234,27.415768,0
41.387196,64.594154,1
37.766235,-53.370808,0
-0.359204,1.0387517,0
-44.46378,-4.1919374,0
-6.6951637,-75.204445,0
-15.6920185,-83.48636,0
17.843561,-63.21165,0
-17.26223,-27.814358,1
-82.66493,-11.774932,0
-13.783138,-82.05418,0
-42.754505,16.790422,0
1.8699518,63.87635,0
24.61003,15.722452,0
48.575497,65.44761,0
18.328228,83.070274,0
-79.374016,-10.798214,0
-15.1078,-82.87756,0
24.586624,-61.86982,0
-30.453224,34.807957,0
77.15967,-3.1392074,0
-21.6222,44.933903,0
39.78507,-53.338764,0
39.116623,-53.17433,0
-1.0688977,0.8688061,0
-62.72596,-5.79719,0
22.733437,-62.63559,0
22.938509,91.60878,1
-15.541075,-83.60658,0
-63.77299,-6.053713,0
25.675014,-61.614655,0
-74.963036,-10.905406,0
-23.62802,43.317513,0
94.08929,-20.799618,0
-18.666716,51.29934,0
48.67368,20.39549,0
-68.48993,-8.139831,0
-70.82121,-9.861803,0
79.116005,-4.604596,0
-79.35127,-10.897325,0
52.49741,-44.462112,0
61.59077,-44.370735,0
79.34046,31.305012,1
14.766633,7.2674108,0
22.972923,91.71785,1
-15.315824,-83.22405,0
-24.098883,42.607964,0
47.730106,-45.605473,0
-18.27488,52.048405,0
-63.172775,-6.006171,0
96.25194,-29.967173,1
89.82174,-5.318247,1
53.596817,-44.416153,0
-43.473064,17.232857,0
-66.77643,-7.5539303,0
22.305506,-39.621975,1
22.941273,-62.690994,0
14.173385,74.69514,0
-60.8974,-4.9340363,0
-33.6969,17.461565,0
-13.830476,-82.10958,0
67.49166,27.192924,0
-6.636345,-75.22039,0
61.233078,25.08427,0
46.001053,-45.459393,0
39.091175,-53.249393,0
-5.2585173,-71.85899,0
104.66846,6.6637764,1
-1.7482783,-55.061123,0
73.75396,0.15144245,1
3.506396,65.121,0
-0.15460478,63.494255,0
17.81904,82.32473,0
61.716015,25.080183,0
56.06352,-43.51949,0
40.8464,-53.694035,0
38.16078,-53.51235,0
-5.706186,-73.92904,0
-41.19907,13.901803,0
79.494125,31.33706,1
-61.416756,-5.325537,0
-62.329426,-5.808879,0
22.689175,-62.835743,0
66.94804,26.909893,0
96.31918,-30.318533,1
-62.609005,-5.93339,0
-11.863182,-80.16403,0
-80.078835,-11.692959,0
17.488894,-63.556812,0
-61.357204,-5.3369846,0
4.753492,-1.1431221,0
-18.558699,51.169456,0
-43.116814,17.30243,0
24.66361,15.63317,0
-66.98457,-7.6743402,0
79.45565,-5.726626,0
8.760582,-59.934937,0
-5.5502024,-73.04248,0
7.33427,3.6028707,0
80.26801,-6.906802,0
-5.64959,-73.96223,0
60.248714,-43.67347,0
52.09298,-44.587444,0
-23.7999,42.934124,0
-5.652879,-73.97679,0
-18.042353,52.19523,0
22.327875,-39.655968,1
-21.014889,45.60541,0
65.85232,26.183245,0
18.424744,82.973885,0
62.052002,-44.64962,0
-29.300209,-14.826828,1
-62.53095,-6.011423,0
-24.392725,40.852894,0
-27.991854,36.976013,0
-24.813887,24.318129,1
-12.965992,-81.40259,0
22.732182,10.813188,0
51.128334,-44.856415,0
-43.169384,17.335808,0
38.232517,-53.559517,0
108.7323,11.620893,1
-67.32801,-7.846136,0
-86.31224,-13.957946,0
-20.456808,-24.772318,1
-62.03115,-5.739138,0
96.325066,-30.033348,1
24.518398,15.51967,0
37.415924,-53.810085,0
26.8931,-61.160168,0
79.5838,-5.232703,0
-86.77881,-14.030562,0
14.149106,74.1601,0
56.980057,-43.419056,0
80.496254,-7.3059187,0
-44.810795,-4.559656,0
-23.42245,43.272198,0
3.8107557,65.26609,0
8.4275,-67.781364,0
-5.6021433,-74.04677,0
-25.236458,39.88063,0
40.21021,-53.67294,0
-17.51562,-86.878334,0
-13.24742,-81.813255,0
23.776972,-62.76797,0
-29.367722,35.844437,0
39.86198,-53.63856,0
18.720543,-63.490696,0
19.043398,83.54489,0
-19.257824,49.342144,0
18.65507,83.15045,0
-71.49224,-10.682711,0
-19.333303,-90.43732,0
-12.53886,-81.02825,0
-26.015862,39.123817,0
-18.991129,49.710987,0
-30.999817,33.153786,0
79.26363,31.055138,1
-0.05053955,63.387096,0
-17.516005,-26.386333,1
-44.898376,14.65706,0
92.630295,-17.500505,0
-44.595894,15.538256,0
13.85445,5.9288173,1
-24.24461,40.76035,0
61.65203,-44.645763,0
15.644676,11.269073,0
19.041994,-45.717606,0
-45.03593,14.118061,0
-18.564575,50.534595,0
62.795704,25.005178,0
-14.599652,-83.424995,0
-71.20237,-10.530662,0
-12.69026,-81.31391,0
28.547812,16.820782,0
-30.954319,33.135487,0
-23.911945,42.11277,0
20.65189,8.5456295,0
53.272675,-44.879112,0
26.368362,-61.620193,0
-30.331188,34.038868,0
8.373471,4.0372124,0
38.65564,-53.771214,0
14.228124,74.21378,0
37.74064,-53.866493,0
95.241135,-26.133036,0
-44.249672,-2.7024024,0
62.09694,-44.819923,0
33.644634,49.945972,1
-18.518284,50.505444,0
-17.610405,-87.33354,0
16.570381,81.21209,0
-4.627154,-57.62679,0
-65.44673,-7.2631865,0
49.026695,67.43886,0
40.926147,-54.02928,0
-20.792362,45.07682,0
25.686811,-61.965965,0
-14.408208,-83.1339,0
16.525381,-67.28745,0
23.015018,-63.2829,0
48.731606,66.80285,0
-4.825863,-72.0667,0
-17.499146,-87.441536,0
-18.143862,-89.305504,0
-43.618916,13.089686,0
-12.464389,-81.09502,0
-87.6226,-14.347215,0
96.34102,-29.76632,1
17.9683,-47.70189,0
-1.0844456,62.978085,0
-74.4177,-11.500765,0
-65.2641,-7.458937,0
-22.610254,43.634293,0
36.381733,40.797043,1
26.769331,-61.49174,0
-66.28488,-7.8601103,0
-29.720055,-14.632969,1
-73.44316,-11.427148,0
-18.925674,49.546875,0
1.9913251,0.8402366,0
-19.238836,47.82814,0
-44.499687,14.6932,0
53.277546,-44.98603,0
37.133774,-54.210285,0
-4.6301856,-57.701794,0
48.16755,19.85838,0
2.132911,63.729847,0
-71.62319,-10.937195,0
-71.9948,-11.1391115,0
-61.135796,-5.7083287,0
3.1781492,64.5163,0
72.61303,27.486301,0
48.514732,66.07426,0
-25.068035,23.368317,1
-27.503788,37.23219,0
93.791435,-19.894726,0
-17.52431,-87.480446,0
-8.122911,-9.8775425,1
96.40002,-30.054981,1
56.680695,-43.78025,0
-74.92005,-11.693787,0
-29.888577,34.419426,0
-18.325397,-89.69483,0
-43.046997,17.250076,0
87.78568,-4.865788,1
67.32202,26.917917,0
-12.377401,-81.1253,0
5.840354,2.5134172,0
-24.252226,39.726353,0
35.709957,46.43885,1
37.428886,-54.07009,0
-25.84525,21.727383,0
-4.731308,-71.74595,0
37.424427,-54.130104,0
53.26611,-45.057774,0
18.483332,-47.474518,0
23.995138,-63.22046,0
48.913227,75.06666,1
-45.44691,12.344156,0
26.385809,-61.679806,0
90.7858,-7.5216804,1
26.11851,-61.856224,0
90.30386,-8.797656,1
5.627394,2.336762,0
-67.26822,-8.150802,0
-30.767313,33.037323,0
37.742886,-54.07149,0
86.66508,-14.32362,0
-18.51763,49.91036,0
38.121025,-54.04837,0
16.881811,-67.34291,0
56.529194,-43.897877,0
26.142704,-61.815838,0
-65.42475,-7.7912874,0
-83.184525,-12.386496,0
-17.752567,-88.99689,0
60.69501,24.516542,0
-41.165554,13.871706,0
-4.835997,-76.96779,0
16.00723,-67.79451,0
49.214787,71.71523,0
-27.22271,37.467422,0
61.699463,24.850346,0
-45.904648,11.901912,0
60.996532,-44.898567,0
23.139471,90.83654,1
-18.27111,-89.75046,0
78.86264,30.592388,1
-67.6608,-8.435673,0
-87.07069,-14.836959,0
-8.4693575,-9.666988,1
60.088886,-44.7648,0
26.926872,49.737568,1
-0.6222162,62.956825,0
62.52828,25.90717,0
-21.155075,44.807568,0
-79.63235,-13.180316,0
-83.09835,-12.35992,0
51.1564,-45.444324,0
-72.018364,-11.341226,0
-17.569315,51.48897,0
95.34042,-26.182184,0
17.154758,81.4045,0
-65.86224,-7.9566975,0
7.719948,3.5755885,0
-41.299107,13.786713,0
24.060942,-63.397984,0
-14.116758,-83.24545,0
-86.333145,-14.523822,0
-27.182009,37.4202,0
96.443474,-30.003132,1
29.656965,50.144543,1
50.836834,20.99485,0
-21.86462,-25.65433,1
-45.160557,12.474891,0
63.806175,24.95526,0
74.323906,28.66157,0
-66.496735,-8.124459,0
50.446957,20.765898,0
48.76316,74.03722,1
-74.869545,-11.981076,0
48.619297,66.678085,0
1.146674,0.54095256,0
-18.471252,-90.919136,0
-12.702888,-81.627945,0
-23.541468,40.746326,0
-18.562016,49.6399,0
61.56874,24.776827,0
-28.04294,35.834988,0
8.599129,3.9617755,0
-27.400179,36.97628,0
-76.76372,-12.9383955,0
-74.163795,-11.883401,0
104.56697,3.8026016,1
-61.882183,-6.6236825,0
59.67301,-44.790867,0
-79.204704,-13.236305,0
-45.396183,12.203194,0
15.932575,-66.27984,0
62.81434,26.1095,0
-80.45465,-13.728159,0
-71.36771,-11.04664,0
-79.02027,-13.104277,0
20.37972,7.8990903,0
-46.063553,11.721309,0
53.654076,-45.228703,0
15.414897,-67.25928,0
-22.017107,22.815714,0
0.26859742,0.5978846,0
-19.014538,-90.72519,0
-19.010695,45.773735,0
9.295836,69.83231,0
53.34294,-45.286644,0
28.454536,16.318455,0
0.77306414,0.5428463,0
83.614586,-11.3522835,1
-61.64405,-6.518793,0
-14.437596,-83.67404,0
27.455797,16.066513,0
1.548904,63.320488,0
-1.1007124,62.780216,0
-4.614808,-77.07778,0
2.8357503,0.9229905,0
-24.299824,39.70976,0
94.50165,-21.093527,0
14.379435,73.99407,0
61.969063,24.790821,0
-60.766537,-5.941349,0
-61.8125,-6.6960683,0
26.200066,-61.99517,0
-86.02761,-14.6339245,0
17.303091,-67.405754,0
-27.740976,19.52867,1
-44.93806,12.402519,0
-4.500281,-76.495056,0
-23.807701,40.364643,0
-17.327902,-88.39845,0
54.01431,-45.203625,0
-66.49109,-8.253516,0
-44.62707,12.671756,0
-13.673915,-82.98131,0
91.62275,-3.8402486,1
-24.142218,39.659004,0
-72.043976,-11.57801,0
-11.4343605,-80.56655,0
53.680244,-45.31384,0
77.205055,-2.7990372,0
50.647594,20.76942,0
23.616266,-64.103905,0
106.88352,11.041371,1
20.028357,83.22829,0
52.540264,-45.574947,0
-4.851136,-58.612965,0
-45.8531,11.811394,0
-76.671005,-13.099661,0
-68.208664,-9.025093,0
7.0324473,2.987292,0
54.42781,-45.14717,0
-14.57148,-84.07899,0
-65.94238,-8.212455,0
-86.22582,-14.813882,0
-20.424006,43.96264,0
-45.64539,11.946154,0
63.58233,24.809303,0
-17.87318,-26.05292,1
-10.927081,-22.95395,1
-23.494595,-24.202166,1
-44.540306,-4.373261,0
20.630455,8.111602,0
40.507656,-54.92737,0
17.366259,-67.46264,0
-16.567434,-20.7677,1
-6.488923,-23.210432,1
-12.022756,-81.093834,0
-18.732319,-91.48986,0
25.26836,-63.13071,0
26.815361,-61.609406,0
-43.77389,14.485543,0
3.345951,1.0973674,0
108.94186,11.915101,1
54.89291,23.13763,0
-27.72024,19.587214,1
24.790115,60.3022,1
53.69772,-45.434383,0
-30.751335,32.579697,0
-18.037905,-89.98812,0
-4.3864956,-76.577354,0
15.805621,-68.05247,0
86.55885,-14.062087,0
-1.1289197,0.31029707,0
-80.70828,-14.037116,0
16.354536,-67.88075,0
-45.757904,10.125611,0
37.164062,-54.590294,0
-0.99016863,62.750576,0
-27.569235,36.094078,0
56.40131,-44.4507,0
-5.298764,-53.45215,0
61.01473,-45.39666,0
23.466354,91.094315,1
74.26446,28.299353,0
28.1028,58.41551,1
-45.54252,11.878144,0
67.32407,26.619112,0
-27.561869,36.070004,0
37.201065,44.067913,1
-1.1788735,0.26832065,0
-87.021126,-15.405127,0
8.174904,-67.893295,0
-30.069124,33.250828,0
-17.793016,-89.73324,0
-18.280834,-90.76279,0
23.560858,88.05713,1
61.068733,-45.394543,0
-30.812202,-12.8755455,1
18.283205,81.86935,0
-80.71379,-14.05933,0
-12.781544,-82.15119,0
-27.561556,36.03096,0
-79.439445,-13.6934395,0
-4.5871687,-57.96729,0
7.239897,3.0555735,0
48.214397,19.625149,0
-4.292636,-75.93092,0
-78.99379,-13.614439,0
2.1038263,0.53619105,0
-86.98367,-15.210697,0
23.670378,-64.36702,0
-12.133947,-81.361015,0
-18.571756,-91.678635,0
-1.259745,0.18348068,0
2.5585876,0.67579865,0
-16.66747,51.18458,0
-18.194433,49.121853,0
95.69335,-25.057251,0
80.603584,-7.2336345,0
20.92916,8.348891,0
17.131416,81.12522,0
-22.01889,22.893421,0
-69.95788,-10.933366,0
-29.723368,33.62813,0
-60.69338,-6.6632166,0
49.913517,20.2561,0
41.80084,-55.506653,0
36.269176,40.765335,0
-72.07527,-11.876047,0
94.52393,-20.823542,0
38.71753,-55.753727,0
29.600592,16.01045,0
-4.3592854,-76.949776,0
18.065727,81.666985,0
9.622114,69.85931,0
-30.372087,32.862904,0
49.58744,69.77278,0
43.967182,-44.602028,1
52.190483,-45.9269,0
41.88642,-55.58599,0
80.18083,-6.3245645,0
65.4619,25.24126,0
-23.440794,40.15779,0
23.772602,88.8473,1
18.126259,3.894122,0
51.777763,-45.990902,0
1.9164168,63.25284,0
37.370216,-54.69996,0
24.436932,-64.15006,0
23.14963,-65.35431,0
17.541859,-67.557915,0
61.097633,-45.58562,0
23.589273,90.46941,1
23.880312,-64.7582,0
-22.45749,-24.054245,1
57.034977,-44.504986,0
28.746584,16.111374,0
-76.67831,-13.398786,0
17.256126,-67.606285,0
16.074217,-68.08347,0
8.995653,3.9114478,0
-86.91979,-15.622405,0
73.04125,26.720947,0
-7.935028,-22.974358,1
-16.392694,-88.83902,0
0.9661811,0.28163046,0
2.361696,63.39387,0
37.15414,-54.76163,0
74.15462,0.29680154,1
62.206814,-45.942047,0
-61.505882,-7.0745406,0
-19.578062,-24.864609,1
6.916795,2.7330627,0
-28.865307,-15.822211,1
-25.031368,39.192684,0
6.103148,2.3074906,0
15.591385,-68.22314,0
48.30808,19.567202,0
-75.586624,-13.099317,0
-37.995926,12.712931,0
51.811302,76.315186,1
-74.53328,-12.792812,0
-16.175566,-87.84888,0
-71.71488,-11.879934,0
24.483427,-64.25479,0
-17.087719,49.684895,0
20.36631,82.95994,0
-18.538427,45.422596,0
-80.24446,-14.199437,0
18.858236,-67.56187,0
-12.96306,-82.78616,0
-27.896755,35.247566,0
61.899174,-45.89269,0
28.786844,16.026003,0
-61.134495,-7.0866446,0
-76.202576,-13.275214,0
-16.203453,-88.900154,0
-4.1512465,-76.05751,0
78.835236,29.773968,1
7.6754,-75.26168,0
-78.103905,-13.75252,0
18.91205,-45.52192,0
9.665583,69.81909,0
39.092495,-55.47235,0
-17.398735,49.53902,0
13.195621,7.1806087,0
29.122824,48.2156,1
-27.19977,36.13086,0
-73.378265,-12.793761,0
-0.77276343,62.593975,0
-86.5597,-15.603449,0
14.489605,73.50869,0
-22.76271,40.225136,0
80.5808,-6.891216,0
-18.31408,-90.93003,0
-39.687607,-0.038615122,0
-23.11703,40.035355,0
-7.5688677,-22.380424,1
-30.219416,32.802406,0
-27.836704,35.18257,0
-4.2478395,-77.05595,0
74.64954,28.365273,0
-19.179197,44.43608,0
-43.327705,13.7397175,0
95.43201,-27.213776,0
-16.345022,51.025333,0
-24.169437,38.92759,0
74.81808,28.499008,0
61.90592,-45.98337,0
-18.863394,-14.052663,1
75.57147,28.93966,1
-76.847,-13.539177,0
-26.190508,20.522688,1
-44.44855,-4.4256196,0
36.210316,42.045498,1
83.67419,31.782629,1
50.96458,20.617704,0
2.2659392,63.23781,0
-38.06556,12.009131,0
-18.390333,-91.41352,0
23.98087,-65.006935,0
-4.2324915,-78.444016,0
17.211777,-67.88209,0
14.002883,72.804855,0
-72.573,-12.510353,0
-16.408749,49.92986,0
-27.269041,35.801533,0
-4.2804275,-78.26062,0
53.539337,-46.022636,0
22.83988,-66.411354,0
50.111866,20.229837,0
40.269917,-55.936558,0
28.31987,15.863429,0
18.02275,-67.60197,0
-27.675188,19.63038,1
-4.1493793,-76.81076,0
108.7922,0.583966,1
64.67004,24.707878,0
2.5731568,0.5485927,0
25.263811,14.967823,0
39.4133,-56.07417,0
-44.31045,12.032392,0
36.65462,-60.214348,0
-28.819828,33.948044,0
-15.401807,50.532124,0
-85.69692,-15.258612,0
-79.9074,-14.288004,0
86.74681,-14.232215,0
-19.069475,44.39241,0
37.61996,-55.029583,0
40.631355,-55.896996,0
-0.64832985,62.54811,0
73.88306,1.1552243,1
-38.75965,11.909896,0
-43.93446,12.009153,0
48.543816,74.162544,1
70.48938,24.755478,0
-17.712685,-91.048,0
79.0702,29.929697,1
-86.30045,-15.60731,0
23.916298,88.183685,1
48.566742,73.730705,0
-72.661354,-12.76363,0
48.54461,74.463,1
-73.678314,-13.032962,0
-17.035307,49.29713,0
79.30683,30.321688,1
-29.739424,33.10282,0
-69.53764,-11.013751,0
73.9329,1.010155,1
-18.532139,-12.586009,0
62.518753,-46.26933,0
-77.44728,-13.821916,0
1.5094479,0.098861255,0
-44.552624,11.823215,0
-24.518045,24.157377,0
-13.355903,-83.80053,0
14.523334,73.434746,0
-18.20417,45.289616,0
-30.463764,32.44411,0
-4.389843,-78.56116,0
36.19178,40.56492,0
14.449747,73.14957,0
92.62406,-4.191628,1
-19.559221,43.385574,0
22.918295,-66.50764,0
60.059605,-46.17239,0
96.77345,-30.29395,1
-21.328335,-25.694088,1
-60.611244,-7.390523,0
26.092514,-63.988213,0
-37.633274,12.13805,0
-18.379868,-91.83636,0
41.643463,-55.955738,0
49.39678,19.754602,0
19.969986,82.55429,0
-42.87174,12.321712,0
-3.691611,-77.13232,0
-79.33436,-14.397098,0
-18.260544,-91.70963,0
4.472169,65.09161,0
-20.397863,-15.611593,1
-76.778336,-13.888219,0
-64.62889,-13.439175,0
-78.030106,-14.221575,0
73.89416,1.1999861,1
-4.19145,-77.79254,0
-45.23358,10.75389,0
-27.669168,19.484001,1
-79.315636,-14.456707,0
-36.359142,-12.613339,1
18.72997,-67.86658,0
-73.15056,-13.061926,0
28.558018,15.773832,0
49.090687,71.31359,0
64.695435,24.61357,0
-42.916084,12.241011,0
18.991182,81.43304,0
18.783758,-67.90614,0
-42.390755,12.69873,0
46.04832,-45.49108,0
22.356989,9.121745,0
-29.676182,32.92963,0
53.70359,21.207897,0
-39.638126,-0.12954126,0
48.540462,67.19316,0
49.58951,19.814732,0
57.500164,-46.782814,0
7.218391,-58.88299,0
-0.849195,-54.72379,1
24.782173,59.769108,1
53.812374,21.252016,0
95.74357,-26.402056,0
78.64098,29.412016,1
-17.571777,-91.38416,0
-63.86992,-13.292313,0
22.016642,57.69382,1
8.93943,3.7669911,0
-13.909928,-84.74984,0
-16.04116,-89.52338,0
25.952173,-64.68372,0
17.976254,-67.412346,0
-37.610096,11.867148,0
24.643417,-65.22637,0
-20.446005,40.9322,0
23.160763,9.940377,0
19.015156,4.8690066,0
25.917696,-64.503235,0
-85.27247,-16.599342,0
-20.455414,40.933712,0
-37.57079,11.928681,0
-15.738266,49.598606,0
53.719967,21.176476,0
54.031624,21.352655,0
-15.898574,-89.440445,0
48.37206,19.353144,0
7.646506,-75.66561,0
-71.57897,-12.918271,0
79.1418,-5.253112,1
42.18729,-56.334435,0
-4.0356154,-77.638115,0
65.20151,24.683842,0
61.982807,-46.390205,0
-4.897648,-53.912556,0
-19.465292,43.032673,0
-19.44704,43.123623,0
54.821487,-46.630432,0
-37.578274,11.819583,0
25.197992,-65.08534,0
-45.82647,11.161222,0
62.381588,-46.554295,0
73.59075,26.507109,0
29.860386,15.588458,0
-16.102928,-89.895775,0
-61.01248,-7.598748,0
3.2844017,0.8676073,0
9.812094,68.90558,0
1.9847673,0.10167422,0
63.18964,-47.066986,0
59.519306,-46.56527,0
53.736263,21.142193,0
22.007349,-67.41625,0
52.015915,76.695946,1
-37.560837,0.34747574,0
20.291037,6.7327952,0
-44.466557,11.069717,0
61.55405,-46.331867,0
20.76537,7.642321,0
23.741415,-65.66179,0
-82.93417,-12.783526,0
47.90983,65.43733,0
48.401413,19.344885,0
108.56513,0.8091333,1
-35.98378,-11.954046,1
63.01596,-46.967266,0
108.49163,0.8944519,1
-7.2797003,-86.45789,0
-86.64374,-16.2441,0
40.312878,-56.4662,0
4.741427,64.15563,0
-10.206565,-22.758993,1
79.61489,30.489351,1
25.034367,-65.12252,0
-0.92970204,-0.04715843,0
-64.34981,-13.641135,0
20.785734,82.627304,0
-77.71187,-14.974412,0
-37.7928,11.962425,0
39.081177,-56.15655,0
-37.845234,11.7541065,0
-39.640762,-0.18219848,0
53.064087,-46.82365,0
60.441856,-46.372307,0
-77.38797,-14.333919,0
24.005224,-65.71549,0
53.80015,-46.93488,0
60.435177,-46.40699,0
-37.334393,12.556006,0
40.093662,-56.626347,0
-17.017925,-91.0255,0
7.9475203,-75.62182,0
-29.991701,32.60112,0
-73.610596,-13.365802,0
30.288809,15.460285,0
78.18893,-2.8226726,0
-42.702656,12.330162,0
74.14202,26.852737,0
52.551926,-46.67885,0
-86.4987,-16.28978,0
-26.108824,35.23209,0
-16.388372,46.656918,0
7.6777925,-75.78578,0
42.456764,-56.60536,0
16.3144,-68.763245,0
6.9254136,2.3774364,0
-17.810396,45.19026,0
24.613544,-65.36506,0
7.088993,2.4700627,0
85.9817,-12.750947,0
-18.728447,44.112133,0
23.404194,9.959955,0
-20.28204,40.865772,0
-38.58965,11.6291485,0
-3.9074485,-77.41361,0
-43.539062,-3.9055321,0
20.439438,6.882158,0
14.988333,7.075814,0
7.975459,-75.649994,0
-74.50706,-13.676743,0
-22.168726,39.670002,0
-83.59413,-16.09357,0
57.55307,-47.103996,0
-17.275372,-91.34788,0
-17.375803,45.5397,0
87.68403,-4.793081,1
-77.35753,-14.533532,0
70.356674,24.238577,0
9.966332,68.389114,0
23.77972,10.401251,0
18.212202,-67.42684,0
-84.04544,-16.71656,0
3.2490008,0.7617405,0
90.26575,-6.1058383,1
22.90059,-67.05202,0
95.97042,-25.663918,0
-1.9777458,-56.381752,0
-15.824378,-89.93138,0
-42.44927,12.18125,0
-2.3057873,-56.716263,0
79.83624,30.64784,1
63.047363,-47.16239,0
18.235538,3.6310978,0
-59.946457,-7.8515844,0
60.94726,-46.480034,0
25.014894,89.16157,1
-78.7152,-15.078002,0
-38.574818,11.576307,0
21.15271,82.676186,0
14.483984,6.174097,0
74.00635,26.59591,0
-21.75046,22.089912,0
54.646828,-46.997253,0
63.232597,-47.25396,0
-72.98391,-13.524179,0
75.14451,-0.2994573,0
49.780987,19.759533,0
-60.31735,-7.8225846,0
-17.885687,-92.07144,0
-36.039127,11.9494505,0
-60.280636,-7.821136,0
-79.84764,-15.563208,0
-18.02504,-92.05034,0
-85.636536,-16.814354,0
-84.93696,-16.903069,0
53.519775,20.906013,0
89.28574,-5.2359834,1
-42.482853,11.307903,0
-81.95464,-16.656088,0
22.26697,8.736184,0
65.22783,24.505167,0
-72.50409,-13.475558,0
26.380045,-64.76788,0
-15.9292145,-32.505558,1
80.56646,-6.6521177,0
8.036356,-75.73999,0
7.058321,-58.726795,0
21.033699,7.6538777,0
8.00992,-60.050747,0
106.71697,11.169797,1
-15.246329,-89.39835,0
-17.88069,-91.951195,0
5.1412187,64.07067,0
-78.18763,-14.889778,0
-5.090306,-85.48305,0
-60.076145,-7.88926,0
8.570746,3.392764,0
-29.290913,32.692497,0
2.0058053,-0.109939545,0
43.980434,-44.78372,0
63.819477,24.028086,0
58.53678,-47.160366,0
16.809063,-69.07768,0
57.52432,-47.2667,0
-82.8437,-12.9065075,0
-3.4344375,-84.17444,0
-36.332397,12.119492,0
-3.7444742,-78.391884,0
26.868828,49.91224,1
64.095924,24.111898,0
-42.14059,12.596785,0
-68.958176,-15.373085,0
-15.815151,-90.1766,0
-44.236515,10.847433,0
18.692421,4.204858,0
59.33875,-46.931736,0
-15.649535,-89.97805,0
-60.05645,-7.921253,0
22.668743,-67.60615,0
43.65902,-44.38086,0
-63.65591,-13.869238,0
-24.311346,35.64013,0
7.7177615,-75.9448,0
-37.271603,12.927272,0
-21.264015,-25.765493,1
62.551693,-47.04044,0
-16.86549,45.428436,0
54.324574,-47.353436,0
-44.292564,10.774471,0
74.04106,1.21377,1
-21.700611,22.10888,0
-68.990234,-15.415749,0
40.162926,-57.0702,0
-36.269814,11.852345,0
14.793096,72.951584,0
-64.92008,-14.333495,0
20.838675,-47.364887,0
-19.17422,42.549465,0
-76.80825,-15.079644,0
-24.014189,35.92527,0
29.079727,15.439046,0
-20.48969,-15.815577,1
-15.937737,-90.54245,0
9.8475685,-74.95934,0
15.30084,73.67631,0
64.29779,24.1183,0
-23.687258,24.849154,0
33.872265,49.515892,1
-24.962423,35.003174,0
-71.83077,-13.925783,0
7.3475904,-76.23712,0
-7.2685156,-87.53817,0
73.170296,25.956566,0
14.941448,73.15523,0
-16.110172,46.09928,0
50.17296,19.9191,0
-76.78123,-14.524817,0
80.46518,-6.3209004,0
-45.632626,9.550165,0
-15.829121,46.44502,0
19.740921,-47.5991,0
22.331333,-67.93955,0
-81.898056,-16.842993,0
-5.907126,-86.78867,0
26.257677,-65.76249,0
-6.229105,-86.04408,0
-16.559248,-91.240524,0
65.4527,24.486483,0
65.891106,24.633356,0
-19.978025,40.732044,0
23.158997,9.487681,0
-19.969126,40.724533,0
-21.816456,39.50435,0
-64.46953,-14.221464,0
-36.19109,11.788935,0
-5.1528926,-86.30906,0
49.10777,19.188,0
38.36792,-61.393192,0
3.68409,63.19652,0
14.612403,72.72615,0
-43.26629,10.608842,0
64.62331,24.134096,0
26.7111,-66.36054,0
26.205399,59.355103,1
4.7036057,-1.542004,0
-24.092012,35.6018,0
35.8404,43.64926,1
-23.42696,36.33786,0
-64.18673,-15.857724,0
-59.86577,-8.033276,0
13.006873,6.929663,0
-39.99373,-1.9284662,0
60.156986,-47.142372,0
54.035694,-47.65836,0
-62.772076,-13.740898,0
-38.25875,-0.20282786,0
94.9821,-20.726892,0
30.46087,15.243715,0
23.716238,10.091902,0
-37.430794,11.31301,0
-15.579002,-90.157814,0
-59.975887,-8.038365,0
8.596668,-75.722435,0
62.190014,-47.155117,0
85.14717,33.478252,1
-24.086853,24.455906,0
-59.854767,-8.05312,0
-16.204876,45.980534,0
65.673935,24.522991,0
8.690708,-75.74751,0
-4.4684086,-58.87099,0
-35.557365,12.212845,0
21.524363,82.63389,0
-21.625137,39.234577,0
94.93202,-20.559748,0
1.73797,-0.50277513,0
37.97868,-61.63223,0
-86.28971,-16.900301,0
74.611305,26.818693,0
-3.4787984,-78.334526,0
7.3799644,-76.32206,0
-6.0093217,-83.766556,0
-79.4582,-16.180267,0
-45.34183,9.802943,0
7.4894743,2.4513836,0
57.481087,-47.593735,0
40.249947,-57.48505,0
-4.749471,-85.29133,0
-41.62465,12.895265,0
73.94165,26.256025,0
19.535,78.20863,0
7.9285784,2.7676206,0
13.849651,5.534735,1
9.020844,-75.64496,0
-14.514985,48.750095,0
-19.790676,40.609455,0
-72.22998,-15.499772,0
61.834934,22.321955,0
18.88896,-66.275536,0
42.720753,-57.32927,0
24.70764,88.07313,1
-64.98426,-14.586554,0
-14.2830305,48.84607,0
-26.226543,32.70166,0
-80.639854,-16.840475,0
5.962752,-60.70863,0
3.0473025,62.572952,0
73.59891,26.036192,0
-65.42983,-14.845274,0
65.26985,24.26032,0
-14.944225,47.398224,0
-86.26793,-17.042603,0
-18.409937,-12.605253,1
-25.483498,33.112045,0
63.14541,-47.61888,0
48.329277,74.2555,1
-62.37083,-13.720534,0
-33.369072,-9.652878,1
15.06295,73.02159,0
3.636671,63.019096,0
-3.3731627,-84.74556,0
-43.85557,-4.220443,0
51.665226,20.36796,0
-14.281355,48.853218,0
19.850855,-70.10827,0
43.974354,-44.833736,1
-62.988808,-14.096538,0
20.178638,80.12614,0
18.346188,-70.3848,0
76.57443,-1.4890882,1
19.559217,-45.796993,0
-21.574846,21.741117,0
-7.6919446,-22.317942,1
-8.147433,-9.923315,1
10.236096,68.20409,0
-26.500853,-19.150105,1
10.140859,66.51769,0
53.910515,-47.595116,0
6.5610127,-77.012825,0
18.05103,3.10965,0
-24.602142,34.913303,0
7.3987083,-76.40533,0
7.348945,-76.47672,0
24.276232,86.806114,1
-79.1004,-16.30332,0
18.13108,3.1818047,0
18.043669,-70.40052,0
-23.211575,36.277164,0
24.151428,57.411713,1
59.17108,-47.310944,0
-26.665915,-18.875135,1
-26.32132,32.483383,0
-35.5726,11.679097,0
18.131823,3.1540933,0
25.706617,88.935745,1
-26.416811,32.309547,0
-0.2521558,-54.59502,0
-7.015751,-87.83126,0
-19.147322,41.05214,0
-72.60325,-15.496333,0
27.28058,-66.600395,0
73.615295,25.939367,0
-22.88334,36.443485,0
-5.3297567,-86.66268,0
-14.510255,47.715824,0
-21.715694,-24.018892,1
-5.9537387,-85.816376,0
42.61175,-57.567352,0
36.028194,40.76042,0
48.73789,18.98808,0
-5.661059,-86.95679,0
-15.536931,-90.55629,0
3.8163018,63.11247,0
20.183205,79.88161,0
-5.1239896,-86.161385,0
63.635834,-48.280094,0
85.39596,33.544697,1
62.062912,22.393784,0
-68.81038,-15.866558,0
30.507948,15.16089,0
-33.25044,-11.10335,0
-15.236739,-90.09655,0
55.690876,-48.302277,0
-36.215275,11.301122,0
-68.73246,-15.869239,0
-0.024875633,-54.52996,0
37.997227,-61.740795,0
-76.538605,-15.905884,0
54.696213,-47.93393,0
-27.493937,19.677883,1
26.216688,89.216736,1
-16.978516,44.406464,0
-24.855482,34.364254,0
9.416476,-75.81254,0
30.519709,15.1715975,0
79.498085,29.273005,1
24.81848,60.169357,1
43.986614,-44.868732,0
18.997993,-47.8358,0
6.960118,-58.980095,0
23.71529,-67.94754,0
-81.130844,-17.223003,0
-42.555473,10.3013315,0
-68.33861,-15.8564005,0
-79.54128,-16.837305,0
-3.0505738,-84.714226,0
5.890275,-77.44158,0
1.0751036,61.625767,0
70.59769,23.872385,0
75.905334,-0.574391,0
96.94903,-29.313337,1
-15.797627,-91.21614,0
-0.7286599,-54.846107,0
75.16614,0.12893334,0
-14.498642,47.672203,0
61.45568,22.064999,0
56.162983,-48.350132,0
-78.68129,-16.201885,0
-69.198,-16.070868,0
-84.67507,-18.165514,0
63.336647,-47.822014,0
13.207405,4.932436,1
-24.67174,34.407745,0
-14.467043,47.65902,0
-42.51429,10.262344,0
23.788374,-67.900894,0
-85.511,-17.895468,0
-63.643085,-14.577792,0
28.787024,-66.570114,0
-0.08336446,-54.542603,1
9.737164,-75.77659,0
-45.43061,9.602865,0
-6.939581,-22.656176,1
-3.2437623,-78.87881,0
40.46579,-58.384373,0
-75.87447,-14.927721,0
27.875565,61.485367,1
-5.056238,-86.232,0
59.065166,-47.576527,0
42.653698,-57.71612,0
42.669853,-57.74055,0
-37.828804,9.445509,0
62.513737,22.324146,0
94.73555,-16.862087,0
0.12543161,61.866585,0
42.67594,-57.759323,0
-14.829944,-89.95807,0
27.18435,-66.95747,0
-24.337814,23.796246,0
-59.82254,-8.310057,0
96.83889,-28.49,0
-23.641142,24.783941,0
-21.608898,21.897581,0
20.508549,5.987683,0
-35.78077,11.702123,0
29.364368,-66.50972,0
-36.353733,10.843416,0
-41.439922,-3.065516,0
-42.19042,10.214171,0
-26.160265,32.334538,0
63.345596,-47.89491,0
-16.389814,44.699352,0
79.539894,29.164715,1
80.51748,-6.0808663,0
-6.0397234,-87.38262,0
21.429962,81.750046,0
-13.896736,48.8597,0
38.08438,-62.370842,0
30.423138,14.830969,0
65.11506,23.925499,0
19.582344,-47.560123,0
-67.670135,-15.852231,0
23.105644,-68.38024,0
-62.743755,-14.487135,0
-76.5738,-15.828458,0
62.808933,-48.123325,0
42.866684,-57.716873,0
73.473854,25.72334,0
-44.34208,-5.158288,1
-79.20641,-16.77689,0
-79.59412,-16.928997,0
26.166447,58.029293,1
74.25123,26.0694,0
79.887405,-4.573911,0
10.519933,68.078964,0
-17.044271,-92.54774,0
6.256561,-77.34437,0
-14.618592,47.11581,0
-24.412853,34.575954,0
70.179054,23.492462,0
-68.23815,-16.00826,0
-84.57737,-18.51852,0
30.26033,14.90784,0
26.49833,-67.48946,0
8.125425,-67.961205,0
-2.0558126,-84.52613,0
-14.334684,47.249115,0
-42.394688,10.149171,0
6.987288,-76.9822,0
1.7378252,-1.1435646,0
23.4066,-68.38496,0
24.500608,86.79676,1
19.081537,-70.873795,0
-24.052658,34.85435,0
-22.669676,36.483986,0
35.95786,40.889946,0
22.962177,8.771244,0
80.347084,-5.6298013,0
-39.3296,-0.27042943,0
-5.8172717,-86.02625,0
43.54864,-44.492043,0
38.002018,-62.158974,0
-17.36277,-28.060179,1
-22.639656,36.492672,0
6.858496,1.7093486,0
-63.851803,-15.515631,0
-41.696495,10.0664625,0
-80.10645,-17.277958,0
-8.656679,-22.492468,1
41.75058,-58.490635,0
-19.892101,-24.648623,1
-13.803907,48.797794,0
-22.061298,-19.622347,1
-66.20507,-15.668016,0
63.709507,-48.399906,0
-14.813046,46.000034,0
6.6068993,-77.201164,0
-36.465942,10.1491375,0
28.463732,12.452895,0
48.085117,67.30468,0
20.293015,-70.51909,0
39.156086,-61.664257,0
13.002624,4.782398,1
-19.18336,39.815777,0
-26.320469,31.915987,0
42.147755,-58.36275,0
-80.56312,-17.504097,0
26.274096,58.984947,1
78.65695,-2.69408,0
37.62254,-61.82893,0
-43.82515,-3.3964872,0
-18.858023,40.625008,0
-18.844376,40.630756,0
25.19835,87.99984,1
-6.991454,-88.60166,0
39.125927,-61.69277,0
23.822712,-68.35355,0
56.257698,-48.78215,0
-15.6347065,-91.907234,0
21.742825,82.157814,0
63.072315,-48.299862,0
-9.594169,-22.527683,1
-25.073544,33.07108,0
-36.399162,9.984358,0
49.1877,18.730206,0
-72.05393,-16.162037,0
23.49622,9.300907,0
-32.61366,11.542507,0
57.7251,-48.730186,0
-35.061825,11.484523,0
20.207237,78.83138,0
-35.811085,10.83934,0
-14.648212,45.892963,0
11.515352,-75.37579,0
0.362049,-54.47224,0
70.17419,23.4284,0
27.00877,-67.55081,0
27.85769,-67.15802,0
20.218277,5.032884,0
-84.09271,-19.168354,0
6.8154597,-58.38722,0
-65.15277,-15.327467,0
-51.85021,-13.751073,0
-26.331429,31.581285,0
27.126204,-67.42464,0
25.406828,88.11989,1
-17.758438,41.647545,0
20.872149,6.320365,0
-5.78378,-86.11389,0
-42.371002,10.048291,0
75.54369,-0.10025298,0
29.386341,-66.71059,0
25.847034,88.48156,1
-18.284502,41.143875,0
23.18043,-68.65859,0
39.24831,-61.741898,0
-4.1824384,-59.11452,0
-6.3355527,-86.961006,0
-62.056717,-14.761978,0
19.8401,77.97716,0
21.535835,81.32524,0
-6.4098372,-88.04504,0
62.80976,-48.432766,0
-63.325188,-14.973551,0
-2.1946344,-85.105804,0
55.31362,19.872105,0
-2.0958283,-56.880478,0
37.914204,-62.787495,0
9.927257,-76.66896,0
19.488194,-71.21228,0
19.916605,-70.936905,0
76.97342,-0.90305334,0
-39.391,1.2867342,0
-4.545721,-86.70243,0
-41.638176,9.9836235,0
-61.305515,-14.235287,0
63.292942,-48.63961,0
-17.110434,-28.382874,1
18.783844,-71.311646,0
33.64785,49.629494,1
30.434368,14.811742,0
20.212757,-47.661297,0
62.243763,21.828856,0
-64.25503,-20.313292,0
-81.01284,-17.794924,0
-65.6105,-15.681941,0
15.267337,72.43822,0
-80.557465,-17.769735,0
-7.4474473,-89.19987,0
-37.95804,9.079432,0
20.537693,79.60153,0
23.87197,58.660248,1
15.08231,72.26826,0
17.977179,-71.18199,0
6.263865,-77.49848,0
23.580544,-68.47757,0
-83.7281,-19.069483,0
1.8723054,-1.1955189,0
30.442312,14.795333,0
10.468118,66.42356,0
15.196891,72.34625,0
43.866028,-44.772133,0
30.519592,50.379673,1
42.81475,-58.13565,0
4.8720927,-1.4720612,0
55.55584,-48.83141,0
3.6974175,60.642605,0
-62.81032,-14.998464,0
79.38235,28.354713,1
58.64449,-48.770115,0
-26.097696,31.71873,0
56.304897,-49.024467,0
20.386679,-46.996914,0
95.32723,-17.878166,0
-62.24853,-15.001309,0
-79.25625,-17.406422,0
-38.540047,-0.5356749,0
41.81005,-58.99415,0
39.3428,-61.838993,0
-17.952969,41.168686,0
22.187231,7.657515,0
47.950382,72.96625,0
70.32587,23.38604,0
7.5468407,-77.1871,0
7.6132836,1.9450257,0
6.926164,-58.982273,0
-13.859059,47.353138,0
-11.942385,-22.801023,1
54.487526,20.14305,0
74.652855,25.820595,0
-19.0683,37.08715,0
29.433046,-66.82498,0
78.22902,-2.06297,0
-65.68337,-16.656967,0
-17.675785,-26.450302,1
10.4301605,66.25174,0
5.8370237,-60.53904,0
19.538904,-71.4042,0
-2.4080002,-85.45483,0
24.869183,59.676075,1
55.5904,-48.946198,0
26.410393,58.438423,1
37.96553,-62.856983,0
-51.291748,-13.679143,0
-4.1341047,-59.394955,0
-32.059616,11.539047,0
47.766018,66.69588,0
47.45312,65.56109,0
19.622807,-45.731567,0
2.4950602,-0.47034818,0
-28.406347,-16.848305,1
96.517,-25.002615,0
24.430288,85.84845,1
-36.80428,9.086332,0
-26.917229,-18.601639,1
9.8998,-77.01908,0
15.253677,72.25746,0
-22.036858,-19.594545,1
-36.7941,9.075097,0
-31.943356,11.594479,0
-16.11638,-32.509823,0
-23.147161,34.681046,0
2.2010152,-0.76064336,0
24.25315,9.945307,0
10.216424,-76.92857,0
-21.614553,23.006971,0
-69.71206,-17.88531,0
5.748159,-60.48786,0
43.060402,-58.155827,0
73.798706,25.55726,0
-71.31942,-18.935593,0
-60.806183,-14.183572,0
-81.35946,-18.884333,0
20.791845,-47.219154,0
-6.6408677,-88.561646,0
-25.82561,31.86241,0
-66.29019,-16.970135,0
-11.4582,-97.646805,0
10.71111,-76.62236,0
41.463787,-59.534332,0
-4.6208878,-87.27722,0
-68.13151,-16.536951,0
27.271845,-67.92986,0
-36.74735,9.039794,0
-84.05427,-19.464233,0
-69.11439,-17.342842,0
-26.013277,31.665197,0
54.55351,-49.356663,0
-14.299927,45.11754,0
54.193165,19.89028,0
84.57605,-12.173461,0
-26.999447,-18.504116,1
-65.561905,-15.8788805,0
-10.890846,-95.750595,0
-11.474857,-97.75471,0
-10.710892,-95.26976,0
27.980103,-67.57849,0
-15.889006,43.777534,0
62.16896,-49.786617,0
-14.569039,44.53996,0
-84.93367,-20.670813,0
-40.052288,-2.6359396,0
29.033417,12.637272,0
105.041275,10.134959,1
18.036741,-48.9318,0
-50.53664,-13.372317,0
28.050571,-67.59836,0
-71.01723,-18.149578,0
-23.796797,32.47992,0
-84.24375,-19.66207,0
-7.229405,-89.73538,0
19.955542,-48.084633,0
-36.694977,8.991632,0
-62.70166,-15.228501,0
49.09741,18.399748,0
95.05815,-16.517992,0
-3.649013,-86.71502,0
77.672676,25.26263,0
76.24201,-1.2224196,1
-84.28897,-19.571629,0
39.538174,-61.99026,0
-0.6535283,-84.64347,0
22.102499,7.3562784,0
-69.56167,-17.896948,0
20.720821,79.47441,0
22.28547,7.527527,0
89.36831,-5.838052,1
1.8142513,-3.96279,0
70.683304,23.408289,0
11.141254,-76.695724,0
22.85879,8.105113,0
-18.859985,38.238285,0
28.434746,12.04606,0
40.17937,-61.387405,0
-29.339853,-15.479903,1
-5.0329347,-87.839325,0
-21.345194,-18.493124,1
39.82323,-61.72474,0
7.632018,-77.59655,0
56.681274,-49.431328,0
21.873152,81.219795,0
-18.658098,39.257603,0
-66.06594,-16.020761,0
-85.100494,-21.17675,0
96.54146,-25.244291,0
1.8620636,-1.7083651,0
-31.504286,11.690684,0
43.286636,-58.161873,0
-17.040104,-28.32833,1
-63.228542,-15.453659,0
89.10967,-5.8172493,1
-1.9595418,-85.526855,0
22.314892,7.506201,0
-37.02677,8.826662,0
-21.233137,21.011612,0
-35.927246,9.246668,0
-6.8347435,-88.878654,0
-34.06826,10.433602,0
-14.289126,44.725677,0
64.614555,22.759617,0
79.605,28.423685,1
42.937088,-58.431026,0
75.18391,24.904257,0
69.917274,22.990986,0
27.911469,-67.89947,0
43.12932,-58.26776,0
29.21008,12.767545,0
19.32052,-71.687965,0
23.076488,8.256786,0
20.523048,4.928898,0
29.211739,12.763555,0
-4.011039,-87.0451,0
29.19805,-67.2975,0
-51.166145,-13.920029,0
61.84302,-50.163433,0
3.1563,-84.10943,0
97.27087,-29.370102,1
-84.20968,-19.836878,0
10.953308,-76.959694,0
-14.104167,44.95933,0
3.9395177,62.30006,0
20.123552,-47.20066,0
-51.725975,-14.143535,0
-78.80487,-18.466084,0
40.224236,-61.424957,0
-13.963426,45.281696,0
2.3057947,-2.3213775,0
-1.5864089,-56.552856,0
27.656225,-68.02524,0
63.493523,-49.203533,0
62.57979,-49.63226,0
-62.490753,-15.407299,0
-12.016941,45.85263,0
97.45069,-29.889223,1
-39.824085,-2.2905924,0
35.59215,43.605194,1
-3.401843,-86.7031,0
-30.890432,11.926803,0
-7.595945,-22.033976,1
-1.5551581,-56.329624,1
92.937004,-4.756227,1
18.280672,2.2534835,0
57.40172,-49.51429,0
16.747602,72.6225,0
-68.80649,-17.491632,0
31.740723,49.980663,1
19.950396,-71.81678,0
-6.311724,-88.403755,0
15.542744,72.10482,0
21.919037,81.342545,0
-14.182476,44.650673,0
56.78283,-49.533783,0
-22.673857,34.18508,0
-32.504932,10.992089,0
-35.36537,9.338138,0
-64.919205,-16.103655,0
-4.884026,-87.340645,0
76.63611,24.993296,0
-22.467161,34.71357,0
-1.6849989,-85.590256,0
-10.522891,-95.530846,0
-24.699827,32.436935,0
29.930834,-66.897705,0
-81.45893,-19.578987,0
80.22794,-4.798487,0
-1.6715487,-85.58749,0
10.665205,66.23327,0
55.51745,19.446203,0
-10.813657,-96.71676,0
-70.14366,-18.615316,0
-69.64505,-18.278608,0
39.172985,-63.020206,0
104.093056,3.9141324,1
70.105034,22.910788,0
63.714745,-49.38565,0
-18.711147,36.865707,0
-35.744617,9.047998,0
-61.681786,-15.382664,0
-3.878983,-59.290062,0
72.15911,23.089993,1
-2.2722683,-86.17599,0
26.109432,88.046364,1
4.039735,60.492466,0
35.726585,41.426334,0
10.755223,-77.343475,0
-6.0751767,-83.61696,0
10.02656,-77.64069,0
19.705305,-71.80263,0
79.648224,28.29956,1
-36.053,8.860314,0
-44.770042,-8.3190775,0
-44.204807,-7.27295,1
4.1036882,-83.80685,0
61.40218,-50.207294,0
11.195429,-77.05404,0
-22.018908,-19.952387,1
24.52187,-69.9377,0
-21.460531,23.738592,0
-6.4658346,-89.59418,0
-32.42623,10.937882,0
-69.24274,-18.17943,0
40.40533,-61.57177,0
-10.09447,46.69249,0
23.858234,9.0623255,0
56.8015,-49.65013,0
-55.320786,-16.462036,0
28.970226,12.429936,0
29.122694,-67.45966,0
-51.44266,-14.195503,0
10.493092,-77.42465,0
85.33261,33.409378,1
11.211473,-77.187225,0
-48.980164,-13.060687,0
47.832897,74.81501,1
-1.9896193,-85.89437,0
29.258297,12.618598,0
56.96799,-49.765007,0
-9.750995,46.88987,0
26.291231,88.11346,1
-11.124636,-98.00471,0
20.244133,77.84381,0
20.949839,5.4504323,0
57.36595,-49.668823,0
26.641903,88.3302,1
-4.259239,-60.197884,0
18.598394,-72.46769,0
25.745953,-47.68733,0
-5.289323,-88.65569,0
-18.59998,38.245785,0
46.738533,64.96425,0
55.260235,-49.95831,0
-11.329392,45.91539,0
28.348259,-67.98656,0
10.416636,65.68971,0
27.627007,-68.4311,0
-3.1388485,-86.854294,0
-71.851204,-19.87291,0
-79.65322,-19.610588,0
27.953564,-68.20948,0
79.8066,28.394852,1
11.501568,-76.427,0
-79.93116,-19.742271,0
50.73745,16.673792,0
-19.560066,-14.537598,1
-10.57173,-96.3875,0
20.340683,-71.83101,0
-13.92232,44.492958,0
23.356642,8.277989,0
-44.451805,-7.8771033,0
2.010601,-3.9099684,0
19.73213,-72.071495,0
77.63181,24.974987,0
20.345175,-71.84358,0
-80.85156,-19.87909,0
-5.847131,-89.79421,0
20.372202,77.92199,0
39.908817,-62.556232,0
65.09095,22.613619,0
2.0288968,-3.7636847,0
-36.002182,-12.041251,0
95.54631,-20.36363,0
-68.71628,-18.173908,0
21.8613,80.80966,0
25.107557,86.46722,1
47.111588,65.342545,0
7.514653,1.1350793,0
-4.9569516,-88.31381,0
62.698772,21.420355,0
-9.978745,46.593964,0
-84.74856,-21.367224,0
-13.563957,44.716583,0
11.350379,66.88792,0
-16.88652,41.111668,0
27.260588,-68.825714,0
-50.503365,-14.0627,0
-12.248926,45.420296,0
20.639194,4.6853886,0
20.906652,78.989975,0
-61.519672,-15.60441,0
-18.988052,35.778976,0
-32.32369,10.769804,0
12.408344,-77.00998,0
-70.85249,-19.41145,0
25.171713,57.40659,1
30.830812,14.575631,0
20.534494,4.491177,0
-48.80333,-13.059727,0
-30.473827,12.067684,0
-16.044432,-32.024036,1
-10.376793,-96.098076,0
4.2225776,59.46972,0
-44.544918,-8.121053,0
63.210537,21.61973,0
-10.1383095,-95.614784,0
-35.655346,8.5285635,0
-23.53669,31.924438,0
-11.617659,45.637066,0
-23.297655,32.06648,0
-79.66963,-19.809652,0
2.0959637,-1.3318187,0
-5.120074,-89.047806,0
-18.593151,37.92991,0
-66.71116,-17.455912,0
29.500662,12.728847,0
19.771591,-72.143875,0
-79.90277,-19.935818,0
-80.53165,-19.93159,0
61.031807,-50.308372,0
89.17822,-8.801416,1
6.524932,-59.21857,0
47.082943,65.34124,0
39.242462,-63.575073,0
-19.819895,25.816544,0
-17.20406,40.327637,0
28.389072,-68.13237,0
-16.82976,41.054634,0
55.96353,19.212517,0
20.046625,-72.095535,0
-83.860115,-20.947962,0
-38.198376,-0.4702538,0
39.787666,-63.18351,0
11.59751,-76.59657,0
-23.786272,31.717604,0
30.057096,-68.94352,0
-8.500042,-11.351588,1
-9.900911,46.511658,0
12.956512,-76.88971,0
-44.723972,-8.281256,0
-10.181253,-95.87241,0
4.1291203,57.82171,0
23.561522,8.342055,0
19.083158,-72.30093,0
24.386806,61.753803,1
29.364134,48.293003,1
-22.841995,32.334656,0
14.692261,5.6905174,0
-31.003145,11.466354,0
29.500711,12.673181,0
47.79661,74.559875,1
42.893066,-59.489513,0
-1.952401,-86.44575,0
-55.565926,-16.704308,0
-73.172165,-20.593836,0
-71.27135,-19.788158,0
21.634546,79.94387,0
82.9881,26.252354,1
-84.81262,-21.757044,0
-23.222101,32.007317,0
42.308357,-60.204956,0
8.3306265,1.3421624,0
-1.6415882,-86.019,0
-9.756183,46.560326,0
-17.638275,37.114716,0
-1.96126,-86.527534,0
30.562881,13.881345,0
25.335407,61.053688,1
5.8182907,-60.36679,0
27.311779,-68.981674,0
24.961096,85.409874,1
-35.80703,-12.131881,1
58.99674,-50.227566,0
-23.185162,32.005074,0
30.950045,13.883159,0
4.298312,60.14339,0
-71.27236,-19.842825,0
13.02897,-76.979866,0
84.14902,33.00055,1
42.45424,-60.383747,0
-61.38518,-15.793807,0
70.60238,22.009525,0
64.48319,22.154484,0
4.353677,-84.133316,0
47.321907,66.15637,0
-49.896366,-14.133367,0
65.35287,22.435055,0
74.65134,1.4670568,1
-10.187644,46.20136,0
-49.91952,-14.194384,0
39.34477,-63.720074,0
-80.33137,-20.18662,0
-69.71286,-19.177647,0
11.62054,-77.5855,0
-69.06093,-19.345737,0
15.9830885,71.82867,0
-79.93293,-20.157166,0
11.6550255,-77.45242,0
-71.27233,-19.900017,0
21.697378,79.89217,0
84.075676,-11.5685625,0
-84.64991,-21.962305,0
10.216166,65.20861,0
-51.552803,-14.823883,0
62.14307,-51.37939,0
2.0590863,-1.5151733,0
62.071888,-50.761616,0
63.260826,21.585667,0
11.002596,-77.983505,0
-55.88242,-16.87282,0
-10.508353,-97.46931,0
56.973633,-50.14121,0
3.6702332,-84.627144,0
70.43854,22.84752,0
-61.59013,-15.940343,0
47.57421,75.341034,1
-72.840836,-20.750822,0
-21.995543,32.744514,0
57.320156,-49.98422,0
-72.76977,-20.637997,0
42.133373,-60.570908,0
13.477842,-76.90582,0
97.79569,-30.06374,1
21.511253,79.69709,0
11.692783,-77.62398,0
-49.660465,-13.785495,0
12.390426,67.309364,0
-54.83271,-16.67532,0
-80.019325,-20.199392,0
-50.216824,-14.244676,0
27.292223,-69.11402,0
55.989296,-50.24598,0
55.35027,-50.308094,0
50.7916,-59.249332,0
-64.417305,-16.77419,0
18.55285,1.8880944,0
2.043606,-4.4240947,0
62.497234,21.003445,0
-16.345175,-32.431324,1
-10.506242,45.902843,0
-44.681637,-8.257988,0
12.10598,-77.44376,0
-18.762648,35.452023,0
16.246042,71.82117,0
-64.36706,-20.513294,0
22.012573,80.60215,0
47.39097,66.6509,0
-9.60959,46.43251,0
-32.9405,8.538465,0
-36.29967,-12.508223,1
20.123014,-72.289055,0
-6.0832295,-83.59953,0
3.9557178,-84.404045,0
51.89563,76.80339,1
-10.634719,-98.11608,0
56.30212,-50.25725,0
2.0370836,-1.697193,0
-0.51475745,-54.98208,0
-31.108618,11.23484,0
50.519066,16.047266,0
22.161556,80.780495,0
5.57055,-83.87981,0
-82.43515,-22.120909,0
63.903507,-51.301205,0
-13.297182,44.387066,0
17.28315,72.45888,0
-22.691341,32.16651,0
-55.05687,-16.783682,0
-10.484955,45.86555,0
-61.442978,-16.037632,0
-64.675964,-16.87493,0
30.0217,-68.90319,0
-5.0439334,-90.50214,0
-63.86864,-16.7701,0
-72.7456,-20.704887,0
-10.288063,-97.86722,0
-51.09834,-14.802464,0
-30.11867,11.739875,0
3.7323713,-84.47519,0
3.742035,-84.714485,0
20.121517,-72.37558,0
-51.102707,-14.80691,0
-49.331734,-14.127989,0
47.471436,67.28156,0
28.516068,11.301484,0
-13.755376,43.90719,0
-23.602861,31.554424,0
47.727867,74.349335,1
4.9586496,-84.11064,0
40.235416,-63.75207,0
-33.80516,7.087593,0
3.7650366,-84.93394,0
10.745432,65.65084,0
11.83722,-77.77359,0
20.564842,3.9418738,0
97.450264,-28.978945,1
29.226034,-67.94716,0
-61.483295,-16.172411,0
-39.272038,1.8661236,0
27.45627,55.21751,1
-2.0052788,-87.70324,0
87.943375,-8.244756,1
-17.471441,36.630745,0
-49.66623,-14.26416,0
-10.794174,45.60629,0
-6.5588565,-93.75231,0
-80.256645,-20.686592,0
15.069754,6.211597,0
-14.205436,42.32809,0
29.459608,12.390129,0
11.574285,-78.0976,0
96.79596,-24.8455,0
-8.522998,-11.416662,0
-71.24313,-20.195713,0
40.339535,-63.86811,0
2.1426425,-4.3246403,0
77.58438,24.644835,0
9.919473,64.859856,0
-70.76743,-20.387413,0
25.482645,-71.49018,0
13.22485,-77.13393,0
-83.80755,-22.364332,0
25.48121,-71.524086,0
-72.80914,-20.902355,0
85.476364,33.450356,1
78.632225,-1.889216,0
84.24135,32.991295,0
-71.80156,-20.577423,0
11.617374,-78.13489,0
95.724724,-20.107634,0
-21.076542,21.387316,0
84.56403,31.887653,1
-9.519356,-96.20233,0
-18.340227,-13.698471,1
27.719152,-68.97661,0
-21.09856,32.987904,0
51.024216,-59.500904,0
18.573368,-76.13837,0
78.07685,24.765253,1
-48.8724,-13.715754,0
25.21803,85.56112,1
-69.317986,-19.836157,0
-32.530396,8.66705,0
3.844176,-85.11414,0
40.647644,-63.774128,0
4.3937497,57.681404,0
105.884254,11.027673,1
28.5211,11.192575,0
21.951216,80.02552,0
23.737017,8.0679245,0
84.125565,32.83804,0
21.433016,-47.408756,1
12.0314665,66.73995,0
-37.59665,0.17873594,1
-6.7758207,-94.26351,0
-12.863996,43.35752,0
-82.77811,-22.510025,0
-79.58846,-20.444525,0
64.25567,-51.493927,0
20.577751,3.7177644,0
62.80106,-51.670105,0
2.214068,-3.732836,0
5.862391,-83.89412,0
-11.0497875,45.27513,0
14.582377,69.28246,0
28.534405,-68.51464,0
-32.717213,8.384294,0
14.794006,69.53888,0
-28.49378,-16.8953,1
-13.106335,43.995136,0
23.493324,7.7487345,0
75.34825,1.210019,1
-32.692627,8.352049,0
-18.031767,34.799896,0
-9.572173,46.118034,0
27.734604,10.199441,0
25.724463,-71.3038,0
-8.696552,-19.004623,1
-32.654,8.287812,0
-18.447414,22.588552,1
64.13219,-51.608803,0
21.387508,4.8336396,0
76.30622,23.955208,0
10.819465,65.56301,0
72.69984,23.340406,0
-16.074837,37.36705,0
-82.20152,-22.62764,0
16.10543,71.43419,0
6.3066564,-59.639614,0
2.2411404,-4.0642047,0
-66.75296,-17.976328,0
64.821785,22.002113,0
-9.544652,46.085827,0
-10.609524,45.368843,0
-48.764904,-14.392526,0
-16.330912,-32.602547,1
-69.68978,-20.351154,0
11.79991,66.38122,0
-5.3809896,-92.67396,0
-5.6649785,-93.06685,0
61.924744,20.4274,0
79.29859,-2.667474,0
12.435044,-77.77657,0
-29.512205,11.7130165,0
-4.09085,-60.02146,0
-81.87032,-22.215826,0
-53.269478,-16.482668,0
19.994965,2.7377706,0
-5.657522,-93.0195,0
-22.433445,32.072777,0
75.94194,23.751554,0
-29.754612,11.581666,0
18.165071,1.3523078,0
5.8739724,-83.96688,0
62.81402,-51.715916,0
70.6974,22.705387,0
-33.524,6.8996096,0
-20.772123,-24.152693,1
17.32424,-77.12769,0
63.942204,-51.72046,0
22.550737,6.285743,0
-79.55689,-20.588236,0
80.42813,-4.536349,0
-48.468693,-13.827245,0
11.251157,-1.6119175,0
-0.92437595,-88.21565,0
83.19959,26.040953,1
56.669952,-50.544464,0
-10.937573,45.185295,0
-24.487812,-24.441725,1
-49.11693,-14.414963,0
-5.355247,-92.716995,0
-84.1263,-22.796764,0
-22.550451,31.860306,0
78.694916,24.80014,1
-33.281796,6.612166,0
-9.657867,-97.70292,0
45.497326,-61.94575,0
-3.6197593,-91.290306,0
20.201618,-46.151665,1
21.411469,-47.46825,0
5.754907,-84.095764,0
-29.393953,11.737676,0
-10.337197,-98.52157,0
97.3308,-27.967184,0
-18.010065,34.20792,0
-54.597168,-17.087446,0
-17.245138,-28.488794,1
18.846403,1.7661136,0
42.34288,-63.801903,0
-50.35552,-15.162347,0
-12.854119,44.35467,0
-82.68937,-22.807468,0
75.79506,23.590271,0
-80.34249,-21.234766,0
-29.088352,12.193223,0
27.606644,88.11912,1
26.889645,87.57005,1
63.754944,-51.99514,0
55.022007,17.374964,0
78.35834,-1.2860583,0
-49.388218,-14.819099,0
27.35529,87.97504,1
20.84997,77.54461,0
47.377132,75.44107,1
62.831764,-51.815506,0
-33.31372,5.8422036,0
40.161465,-65.689095,0
46.775658,71.579315,0
18.88267,-76.28986,0
55.47547,17.634789,0
95.78118,-17.925873,0
3.5042136,-85.92658,0
19.42418,2.107804,0
-21.42366,32.417492,0
106.70123,11.673759,1
26.450476,86.84487,1
0.27777588,-54.656544,0
-41.446697,-3.4828832,0
4.433437,-84.50851,0
-9.366547,45.92241,0
55.0351,17.362354,0
-31.712563,9.330537,0
-9.830955,45.708645,0
5.9235163,-84.05564,0
-33.623283,6.0688105,0
-4.9760613,-92.44769,0
-5.9355636,-93.694664,0
-39.94396,-3.1711595,0
97.02576,-26.242157,0
-8.9914465,-96.98481,0
17.639008,72.473595,0
-33.645004,5.654306,0
41.744064,-64.128876,0
-9.953981,-98.37729,0
5.2899127,-1.4720061,0
-22.917742,31.416384,0
5.673423,-60.230034,0
78.704704,-1.7893919,0
76.98787,24.068188,0
-16.15225,36.777054,0
-48.303997,-14.317879,0
-53.830032,-17.017963,0
51.276333,-59.590576,0
-1.7195349,-57.270126,0
5.7712417,-84.22386,0
-20.712202,21.823372,0
21.207201,78.25017,0
22.58042,80.76396,0
-72.12171,-21.06262,0
-0.42696086,-88.52164,0
96.88069,-25.249302,0
45.158566,-62.513084,0
-6.6981654,-94.42527,0
12.125298,-78.74763,0
96.89459,-25.335176,0
16.121952,71.07612,0
79.711555,25.141356,1
66.32511,21.856863,0
25.580402,-71.84642,0
85.61571,-12.04765,0
17.461636,-78.236946,0
4.517559,-85.36568,0
-69.746086,-20.880148,0
-7.9127994,-96.27646,0
-13.005137,42.97054,0
-82.58766,-23.11241,0
-9.549361,-22.382317,1
-32.641094,7.8416643,0
-56.27483,-17.972485,0
-81.84781,-22.525293,0
62.15863,20.3062,0
63.262634,-52.3068,0
21.735353,79.16561,0
-2.8555725,-91.05483,0
75.85874,0.81933796,0
-49.284584,-14.986517,0
-21.646957,32.228397,0
-37.731842,0.034625825,1
75.8536,23.388596,0
-28.283276,11.905418,0
56.841587,18.011972,0
62.483532,-51.79899,0
-9.316642,45.797474,0
81.15059,-5.8041058,0
46.387814,70.7513,0
18.140501,1.187458,0
-39.116806,-1.8382685,0
17.871113,1.0717428,0
3.6402547,-86.10491,0
51.082634,-59.74231,0
-0.055880766,-88.40552,0
-33.362347,6.2475324,0
43.60442,-62.572693,0
61.88631,20.145485,0
-81.20794,-22.58312,0
17.363352,72.084625,0
-73.76528,-22.165546,0
51.12384,15.865447,0
63.043697,-52.395294,0
-69.50149,-20.860487,0
-56.662487,-18.069044,0
-84.628044,-23.279398,0
19.166712,-77.33398,0
-32.783546,5.758227,0
-12.432573,43.449276,0
25.594051,-72.030235,0
-49.243416,-15.072699,0
16.676651,71.37853,0
-2.383067,-90.76506,0
50.4779,15.322545,0
107.949974,0.7188623,1
14.530864,4.1289396,0
15.524395,4.447731,0
56.219,-56.849533,0
70.9843,22.657623,0
-11.412222,-22.77056,1
47.156696,67.026245,0
-20.802319,20.472633,0
63.78896,-52.29607,0
39.791668,-66.51747,0
-82.5911,-23.181688,0
-6.0998363,-83.42785,0
51.07835,-59.880444,0
42.48383,-64.10626,0
23.410166,7.015788,0
-18.18008,33.045643,0
-31.853949,7.1418986,0
-70.86284,-21.482576,0
50.999886,15.764033,0
-8.825991,45.823334,0
-60.33703,-17.361544,0
-84.474915,-23.37446,0
-15.074342,37.2513,0
-2.3466592,-90.78801,0
-83.44909,-23.422216,0
47.541035,74.50014,1
-16.272268,36.362736,0
40.315266,-65.92453,0
71.69637,22.834547,0
-29.27224,11.516688,0
-13.9283905,38.30299,0
4.857971,58.893814,0
-49.1864,-15.191958,0
16.88233,71.498505,0
-35.088528,-11.830687,1
5.7903852,-84.515915,0
41.85749,-64.44914,0
40.51732,-65.601524,0
27.450672,62.005634,1
51.65627,-59.6632,0
-27.954428,11.990467,0
35.636063,41.034683,0
-79.43355,-21.286692,0
-71.677925,-21.718367,0
26.018705,85.697235,1
-82.79528,-23.749104,0
-4.9018464,-93.09726,0
2.3709605,-4.568202,0
10.2366495,64.64719,0
31.512367,12.896783,0
40.827847,-65.26558,0
21.993248,79.37995,0
-2.8940217,-91.331154,0
40.83455,-65.296394,0
-70.42053,-21.512325,0
41.376553,64.609505,0
-17.805904,33.301285,0
-82.59933,-23.230164,0
21.047915,77.27191,0
-60.73598,-21.994518,0
-16.861452,35.252716,0
47.054745,72.58095,0
65.49745,21.823162,0
83.26511,25.632187,1
5.0232077,58.845165,0
-15.886998,36.629017,0
24.18853,7.8446712,0
97.02093,-25.930807,0
13.294042,-79.71608,0
95.56151,-16.374882,0
-0.5641293,-89.40489,0
17.151031,-78.47548,0
24.549671,61.78559,0
-11.944099,-22.7024,1
-8.365063,-97.48498,0
-56.07573,-18.311049,0
69.57186,21.554255,0
-50.378536,-16.103474,0
-3.7193513,-92.313644,0
23.191376,6.440699,0
27.24024,87.52261,1
45.401447,-62.570484,0
97.09188,-26.13424,0
-31.851213,8.196942,0
76.463646,23.531534,0
28.49025,10.590421,0
11.926154,66.01897,0
26.47081,86.13446,1
69.77544,21.583452,0
-3.2380579,-91.81038,0
-53.492825,-17.348106,0
-25.380552,20.157852,0
31.144262,49.820465,1
-8.64514,-97.81052,0
-14.359123,37.48739,0
11.236116,65.42288,0
25.119284,-47.010536,1
-69.108315,-21.079144,0
14.468973,5.5658655,0
16.722681,-78.603714,0
-73.70699,-22.39734,0
-81.643715,-23.307453,0
16.18105,-78.763374,0
22.974852,81.074776,0
-17.687012,33.151478,0
-38.377953,-1.3855985,0
-0.5289484,-89.54514,0
-81.90206,-23.64984,0
35.56383,43.281487,1
-70.4273,-21.680414,0
-9.048444,-98.685455,0
84.59983,31.790085,1
20.897152,75.270325,0
78.26242,24.208263,0
-50.277668,-16.183678,0
97.94969,-29.574862,1
98.026,-29.730053,1
95.89878,-17.983053,0
18.440615,1.217213,0
-9.573175,-99.05775,0
-32.60224,5.626383,0
15.480363,69.97105,0
-30.945038,8.782103,0
63.60918,-52.70268,0
105.29237,10.60847,1
-69.48626,-21.13132,0
91.25873,-4.196964,1
-28.560154,11.55212,0
-6.3404374,-95.42265,0
-16.106812,36.241184,0
13.349144,-80.1054,0
30.609097,48.051926,1
-0.20382565,-89.34567,0
-70.09867,-21.56345,0
-6.77785,-96.02998,0
51.666843,-59.90817,0
55.253487,17.206535,0
-10.043627,44.497257,0
63.37322,-52.80358,0
-69.65447,-21.322027,0
-84.105156,-23.92219,0
25.572182,-72.55003,0
12.820292,66.67788,0
45.225624,-62.91213,0
-9.528351,-99.0449,0
10.991802,65.146034,0
56.344715,-56.931915,1
57.27313,-57.30294,0
-28.60585,-16.842012,1
41.72894,-64.93418,0
-4.9733243,-93.69946,0
26.855225,86.79413,1
-12.727256,42.955856,0
21.285654,3.5736513,0
-48.68794,-15.36208,0
-82.20185,-23.305117,0
-16.368235,35.772644,0
22.307825,79.64057,0
-31.879044,7.8681417,0
15.007883,69.4035,0
-0.41585818,-89.61033,0
44.885303,-63.41843,0
0.32482558,-54.743435,1
-28.173586,11.66533,0
-8.614044,-98.30507,0
-9.717681,44.63662,0
30.611221,11.883286,0
-70.36408,-21.816273,0
-35.78647,-12.367001,1
-70.43728,-21.85649,0
51.318527,-60.15479,0
-18.688837,32.090393,0
5.7452602,-85.310455,0
-69.454216,-21.639202,0
25.877182,85.429985,1
-33.79252,-11.344486,1
-59.04601,-21.237581,0
17.91942,0.8642828,0
-20.028559,-15.888177,1
95.97574,-18.314915,0
23.820524,-45.239822,1
2.5897417,-4.37127,0
-8.863872,-98.72015,0
-32.235054,5.5953913,0
52.282703,-59.812954,0
-7.7118177,-97.173325,0
18.106392,0.98195666,0
0.0822665,-89.21413,0
-40.112865,-3.5590277,0
-8.670193,45.33063,0
-17.284515,33.245323,0
-3.865322,-93.11662,0
5.4416885,-85.813644,0
-8.08945,-97.66522,0
64.60649,-52.47915,0
4.4985867,-86.48733,0
52.2988,-59.805187,0
-3.7035618,-93.12671,0
91.00647,-6.321244,1
76.53948,23.34591,0
11.143001,-2.4899228,0
84.925316,32.17074,1
4.7407227,57.260315,0
56.176113,17.42124,0
50.5801,15.072586,0
69.45018,21.236427,0
18.225384,-78.687584,0
19.258757,1.6231223,0
-32.355793,5.9359317,0
51.457436,-60.104977,0
-14.45294,37.04964,0
44.89504,-63.501656,0
12.756328,66.47478,0
-44.34414,-8.206147,0
50.99954,15.4991665,0
95.88638,-17.504314,0
-54.955036,-18.695978,0
16.847254,-78.83005,0
-2.695142,-59.52598,0
6.445092,-84.60807,0
17.764498,-78.72004,0
0.17313482,-60.487343,0
-55.804153,-18.767698,0
44.830437,-63.55196,0
-61.21786,-22.932537,0
51.369595,15.688073,0
-17.195421,33.238277,0
4.8188157,-86.44767,0
-48.273994,-15.395519,0
19.485228,-78.01807,0
-4.3234725,-93.47044,0
-54.551525,-18.66947,0
5.1888175,59.291473,0
50.286472,14.531855,0
16.52388,70.67399,0
-37.65235,-1.2793055,0
44.56475,-63.808247,0
-18.557102,21.759037,1
-27.738457,11.733982,0
56.914383,-57.695953,0
12.959577,66.61517,0
-4.172888,-93.47937,0
5.165875,-86.27865,0
-83.0969,-24.460648,0
-82.3837,-23.945608,0
25.47061,-47.820454,1
-13.590675,37.82839,0
-8.457294,-98.53091,0
10.95058,64.96501,0
-73.64577,-22.768492,0
-70.675995,-22.205639,0
-60.874905,-22.728333,0
-6.560396,-96.21004,0
27.761328,87.65489,1
-5.550275,-94.79703,0
15.334587,5.650561,0
27.583965,49.60877,1
31.718061,12.240455,0
28.855299,-76.57876,0
45.126427,-63.341343,0
19.473885,-78.312225,0
79.35818,-2.3366485,0
14.158963,-80.29672,0
19.966745,2.0634441,0
44.504345,-63.881397,0
14.992565,4.097412,0
28.655113,9.998474,0
-47.926876,-15.267496,0
-49.194344,-16.433979,0
25.611073,85.2084,1
96.07145,-20.255615,0
-61.190964,-23.000511,0
40.420143,-66.77676,0
-82.411194,-23.971233,0
69.366905,21.115534,0
-72.88278,-22.645523,0
79.252,24.219545,1
-63.66873,-21.056684,0
25.68075,-48.48404,0
-37.785244,-1.2799294,0
4.8814864,-86.573784,0
-14.504617,36.62182,0
56.23726,17.334549,0
4.9950547,57.745434,0
30.759975,11.683981,0
50.90323,-60.528908,0
51.37486,-60.408817,0
42.908752,-64.90198,0
53.10456,16.260817,0
21.282576,3.193022,0
-32.24632,4.73792,0
33.264366,12.549265,0
-6.5057054,-96.43899,0
-70.4159,-22.162966,0
25.976082,62.1066,1
10.977508,64.919945,0
29.13701,-76.96506,0
82.87893,24.876497,1
-53.908546,-18.639193,0
-49.237293,-16.734259,0
-59.41769,-22.02279,0
-0.15812115,-89.8365,0
5.3836727,-2.8490946,0
4.6030054,-86.84051,0
28.172546,9.645256,0
13.6855345,-80.57589,0
-6.8256598,-96.88152,0
13.684725,-80.587814,0
62.43727,19.838345,0
41.98286,-65.53368,0
-16.399807,34.086933,0
-54.479347,-18.880703,0
78.00771,-0.34387892,0
5.15803,58.6447,0
69.06576,20.863884,0
78.585754,-1.1007781,0
-18.05344,22.715815,1
78.67144,24.02814,0
22.618933,4.431389,0
42.188705,-65.339554,0
18.427698,-78.94511,0
11.9595,-2.0275187,0
-82.16306,-24.355837,0
4.6880374,-86.81063,0
5.1860485,58.837807,0
-17.697319,32.128864,0
5.147897,57.945396,0
-16.601688,33.74152,0
-53.901398,-18.733524,0
95.736725,-16.47321,0
-35.24377,-12.226418,0
40.66392,-66.58491,0
0.18752027,-89.70111,0
-13.613521,37.449238,0
-30.895811,6.540675,0
26.354427,85.704605,1
-18.464418,31.564232,0
98.06905,-29.455723,1
25.176212,-47.527027,1
0.4865774,-89.57503,0
-8.887877,42.84423,0
-49.332085,-16.88089,0
-40.838253,-3.6579773,0
-24.344488,-24.548468,1
28.939598,-76.615746,0
-7.309931,-97.40764,0
76.33104,22.818016,0
62.56056,19.838196,0
-80.40749,-23.598951,0
-8.286389,-98.82295,0
57.052647,-57.679737,0
65.43963,21.407139,0
-63.685497,-21.02837,0
-17.049423,32.613922,0
106.31169,11.561402,1
19.504482,-78.48338,0
-82.09796,-23.984875,0
44.745693,-63.96263,0
86.049644,-12.100274,0
-8.112603,44.97332,0
64.027885,-53.31936,0
-48.45243,-16.247904,0
59.29041,17.795134,0
-80.989136,-24.225122,0
-31.49696,-14.57976,1
19.25621,-78.71683,0
46.772243,66.47048,0
43.6197,-64.58218,0
26.135996,-48.330956,0
63.104557,-55.07115,0
51.684296,15.67189,0
-2.406904,-93.034355,0
50.300415,14.339589,0
-32.59403,4.51425,0
17.742765,71.60885,0
-8.14519,44.85427,0
62.645004,-55.467888,0
-82.89849,-25.917576,0
42.525913,-65.39037,0
-1.2733368,-91.66543,0
-38.067684,-1.1840969,0
21.536621,75.1504,0
-25.676914,12.442096,0
27.943144,87.644844,1
17.628826,-79.25152,0
8.692762,-4.2817845,0
104.94493,10.396846,1
54.971638,16.814766,0
64.588776,-53.00673,0
-55.15022,-19.192646,0
-61.39947,-23.412804,0
4.9311123,57.14257,0
21.16547,2.8991778,0
-13.67156,37.04652,0
5.2564683,58.392437,0
-8.460888,-11.4095335,1
-13.726191,36.831425,0
27.486967,-77.46912,0
28.247301,9.642435,0
-81.75076,-24.371817,0
20.694359,2.4995818,0
88.55384,-9.035442,1
57.581047,-57.6987,0
22.69345,4.316148,0
25.549654,-48.252254,1
-28.405102,7.64111,0
14.910553,-80.49793,0
64.05807,-53.429802,0
105.13891,10.560344,1
5.135424,57.675343,0
-6.3061924,-96.74321,0
-48.956795,-16.966602,0
-61.660416,-23.655558,0
-17.082565,32.097664,0
40.572716,-67.51086,0
-8.184427,-98.98334,0
-27.030163,10.920082,0
86.17951,-12.143113,0
-39.73897,-3.6439862,0
51.115368,15.263673,0
64.476524,-53.154575,0
5.1998243,57.82658,0
52.23524,-60.389244,0
-8.621871,-99.64891,0
-61.662045,-23.685934,0
5.589569,-86.73858,0
-25.507605,12.588135,0
13.800373,-80.85798,0
-72.08234,-23.67055,0
22.583265,79.12965,0
43.44181,-64.928215,0
26.962654,86.37695,1
-18.702185,25.51748,0
28.478443,-77.64135,0
6.163913,58.689556,0
42.129326,-65.81956,0
-82.877686,-26.329521,0
-17.491892,-28.25703,1
52.25101,-60.427307,0
5.0506735,57.33399,0
82.73967,24.664984,1
82.54268,24.634398,1
58.15517,17.493141,0
13.624308,-81.00264,0
27.255648,86.63773,1
76.15777,22.252111,0
-42.217327,-6.3343325,1
24.782091,7.26315,0
107.0171,12.070582,1
63.226738,-55.065037,0
-28.9486,-16.43368,1
-20.481653,19.825577,0
-49.83894,-17.381666,0
25.908047,62.43447,0
14.083367,-80.8026,0
63.16561,-55.382088,0
-2.6366322,-93.54965,0
62.17383,19.472958,0
83.30623,24.832275,1
-16.53376,32.704678,0
83.42375,24.869833,1
26.49325,85.811966,1
-7.7755585,44.772266,0
11.551005,-2.6575058,0
-9.265593,40.95262,0
57.196373,17.286001,0
27.156599,-77.60785,0
22.193155,3.626536,0
-3.23366,-93.591385,0
-8.028113,-99.059944,0
26.837263,-77.64526,0
0.7797177,-89.81764,0
97.21309,-25.768991,0
3.853469,-59.19676,1
-70.4737,-22.822992,0
-31.868872,4.7082677,0
16.87908,0.1360189,0
-2.874194,-93.82337,0
20.242825,-76.50551,0
6.124079,60.140762,0
2.7426116,-4.9773746,0
79.963455,24.150518,1
-31.67812,4.8825397,0
63.904903,-54.006264,0
-2.5314443,-93.6281,0
-16.8828,31.932295,0
58.03319,16.786451,0
55.408134,16.82044,0
-6.360795,-97.20669,0
78.46272,23.503763,0
47.11822,74.967064,1
-35.33311,-12.201955,1
-61.347866,-23.57883,0
-30.030851,4.9292736,0
-25.671116,12.094971,0
20.828875,2.4606068,0
35.05968,44.213394,1
61.72,19.121239,0
27.545834,-77.66613,0
-61.612816,-23.787766,0
-7.3705325,-98.25045,0
-59.41977,-22.875076,0
-32.0972,4.080867,0
7.5463934,-86.79945,0
-61.31896,-23.68676,0
5.312922,57.796223,0
-16.974125,-30.948593,1
5.1348004,57.298965,0
-54.276466,-19.541851,0
-13.749217,36.060886,0
28.44755,9.508968,0
31.502525,11.594919,0
76.06128,22.021507,0
-54.563408,-19.495384,0
-2.6880085,-93.984024,0
-7.226179,43.046314,0
-16.791056,30.826365,0
-60.96598,-23.494759,0
92.90478,-4.7595954,1
-8.1215105,-99.84935,0
70.90909,21.039864,0
14.989708,-80.74728,0
55.014576,16.659683,0
22.948227,79.53025,0
-29.06054,6.3139195,0
-83.00489,-27.040499,0
29.515108,-77.90921,0
0.9654491,-89.93214,0
79.436325,23.869013,1
2.7907233,-5.0235906,0
-28.551981,6.8659596,0
-20.42198,19.85452,0
-25.395447,12.509906,0
51.916992,15.48206,0
6.5781245,-86.99805,0
-8.807704,40.86426,0
33.42948,48.843834,1
5.338923,-87.19297,0
58.27055,17.36637,0
-2.631226,-94.04272,0
-5.2191143,-96.92614,0
51.284184,-61.37739,0
12.197533,64.9719,0
28.57407,-77.81437,0
-17.330389,-11.528298,1
17.314936,70.46842,0
23.668108,5.696055,0
-13.154783,37.07318,0
19.158346,-79.548164,0
-12.75815,37.832405,0
27.135696,-77.73045,0
-75.5746,-27.813076,0
-25.919086,11.192726,0
12.967004,65.22066,0
56.810066,-58.319935,0
-61.291706,-23.762552,0
5.2534943,57.410957,0
21.93979,74.95075,0
64.68123,-53.256992,0
-55.5338,-20.131174,0
-59.086254,-22.646942,0
-59.51896,-22.733889,0
48.270725,-64.37048,0
75.50589,1.7773533,1
87.10236,-12.796303,0
-28.513323,6.9180536,0
49.422108,-63.93486,0
7.830528,-86.93333,0
90.8847,-6.425529,1
-13.566894,35.926083,0
-0.8570154,-92.47349,0
-58.322903,-22.205708,0
-16.534245,31.897408,0
50.65034,14.4845495,0
14.161221,-81.08884,0
-59.985424,-23.733355,0
76.28286,22.04689,0
31.787743,11.604866,0
-71.09463,-23.732296,0
31.084515,11.308731,0
-53.945587,-19.561407,0
-18.113035,22.250418,1
-14.650558,34.074295,0
-26.624037,10.1246805,0
43.629097,-65.17754,0
19.1214,-79.63341,0
0.66132444,-90.57766,0
-59.902237,-23.04887,0
19.12224,-79.64084,0
-2.7423244,-59.760834,0
26.48996,85.584724,1
18.036617,-80.097565,0
-48.94259,-17.776604,0
24.055017,6.1212378,0
27.68767,86.89577,1
-7.8702817,-100.30001,0
-27.826002,7.42034,0
56.917118,-58.361916,0
-26.384607,9.748576,0
63.28238,-55.7562,0
-82.67323,-26.957527,0
-15.163346,33.413883,0
-16.126972,32.46034,0
-7.801613,41.55333,0
-82.25105,-25.92025,0
52.204254,-61.134747,0
83.721306,24.664093,1
104.21373,3.2430155,1
-82.65962,-26.989498,0
-22.208261,-23.965843,1
26.38697,-77.974945,0
17.058369,0.11009441,0
17.518873,70.465164,0
43.668915,-66.10102,0
107.70595,0.64585626,1
30.437328,-78.1476,0
63.824383,-55.510815,0
22.561014,3.6737602,0
52.181557,15.486382,0
96.02035,-16.991861,0
75.714485,1.647214,1
40.63819,-67.965256,0
7.9767766,-86.99232,0
28.091612,87.38724,1
-70.76665,-23.774302,0
17.84716,0.34110132,0
5.4580855,57.671272,0
4.418289,-89.44018,0
17.005215,-81.54742,0
3.140711,-4.947025,0
50.75122,-63.14493,0
18.250355,0.4624319,0
-16.059595,32.41772,0
-26.598248,9.249909,0
28.271692,87.5774,1
20.945318,2.377931,0
50.53494,14.227396,0
-62.775642,-24.42532,0
7.316707,-4.6391196,0
14.236902,-81.22139,0
-16.078331,-18.17102,1
85.120346,32.37732,1
11.753724,-2.7134433,0
8.329579,-4.5188804,0
-76.21583,-28.190725,0
53.665768,-60.89305,0
26.313042,85.34783,1
-52.58398,-19.408585,0
2.9393086,-5.1169605,0
45.445038,-65.00616,0
-0.9193942,-58.016308,0
10.560264,-3.6876068,0
41.063892,-67.76389,0
-4.9237537,-97.16924,0
40.88973,-67.85931,0
-13.627911,35.30495,0
-18.637413,25.622057,0
19.020414,-80.18505,0
5.9482193,59.766495,0
-53.8374,-19.900597,0
-13.513792,35.34151,0
-13.282104,36.156425,0
63.894836,-55.035995,0
-1.6040101,-93.761055,0
58.00531,-58.093983,0
-23.006554,-23.970121,1
-29.115334,4.8411655,0
-6.883557,-98.707596,0
-2.7232673,-94.61305,0
63.08852,-56.00042,0
17.463589,70.31079,0
30.835814,-78.1573,0
-61.82181,-24.247456,0
68.28485,19.389814,0
-28.42641,-17.143631,1
52.030468,15.356127,0
-6.020462,43.28971,0
-75.67828,-28.086403,0
-53.588566,-19.845463,0
-82.854546,-27.37761,0
-59.680653,-23.343208,0
95.950165,-16.618414,0
5.531807,-59.647896,0
84.09869,25.098732,1
-47.776264,-18.04296,0
5.3736057,-2.5640814,0
-49.069447,-18.183912,0
-25.472233,11.00131,0
-12.72973,36.451733,0
24.537382,-46.43341,1
29.129116,-78.117584,0
50.28981,-62.059475,0
-58.89584,-22.890795,0
28.923668,9.478937,0
45.74153,70.27704,0
9.14659,-4.370524,0
7.8060727,-85.45215,0
-16.099272,31.849934,0
-5.051515,-97.4468,0
-74.246124,-27.721628,0
-60.232414,-23.65213,0
-48.215347,-17.67369,0
78.963295,23.187426,0
41.425,-67.68938,0
23.894066,-45.502098,1
-28.078463,6.6755714,0
21.589016,74.18313,0
-7.6122956,41.377377,0
75.052956,21.376842,0
-82.82325,-27.465706,0
-82.69695,-27.36777,0
8.082373,-87.148994,0
98.20965,-29.075832,1
29.704618,-78.30609,0
30.511793,-78.356445,0
-47.867172,-17.92301,0
28.671215,-78.19441,0
-59.176025,-23.33517,0
28.812565,9.392841,0
50.462032,14.049256,0
62.133545,19.033165,0
41.17332,-67.83699,0
62.65683,-56.23048,0
5.3482876,57.08509,0
13.785611,-81.5966,0
-7.4135203,-99.65963,0
-71.31878,-24.322495,0
-36.021698,-12.5385065,1
-2.3473337,-59.454327,0
-48.76654,-18.152979,0
60.571335,13.455742,1
35.33343,41.852142,1
-14.607715,33.488876,0
-70.66582,-24.238426,0
96.29006,-19.475222,0
23.792746,-45.24321,1
-4.9565306,-97.53726,0
69.509865,19.720089,0
48.75199,-64.828865,0
-39.439686,-3.5332372,0
-16.476952,30.662569,0
-27.444164,7.2620134,0
-81.72136,-26.896448,0
-26.037556,9.693602,0
-29.288568,4.002786,0
-4.6137767,-97.274315,0
23.00638,78.74142,0
13.321815,64.913414,0
21.94241,74.45193,0
-16.801708,-32.74955,1
97.90131,-20.233593,1
-12.619022,36.34664,0
-44.139256,-8.247105,0
9.1388445,-4.4063272,0
17.465528,70.08945,0
-2.5444226,-59.873257,0
56.97499,16.654554,0
4.732832,-59.3629,0
98.06786,-20.44306,1
27.563183,86.55511,1
-54.22708,-20.557224,0
76.51702,21.797869,0
62.470497,19.193832,0
45.6324,69.78741,0
92.79544,-4.26071,1
11.426263,-3.1442723,0
7.1155105,-87.49209,0
-5.806211,42.79571,0
7.197911,-87.72901,0
5.7396927,57.845535,0
32.733303,49.310814,1
-74.6583,-28.124332,0
7.510925,-87.438034,0
4.558844,-59.50234,0
51.94946,15.17311,0
-74.95829,-28.057348,0
-17.15599,-12.067546,1
17.766447,0.13502732,0
35.259003,43.15821,1
17.798058,-80.9524,0
63.35144,-56.06776,0
82.93783,24.326532,1
7.784818,-87.36747,0
7.3390794,-87.28027,0
-15.742448,30.932865,0
-29.109879,3.9268775,0
98.285515,-29.132217,1
25.050995,6.4664307,0
-7.3408484,-100.9184,0
59.883484,17.043215,0
-3.621487,-96.52918,0
32.163815,11.354846,0
-15.784658,30.4392,0
31.84327,11.303105,0
-7.34757,-100.81712,0
-39.488335,-3.5163846,0
77.18519,0.8060242,0
21.05506,2.2790387,0
57.35485,16.674793,0
50.90458,-63.36631,0
-25.347305,10.42944,0
-6.3373995,42.08628,0
4.8263483,-89.639366,0
0.11227814,-60.649643,0
50.779385,14.178148,0
-82.76232,-27.612972,0
49.716152,-64.42078,0
63.827827,-55.4453,0
4.095382,-90.32489,0
-13.293861,34.98613,0
98.84987,-30.214447,1
-0.88290304,-93.72669,0
-1.5378594,-94.357704,0
3.7483535,-90.57279,0
-15.7863655,30.382053,0
22.212255,3.0032322,0
82.03832,24.09536,1
-47.599854,-18.43013,0
-17.406483,-12.357968,1
63.97581,-56.236435,0
83.186584,24.322449,1
17.831854,70.32426,0
44.09599,-67.00044,0
44.09446,-67.004715,0
-82.180565,-27.381779,0
-63.726204,-21.116646,0
-0.8385722,-93.71734,0
63.155174,-56.378746,0
46.520176,-65.873436,0
3.1794515,-5.3243876,0
7.8853183,-87.4518,0
-82.587845,-27.633148,0
11.884098,-2.848951,0
8.160237,-87.3701,0
-4.475925,-97.43483,0
-15.624008,31.568836,0
18.287771,0.08523132,0
22.976181,74.91141,0
18.855341,-80.90416,0
97.76181,-20.169548,0
-7.2525644,-100.93225,0
19.239542,-80.876495,0
19.166594,-80.661606,0
51.176537,-62.21985,0
96.21224,-17.478188,0
4.083196,-90.388664,0
28.01982,86.92428,1
5.7886415,57.636776,0
28.999628,49.2768,1
30.839842,-78.54444,0
-76.19503,-28.53046,0
31.045002,10.446218,0
-7.949192,40.6354,0
-1.4278669,-94.48448,0
-61.105827,-25.036758,0
-58.677456,-23.338087,0
-14.293701,33.343212,0
52.78441,-61.93041,0
-75.93511,-28.475555,0
-17.229027,-11.931644,1
2.6959465,-91.36302,0
-12.2450695,36.15853,0
5.239618,-58.662273,0
-1.5262573,-57.858727,0
-53.355034,-20.39095,0
-6.5327883,41.636166,0
2.3066945,-91.65343,0
79.927414,23.483015,1
-13.402284,34.783146,0
76.57361,21.62195,0
48.979877,-64.95458,0
17.69447,-81.84053,0
-54.078667,-21.395926,0
-53.381172,-20.363998,0
96.3503,-19.626408,0
-44.207016,-8.381058,0
34.652084,45.19651,1
51.92437,-62.89447,0
41.529022,-68.03546,0
-28.410963,4.4149284,0
-8.16419,40.4375,0
49.36044,-64.79095,0
-14.1876335,33.38313,0
53.23111,-61.71082,0
83.20588,24.244112,1
-47.362473,-18.549417,0
45.895203,71.65943,0
15.387158,5.7408886,0
27.505028,-79.12913,0
4.143734,-59.818626,0
-28.125814,4.887947,0
23.00644,3.6058733,0
27.52532,-79.03689,0
77.24068,21.76132,0
-61.148075,-24.965675,0
-18.584787,25.565044,0
14.406654,65.05168,0
15.760806,-83.431915,0
51.493256,-63.182285,0
-3.891792,-97.18739,0
-26.84892,6.9505515,0
77.63732,0.58573455,0
63.416332,-56.45832,0
28.911613,9.170006,0
63.794823,-56.46996,0
-24.458435,11.691001,0
-27.185287,6.227189,0
-60.43797,-24.863314,0
-26.493958,-24.428558,1
18.346516,-81.69349,0
64.020706,-56.4525,0
-18.05001,22.004555,0
-28.975307,3.1870198,0
47.955647,-65.687614,0
13.153597,64.47343,0
-39.732285,-4.420568,0
-81.40196,-27.869522,0
4.161939,-90.493004,0
15.578816,-83.774155,0
6.8383465,-4.888544,0
51.113033,-62.148396,0
-24.979433,10.074378,0
3.1411078,-5.4968934,0
20.536894,-81.22335,0
44.662556,-67.11629,0
-42.925365,-6.932061,1
26.320812,-79.23987,0
14.949504,65.27372,0
25.09718,-47.170277,0
-24.39545,11.632713,0
-53.788944,-21.131678,0
53.198868,-61.843388,0
30.287323,-79.0036,0
-18.600582,25.482822,0
-58.403286,-23.543797,0
-4.962007,-99.767395,0
31.975832,11.10299,0
14.969801,65.279366,0
75.83984,1.7565322,1
-4.7137833,-99.539185,0
59.749588,-59.50239,0
7.619715,-4.8509526,0
23.536283,57.211323,1
-0.12333966,-93.46269,0
5.436746,-89.5197,0
49.436428,-64.92011,0
4.208123,-90.545006,0
-1.891876,-58.966972,0
58.613766,-59.82366,0
83.33117,24.136784,1
26.33555,-79.294624,0
-18.705755,21.08272,1
-24.47924,11.038959,0
33.32354,12.509924,1
49.85925,-64.64032,0
-5.4031973,42.359596,0
-74.49788,-28.644835,0
84.02917,-10.723304,1
-7.1912913,-21.358086,1
15.285222,4.738296,0
70.60357,18.341702,0
29.991533,9.722062,0
11.810602,63.77256,0
46.207214,66.49955,0
-55.341736,-23.144941,0
23.854053,-45.560776,1
-59.204353,-24.42176,0
64.28203,-56.63074,0
-60.329414,-25.024687,0
-68.49121,-28.70615,0
-15.223052,30.461851,0
-11.637556,35.927895,0
-82.26798,-27.883526,0
-54.72218,-22.588436,0
76.494865,21.150734,0
-12.946272,34.042347,0
17.950775,70.14264,0
29.079731,9.146197,0
-7.679134,40.403893,0
-4.636469,-99.640976,0
17.77462,69.8886,0
-69.14206,-27.79912,0
30.352243,-79.161476,0
21.269249,72.79308,0
-56.968483,-23.641901,0
20.549149,-81.287926,0
30.57881,-79.06189,0
103.564354,5.6796727,1
60.43392,-59.333797,0
46.006393,67.67386,0
-68.544334,-28.90071,0
15.813011,65.82743,0
59.030052,-59.719112,0
-24.329613,11.010677,0
29.081997,9.113934,0
-15.322217,30.188889,0
50.464966,-64.41145,0
-2.619986,-61.19327,0
-7.207483,40.418934,0
-6.5854278,41.017895,0
19.815939,-81.421486,0
28.305767,-79.1696,0
-24.901302,9.71159,0
-0.9966489,-95.07593,0
45.727573,-66.956955,0
83.74967,24.113813,1
-6.8088317,-101.34645,0
27.237091,-79.344505,0
-75.86579,-29.140928,0
-48.56316,-19.33,0
19.877232,-81.58092,0
45.93913,65.32806,0
-6.226742,41.13258,0
-28.332067,3.5501316,0
51.0635,-64.02352,0
22.642754,3.0806973,0
11.703562,-3.210457,0
23.469048,3.8282585,0
49.10545,-65.43903,0
97.4349,-24.554028,0
0.04133413,-60.715855,0
12.317313,-2.7939925,0
-82.38157,-28.09571,0
77.613235,0.6834066,0
-18.347876,21.502571,0
-81.90108,-28.100405,0
-26.333298,6.689194,0
45.762756,68.35103,0
-82.45079,-28.377108,0
8.24777,-87.82113,0
68.34441,17.99095,0
80.9876,-3.3246634,0
-69.55201,-28.83996,0
62.04749,18.282272,0
-37.07532,-1.8680302,0
19.856222,-81.531784,0
-42.614906,-7.8190627,0
17.347637,-0.36431286,0
-28.08324,3.760746,0
-60.209896,-25.27693,0
28.187424,86.833725,1
25.753147,-48.63143,1
79.202805,22.654478,0
-47.189827,-18.947147,0
46.69381,75.37879,1
61.17478,-59.06419,0
-6.1765904,41.058067,0
-15.039487,30.267323,0
-76.24176,-29.441265,0
-15.686648,29.5322,0
0.59175074,-60.787216,0
55.425148,15.793035,0
26.310816,62.512253,0
10.644605,-3.9364285,0
76.502235,21.375078,0
-28.765001,3.0668135,0
28.48335,87.30711,1
50.66337,13.722616,0
41.281353,64.527214,1
49.57383,-65.16122,0
-12.952332,33.882694,0
22.900944,74.236725,0
15.988944,-84.83234,0
96.24315,-16.950493,0
-76.26752,-29.346682,0
18.02716,-82.18193,0
30.393944,-79.4078,0
19.082256,-81.66832,0
45.903557,65.33495,0
28.808315,-79.45775,0
-54.634644,-22.953865,0
18.842146,-0.26591617,0
66.5315,-58.66058,0
84.4518,23.906322,1
-5.2037687,42.144707,0
-53.94574,-22.00009,0
25.609682,-48.7941,0
-7.110656,40.29402,0
-24.093681,11.255336,0
77.022064,21.359118,0
-54.246536,-22.530914,0
-37.557884,-2.6040177,0
15.436049,-84.75463,0
32.38788,11.034449,0
3.2739425,-60.041653,0
-60.832092,-25.8252,0
78.7373,22.309286,0
84.92574,31.834013,1
50.9845,13.761491,0
13.812866,64.455124,0
27.08228,-79.51216,0
-5.4505982,41.77317,0
-24.720158,9.592187,0
-20.143314,19.534515,0
-3.3821733,-97.79893,0
52.172604,-63.39571,0
26.790932,-48.70309,0
-14.622259,30.371881,0
-27.867863,3.6154299,0
-77.433205,-29.942612,0
8.71577,-87.959564,0
-41.978115,-7.1200747,0
-5.153049,42.090694,0
27.093353,-79.533585,0
-48.098354,-19.582916,0
5.430494,-58.566746,0
-55.726837,-23.632,0
-53.122604,-21.18362,0
3.170918,-91.89666,0
-53.624123,-21.59848,0
45.378117,-67.37184,0
-12.88627,33.350777,0
-0.69439244,-96.142815,0
64.17174,-56.97501,0
11.2573,59.481102,0
18.201696,70.12487,0
82.172905,-4.585522,0
75.610085,20.366764,0
43.87025,-68.35527,0
30.040274,-79.598946,0
15.512821,65.390686,0
32.60109,11.128635,0
-47.752674,-19.516584,0
-11.385883,35.402344,0
-8.870297,-21.59595,1
2.9931242,-58.62772,0
-6.3355064,40.791943,0
-24.186544,-24.620295,1
-19.900377,19.589207,0
52.635086,-62.79959,0
19.094442,-81.97828,0
-0.62199533,-96.257706,0
84.33384,23.876965,1
24.610516,-46.818863,1
-75.82247,-29.527348,0
52.640682,-62.718273,0
62.754833,-58.203346,0
20.252542,-81.79068,0
48.86171,-65.86074,0
76.01055,20.857525,0
-6.6850343,40.516895,0
2.5609019,-92.53275,0
33.177067,48.35546,1
-40.161613,-5.2264056,1
-26.017258,6.013321,0
-24.567923,9.5332365,0
25.163692,5.517727,0
-10.701469,35.760353,0
49.238277,-65.67457,0
27.093914,-79.61728,0
56.335186,15.6706295,0
-74.44933,-29.079105,0
15.594729,-85.43868,0
-5.1604466,41.77415,0
16.202274,-85.21696,0
-24.68926,9.058703,0
-61.394016,-26.53835,0
-26.90714,4.607893,0
-36.820072,-1.7816164,0
-53.35671,-21.55651,0
30.437323,-79.67427,0
-4.7176185,-100.52339,0
58.57742,-61.026695,0
-6.2391562,-101.84158,0
44.96095,-67.71656,0
3.0225685,-61.815147,0
-37.33242,-1.8437845,0
28.533188,87.17487,1
-58.2583,-25.064093,0
-60.396004,-25.596815,0
22.046818,-48.812122,0
15.050625,-1.8079221,0
81.21066,-3.3608062,0
84.81675,32.320988,1
48.909065,-65.9871,0
-3.431229,-100.417595,0
-78.31699,-30.396805,0
-47.244278,-19.472118,0
-7.3802505,-21.491825,1
79.43011,22.57776,0
44.54712,-68.02718,0
33.331036,48.60077,1
15.541796,65.31933,0
-16.97811,-31.622683,1
29.213453,8.896955,0
-74.81499,-29.231129,0
26.314318,-79.76564,0
29.2048,-79.91076,0
4.596702,-91.062515,0
-14.350889,30.246101,0
57.142624,15.56891,0
-11.604882,34.71452,0
64.22984,-57.273827,0
78.03534,0.47475645,0
-24.35112,9.496052,0
8.402702,-89.00345,0
-26.01518,5.530207,0
-4.057001,-99.82336,0
69.738235,17.896574,0
57.139008,15.565929,0
61.00773,16.705893,0
108.8272,-0.18035169,1
-26.007458,5.527624,0
21.723751,72.7942,0
-17.858591,22.095766,1
-23.61266,11.054831,0
98.72201,-29.645132,1
58.22829,-61.327652,0
30.741745,-79.78621,0
28.040012,-79.81082,0
79.29136,22.450357,0
-55.500576,-23.847055,0
20.350616,-82.0498,0
75.607544,20.30952,0
-18.508368,21.207247,1
6.5697064,57.541706,0
58.0717,-61.403027,0
4.909866,-90.91672,0
51.10844,13.56135,0
-13.780942,30.72336,0
-69.045334,-29.453173,0
16.784128,66.505066,0
-9.896257,35.95426,0
-27.491693,-18.24834,1
8.230144,-5.1039634,0
76.243065,1.6449937,1
70.52691,17.918362,0
-39.488922,-3.9775944,0
-7.4405427,39.402916,0
84.92016,23.654116,1
23.352442,74.33353,0
3.2784262,-60.13748,0
24.83088,74.73256,0
-5.800125,-102.180824,0
-27.520191,3.1084406,0
-14.247358,30.16502,0
-5.4860096,41.020786,0
22.278675,-48.08909,0
25.014402,-47.421856,1
-9.375185,36.204765,0
-60.372105,-26.692507,0
-25.714657,5.8636107,0
-5.8843703,-102.210045,0
-75.85955,-29.681519,0
-13.633603,30.693567,0
7.9468584,-5.1804156,0
11.203488,-3.7616975,0
-24.113636,9.77984,0
86.382904,-12.108865,0
-9.388858,36.164223,0
5.001812,-91.007935,0
-25.872803,5.450471,0
-68.10128,-29.479744,0
80.97169,-2.9129167,0
4.2254806,-5.621993,0
6.077872,56.556328,0
6.365719,57.308067,0
3.5047371,-92.04294,0
15.220835,64.919106,0
98.534294,-28.921799,1
-4.1599684,-100.10032,0
-11.827618,33.889908,0
26.663313,-48.853,0
76.11017,20.951834,0
50.51501,-65.36259,0
15.761072,-85.88412,0
48.995747,-66.232704,0
96.383125,-17.084682,0
-54.024513,-23.291702,0
-79.92463,-30.706884,0
27.363842,6.1338925,0
23.624626,74.79317,0
-24.753187,6.9839964,0
-73.91182,-29.33934,0
62.57718,-59.06861,0
13.003117,63.649414,0
-74.747604,-29.438343,0
-26.021166,5.0086756,0
60.087933,-60.492752,0
84.66606,23.66304,1
61.38238,-59.592148,0
30.149527,-80.06365,0
-76.91066,-30.066383,0
-26.936003,3.6797261,0
27.76642,6.366853,0
43.727215,-68.78632,0
-9.686653,35.9135,0
29.83283,-80.15207,0
-18.857008,20.84587,0
44.60884,-68.173996,0
3.4722278,-92.11344,0
15.558183,4.292178,0
-78.86058,-30.770742,0
-18.319258,21.374163,1
-23.470703,10.74659,0
-3.5487335,-99.84843,0
-7.19931,38.737312,0
15.629475,65.26907,0
70.74987,17.83195,0
68.96266,17.515598,0
78.98525,-0.49480608,0
58.91566,15.899436,0
-74.29715,-29.392262,0
14.934756,-1.9510202,0
46.340744,-67.68883,0
59.67484,-60.89424,0
23.894268,-45.96804,1
50.649143,-65.459526,0
-0.13621011,-97.61328,0
13.254491,4.852111,1
-14.009686,30.09732,0
-74.284325,-29.400764,0
14.847538,-86.87307,0
60.1524,16.29288,0
16.753439,-85.41183,0
98.51542,-28.019196,0
-68.32954,-29.690027,0
-23.304943,-23.60553,1
-25.488409,5.7751145,0
22.909685,2.782484,0
66.60931,-59.032486,0
20.09692,-82.64506,0
52.793724,13.969671,0
103.82357,3.7695122,1
14.305684,-87.21311,0
63.529697,-58.56338,0
-3.8764398,-100.00826,0
60.578285,16.415043,0
67.069534,16.653023,0
-3.8201053,-100.055336,0
46.52017,75.70547,1
43.73592,-68.948074,0
15.470484,-86.419464,0
18.089367,68.13854,0
23.783562,3.4248977,0
61.528625,16.774342,0
79.56186,22.30306,1
-9.125343,36.147697,0
103.81804,3.7694075,1
52.561726,-65.06754,0
57.9315,-61.911037,0
17.201586,-85.32338,0
26.734297,-80.01766,0
-25.829475,4.8914986,0
86.62049,-12.219071,0
32.44748,-81.327065,0
30.559307,-80.24857,0
-27.038315,2.8795695,0
1.8318958,-96.97284,0
-15.276138,22.848495,0
13.491367,63.736835,0
24.20074,74.38503,0
-47.49316,-20.282318,0
26.243639,58.074455,1
45.56985,68.10357,0
58.50958,-61.626446,0
23.263092,3.0280545,0
30.180986,77.66735,1
-12.029845,31.961742,0
-59.184628,-26.535156,0
62.230373,-59.425224,0
-54.112297,-23.999285,0
51.78564,77.02289,1
56.049053,15.254078,0
87.19502,-12.697613,0
-58.708733,-26.213308,0
9.502795,-88.66401,0
76.96282,20.892086,0
8.952763,-89.19426,0
15.461251,-86.52008,0
-14.154904,29.407475,0
-68.98027,-29.92206,0
22.674702,73.50727,0
11.030051,-3.947852,0
-76.90884,-30.277164,0
-5.3514223,40.497807,0
85.63609,33.224354,1
-78.928474,-30.985647,0
15.324461,64.88112,0
-56.72069,-25.796143,0
-4.7691307,-102.463646,0
-11.770374,32.35894,0
0.0696178,-97.877106,0
20.19054,-82.71012,0
96.27993,-16.252623,0
-47.25892,-20.150202,0
22.969692,2.7662177,0
11.497367,-3.734795,0
66.6508,-59.179047,0
3.8596385,-92.037285,0
23.44707,74.081276,0
-59.198303,-26.571163,0
-9.34795,35.898182,0
6.7079372,57.27252,0
-81.18308,-31.723143,0
66.5011,-59.096706,0
-54.03407,-24.050545,0
23.239365,73.961075,0
23.991032,-48.20513,1
-39.752937,-4.921877,0
8.777277,-5.210112,0
61.150856,-60.217804,0
-71.29449,-30.405708,0
-4.11655,-100.71269,0
-46.200436,-20.039175,0
-24.279919,6.925393,0
24.524576,74.39353,0
-3.2929974,-101.02604,0
96.25633,-16.318693,0
-19.601131,19.361227,0
4.3807907,-5.740685,0
-23.081326,10.71895,0
-60.69368,-27.147957,0
20.244524,-82.76085,0
85.26463,23.390163,1
68.98139,17.330956,0
-0.59189236,-57.085144,0
106.67228,12.126769,1
-5.051903,40.644867,0
-78.92424,-31.08467,0
-26.608042,2.9617026,0
59.789726,-61.2286,0
61.581432,16.672915,0
14.30055,63.816765,0
-19.84242,19.155006,0
26.815933,-82.717354,0
52.81482,-65.373566,0
-24.18789,7.242359,0
-21.222265,-22.223347,1
-50.917934,-23.409615,0
-49.150093,-23.202986,0
24.752327,57.76484,1
-17.447098,-12.154135,1
84.7623,23.399508,1
51.97356,-65.746925,0
-60.01532,-26.970486,0
59.420433,-61.477192,0
11.900373,58.104618,0
82.63248,22.33848,1
-75.88549,-30.237545,0
46.479008,75.40732,1
-5.353198,-102.49124,0
-25.233723,5.1214314,0
-0.48582932,-98.66131,0
-59.87016,-27.008158,0
-1.1406033,-57.512794,0
-53.923717,-24.375624,0
28.450645,-80.57649,0
14.704849,64.22913,0
-56.5162,-26.05331,0
-20.445194,-23.782768,1
-11.68543,31.669653,0
52.8024,13.659277,0
46.465298,75.72185,1
11.992886,58.14733,0
15.56229,-86.63843,0
-78.45308,-31.062534,0
-17.010487,-32.919727,1
-23.076769,9.884324,0
-59.54875,-26.893183,0
59.447506,15.864921,0
31.929226,9.171809,0
24.733086,74.43105,0
-47.019997,-21.200844,0
20.296852,-82.90429,0
71.04943,17.581787,0
-24.22853,6.8039384,0
15.538884,-86.73484,0
-9.492265,35.418488,0
2.1591198,-97.20893,0
66.44924,-59.434326,0
-42.872746,-7.7450027,0
76.98765,20.785425,0
8.864197,-92.050224,0
44.539673,-68.67986,0
-13.577083,29.880648,0
-8.372008,36.3195,0
-13.666314,29.748087,0
-5.1423407,40.164024,0
32.24043,-81.53845,0
3.91077,-55.756466,0
-68.20333,-30.346523,0
16.61815,-85.91043,0
54.83095,-64.951065,0
-81.238235,-32.023415,0
-47.018925,-21.204418,0
-47.09555,-20.98022,0
52.223785,-66.1942,0
87.0434,-12.512087,0
-25.09183,5.0363793,0
28.352785,6.473687,0
-6.173192,38.942715,0
-7.5909815,37.032055,0
-60.507328,-27.33962,0
48.852512,-68.39149,0
2.4866686,-97.12431,0
-27.431517,-18.36034,1
30.392963,77.67962,1
-23.785429,7.8648357,0
31.72725,9.155757,0
-4.2381706,41.06685,0
66.82191,-59.338936,0
29.296795,76.15562,1
-15.139214,22.944803,0
-70.326775,-30.419775,0
82.57485,-4.5962067,0
8.697395,-92.484276,0
-60.168476,-27.242544,0
-34.64287,-12.364685,1
-20.201233,-24.172565,1
24.279602,-51.412292,0
-5.0726523,40.21468,0
17.114721,-85.8085,0
-20.696201,10.965388,0
-2.863633,40.937965,0
-79.28057,-31.311829,0
2.7099388,-96.98987,0
51.51324,13.022058,0
15.19343,64.413,0
0.2197423,-98.51381,0
-10.705416,32.99229,0
-39.489468,-4.7632365,0
-81.21546,-32.088417,0
-23.606934,-24.551912,1
57.149986,14.917047,0
25.527124,-48.97073,0
-3.5734444,40.83187,0
28.348526,6.429356,0
15.337222,-87.07743,0
-80.3748,-31.226078,0
31.84973,9.003576,0
-79.70366,-31.373978,0
67.599045,17.03057,0
66.48925,-59.553314,0
23.363817,73.88584,0
58.30743,-62.271904,0
-4.011585,41.02463,0
-68.25565,-30.252583,0
49.370674,-67.57174,0
-67.92602,-30.422415,0
32.830322,9.931473,0
-7.850006,36.558445,0
-81.11459,-32.07991,0
66.83805,-59.394268,0
45.575333,-68.41246,0
-26.290663,-24.185678,1
18.804916,-85.34824,0
2.731736,-97.03356,0
87.60956,-8.088633,1
77.196526,20.767963,0
-59.531746,-27.082115,0
30.072195,49.84649,1
-3.816604,-102.13622,0
-19.550264,19.449924,0
-26.482233,-24.213076,1
-16.031687,-18.000473,1
59.96939,-61.69352,0
62.030067,16.628635,0
-24.987041,4.3772945,0
-42.815826,-6.882207,0
83.50791,22.465933,1
18.071133,-85.61205,0
61.491894,16.36911,0
4.4428544,-96.03037,0
0.5183489,-98.41939,0
-4.665591,-103.04045,0
-67.907776,-30.488375,0
24.930342,59.300392,1
84.36298,22.953114,1
-26.372873,2.2572324,0
18.392103,67.63978,0
53.839535,-65.64175,0
52.382328,-66.30666,0
45.26084,69.60141,0
-16.48641,-17.788546,1
8.714324,-5.465076,0
-5.6241026,39.179703,0
108.512245,0.08103423,1
83.123856,22.263132,1
-24.787481,4.847911,0
84.10083,22.83791,1
15.41964,-87.20695,0
-75.96155,-31.01136,0
52.936493,-66.012985,0
-23.893831,6.687053,0
14.60055,63.777927,0
18.505852,-85.7621,0
-25.893599,2.6518886,0
-13.3333845,29.621029,0
58.191826,-62.86576,0
-26.159483,2.4387903,0
59.62306,-61.905426,0
-7.786428,36.490395,0
-2.943118,-100.98157,0
-54.779003,-25.914608,0
45.659573,65.853745,0
57.17475,14.80529,0
49.067734,-68.47279,0
-52.902832,-24.616629,0
26.708788,-80.63443,0
98.898346,-29.608973,1
-8.059349,36.133278,0
59.09843,15.523487,0
29.523472,-82.048965,0
90.20706,-6.0890145,1
22.147715,72.0475,0
30.693962,48.550793,1
62.83989,-59.746006,0
63.2871,-59.786186,0
70.68269,17.299187,0
-81.08834,-32.062252,0
23.671425,-44.99028,1
49.12785,-68.65678,0
106.184784,11.795621,1
-52.835342,-24.647446,0
14.960127,-2.336851,0
33.968464,-82.41754,0
14.995154,-87.496574,0
-22.745281,9.265709,0
-68.520615,-30.72585,0
45.236668,69.835495,0
-13.154057,29.692146,0
-7.735113,36.44143,0
-8.03802,36.14387,0
23.937521,-45.694122,1
63.78788,-59.64754,0
24.367897,-51.552174,0
-53.31655,-24.824194,0
30.23893,-82.44665,0
-68.481186,-30.771526,0
-68.53919,-30.742096,0
52.979923,13.403751,0
-52.7918,-24.679071,0
19.894646,-84.24637,0
-7.4172063,36.77376,0
96.5175,-16.892681,0
15.646407,64.69037,0
-45.81541,-20.66352,0
61.794388,-60.823185,0
-23.554604,6.6328673,0
106.581085,12.8454685,1
85.1602,23.16051,1
-71.313545,-30.995882,0
-70.93382,-31.04181,0
-24.52648,4.6919646,0
9.933646,-91.45423,0
28.856455,75.6849,0
20.285343,-83.56052,0
13.674955,-3.0093095,0
79.14103,-0.37136477,0
61.73216,16.337029,0
66.470245,16.088293,0
79.13794,19.997551,0
66.69649,-59.75045,0
4.6755023,-95.48451,0
-48.92252,-23.783949,0
-48.921078,-23.786575,0
-19.467096,11.602979,0
27.161474,-48.754807,0
0.8606623,-98.36985,0
22.301441,-48.2613,0
63.792202,-59.725613,0
8.606082,-93.311165,0
1.1327884,-55.471775,1
17.593246,-86.50392,0
76.19565,1.9182178,1
32.061264,8.881404,0
-26.35969,1.7037337,0
17.264082,-1.74824,0
-17.576221,21.676998,1
30.278206,-82.76124,0
2.7932503,-97.39578,0
17.428593,-1.7666296,0
7.024245,56.19752,0
13.927514,2.615716,0
8.212457,-93.68192,0
96.68069,-17.43438,0
-19.881775,11.065895,0
32.509968,-82.418564,0
33.68186,-82.47384,0
28.754557,6.581827,0
66.56952,-59.887596,0
61.175564,-61.608723,0
18.381685,67.35545,0
13.219608,-3.3295531,0
-4.223709,-103.21552,0
69.02932,16.915869,0
59.735195,-62.231308,0
-42.88255,-6.95746,0
84.78753,23.029055,1
52.831722,13.269996,0
-78.32542,-31.999832,0
3.9585016,-6.227133,0
57.255417,-63.85327,0
30.95627,48.511894,1
21.170368,-83.41518,0
-37.031075,-2.4466352,0
64.203285,-59.78065,0
-4.977487,38.703106,0
34.125275,-82.53599,0
4.1953692,-57.900925,0
-10.866312,31.317537,0
16.512054,65.565605,0
-3.736022,-102.91534,0
-3.9846137,-103.16783,0
15.605618,-87.57977,0
-9.874267,32.435726,0
2.8305082,-97.42556,0
30.629606,-82.63976,0
85.39579,22.995647,1
-8.388395,35.19988,0
8.94849,-92.92481,0
7.970259,57.214153,0
49.359188,-68.90067,0
25.128166,74.18616,0
12.227129,58.488007,0
51.001404,-68.45996,0
-11.842235,30.319649,0
-78.71446,-31.957628,0
14.769166,63.211586,0
31.971067,8.745632,0
-24.770567,2.83026,0
17.589611,-86.50283,0
-3.7309604,40.39272,0
-2.3940206,-61.32647,0
-68.48522,-31.047678,0
-79.16753,-31.961933,0
81.935005,21.063913,1
69.834564,16.926884,0
-18.093863,-13.787847,1
106.1867,11.820366,1
-55.07314,-26.890211,0
-53.5966,-25.382011,0
7.723574,-5.782391,0
-67.50689,-30.73653,0
-4.199837,39.731384,0
-25.338675,2.5261388,0
4.244396,-6.141138,0
58.78696,-63.16785,0
-24.123566,2.21067,0
2.8913345,-60.55904,0
-23.606045,5.100385,0
-22.40617,7.7309847,0
-24.211752,3.9179444,0
24.379356,57.433384,1
-46.676834,-23.02831,0
-56.024776,-27.272104,0
76.71925,20.322649,0
-19.906105,10.787856,0
-52.346077,-24.871336,0
18.099575,-85.65696,0
1.4883387,-98.57861,0
-70.89325,-31.673859,0
8.706893,-93.50233,0
4.298878,-60.91604,0
4.1154656,-6.2321405,0
60.236683,-62.280525,0
-70.63354,-31.467348,0
-60.142094,-27.892588,0
2.737493,-97.77351,0
31.662395,78.74047,1
3.0897472,-97.6265,0
-4.1299872,-103.52639,0
-20.137936,10.5781765,0
17.89198,-1.950115,0
30.2265,-83.27316,0
-56.015278,-27.323153,0
4.252414,-6.185225,0
28.125887,77.00008,1
-59.265137,-27.546291,0
-3.9943888,39.39651,0
-10.985685,30.922812,0
53.580887,-66.85918,0
-0.5333198,-100.340416,0
-22.938784,6.5172157,0
22.927492,72.390915,0
-69.6865,-31.322258,0
-77.193825,-32.69455,0
-53.576405,-25.561235,0
7.8962717,-5.848228,0
45.52354,65.20727,0
-10.045348,31.792027,0
26.543514,-49.231842,0
52.120224,12.728936,0
15.747086,5.780531,1
66.66738,16.018593,0
1.0589856,-98.948685,0
-77.47331,-32.679832,0
33.74062,-82.67209,0
25.795769,74.27456,0
65.563286,15.804475,0
-46.640938,-23.206537,0
18.55315,-86.079735,0
79.18991,-0.29016683,0
55.412457,-66.13866,0
81.08803,-2.6807673,0
79.26946,19.998615,0
-49.159924,-24.18968,0
-25.993835,2.0532446,0
1.1144214,-98.99194,0
25.258831,74.092354,0
57.800632,14.595914,0
-24.091888,3.1947794,0
-19.526402,11.200349,0
-54.939728,-27.087488,0
-20.120289,10.537956,0
-75.691635,-32.909428,0
20.140162,-84.36352,0
-7.8754077,35.257034,0
34.641403,44.847233,1
-20.160887,10.531007,0
-8.648534,33.498432,0
-51.012375,-24.78071,0
-9.200711,32.8767,0
-54.891163,-27.133833,0
59.058475,-63.247643,0
-17.69484,-13.189505,1
19.045671,-85.87949,0
30.392965,7.6129937,0
15.352276,-87.82772,0
27.265013,4.9485335,0
34.378067,-82.83268,0
30.16339,76.87413,1
-8.692633,-18.976612,1
61.585518,15.97466,0
-10.272496,31.497099,0
-7.100899,36.424477,0
54.092964,13.403334,0
7.4088283,-5.788147,0
5.501445,-3.0676084,0
-25.916477,-24.021242,1
-80.70501,-32.650692,0
63.276688,-60.249832,0
7.7147007,-5.914463,0
3.0528347,-97.58953,0
4.3179736,-6.1932197,0
83.327934,21.804907,1
-68.47484,-31.439747,0
83.48929,21.92355,1
-67.11588,-31.035818,0
-37.230545,-3.2977164,0
34.087376,-82.80177,0
24.926325,57.754894,1
60.196644,-62.612267,0
-1.0849555,-101.06135,0
-20.273506,10.258803,0
-15.161151,22.777742,0
27.884539,5.535279,0
45.27735,72.0534,0
0.49566776,-60.861958,0
104.673615,10.529344,1
69.615295,16.69447,0
-35.44856,-12.67731,1
52.761776,-67.77816,0
108.30357,0.15776096,1
34.107727,-82.82865,0
8.732992,-93.82401,0
-69.39138,-31.569225,0
-17.09843,-31.439453,1
55.59762,-66.262566,0
-16.087812,18.16313,0
34.128002,-82.84233,0
-5.4877086,37.86045,0
-50.928722,-24.859098,0
-60.12485,-28.128527,0
15.798796,-2.307908,0
54.250637,-66.929115,0
-28.607513,-17.167358,1
-44.815933,-23.148289,0
66.462265,-60.63286,0
34.102436,-82.84662,0
-53.585983,-25.904713,0
-2.2804637,-102.67154,0
8.885081,-93.673706,0
-23.629992,1.5022177,0
-39.32992,-5.002045,0
-11.9718485,28.805676,0
9.029608,-93.51433,0
26.413637,-86.40701,0
-47.370632,-24.011328,0
3.2052455,-97.70748,0
85.25603,22.757792,1
-2.5153081,-102.98134,0
-7.427952,-21.396355,1
-4.3027043,38.404743,0
15.821159,-88.07564,0
-22.319248,6.1114864,0
25.910639,-86.626724,0
-35.078526,-12.671098,1
-8.236953,33.794823,0
-51.485485,-24.95705,0
85.54044,32.41878,0
12.7716055,-91.770584,0
59.775818,-62.921257,0
7.9020963,56.804585,0
-75.73955,-33.138706,0
16.255852,5.4680667,0
29.45217,-84.220345,0
98.979004,-29.502146,1
-77.615814,-33.087574,0
57.6321,14.41567,0
-8.455995,33.490803,0
31.274302,48.744305,1
26.917137,54.941536,1
-23.043198,4.0449305,0
27.155666,62.89026,1
12.775688,-91.80229,0
-34.2583,-11.52956,0
66.89538,-60.393394,0
9.096594,-5.832023,0
52.817684,12.868943,0
15.9290905,64.46121,0
-10.098104,31.42666,0
25.860426,63.105152,1
30.118425,-83.669685,0
-75.78601,-33.173862,0
-38.760147,-4.619358,0
-54.41321,-27.185543,0
13.149457,-3.6585126,0
57.613937,-64.59959,0
61.50806,-62.387226,0
85.388756,22.687298,1
31.586393,78.13684,1
53.93285,-67.51206,0
60.520805,-62.609604,0
-3.0189667,-103.46775,0
56.000927,-66.24918,0
-70.80468,-31.775108,0
-68.155075,-31.764668,0
57.458076,14.333636,0
-77.40701,-32.92915,0
-19.304907,11.016847,0
17.85695,-87.28101,0
19.550766,68.157875,0
17.164656,-2.0183334,0
-7.854065,34.29224,0
66.873985,15.931569,0
67.07253,-60.45617,0
-80.95089,-32.843643,0
96.73246,-17.16027,0
-48.30388,-24.484447,0
-17.891935,17.992304,0
60.158905,-62.88142,0
61.1146,-62.531647,0
30.595566,77.16201,1
66.54738,-60.809006,0
3.8792443,-97.577705,0
61.4613,-62.35535,0
1.0691592,-99.53093,0
46.244484,75.48893,1
17.466396,-87.64343,0
26.00998,3.362765,0
-10.007884,31.314459,0
-23.495872,3.0059478,0
-7.3790045,35.41048,0
-19.299503,11.016244,0
29.07162,75.5265,0
-54.394157,-27.278912,0
36.12402,-83.62068,0
-77.94253,-33.171673,0
84.58615,22.363424,1
58.85588,-63.89721,0
-19.556623,10.578413,0
53.58143,-68.12277,0
103.7317,3.8236773,1
52.390007,-69.02381,0
71.848045,16.734802,0
11.31145,60.30653,0
29.746572,-84.12677,0
-21.165827,-21.823118,1
-17.158949,-33.23522,1
-21.12474,7.1832147,0
58.647167,-63.96074,0
4.181311,-97.968765,0
57.273357,14.216835,0
1.0341973,-99.51475,0
-54.37004,-27.338554,0
97.83308,-19.549145,0
-19.532038,10.5582695,0
-76.90515,-32.946457,0
15.992495,-88.33177,0
56.039345,-66.38061,0
14.610846,62.273907,0
-18.069191,-13.78287,1
-19.50811,10.549895,0
-8.928324,32.726894,0
12.010932,57.917698,0
9.816598,-93.34783,0
16.327751,-88.29738,0
-23.567383,2.7181337,0
46.24326,75.54021,1
-55.435223,-28.095964,0
32.811497,-83.01406,0
27.024271,-86.37531,0
2.4941976,-58.02908,0
-24.452572,-24.002335,1
59.140278,-63.6524,0
3.5864427,-97.645134,0
49.868443,-69.82158,0
64.854614,15.5809765,0
98.86437,-28.559011,1
30.46573,76.954254,1
31.901707,-83.19185,0
-72.2937,-33.646408,0
71.45173,16.66079,0
3.8223338,-98.1661,0
-19.326172,10.719672,0
-7.0810704,35.683342,0
14.453203,61.981644,0
-21.499352,6.3919945,0
30.01383,-83.9713,0
57.06358,-65.69156,0
58.220104,-64.42497,0
25.983398,3.2830908,0
103.70246,3.8546152,1
31.255764,77.75026,1
14.320217,-3.1380503,0
-23.377817,2.5117633,0
-23.199377,2.8785708,0
-17.58888,-12.9114065,1
14.47678,0.063341,0
52.497326,-69.11657,0
-16.243898,21.855364,1
3.6520317,-98.392,0
17.915167,-87.57298,0
61.70915,15.591877,0
-50.63991,-25.068176,0
-46.754757,-24.196959,0
28.374298,-85.51426,0
-21.154896,-21.892807,1
83.146866,21.293056,1
28.075073,77.04124,1
18.737438,66.89879,0
56.50107,-66.201584,0
57.187782,-63.888134,0
50.428314,-69.795876,0
-4.2006683,38.016415,0
50.441067,-69.80506,0
67.19594,15.887327,0
51.833015,-69.347305,0
96.521835,-16.217207,0
-6.9388824,35.42619,0
81.560844,20.27908,1
14.710968,-0.062423863,0
-68.18087,-32.339565,0
-80.78871,-33.189915,0
-75.62996,-33.569233,0
-21.990198,4.268911,0
56.84689,13.910137,0
-9.707114,28.067137,0
-9.640658,31.472672,0
34.65321,-83.34857,0
-3.7528763,38.12717,0
-23.40608,1.8297957,0
45.27695,72.4804,0
-80.73573,-33.21509,0
-2.6995203,39.168873,0
-2.0926654,-103.30126,0
53.761734,-68.04932,0
18.892328,67.01244,0
80.56532,19.718618,0
33.73759,8.6713915,0
46.244965,75.66383,1
17.493748,-2.1666827,0
11.845464,57.759563,0
33.41066,-83.120865,0
29.609938,75.8862,1
-21.904085,4.2595224,0
17.505022,-2.0493233,0
1.4540949,-99.50563,0
27.889406,-85.99761,0
-2.677793,39.141624,0
51.81345,12.0582485,0
19.709267,-86.31266,0
3.952561,-98.28174,0
17.929914,-2.2346847,0
26.922743,54.88066,1
-33.920734,-11.70277,1
-20.719685,7.6129203,0
71.720634,16.567108,0
-3.0336916,-104.919,0
-76.96197,-33.42834,0
19.782146,-86.212494,0
22.79795,71.43626,0
-7.3314157,34.555855,0
81.989044,-3.600112,0
-38.86636,-5.7047305,0
-46.294025,-24.178682,0
-4.201708,-105.46999,0
34.940582,43.584576,1
26.188433,3.3502462,0
1.0128521,-57.497684,0
31.226425,77.4729,1
-56.36922,-29.183569,0
69.523865,16.225895,0
63.257122,-63.052002,0
68.549065,16.088049,0
-3.1302557,38.492447,0
66.49737,-61.567574,0
32.311775,8.010469,0
52.09027,12.112054,0
-21.071775,6.6712985,0
-34.525078,-12.397537,1
-60.277622,-28.682707,0
8.516933,-96.4946,0
-23.425924,1.7372721,0
2.478667,-62.001377,0
33.43689,-83.1894,0
66.36028,15.683498,0
-53.86435,-27.557034,0
30.119719,6.736371,0
-47.646908,-24.78021,0
-0.07087398,-102.5246,0
98.6496,-26.348768,0
-79.03137,-34.65515,0
-7.7312093,33.719345,0
-1.8147137,-103.20725,0
-3.1819305,38.258953,0
-15.194867,22.563513,0
77.988304,1.0363983,0
16.212435,-88.664566,0
-68.386826,-32.73408,0
10.054357,-5.520029,0
-32.851616,-14.035013,1
29.631676,75.837944,1
-53.85021,-27.63951,0
81.19532,-2.6371453,0
12.183687,58.003433,0
50.833866,-69.88265,0
26.766724,-49.609993,0
56.525597,-66.69942,0
62.375423,-63.052456,0
80.587006,19.671154,0
-2.9673424,38.405235,0
99.00264,-29.280031,1
12.467651,-92.77705,0
19.22648,67.31628,0
-22.089083,3.4981165,0
-50.056072,-25.777706,0
23.372349,71.73419,0
-16.826012,-11.870241,1
-9.440331,27.98394,0
-20.990707,6.662326,0
107.57938,12.713623,1
-2.1806326,-103.777374,0
-47.863525,-25.010695,0
-55.878204,-29.231407,0
-17.186335,-33.310562,1
71.56521,16.47406,0
31.265526,77.49482,1
82.50062,20.641243,1
7.651262,-6.361266,0
26.261824,3.337866,0
-54.45032,-28.282732,0
-68.78171,-32.92669,0
54.76442,-68.0337,0
12.886194,-92.40088,0
-19.19208,10.099662,0
-21.643534,4.064106,0
13.800117,1.4815545,0
50.864044,-69.92505,0
-2.1839256,-103.80614,0
-71.03395,-33.944817,0
-8.777279,-21.18545,1
33.880543,8.513293,0
28.382868,-85.701,0
-7.601386,33.66807,0
-17.501062,21.354351,1
58.08606,14.166108,0
53.858112,12.918132,0
54.239285,-68.50659,0
4.1241903,-56.31032,0
66.31967,15.618654,0
-23.030983,18.494923,1
45.181847,67.19769,0
71.97326,16.458153,0
9.162571,56.77984,0
-17.258026,-29.44128,1
28.385729,-85.71199,0
-68.3906,-32.955013,0
26.040243,73.47712,0
15.052487,62.04274,0
-19.21178,18.043266,0
63.10854,-63.3198,0
-79.35514,-34.812653,0
14.650004,-3.175344,0
58.113728,14.134705,0
4.271906,-6.59578,0
-47.35171,-24.924408,0
31.090042,48.14437,1
70.03932,16.259434,0
4.295174,-98.45815,0
97.18318,-18.437288,0
-2.4228354,38.751804,0
-21.043226,6.3939533,0
-22.470451,2.6487308,0
-2.8770502,-105.07873,0
7.931592,55.98948,0
19.692858,-86.84406,0
-2.3999324,-104.49139,0
-3.7855787,37.89839,0
61.721855,15.265238,0
26.534664,-49.69026,1
-7.317249,-21.27891,0
80.40697,19.59389,0
28.442955,5.4293704,0
31.558876,47.887627,1
45.400997,65.322235,0
67.45437,-61.138763,0
28.73862,5.69283,0
-76.46226,-34.60639,0
71.04677,16.337091,0
-47.38999,-24.971199,0
13.311607,58.952423,0
-45.02731,-24.446177,0
-55.440742,-29.265,0
-70.905334,-32.518642,0
3.970406,-99.18382,0
50.974377,-70.03958,0
29.271107,75.38236,0
46.20484,75.77575,1
-22.737803,2.2489023,0
-47.023277,-24.79526,0
-46.594006,-24.62717,0
54.125996,12.938434,0
2.85667,-59.52414,0
67.26753,-61.4786,0
-48.0454,-25.290129,0
58.65132,-64.50976,0
-8.936135,28.246176,0
31.369331,77.386925,1
55.354694,13.172907,0
1.8643143,-102.47402,0
-3.9756672,37.329285,0
29.521322,-85.035965,0
-18.745361,10.313771,0
9.958448,-95.25722,0
-16.722202,-17.64269,1
-78.01491,-34.86589,0
32.45036,49.22277,1
84.54879,21.690155,1
-45.390125,-24.540262,0
53.621593,-69.381584,0
29.4942,48.39757,1
4.8513336,-6.4543166,0
64.82447,15.37028,0
29.418829,-84.904015,0
-68.66662,-33.222885,0
-21.802916,3.0445766,0
-46.568157,-24.674341,0
-7.051549,34.183056,0
17.978775,-89.348724,0
23.101088,71.310776,0
-8.8344,28.577404,0
103.71071,3.6728075,1
-55.053032,-29.179714,0
-78.615036,-35.02127,0
53.652714,-69.42263,0
15.488591,-2.919782,0
58.88738,-64.86427,0
67.41859,-61.406055,0
17.979282,-2.3574889,0
-54.29266,-28.677336,0
7.578082,-6.3774185,0
-34.1663,-10.989098,1
70.06989,16.161263,0
65.8424,-62.582558,0
-43.873745,-24.58816,0
7.2495522,-6.4865503,0
70.07651,16.156832,0
-44.270435,-24.610685,0
80.57703,19.53323,0
-9.243482,30.598442,0
1.9011402,-102.62135,0
-45.016823,-24.170563,0
-79.59094,-35.00243,0
56.38305,-67.30215,0
66.98122,-62.036137,0
82.56196,20.468864,1
-37.304848,-4.2086515,0
52.132305,11.906581,0
54.0764,-69.202995,0
12.856678,-92.96431,0
-17.08538,-31.74567,1
50.772663,-70.14391,0
-71.49302,-34.32496,0
44.967,69.75672,0
19.09773,66.843315,0
-68.094955,-33.3331,0
-44.577652,-24.582956,0
29.500153,-85.13517,0
4.74416,-98.5253,0
24.362576,-51.62572,0
9.822644,-95.61311,0
-21.137186,3.9759054,0
-74.21532,-34.973763,0
-79.57867,-35.08029,0
-70.50095,-34.067867,0
-3.4931166,37.46848,0
56.577023,13.44987,0
18.045193,-89.57189,0
7.929432,-6.527759,0
26.057955,-88.18299,0
35.41217,-84.59648,0
5.488731,-98.289276,0
-78.98733,-35.204556,0
62.515415,15.284516,0
19.35376,67.190155,0
29.066877,-85.268,0
-2.2295277,38.46817,0
-19.623499,-16.297735,1
46.16961,75.673096,1
54.511093,-68.94694,0
-2.641305,-105.35549,0
45.133263,67.11391,0
65.67961,15.405267,0
56.405643,-67.316055,0
-41.885277,-8.814256,0
28.717201,-85.56973,0
64.20007,15.28865,0
-8.878402,-21.417612,1
-78.96454,-35.236897,0
3.6967602,-60.7972,0
36.633476,-84.88908,0
-54.179142,-28.868917,0
17.92074,-89.69059,0
54.455414,-69.03319,0
10.781492,56.94437,0
65.21578,-63.12902,0
79.01821,0.25585052,0
28.898102,5.604463,0
25.793655,-88.3932,0
-68.10182,-33.583656,0
-21.093647,3.864497,0
25.534403,-88.38302,0
-49.84442,-26.959183,0
65.22232,-63.63763,0
-6.492739,32.97967,0
16.073696,5.5134187,0
66.98293,15.5383215,0
65.22191,-63.763786,0
10.364339,-95.32641,0
80.88497,19.690172,0
81.675224,-0.41791007,1
-18.200748,8.579217,0
28.05729,-86.327095,0
-3.66763,37.43369,0
15.617882,5.815215,1
52.64425,11.990721,0
56.7739,-67.25697,0
67.50914,-61.65683,0
33.40967,7.996451,0
45.03914,71.33393,0
-8.781214,27.917944,0
3.2338665,-60.739006,0
-67.86584,-33.587524,0
57.87316,13.892724,0
-2.1537704,-105.25854,0
35.640743,-84.980515,0
27.030361,-87.503235,0
24.16154,-50.002125,0
2.3723857,-102.51458,0
10.556427,-95.436264,0
33.707233,8.170125,0
85.62121,32.27424,1
32.500973,7.480492,0
-73.99588,-35.3859,0
-20.535786,4.293714,0
-41.234043,-7.7174234,0
65.68899,-63.609734,0
26.252178,-88.007034,0
29.45954,-85.83896,0
-21.643562,2.540461,0
14.258885,60.37239,0
25.77712,72.68452,0
-19.682344,18.358364,0
13.765984,-3.849899,0
23.670345,71.45884,0
-70.11249,-34.122593,0
65.34734,15.304791,0
-47.209145,-25.37401,0
8.418772,-97.68121,0
-52.555645,-28.469234,0
17.810259,-89.95716,0
-1.2313051,-105.083855,0
78.75498,0.5366819,0
-17.248745,-33.454765,0
23.403011,-48.966087,0
-43.537292,-24.683416,0
36.349346,-85.273155,0
-38.19073,-4.710603,0
10.262136,-95.58998,0
19.320745,67.001816,0
15.436061,61.852135,0
53.501083,-70.16403,0
71.941574,16.186838,0
-18.949932,20.433903,0
-39.19656,-5.2255225,0
15.610834,61.971657,0
-2.5268526,-105.47333,0
-73.914734,-35.423103,0
8.1529665,55.89788,0
-76.34238,-35.264214,0
44.998768,71.12296,0
80.827156,19.520443,0
-73.46188,-35.269955,0
-2.235955,38.13492,0
-48.04052,-26.041752,0
26.735136,3.496149,0
37.144005,-84.816986,0
-55.101936,-29.797197,0
65.05248,15.254165,0
36.84728,-85.05403,0
27.29809,-87.21996,0
-8.569694,28.07778,0
-2.6124537,37.818336,0
-52.836254,-28.671112,0
-48.01496,-26.174885,0
-46.843624,-25.25736,0
-34.926918,-9.863432,1
-75.727135,-35.29203,0
-21.78858,2.0381632,0
35.745422,-85.16637,0
32.072945,49.226192,1
-36.962955,-3.1831195,0
13.039314,-93.47911,0
52.82403,12.007377,0
4.628114,-100.33581,0
4.5056353,-6.6629963,0
73.75232,16.162773,0
-6.718828,30.305265,0
8.756905,-97.40259,0
-78.88284,-35.547768,0
-44.34013,-24.992197,0
45.051914,67.40196,0
26.822039,73.46816,0
-8.500438,28.082785,0
56.065918,-68.168846,0
-73.85607,-35.482697,0
29.63221,-85.68017,0
26.569912,-49.836143,1
-18.346699,20.770103,1
-78.60894,-35.625492,0
-8.489075,28.071089,0
27.25361,3.8939571,0
-31.83608,-15.112626,1
28.524387,74.528305,0
-53.540085,-29.133999,0
98.859184,-26.900764,0
56.908726,-67.46304,0
-21.10493,2.8188603,0
64.98733,-64.52146,0
-37.290207,-4.091746,0
-16.004725,21.78572,1
-8.600216,27.586006,0
85.633316,32.24414,1
19.240643,66.71245,0
25.458374,-88.794205,0
9.827123,59.624237,1
-17.23494,-33.387123,1
54.34515,-69.73209,0
4.479061,-6.7166796,0
26.864954,73.45148,0
-70.93438,-34.618637,0
64.35482,-65.123764,0
27.502073,4.0447917,0
52.899143,11.882897,0
46.123764,75.65561,1
1.6787046,-103.49175,0
83.29356,20.676933,1
-68.92648,-34.172615,0
19.02757,66.31173,0
-18.331455,6.7425776,0
25.837532,-88.61174,0
-0.8019746,-61.790905,0
19.31593,66.82049,0
71.53059,16.004555,0
-21.431818,-19.771263,1
27.11189,73.6017,0
-1.0621645,-105.27726,0
-76.2937,-35.4596,0
30.5743,6.213358,0
46.142258,75.749146,1
15.369635,61.650402,0
85.34389,21.744162,1
20.447388,-90.77047,0
-54.62583,-29.901522,0
83.293846,20.693102,1
45.173172,72.42673,0
72.21204,16.098724,0
-73.48179,-35.535686,0
63.0797,15.077771,0
64.469894,-65.264015,0
-17.233889,-33.206177,1
-18.941618,18.308203,0
85.220695,21.694849,1
66.85047,-63.07258,0
34.820236,-85.347885,0
53.69782,-70.44306,0
-68.1985,-34.12488,0
-44.317123,-25.029655,0
4.9083514,-100.19547,0
-5.3326073,33.62563,0
53.704563,-70.44747,0
2.047098,-57.56588,0
-6.0572724,32.680336,0
8.108893,55.791763,0
-24.518223,-26.018028,1
107.699066,0.24865809,1
32.781673,7.3917637,0
-8.40187,27.786825,0
-1.4828612,-59.563416,0
-0.6475668,-105.133835,0
26.31988,72.93197,0
33.84236,8.095059,0
22.005957,-90.3392,0
66.9738,-63.11089,0
30.917568,6.3013544,0
10.978686,-95.73469,0
-41.83388,-8.962725,0
91.53507,-3.7192771,1
-43.985508,-25.154955,0
-17.500906,9.434377,0
-73.76728,-35.705265,0
29.278738,75.01899,1
82.24634,-3.7320201,0
-0.62413377,-105.181725,0
-23.70919,-23.207785,1
-52.631897,-29.06345,0
-8.186128,28.252449,0
-17.572289,9.755299,0
0.3446822,-104.589485,0
-17.486235,9.659819,0
54.503834,-70.07781,0
32.95989,7.442232,0
36.76735,-85.79952,0
54.505005,-70.07387,0
68.423294,15.493977,0
56.503086,13.147665,0
-70.15089,-34.60245,0
-48.416973,-27.766584,0
23.754412,-45.43167,1
4.8511753,-100.46609,0
-19.914116,4.145631,0
-3.7745564,35.904675,0
67.45783,-62.57441,0
15.042795,61.3041,0
3.1906729,-60.873627,0
-19.627808,-16.36862,1
-17.765043,7.6587496,0
27.808617,73.957054,0
83.55587,20.722038,1
67.46267,-62.626007,0
26.576918,3.199341,0
-16.972029,21.434578,0
0.3572628,-104.703156,0
44.98735,71.328125,0
82.70536,-4.3146243,0
11.146332,57.058453,0
-80.10847,-36.663216,0
27.03916,62.83479,1
5.662093,-3.4384334,0
-20.803255,2.3282745,0
76.52423,2.1072485,1
8.577061,-98.00082,0
35.47479,-85.469315,0
-8.402489,26.787987,0
26.165813,-88.64692,0
3.7765005,-102.15133,0
30.82629,76.16771,1
5.127098,-100.19096,0
19.190945,-91.31686,0
8.155666,-6.851758,0
31.624006,76.95011,1
52.58803,-71.490234,0
2.5867782,-103.149445,0
-20.815973,2.4485583,0
-8.133541,27.973719,0
64.87728,-65.2381,0
-44.12563,-25.368414,0
-19.928988,18.38148,0
14.5191145,60.4319,0
66.16685,-64.14871,0
-2.4876218,37.364983,0
-0.4998179,-105.34517,0
62.776855,-67.73816,0
-67.25476,-34.85322,0
25.18728,-50.076363,0
11.987847,-95.456085,0
52.411633,11.58382,0
-5.6871204,32.848705,0
-19.480341,4.580533,0
45.1224,72.235825,0
3.4864945,-102.69975,0
37.14086,-85.97834,0
-17.332197,9.015069,0
8.091314,55.667103,0
-4.205924,34.32801,0
2.4722126,-61.12837,0
-17.87819,7.3162594,0
-0.87449175,-61.56863,0
26.364786,72.853905,0
84.465294,21.108301,1
20.137243,-91.22079,0
-17.887585,7.3792896,0
99.10617,-29.026035,1
65.205315,-65.02567,0
56.47853,13.059114,0
-70.86594,-35.0643,0
-2.021111,37.520706,0
24.133474,-49.023094,1
-49.04398,-28.513329,0
20.143196,-91.24026,0
24.842125,-51.20151,0
22.346321,-90.53409,0
5.105721,-100.426056,0
45.2953,65.37119,0
-78.359436,-36.18734,0
-18.861897,18.726696,0
27.678911,-87.77366,0
15.364023,-3.3471642,0
-19.662746,4.0619016,0
33.51215,7.7248306,0
99.05854,-28.585289,1
-52.827965,-29.462416,0
-0.41286466,-105.3988,0
23.803585,71.13266,0
8.277889,-6.9066024,0
8.8081,56.060047,0
-15.646147,19.342615,0
25.980833,63.551384,1
62.72409,-67.81065,0
7.8416185,-6.896047,0
60.450638,13.412316,0
45.991817,75.44155,1
29.041723,74.706505,0
-73.37649,-35.81288,0
-77.92647,-36.240944,0
64.453445,14.973722,0
13.635318,-94.14902,0
36.47418,-86.10943,0
78.59838,0.7780699,0
84.19531,-10.379183,1
58.284294,13.506444,0
4.1472826,-60.77012,0
13.886108,59.28715,0
72.33238,15.9008465,0
85.10978,21.389084,1
67.712685,15.270775,0
-5.7217627,30.696108,0
53.269943,-71.7268,0
14.201607,-3.8707392,0
-19.751314,3.6779053,0
63.039585,-67.70845,0
8.651513,-98.23057,0
-17.035788,-12.362179,1
35.843758,-85.89862,0
11.142593,57.073376,0
60.859306,-68.63507,0
-19.733826,-24.003872,1
76.75153,2.0643773,1
97.09974,-17.245565,0
18.888987,-91.72136,0
-76.38987,-36.00106,0
8.399586,-6.958973,0
-78.70976,-36.35878,0
7.9462886,-98.83997,0
32.04275,-88.94991,0
0.56920373,-104.9068,0
82.435814,-3.9343734,0
26.225307,-88.83123,0
36.13147,-85.90997,0
-55.346813,-32.422234,0
74.903534,16.164,0
-67.79597,-34.878525,0
-21.529425,-20.037146,1
11.675853,-95.74784,0
-54.978127,-32.112095,0
82.23147,-3.6536229,0
-53.06588,-29.884981,0
24.730566,71.48275,0
106.42322,12.1677065,1
-43.602467,-25.541876,0
-5.7349663,30.301394,0
-73.26176,-36.043167,0
9.970499,59.73349,1
-1.1424792,-61.51207,0
9.675995,-97.46326,0
34.72256,42.987564,1
-17.179909,8.428801,0
11.353545,-96.08466,0
6.2528467,-6.9046006,0
54.83844,-70.57612,0
-53.901344,-31.218208,0
83.13212,20.318537,1
-73.25153,-36.054653,0
27.346478,62.84303,1
3.202879,-103.01508,0
-53.675205,-30.52703,0
56.210033,-69.91521,0
32.074036,77.07209,1
26.86089,-88.6067,0
-55.202602,-32.381977,0
32.8793,7.1575584,0
32.537006,6.934147,0
61.74158,-68.6198,0
11.58144,57.24705,0
-7.930318,27.641022,0
-67.67595,-35.075638,0
-68.001144,-34.963783,0
2.075757,-61.483727,0
62.830597,-67.890335,0
25.871212,-89.07512,0
76.580086,2.687741,1
108.33877,0.035555627,1
23.870058,-90.375946,0
82.26635,19.791454,1
-1.9113249,37.155117,0
37.516907,-86.44711,0
3.4198132,-103.10223,0
33.051907,7.2389574,0
13.189296,-95.01233,0
18.901878,-91.9515,0
-30.780376,-16.120337,1
14.518865,-3.7756214,0
89.41825,-5.5769343,1
65.10358,-65.66967,0
56.423492,-69.93891,0
-17.105204,8.504024,0
-52.982574,-30.024832,0
28.50489,74.195404,0
-79.52877,-37.017704,0
-16.356949,21.645187,0
-17.091068,8.466411,0
-18.484335,5.4195757,0
11.772556,-95.92894,0
-17.472788,-29.130075,1
32.989002,79.20285,1
18.561686,-92.10132,0
-74.288635,-36.229126,0
-73.85103,-36.533733,0
-45.96337,-27.457207,0
61.800137,-68.68391,0
36.509483,-86.36667,0
72.615295,15.812098,0
-18.063585,6.1268773,0
65.14025,-65.76273,0
85.65316,21.677263,1
-11.000125,-22.099072,1
-35.057953,-12.654665,0
35.804535,-86.05063,0
26.967913,73.10615,0
62.127262,14.505784,0
103.45737,5.5391417,1
23.571932,-46.178703,1
-43.530106,-25.749802,0
107.69868,12.830833,1
28.024439,4.1452956,0
1.0678554,-104.79892,0
78.3252,1.0498605,0
-77.97695,-36.728283,0
-73.51534,-36.480827,0
-46.28828,-27.646637,0
11.8227825,-95.95936,0
-7.84018,26.90121,0
25.394392,-49.996998,1
19.371145,66.21975,0
-71.57429,-35.893456,0
6.7211637,-6.95613,0
3.029309,-103.4382,0
16.668232,-93.8353,0
53.29718,-72.16455,0
26.735474,72.907,0
52.586273,11.54561,0
27.819103,-88.63329,0
26.768322,-88.86188,0
-0.59015393,-106.58925,0
65.17423,-65.88365,0
19.842058,-91.700554,0
-41.18687,-7.7453656,0
22.981907,-90.75397,0
32.57243,6.857111,0
85.36934,-10.512536,0
32.574223,6.8628182,0
62.191063,-68.51342,0
2.3316903,-62.376286,0
20.277138,-91.59871,0
67.33929,-63.976105,0
15.4135685,-3.4722066,0
24.796946,71.4118,0
26.011974,63.445126,0
25.28256,71.73205,0
-17.774553,6.5382314,0
68.26956,-63.001163,0
32.74625,6.9726777,0
-19.446577,2.579163,0
-7.477093,27.845133,0
53.741905,-71.899956,0
20.84576,-91.52447,0
62.70908,-68.22358,0
33.22634,77.56142,1
-17.553524,6.9182115,0
-19.693672,-16.471853,1
0.33319345,-105.35575,0
25.905123,-51.958317,0
32.47604,77.18288,1
96.92546,-16.51851,0
-17.757032,6.510458,0
25.935036,-50.574787,1
66.60745,-64.696754,0
25.901209,72.213486,0
-15.072249,20.45988,0
-54.855175,-32.261253,0
-69.34033,-35.40123,0
14.623362,60.15782,0
31.60134,-87.13977,0
33.828316,7.776652,0
28.36013,4.3693476,0
-19.33899,2.171438,0
-5.3764415,30.06726,0
67.01348,-64.408676,0
62.899128,-68.02135,0
-78.26117,-36.838055,0
-67.238495,-35.39604,0
15.405985,-3.4956717,0
-44.175724,-26.409956,0
13.5133295,-95.33592,0
-77.954506,-36.876785,0
34.067944,7.889399,0
55.150085,-71.0197,0
20.935244,-91.62025,0
61.051907,-69.51156,0
0.51196295,-105.69991,0
55.11942,-71.00194,0
14.988577,-3.6648238,0
4.3293257,-102.69783,0
-34.266747,-11.30537,0
-5.3894095,30.094385,0
31.022146,-89.3551,0
17.53956,-2.9169686,0
-47.449276,-28.793516,0
-48.118996,-28.983263,0
30.557938,-89.32814,0
1.5060736,-105.01098,0
66.08476,-65.321556,0
15.650234,61.2958,0
-16.03072,18.693018,0
-5.790358,29.255732,0
45.07314,66.27268,0
-0.503899,-106.7657,0
0.40183812,-105.41919,0
82.066284,19.597677,1
-48.125946,-29.004456,0
29.310888,74.6368,0
-19.11712,3.3206034,0
-50.299892,-30.172796,0
-46.831326,-28.593811,0
-70.66774,-36.32574,0
62.30081,-68.62962,0
-53.300762,-31.491129,0
85.706505,21.61034,1
14.597507,-3.8290405,0
55.17979,-71.088646,0
4.0819335,-102.99127,0
4.2181354,-57.163292,0
10.052879,56.43708,0
81.57951,-2.8222136,0
19.894417,-91.988914,0
-73.637375,-36.86281,0
99.05682,-27.76344,0
13.354418,-95.24883,0
33.222874,46.84538,1
82.30489,19.68492,1
-18.824324,0.8478448,0
8.571558,-99.258286,0
76.40053,2.258442,1
30.53566,75.43431,1
68.12623,-63.852272,0
63.809513,-67.520874,0
0.89336824,-105.321465,0
79.67414,0.1913228,0
-41.652153,-8.478563,0
15.654276,61.27397,0
9.889477,56.35771,0
99.2019,-29.238157,1
-1.2374043,-61.423218,0
-16.923094,20.713318,0
64.42809,-67.048515,0
85.301056,-10.442673,0
61.84859,14.291468,0
32.00617,-89.531105,0
25.60291,-51.666374,0
53.170982,11.576741,0
7.0742097,-100.88138,0
54.39689,11.854642,0
-48.456448,-29.30263,0
23.630465,-90.844215,0
-19.021402,2.4182806,0
32.564514,77.10469,1
10.728194,-97.46081,0
28.262585,73.83391,0
30.885895,5.659843,0
-3.594625,32.732235,0
106.867676,12.481026,1
8.595652,-99.324326,0
19.424423,-92.39095,0
53.9135,-72.24832,0
-0.54202414,-107.02391,0
-53.16886,-31.442528,0
-1.7508881,36.604004,0
3.8461835,-103.25685,0
68.069855,15.066058,0
10.580364,56.670425,0
8.413344,-7.181536,0
97.76281,-16.673473,1
-17.337048,7.068656,0
4.510395,-102.743515,0
-0.38299748,-106.849846,0
-67.25108,-35.94508,0
-3.5592794,32.71461,0
-7.0271792,27.801743,0
19.934776,-92.138824,0
-44.06379,-26.882383,0
64.40556,-67.13958,0
4.735099,-102.70378,0
65.46258,-66.30468,0
32.980354,79.22566,1
-0.67919314,-107.35466,0
-0.7787303,-61.92142,0
37.466614,-87.27258,0
82.70236,-4.2129087,0
2.946384,-60.655907,0
-16.758415,7.974193,0
-53.89101,-31.979752,0
-0.2974644,-106.80787,0
64.87023,14.7303295,0
107.49116,0.33494654,1
-54.88761,-32.656002,0
-67.77349,-35.90065,0
0.26251814,-106.18073,0
10.851043,-97.56413,0
-73.502975,-37.124672,0
-41.43078,-7.9223204,0
-43.48071,-26.33178,0
13.418725,-95.64466,0
-18.718803,1.6941938,0
-2.343718,34.31671,0
-77.93107,-37.19565,0
13.544904,-95.41118,0
-17.211514,-31.422117,1
-1.5010104,36.708836,0
8.850643,-99.18114,0
44.864056,71.02517,0
62.849834,-68.57717,0
14.401967,59.69336,0
9.593109,56.21843,0
-18.71493,3.710508,0
66.59733,14.76927,0
-1.6084797,36.58832,0
-17.241587,-12.5132885,1
-48.24881,-29.673182,0
5.991865,-101.81856,0
-16.818665,-17.705992,1
-55.26148,-33.012863,0
27.070166,3.2686262,0
10.05466,56.40791,0
27.381456,73.1559,0
55.996944,-71.08679,0
-0.38483357,-107.045135,0
44.75317,69.44925,0
15.812416,61.26614,0
-79.68271,-38.01961,0
34.411095,-88.983406,0
13.743226,-95.5014,0
33.37255,-89.42809,0
-50.759068,-30.710142,0
31.919874,76.37997,1
-48.140003,-29.261684,0
52.85817,11.396803,0
37.72524,-87.40495,0
32.919147,-89.51544,0
-45.619335,-27.902494,0
14.902315,-3.8523803,0
78.99046,0.53449404,0
57.73795,13.049386,0
-45.246944,-27.738483,0
10.044302,59.78006,1
-5.432288,29.23369,0
27.006094,3.1639695,0
-4.816252,30.293669,0
-43.678112,-26.546171,0
-7.4055243,26.418846,0
25.373363,-51.611378,0
-17.38638,-29.307898,1
23.178066,-91.2429,0
53.879303,-72.53531,0
82.777916,-4.292781,0
74.440834,15.869384,0
-37.387638,-4.5365825,0
7.173818,-101.116425,0
-43.739647,-26.768482,0
-20.474918,-22.500761,1
33.092968,48.00742,1
-16.244823,8.516683,0
14.33453,59.482944,0
-2.9786196,31.133022,0
-0.11193592,-106.84434,0
81.59637,-2.812773,0
24.646755,71.128365,0
63.852646,14.625991,0
-37.344475,-4.597597,0
-67.4344,-36.188717,0
-1.4164346,-59.711304,0
-2.2077541,31.895966,0
44.89322,71.3202,0
33.222897,77.40749,1
81.8761,-3.1269214,0
-38.48085,-5.3294115,0
-41.307655,-7.80667,1
13.450261,-95.71183,0
-23.647448,-23.651361,1
-43.23652,-26.45842,0
63.624664,14.590672,0
-1.5279028,36.55436,0
21.82758,-91.82791,0
-15.580355,21.725714,0
82.67482,-4.1490393,0
24.328405,-91.056564,0
44.736984,69.24046,0
33.377094,-89.49911,0
72.17836,15.318852,0
23.736906,-45.792374,1
44.98828,71.95652,0
14.711755,-95.22797,0
27.640825,73.27564,0
29.2913,-89.75749,0
-79.98014,-38.395584,0
18.994068,-93.01097,0
36.098366,-88.13153,0
13.251316,-95.74831,0
-72.44077,-37.57197,0
66.05114,-66.18657,0
-5.99431,28.427418,0
9.942374,59.700115,1
99.06689,-27.6539,0
-18.394207,0.7876245,0
27.995035,3.8793845,0
-79.96807,-38.41285,0
68.31885,-64.22483,0
-17.976536,-13.783922,1
-16.253296,8.242601,0
-45.40982,-28.116001,0
10.058144,56.35749,0
-77.90535,-37.499756,0
-45.583336,-27.945957,0
-52.857,-31.880667,0
-4.3029037,30.634586,0
53.986443,-72.697235,0
71.11412,15.015079,0
25.850023,-51.469612,0
-34.906097,-10.217124,0
55.754528,-71.472694,0
-5.4747286,29.125996,0
14.34692,0.38073915,0
34.78538,43.34085,1
-17.94898,4.8922415,0
-70.051384,-37.16072,0
65.71218,-66.6594,0
65.71459,-66.66287,0
60.58718,13.395431,0
23.786179,-91.22987,0
32.69914,76.97676,1
65.416176,-66.91069,0
21.862005,-91.94932,0
31.684286,76.00468,1
85.991,30.788208,1
7.2424564,-7.253158,0
-3.8416302,31.028416,0
8.616613,55.771687,0
-36.369484,-5.5693693,0
10.216216,56.45461,0
23.19949,69.55479,0
4.102516,-56.89685,0
36.124428,-88.26466,0
-66.3913,-36.61521,0
31.278257,49.608955,1
-79.46788,-37.93769,0
29.570816,-90.2294,0
52.706448,11.30832,0
19.528164,-92.68028,0
97.55725,-18.751741,0
51.47852,77.21383,1
19.668203,-93.40201,0
-5.9220953,28.390965,0
-17.293268,-30.935648,1
25.991617,-50.718746,1
31.078428,-89.92778,0
67.52217,-65.19139,0
53.917427,11.0265465,0
-17.218746,-31.50684,1
-7.220593,26.39604,0
23.94469,-93.50684,0
-48.136925,-29.54027,0
68.01396,-64.8472,0
17.684067,-93.969925,0
70.8432,14.952052,0
-4.76783,29.768274,0
1.9554182,-105.92627,0
65.75365,-66.70983,0
37.534492,-87.797615,0
62.767254,14.3885355,0
-2.2955496,33.636555,0
56.162613,-71.39682,0
26.177069,-51.11573,0
11.890256,-97.2637,0
107.914635,12.953615,1
-70.443275,-37.433502,0
-15.731331,8.533165,0
-0.40526286,-107.565636,0
8.4087925,55.673298,0
32.98057,-89.668686,0
16.903074,-94.34669,0
44.852955,71.22041,0
16.26464,-94.73456,0
-19.052795,17.541252,0
61.720943,-70.53525,0
85.41034,21.188597,1
87.47891,-8.170064,1
-18.56422,1.1882035,0
26.033094,-51.79142,0
61.40006,-70.680504,0
33.09402,77.36088,1
-45.499218,-28.02326,0
27.722773,73.22138,0
-5.8809876,28.31892,0
36.134468,-88.377014,0
21.37547,-92.343285,0
20.07524,-92.61406,0
-16.360346,21.464594,0
9.227051,55.97347,0
33.84362,-89.45185,0
28.662268,4.3012333,0
32.87208,77.03638,1
70.09926,14.869017,0
11.93739,60.685543,1
74.25324,15.774044,0
-67.68228,-36.582237,0
4.942167,-103.35062,0
33.200268,6.772417,0
35.700897,-88.62221,0
-31.882328,-15.105826,1
6.4409833,-102.08433,0
63.021717,-69.79714,0
-6.5653057,27.397896,0
0.38664532,-106.974174,0
-79.71085,-38.500027,0
-49.373257,-30.48197,0
-4.8197103,29.816357,0
-37.65907,-4.6755743,0
7.326509,-101.40374,0
-51.24772,-31.495827,0
-51.639626,-31.699501,0
-17.836494,17.65094,0
-79.994514,-38.64294,0
37.629868,-88.06154,0
-1.7734151,34.780014,0
90.88102,-4.7476707,1
31.029762,-90.032104,0
92.759766,-4.435728,1
-21.315311,-20.103146,1
37.81375,-87.873634,0
21.402466,-92.4037,0
53.876488,11.5466,0
-48.947594,-30.24329,0
72.65279,15.317499,0
-15.706768,19.964382,0
-72.06673,-38.058155,0
-8.703605,-11.766597,1
-19.564806,18.134838,0
19.992048,66.33645,0
-42.63595,-26.768229,0
106.689514,12.402203,1
-18.040497,2.1689289,0
81.502754,19.020119,0
27.742638,-90.65349,0
34.390533,-89.271416,0
-4.174565,30.616667,0
16.933758,-94.41866,0
27.77583,73.190796,0
97.3104,-17.570463,0
-48.91126,-30.285158,0
-54.8296,-33.409885,0
23.43955,-46.27306,0
85.30033,21.042397,1
-47.906372,-29.915047,0
37.826946,-87.962395,0
56.99221,12.64603,0
33.003895,6.6693306,0
26.18052,-51.37762,0
-79.418076,-38.45791,0
-77.49309,-37.950924,0
22.058138,-92.11564,0
-3.6979659,31.045122,0
31.96487,76.10038,1
85.07121,20.855238,1
9.51462,56.073185,0
68.64006,-64.327805,0
-52.64558,-32.17488,0
-20.267124,-20.538025,1
-18.038712,1.8775145,0
55.485672,-72.95369,0
65.66215,-67.18654,0
-18.563606,17.22176,0
-78.72401,-38.369358,0
24.255281,-91.36628,0
-0.92586756,-61.86629,0
45.015648,66.11553,0
67.66302,-65.44719,0
28.201958,-90.57276,0
-18.500792,-26.554739,1
85.039085,-10.335394,0
9.188773,-100.00484,0
32.85797,6.506932,0
-41.46014,-7.559393,0
54.349545,11.63173,0
9.504381,56.081306,0
10.845352,-98.63326,0
-3.1251853,32.06398,0
54.287796,-73.02088,0
98.035805,-19.849728,1
7.781347,-101.15354,0
53.356262,11.400142,0
33.33722,-89.71289,0
34.50312,42.75917,0
-37.11518,-4.5127225,0
67.84007,-65.40948,0
-71.988594,-38.137947,0
-67.33809,-36.920082,0
32.144466,76.21858,1
-43.623688,-27.564814,0
32.98259,48.691605,1
98.91726,-25.392366,0
73.54045,15.519724,0
-49.338203,-30.623178,0
53.9022,11.438555,0
6.8935256,-101.92567,0
-49.834488,-30.92194,0
73.77265,15.58466,0
26.912928,2.696535,0
31.710087,-87.190056,0
30.461222,-90.2235,0
36.91578,-88.520454,0
-1.4457158,36.06751,0
-44.721497,-28.005207,0
63.232193,-70.15398,0
4.4089284,-104.3174,0
1.8334051,-106.5805,0
-52.2317,-32.133408,0
-79.38217,-38.535526,0
-48.93439,-30.411896,0
-52.908054,-32.45237,0
-18.006887,1.3127315,0
44.749725,67.77395,0
28.609257,-90.14792,0
-69.90192,-37.666084,0
-52.383976,-32.394028,0
24.62559,57.71024,1
82.636444,19.560379,1
18.32077,-93.84666,0
-47.627106,-29.579939,0
-36.429317,-5.460642,0
-6.5548,27.03982,0
15.806134,60.88357,0
8.685485,-100.42058,0
29.967909,-90.35469,0
32.471996,6.3006353,0
17.85961,-3.1752903,0
34.62657,-89.24243,0
34.2105,7.5237675,0
17.270102,-3.241601,0
26.353922,-50.357414,0
33.359238,77.35,1
32.48181,-89.96303,0
-66.71669,-37.020412,0
-72.38083,-38.43248,0
58.059177,12.918553,0
-73.038345,-38.57777,0
-3.0626833,32.116837,0
37.401787,-88.54827,0
22.503618,-92.05503,0
30.880081,5.3650413,0
22.51374,-92.05087,0
8.781696,-100.402885,0
2.4077883,-57.538364,0
33.941402,-89.51519,0
1.1660753,-106.93083,0
67.54468,-65.83615,0
82.258896,19.373045,1
19.670233,65.66182,0
-54.448814,-33.525497,0
24.74458,70.96578,0
28.203114,73.38124,0
-15.248226,9.169359,0
72.6973,15.224771,0
-67.65476,-37.205074,0
-45.601536,-28.534166,0
-51.533325,-31.952126,0
-17.90928,1.8056966,0
35.725246,-88.81946,0
-5.673496,28.213615,0
37.622456,-88.2589,0
33.252644,47.075428,1
25.530123,71.52857,0
-1.3268878,36.207943,0
-15.636502,8.08845,0
-38.443867,-5.3739777,0
63.395184,-71.083466,0
-71.15529,-38.135498,0
37.216843,-88.37665,0
14.4113035,59.321396,0
27.603264,3.4508226,0
-71.37905,-38.35369,0
84.206665,-10.31542,1
-19.98098,17.86629,0
12.285316,-97.82102,0
-15.512075,8.220217,0
24.088388,-93.00664,0
36.709354,-88.538445,0
23.709814,70.04969,0
54.824276,-73.14636,0
68.9646,-64.51566,0
98.91978,-25.091429,0
28.737888,4.2294474,0
55.702522,12.021625,0
-2.3039765,33.139217,0
-0.89298266,-61.648357,0
-72.63055,-38.5798,0
15.2677765,-95.58317,0
65.113174,14.4332285,0
-18.316444,1.1518725,0
25.92833,-51.69517,1
35.731922,-88.851494,0
-38.520008,-6.1458783,1
33.123363,48.376766,1
54.82219,-73.24941,0
98.9258,-25.38789,0
34.52647,-89.34123,0
69.29271,-65.0481,0
7.877742,-7.464596,0
-72.967186,-38.65691,0
-10.392047,-21.736908,1
14.339522,-0.08359694,0
44.836044,67.02117,0
12.280112,-97.84778,0
20.973848,-92.94691,0
29.554487,-90.533424,0
24.064428,70.3685,0
-15.814872,19.34136,0
-22.877707,18.505962,1
21.809156,-92.490524,0
-18.883734,-21.770031,1
15.567894,60.577034,0
-18.284595,0.9461445,0
64.02112,14.433254,0
-17.698378,18.20506,0
4.978366,-7.117638,0
32.69693,6.289101,0
31.639076,5.7483444,0
14.599742,59.533287,0
18.306158,-93.962135,0
18.747059,-93.75532,0
69.025185,-64.58336,0
37.04113,-88.70416,0
-6.2329803,27.336575,0
54.76626,-73.25293,0
5.0499167,-103.94799,0
-54.90714,-33.85459,0
-17.764277,1.9997839,0
-51.07025,-31.838291,0
11.028845,-98.797745,0
4.2145815,-57.48202,0
29.611696,-90.46584,0
7.2561593,-102.02812,0
72.12365,14.983945,0
0.021246292,-107.83057,0
-14.971741,8.863892,0
-66.63365,-37.17224,0
12.404646,-97.91371,0
-71.85129,-38.50029,0
23.191065,69.45312,0
-67.33656,-37.254524,0
2.2786343,-60.967804,0
-78.411865,-38.65564,0
-71.28464,-38.505142,0
19.540264,65.067024,1
55.189507,-73.17963,0
-1.3128997,36.130905,0
26.090488,-50.404064,0
33.148266,47.530937,1
34.17322,7.5336194,0
81.638466,-0.42828202,1
97.0865,-16.544113,0
33.377865,6.3989105,0
1.9495856,-106.77698,0
32.92653,-89.94455,0
-48.578503,-30.731255,0
23.374592,-91.869835,0
-79.33416,-38.818634,0
28.795383,-90.73471,0
-17.348526,2.9217367,0
-17.5616,2.3404794,0
14.754556,-4.1892843,0
-17.345541,2.9216971,0
-1.7710563,34.04779,0
-3.5616808,30.650728,0
28.76882,-90.6745,0
44.647667,69.388535,0
-2.4537308,32.828167,0
74.79109,15.869852,0
33.106873,76.99792,1
1.3705244,-107.238815,0
22.926624,-92.02186,0
9.171423,55.87074,0
62.669003,-71.2327,0
-15.143143,8.614509,0
5.767592,-3.63381,0
82.59622,-3.937206,0
31.798445,75.719444,1
-2.7752874,31.78854,0
9.880291,-99.76595,0
-51.430477,-32.09093,0
33.343636,77.19324,1
-1.3514485,32.3158,0
1.9473244,-106.87215,0
7.036463,-102.36051,0
64.548454,-69.64965,0
55.905037,-73.18893,0
82.6701,-4.044781,0
-17.931387,19.2701,0
63.48179,-70.51281,0
-3.541246,31.153044,0
92.73796,-4.260713,1
19.15103,-93.684395,0
32.960865,-90.000854,0
28.03234,-90.82796,0
15.085479,-95.92593,0
4.080059,-56.72358,0
2.2072594,-106.69614,0
-52.31826,-32.461315,0
-15.134052,8.541272,0
67.37988,-66.340004,0
67.63451,-66.03606,0
29.560402,-90.594864,0
-53.966625,-33.52183,0
6.8793635,-102.42733,0
-66.325806,-37.235306,0
-2.8426056,32.034058,0
64.1784,-70.100235,0
107.899445,0.12845024,1
-1.8855124,33.695145,0
-5.97037,27.541447,0
-17.702965,1.8317958,0
19.691227,65.49726,0
32.313522,6.057727,0
-15.680927,19.366257,0
-2.609698,32.426327,0
83.71839,19.905462,1
-2.2051597,33.106457,0
-43.60949,-27.831406,0
27.809946,3.5179768,0
15.662983,-3.7966623,0
62.59182,-71.1483,0
-42.752335,-27.37928,0
29.169676,73.7969,0
65.91969,-67.78984,0
7.8345876,-7.5325065,0
-15.589705,7.243012,0
65.86015,-68.0376,0
15.288028,-3.9267533,0
15.870001,60.71902,0
63.188343,-70.791794,0
-49.852306,-31.296284,0
37.497166,-88.75684,0
-35.50755,-9.784377,0
-66.7466,-37.35016,0
30.102636,-90.493004,0
25.117575,71.11584,0
71.9439,14.885289,0
62.657116,-71.20042,0
2.2039857,-61.48846,0
16.885788,-3.4221125,0
32.591805,76.37475,1
78.07251,1.4657146,0
-72.125725,-38.726933,0
97.75633,-18.99119,0
-17.602797,1.9042041,0
30.908974,-90.435936,0
68.75816,-64.82625,0
-34.49246,-11.396603,1
44.637203,68.79159,0
-70.89651,-38.45367,0
32.860428,76.62918,1
14.500572,59.29343,0
-2.1584363,32.997593,0
5.7926965,-3.359841,0
31.503067,-90.34843,0
-66.0917,-37.31228,0
13.921952,1.1683781,0
99.12775,-27.6072,0
0.5745878,-57.211502,0
12.931228,60.267166,1
-68.140755,-37.66682,0
-37.670345,-5.2452607,0
9.8729105,-99.85206,0
-71.47051,-38.55474,0
-2.3612819,32.72282,0
-41.405525,-7.569171,0
6.900911,-102.497734,0
-1.7282801,33.978344,0
27.278982,3.0497553,0
67.426216,-66.395355,0
3.7242756,-58.201794,0
37.749424,-88.61037,0
-15.487243,7.4602947,0
55.169106,-73.407135,0
-53.58045,-33.460617,0
62.88834,-71.01908,0
66.17555,14.34239,0
15.152725,-96.058105,0
29.237518,4.400198,0
28.425716,-90.78378,0
-67.360504,-37.481285,0
107.91468,12.987182,1
64.19789,-70.1435,0
1.9888912,-107.016136,0
-51.353283,-32.18995,0
23.002174,69.19488,0
37.75538,-88.63423,0
-4.0324154,29.99544,0
14.804766,59.58952,0
67.6517,14.492472,0
-79.71366,-39.04623,0
55.308002,11.791379,0
35.17663,-89.25137,0
44.703896,67.56534,0
27.052248,-50.230984,1
55.31281,11.792681,0
-1.7360669,33.956722,0
63.55229,-70.61505,0
38.003395,-88.55961,0
97.01844,-16.248838,0
64.09925,-71.08707,0
-43.15169,-27.714634,0
79.22886,0.46495974,0
7.038549,-7.5024314,0
55.492012,11.855357,0
29.424255,73.89303,1
-5.858325,27.57151,0
104.446724,10.599338,1
3.097537,-56.26335,1
28.00229,73.01022,0
37.775448,-88.656395,0
85.8976,31.160288,1
-15.413879,7.7008243,0
2.0077477,-106.95594,0
63.897675,-70.43192,0
-53.495384,-33.37884,0
19.875292,65.70407,0
-67.354576,-37.582596,0
32.638885,76.34011,1
11.867353,60.654083,1
14.612409,59.371433,0
0.8811029,-107.60993,0
6.8021092,-102.72729,0
-42.66334,-27.450087,0
68.99303,-64.63893,0
-43.307438,-27.906208,0
72.386024,14.952383,0
-54.537014,-33.921238,0
7.6888833,-7.5643034,0
84.78295,20.463339,1
-79.82727,-39.110336,0
-34.253067,-11.179517,1
55.322495,-73.426186,0
-4.7993994,28.703566,0
15.189811,-96.03929,0
63.905235,-70.36833,0
-69.57751,-38.154953,0
32.748665,-87.09448,0
-79.79493,-39.10373,0
-14.848999,9.983492,0
80.39701,-0.9200899,0
-16.886486,-12.538618,1
68.87806,-64.73289,0
55.6524,-73.423805,0
-43.744747,-28.021824,0
55.817715,-73.505165,0
-27.835993,-18.230318,1
-79.25046,-39.013805,0
97.22611,-16.81319,0
73.15006,15.226476,0
76.77811,2.7725332,1
-17.423176,2.1360373,0
68.70633,-65.08224,0
27.91898,49.418198,1
28.026007,72.993614,0
-36.681824,-5.1141834,0
63.184204,14.226489,0
-54.766956,-34.087875,0
-15.270963,21.672083,0
-70.31042,-38.426975,0
-67.75678,-37.64498,0
24.632673,70.69868,0
98.955124,-24.868656,0
-49.13082,-31.016079,0
85.11935,-10.31846,0
-79.65759,-39.094036,0
-15.424969,7.441366,0
-1.3429632,35.637417,0
37.819576,-88.95223,0
-2.1090665,33.102856,0
6.3555856,-103.14375,0
-68.738976,-37.9452,0
64.22521,-70.20293,0
5.1598115,-7.207029,0
14.934717,-96.33042,0
0.91142994,-107.69449,0
-54.544167,-33.984367,0
21.880136,-92.81215,0
-8.95582,-21.275091,1
-72.36929,-38.965977,0
65.827774,-68.482475,0
16.10072,-3.6911528,0
-41.351223,-7.879858,0
12.195246,-98.27781,0
30.523102,-90.57553,0
14.574972,-96.648735,0
26.331816,-50.53276,1
32.534134,76.19934,1
-77.761665,-38.94912,0
55.485607,-73.4964,0
85.89144,31.214123,1
5.5113645,-103.97405,0
12.481555,-98.10459,0
24.074263,-92.21124,0
7.5334024,-102.11217,0
-42.873447,-27.6166,0
-16.360548,-17.717478,1
104.437546,10.601048,1
103.37416,3.857129,1
-50.845734,-32.077957,0
63.328,-71.485466,0
11.876449,-98.52301,0
15.204282,-96.19681,0
-5.057811,28.316376,0
-32.474033,-14.639654,1
11.494021,60.408993,1
62.95728,-71.11294,0
-79.515335,-39.143497,0
55.973423,12.004768,0
62.815945,-71.35394,0
-67.70639,-37.737717,0
17.811783,-94.630325,0
15.782284,60.50347,0
-78.07217,-38.96079,0
-78.6574,-39.00557,0
63.325523,14.234364,0
6.77298,-7.522292,0
14.668354,59.340355,0
-2.268459,32.783993,0
6.6275973,-7.493324,0
15.838399,-95.72541,0
-17.14664,2.8602664,0
27.095215,-50.204132,0
25.891663,63.816216,1
45.10657,65.2063,0
53.259266,11.159605,0
-48.995544,-31.073553,0
12.198223,60.555542,0
44.605644,68.867615,0
20.13841,65.96681,0
0.34211373,-107.98551,0
-50.762085,-32.086365,0
-71.68783,-38.861,0
67.49166,-66.520325,0
-71.25998,-38.792126,0
55.488228,-73.615456,0
1.8009868,-107.2339,0
-36.589622,-5.2975225,0
-32.062336,-15.018058,1
18.723873,-94.139626,0
-17.212729,2.608041,0
-14.864575,10.107476,0
62.995018,-71.16065,0
31.293245,5.390644,0
77.54246,1.8196093,0
-16.888697,3.386818,0
-71.96033,-38.971897,0
-51.13774,-32.283016,0
13.451451,2.4135084,0
2.07397,-60.245934,0
33.289497,76.94116,1
7.1288433,-102.57965,0
32.828136,-87.09897,0
55.471283,-73.61441,0
10.118242,-99.82145,0
-15.234047,7.9221964,0
12.891652,-97.8893,0
44.427067,67.14267,0
